ONET_SOC_CODE,title,essential_skills_importance_ranked,essential_skills_level_ranked,essential_skills_reading_comprehension_importance,essential_skills_reading_comprehension_level,essential_skills_active_listening_importance,essential_skills_active_listening_level,essential_skills_writing_importance,essential_skills_writing_level,essential_skills_speaking_importance,essential_skills_speaking_level,essential_skills_mathematics_importance,essential_skills_mathematics_level,essential_skills_science_importance,essential_skills_science_level,essential_skills_critical_thinking_importance,essential_skills_critical_thinking_level,essential_skills_active_learning_importance,essential_skills_active_learning_level,essential_skills_learning_strategies_importance,essential_skills_learning_strategies_level,essential_skills_monitoring_importance,essential_skills_monitoring_level
11-1011.00,Chief Executives,critical_thinking|speaking|reading_comprehension|writing|active_listening|monitoring|active_learning|mathematics|learning_strategies|science,monitoring|active_listening|speaking|critical_thinking|reading_comprehension|active_learning|writing|learning_strategies|mathematics|science,4.12,4.62,4.0,4.75,4.12,4.38,4.25,4.75,3.25,3.5,1.62,0.75,4.38,4.75,3.75,4.5,3.12,3.75,4.0,5.25
11-1011.03,Chief Sustainability Officers,writing|critical_thinking|reading_comprehension|active_listening|speaking|active_learning|monitoring|learning_strategies|mathematics|science,reading_comprehension|writing|speaking|critical_thinking|active_listening|monitoring|active_learning|learning_strategies|mathematics|science,4.0,4.25,4.0,4.0,4.12,4.25,4.0,4.12,2.88,3.12,2.12,1.88,4.12,4.12,3.75,3.88,3.38,3.75,3.75,4.0
11-1021.00,General and Operations Managers,reading_comprehension|active_listening|speaking|monitoring|critical_thinking|active_learning|writing|learning_strategies|mathematics|science,active_listening|speaking|monitoring|reading_comprehension|writing|critical_thinking|active_learning|learning_strategies|mathematics|science,4.0,4.0,4.0,4.12,3.5,3.88,4.0,4.12,2.62,2.75,1.5,0.62,3.88,3.88,3.62,3.75,3.0,3.12,4.0,4.12
11-2011.00,Advertising and Promotions Managers,active_listening|speaking|critical_thinking|reading_comprehension|writing|monitoring|active_learning|learning_strategies|mathematics|science,active_listening|speaking|critical_thinking|active_learning|monitoring|reading_comprehension|writing|learning_strategies|mathematics|science,3.75,4.0,4.12,4.12,3.75,4.0,4.12,4.12,2.88,3.0,1.5,0.5,3.88,4.12,3.38,4.12,3.0,3.12,3.5,4.12
11-2021.00,Marketing Managers,active_listening|speaking|reading_comprehension|critical_thinking|active_learning|monitoring|writing|learning_strategies|mathematics|science,reading_comprehension|active_listening|speaking|critical_thinking|active_learning|monitoring|writing|learning_strategies|mathematics|science,3.88,4.12,4.12,4.12,3.25,3.88,4.0,4.12,3.0,3.0,1.75,1.25,3.88,4.12,3.88,4.12,3.25,3.5,3.88,4.12
11-2022.00,Sales Managers,active_listening|speaking|reading_comprehension|critical_thinking|monitoring|active_learning|writing|learning_strategies|mathematics|science,monitoring|reading_comprehension|active_listening|writing|speaking|critical_thinking|active_learning|learning_strategies|mathematics|science,3.88,4.0,4.0,4.0,3.62,4.0,4.0,4.0,3.0,3.12,1.62,0.62,3.88,4.0,3.75,3.88,3.12,3.62,3.88,4.62
11-2032.00,Public Relations Managers,speaking|reading_comprehension|active_listening|writing|critical_thinking|active_learning|monitoring|learning_strategies|mathematics|science,reading_comprehension|active_listening|speaking|writing|critical_thinking|monitoring|active_learning|learning_strategies|mathematics|science,4.12,4.12,4.12,4.12,4.0,3.88,4.25,4.0,2.38,2.25,1.12,0.25,3.88,3.88,3.62,3.5,3.0,3.25,3.5,3.62
11-2033.00,Fundraising Managers,speaking|critical_thinking|active_listening|reading_comprehension|writing|active_learning|monitoring|mathematics|learning_strategies|science,active_listening|writing|reading_comprehension|speaking|critical_thinking|monitoring|active_learning|mathematics|learning_strategies|science,3.88,3.88,4.0,4.0,3.88,4.0,4.12,3.88,3.0,2.75,1.25,0.25,4.12,3.88,3.38,3.62,2.62,2.75,3.12,3.88
11-3012.00,Administrative Services Managers,reading_comprehension|active_listening|speaking|writing|critical_thinking|monitoring|active_learning|learning_strategies|mathematics|science,reading_comprehension|active_listening|speaking|critical_thinking|writing|monitoring|active_learning|learning_strategies|mathematics|science,4.0,4.0,4.0,4.0,3.75,3.75,3.88,3.88,2.25,2.12,1.0,0.0,3.75,3.88,3.12,3.38,3.0,3.25,3.38,3.62
11-3013.00,Facilities Managers,speaking|reading_comprehension|active_listening|critical_thinking|monitoring|writing|active_learning|learning_strategies|mathematics|science,reading_comprehension|monitoring|active_listening|writing|speaking|critical_thinking|learning_strategies|active_learning|mathematics|science,3.75,3.88,3.75,3.75,3.25,3.75,3.88,3.75,2.75,2.75,1.5,0.75,3.75,3.75,3.12,3.12,3.0,3.25,3.75,3.88
11-3013.01,Security Managers,critical_thinking|reading_comprehension|active_listening|speaking|monitoring|writing|active_learning|learning_strategies|mathematics|science,monitoring|critical_thinking|reading_comprehension|active_listening|speaking|writing|active_learning|learning_strategies|mathematics|science,4.12,4.0,4.12,4.0,3.75,3.88,4.0,4.0,2.5,2.38,1.38,0.38,4.25,4.12,3.62,3.62,3.38,3.5,4.0,4.62
11-3021.00,Computer and Information Systems Managers,critical_thinking|reading_comprehension|active_listening|speaking|monitoring|writing|active_learning|learning_strategies|mathematics|science,monitoring|reading_comprehension|active_listening|writing|critical_thinking|speaking|active_learning|learning_strategies|mathematics|science,4.0,4.0,4.0,4.0,3.75,4.0,3.88,3.88,3.12,3.12,1.75,1.38,4.12,4.0,3.38,3.88,3.25,3.5,3.88,4.38
11-3031.00,Financial Managers,reading_comprehension|active_listening|speaking|critical_thinking|writing|monitoring|mathematics|active_learning|learning_strategies|science,reading_comprehension|active_listening|critical_thinking|speaking|monitoring|active_learning|writing|mathematics|learning_strategies|science,4.0,4.38,4.0,4.38,3.75,3.62,4.0,4.12,3.5,3.62,1.25,0.25,4.0,4.25,3.5,4.0,3.0,3.38,3.75,4.12
11-3031.01,Treasurers and Controllers,reading_comprehension|active_listening|speaking|mathematics|critical_thinking|active_learning|monitoring|writing|learning_strategies|science,critical_thinking|monitoring|reading_comprehension|speaking|mathematics|active_learning|active_listening|writing|learning_strategies|science,4.0,4.38,4.0,4.25,3.62,4.12,4.0,4.38,4.0,4.38,1.0,0.0,4.0,4.88,3.88,4.38,3.0,3.0,3.88,4.62
11-3031.03,Investment Fund Managers,reading_comprehension|active_listening|critical_thinking|speaking|active_learning|writing|monitoring|mathematics|learning_strategies|science,reading_comprehension|active_listening|speaking|critical_thinking|monitoring|writing|active_learning|mathematics|learning_strategies|science,4.0,4.25,4.0,4.12,3.62,3.88,3.88,4.12,3.38,3.62,1.0,0.0,4.0,4.0,3.75,3.88,2.88,3.12,3.5,4.0
11-3051.00,Industrial Production Managers,speaking|critical_thinking|monitoring|reading_comprehension|active_listening|learning_strategies|active_learning|writing|mathematics|science,monitoring|reading_comprehension|active_listening|writing|speaking|critical_thinking|active_learning|learning_strategies|mathematics|science,3.88,4.0,3.88,4.0,3.38,4.0,4.0,4.0,3.38,3.75,1.62,1.12,4.0,4.0,3.62,4.0,3.75,4.0,4.0,4.88
11-3051.01,Quality Control Systems Managers,reading_comprehension|active_listening|writing|speaking|monitoring|critical_thinking|active_learning|mathematics|learning_strategies|science,monitoring|reading_comprehension|active_listening|speaking|critical_thinking|active_learning|writing|learning_strategies|mathematics|science,4.0,4.12,3.88,4.12,3.88,4.0,3.88,4.12,3.12,3.25,2.25,2.25,3.75,4.12,3.62,4.12,3.12,3.38,3.88,4.5
11-3051.02,Geothermal Production Managers,critical_thinking|reading_comprehension|speaking|monitoring|active_listening|writing|active_learning|mathematics|learning_strategies|science,monitoring|reading_comprehension|speaking|critical_thinking|writing|mathematics|active_listening|learning_strategies|active_learning|science,3.88,4.25,3.62,3.62,3.62,3.75,3.88,4.0,3.25,3.75,2.38,2.5,4.0,3.88,3.5,3.25,3.25,3.38,3.88,4.38
11-3051.03,Biofuels Production Managers,reading_comprehension|critical_thinking|active_listening|monitoring|speaking|writing|learning_strategies|active_learning|mathematics|science,reading_comprehension|speaking|active_listening|critical_thinking|monitoring|active_learning|writing|science|learning_strategies|mathematics,3.88,4.0,3.75,3.88,3.5,3.5,3.62,4.0,3.0,3.25,3.0,3.5,3.88,3.88,3.25,3.62,3.38,3.5,3.75,3.88
11-3051.04,Biomass Power Plant Managers,speaking|critical_thinking|reading_comprehension|active_listening|monitoring|writing|active_learning|mathematics|learning_strategies|science,monitoring|reading_comprehension|speaking|critical_thinking|active_listening|writing|active_learning|mathematics|learning_strategies|science,3.88,4.25,3.88,3.88,3.12,3.75,4.0,4.0,3.0,3.25,2.5,2.5,4.0,4.0,3.12,3.38,3.0,3.12,3.88,4.62
11-3051.06,Hydroelectric Production Managers,active_listening|speaking|reading_comprehension|monitoring|critical_thinking|active_learning|learning_strategies|writing|mathematics|science,reading_comprehension|speaking|active_listening|critical_thinking|writing|learning_strategies|monitoring|active_learning|mathematics|science,3.88,4.12,4.12,4.0,3.5,3.88,4.12,4.12,3.25,3.5,3.25,3.25,3.75,4.0,3.62,3.62,3.62,3.75,3.88,3.75
11-3061.00,Purchasing Managers,active_listening|speaking|reading_comprehension|writing|monitoring|critical_thinking|active_learning|mathematics|learning_strategies|science,reading_comprehension|active_listening|writing|speaking|critical_thinking|monitoring|active_learning|learning_strategies|mathematics|science,3.88,4.0,4.0,4.0,3.88,4.0,4.0,4.0,3.12,3.12,1.0,0.0,3.75,4.0,3.25,3.75,3.0,3.75,3.88,4.0
11-3071.00,"Transportation, Storage, and Distribution Managers",reading_comprehension|active_listening|monitoring|writing|speaking|critical_thinking|active_learning|learning_strategies|mathematics|science,active_listening|reading_comprehension|speaking|monitoring|writing|critical_thinking|active_learning|learning_strategies|mathematics|science,3.88,3.75,3.88,3.88,3.62,3.62,3.62,3.75,2.75,2.88,1.0,0.0,3.62,3.62,3.62,3.62,3.38,3.25,3.75,3.75
11-3071.04,Supply Chain Managers,reading_comprehension|active_listening|speaking|monitoring|writing|critical_thinking|active_learning|mathematics|learning_strategies|science,monitoring|reading_comprehension|active_listening|writing|speaking|critical_thinking|active_learning|learning_strategies|mathematics|science,4.0,4.0,4.0,4.0,3.88,4.0,4.0,4.0,3.0,3.0,1.12,0.38,3.88,4.0,3.75,3.75,3.0,3.25,4.0,4.12
11-3111.00,Compensation and Benefits Managers,reading_comprehension|active_listening|writing|speaking|critical_thinking|active_learning|monitoring|mathematics|learning_strategies|science,reading_comprehension|active_listening|writing|speaking|critical_thinking|active_learning|monitoring|mathematics|learning_strategies|science,4.0,4.12,4.0,4.12,4.0,4.12,4.0,4.12,3.0,3.12,1.0,0.0,3.88,4.0,3.75,4.0,3.0,3.12,3.38,3.62
11-3121.00,Human Resources Managers,active_listening|reading_comprehension|speaking|writing|critical_thinking|active_learning|monitoring|learning_strategies|mathematics|science,reading_comprehension|critical_thinking|active_listening|speaking|active_learning|monitoring|writing|learning_strategies|mathematics|science,4.25,4.38,4.38,4.12,4.12,4.0,4.25,4.12,3.0,3.0,1.5,0.5,4.0,4.25,4.0,4.12,3.75,3.88,4.0,4.12
11-3131.00,Training and Development Managers,learning_strategies|reading_comprehension|active_listening|speaking|writing|monitoring|critical_thinking|active_learning|mathematics|science,learning_strategies|speaking|active_learning|writing|reading_comprehension|active_listening|critical_thinking|monitoring|mathematics|science,4.0,4.0,4.0,4.0,3.88,4.12,4.0,4.5,2.88,2.88,1.5,0.38,3.75,4.0,3.75,4.25,4.25,5.25,3.88,4.0
11-9013.00,"Farmers, Ranchers, and Other Agricultural Managers",active_listening|critical_thinking|reading_comprehension|speaking|active_learning|monitoring|writing|mathematics|learning_strategies|science,reading_comprehension|speaking|active_listening|critical_thinking|monitoring|writing|active_learning|learning_strategies|mathematics|science,3.75,4.25,3.88,4.0,3.25,3.62,3.62,4.12,2.88,3.0,2.62,2.5,3.88,4.0,3.38,3.62,2.88,3.25,3.38,3.75
11-9021.00,Construction Managers,active_listening|critical_thinking|reading_comprehension|speaking|active_learning|monitoring|writing|mathematics|learning_strategies|science,monitoring|critical_thinking|reading_comprehension|active_listening|speaking|active_learning|writing|mathematics|learning_strategies|science,3.88,4.25,4.0,4.12,3.75,3.88,3.88,4.12,3.5,3.88,2.12,2.0,4.0,4.38,3.88,4.0,3.12,3.25,3.88,4.5
11-9031.00,"Education and Childcare Administrators, Preschool and Daycare",reading_comprehension|active_listening|speaking|critical_thinking|writing|active_learning|learning_strategies|monitoring|mathematics|science,monitoring|reading_comprehension|active_listening|writing|speaking|critical_thinking|active_learning|learning_strategies|mathematics|science,4.0,4.0,4.0,4.0,3.88,4.0,4.0,4.0,2.75,2.75,1.88,1.0,4.0,4.0,3.88,3.88,3.88,3.88,3.88,4.25
11-9032.00,"Education Administrators, Kindergarten through Secondary",active_listening|learning_strategies|reading_comprehension|speaking|writing|critical_thinking|active_learning|monitoring|mathematics|science,active_listening|learning_strategies|reading_comprehension|writing|speaking|critical_thinking|monitoring|active_learning|mathematics|science,4.75,4.88,4.88,5.0,4.62,4.88,4.75,4.75,3.0,3.12,2.0,1.12,4.62,4.5,4.0,4.0,4.88,5.0,4.0,4.5
11-9033.00,"Education Administrators, Postsecondary",reading_comprehension|critical_thinking|active_listening|writing|speaking|monitoring|active_learning|learning_strategies|mathematics|science,reading_comprehension|active_listening|writing|speaking|critical_thinking|monitoring|active_learning|learning_strategies|mathematics|science,4.12,4.62,4.0,4.25,4.0,4.25,4.0,4.25,2.88,3.12,1.5,0.5,4.12,4.25,3.88,4.0,3.75,4.0,4.0,4.25
11-9041.00,Architectural and Engineering Managers,reading_comprehension|active_listening|writing|speaking|mathematics|critical_thinking|active_learning|monitoring|learning_strategies|science,reading_comprehension|mathematics|critical_thinking|writing|active_listening|speaking|monitoring|active_learning|learning_strategies|science,4.12,4.38,4.0,4.0,4.0,4.12,4.0,4.0,3.88,4.25,2.62,2.75,3.88,4.25,3.88,3.88,3.25,3.12,3.75,4.0
11-9041.01,Biofuels/Biodiesel Technology and Product Development Managers,reading_comprehension|writing|speaking|critical_thinking|active_listening|active_learning|monitoring|mathematics|science|learning_strategies,reading_comprehension|critical_thinking|writing|monitoring|active_learning|active_listening|speaking|learning_strategies|mathematics|science,3.62,4.25,3.5,3.62,3.62,3.88,3.62,3.5,3.12,3.12,3.12,3.0,3.62,4.12,3.25,3.75,2.88,3.25,3.25,3.88
11-9051.00,Food Service Managers,active_listening|speaking|monitoring|reading_comprehension|critical_thinking|active_learning|learning_strategies|writing|mathematics|science,speaking|reading_comprehension|monitoring|critical_thinking|active_learning|active_listening|writing|learning_strategies|mathematics|science,3.75,3.88,3.88,3.5,3.0,3.12,3.88,4.0,2.88,2.88,1.62,0.62,3.62,3.75,3.12,3.75,3.12,3.12,3.88,3.88
11-9071.00,Gambling Managers,critical_thinking|speaking|monitoring|active_listening|writing|reading_comprehension|active_learning|learning_strategies|mathematics|science,critical_thinking|monitoring|reading_comprehension|writing|speaking|active_listening|active_learning|learning_strategies|mathematics|science,3.5,3.88,3.75,3.75,3.62,3.88,3.88,3.88,3.12,3.12,1.62,0.62,4.0,4.0,3.5,3.62,3.25,3.38,3.88,4.0
11-9072.00,"Entertainment and Recreation Managers, Except Gambling",reading_comprehension|active_listening|speaking|critical_thinking|monitoring|writing|active_learning|learning_strategies|mathematics|science,active_listening|speaking|reading_comprehension|writing|critical_thinking|active_learning|monitoring|learning_strategies|mathematics|science,3.88,3.88,3.88,4.0,3.5,3.88,3.88,4.0,2.5,2.25,1.0,0.0,3.75,3.88,3.25,3.75,3.12,3.62,3.75,3.75
11-9081.00,Lodging Managers,active_listening|speaking|reading_comprehension|writing|critical_thinking|active_learning|monitoring|learning_strategies|mathematics|science,active_listening|writing|speaking|reading_comprehension|critical_thinking|active_learning|monitoring|learning_strategies|mathematics|science,3.88,3.88,4.12,4.0,3.88,4.0,4.0,4.0,2.62,2.88,1.0,0.0,3.75,3.88,3.75,3.88,3.38,3.62,3.75,3.75
11-9111.00,Medical and Health Services Managers,speaking|critical_thinking|reading_comprehension|active_listening|writing|monitoring|active_learning|learning_strategies|mathematics|science,reading_comprehension|active_listening|critical_thinking|monitoring|writing|speaking|active_learning|learning_strategies|mathematics|science,4.0,4.12,4.0,4.12,4.0,4.0,4.12,4.0,2.75,3.0,2.5,2.5,4.12,4.12,3.88,3.88,3.25,3.88,4.0,4.12
11-9121.00,Natural Sciences Managers,science|reading_comprehension|active_listening|critical_thinking|monitoring|writing|speaking|active_learning|learning_strategies|mathematics,reading_comprehension|writing|science|active_listening|active_learning|critical_thinking|speaking|monitoring|mathematics|learning_strategies,4.0,5.0,4.0,4.75,3.88,5.0,3.88,4.25,3.12,4.0,4.12,4.88,4.0,4.38,3.5,4.75,3.5,3.88,4.0,4.12
11-9121.01,Clinical Research Coordinators,reading_comprehension|active_listening|writing|speaking|critical_thinking|monitoring|active_learning|learning_strategies|science|mathematics,reading_comprehension|active_listening|writing|speaking|critical_thinking|active_learning|monitoring|learning_strategies|mathematics|science,4.0,4.25,4.0,4.0,4.0,4.0,3.88,4.0,2.88,3.0,3.0,3.0,3.75,4.0,3.38,4.0,3.12,3.38,3.62,3.75
11-9121.02,Water Resource Specialists,reading_comprehension|active_listening|writing|speaking|critical_thinking|mathematics|active_learning|monitoring|learning_strategies|science,reading_comprehension|active_listening|writing|speaking|critical_thinking|mathematics|active_learning|monitoring|science|learning_strategies,4.0,4.12,4.0,4.0,4.0,4.0,4.0,4.0,3.25,3.75,3.0,3.25,4.0,4.0,3.25,3.75,3.12,3.25,3.25,3.75
11-9131.00,Postmasters and Mail Superintendents,reading_comprehension|active_listening|speaking|critical_thinking|monitoring|learning_strategies|writing|active_learning|mathematics|science,speaking|reading_comprehension|critical_thinking|writing|monitoring|active_listening|learning_strategies|active_learning|mathematics|science,4.0,3.88,4.0,3.38,3.25,3.75,4.0,4.0,2.75,2.5,1.5,0.5,3.75,3.88,3.25,3.12,3.38,3.25,3.75,3.62
11-9141.00,"Property, Real Estate, and Community Association Managers",reading_comprehension|speaking|active_listening|critical_thinking|writing|monitoring|active_learning|mathematics|learning_strategies|science,reading_comprehension|active_listening|writing|speaking|critical_thinking|active_learning|monitoring|mathematics|learning_strategies|science,4.0,4.0,3.88,4.0,3.75,4.0,4.0,4.0,3.0,3.0,1.12,0.12,3.88,4.0,3.12,3.38,2.75,3.0,3.38,3.38
11-9151.00,Social and Community Service Managers,active_listening|critical_thinking|active_learning|monitoring|reading_comprehension|writing|speaking|learning_strategies|mathematics|science,active_listening|reading_comprehension|speaking|critical_thinking|writing|monitoring|active_learning|learning_strategies|mathematics|science,3.75,4.12,3.88,4.25,3.75,4.0,3.75,4.12,2.62,3.12,2.25,2.0,3.88,4.12,3.88,3.88,3.62,3.75,3.88,4.0
11-9161.00,Emergency Management Directors,speaking|reading_comprehension|active_listening|writing|critical_thinking|monitoring|learning_strategies|active_learning|mathematics|science,monitoring|critical_thinking|writing|speaking|active_learning|reading_comprehension|active_listening|learning_strategies|mathematics|science,4.0,4.12,4.0,4.12,4.0,4.25,4.12,4.25,3.0,3.0,1.88,1.5,4.0,4.38,3.75,4.25,3.88,4.0,4.0,4.62
11-9171.00,Funeral Home Managers,active_listening|reading_comprehension|speaking|critical_thinking|monitoring|writing|active_learning|learning_strategies|mathematics|science,reading_comprehension|active_listening|speaking|writing|critical_thinking|monitoring|active_learning|learning_strategies|mathematics|science,3.62,3.88,3.88,3.88,3.12,3.62,3.5,3.75,2.62,2.62,1.5,0.5,3.5,3.62,2.88,3.0,2.88,3.0,3.38,3.38
11-9179.01,Fitness and Wellness Coordinators,speaking|active_listening|reading_comprehension|critical_thinking|writing|active_learning|learning_strategies|monitoring|mathematics|science,speaking|reading_comprehension|critical_thinking|learning_strategies|monitoring|active_listening|writing|active_learning|mathematics|science,3.62,3.88,3.75,3.62,3.5,3.62,3.88,4.0,2.12,2.38,1.75,1.25,3.62,3.75,3.38,3.5,3.38,3.75,3.38,3.75
11-9179.02,Spa Managers,speaking|monitoring|active_listening|critical_thinking|active_learning|reading_comprehension|learning_strategies|writing|mathematics|science,monitoring|speaking|critical_thinking|reading_comprehension|active_learning|active_listening|writing|learning_strategies|mathematics|science,3.38,3.88,3.88,3.75,3.0,3.5,4.0,4.0,3.0,3.0,1.0,0.0,3.88,4.0,3.62,3.88,3.38,3.5,4.0,4.12
11-9199.01,Regulatory Affairs Managers,writing|reading_comprehension|active_listening|speaking|critical_thinking|monitoring|active_learning|learning_strategies|mathematics|science,reading_comprehension|writing|speaking|monitoring|active_listening|critical_thinking|active_learning|learning_strategies|mathematics|science,4.12,4.12,4.0,4.0,4.25,4.12,4.0,4.12,2.38,2.62,2.38,1.88,3.88,4.0,3.5,3.75,3.0,3.5,3.62,4.12
11-9199.02,Compliance Managers,reading_comprehension|critical_thinking|active_listening|writing|speaking|active_learning|monitoring|learning_strategies|mathematics|science,monitoring|critical_thinking|reading_comprehension|active_listening|writing|speaking|active_learning|learning_strategies|mathematics|science,4.0,4.12,3.88,4.12,3.88,4.12,3.88,4.12,2.12,2.25,1.38,0.5,4.0,4.25,3.75,3.88,3.25,3.5,3.75,4.62
11-9199.08,Loss Prevention Managers,reading_comprehension|active_listening|speaking|critical_thinking|monitoring|writing|active_learning|learning_strategies|mathematics|science,reading_comprehension|active_listening|speaking|critical_thinking|monitoring|writing|active_learning|learning_strategies|mathematics|science,4.0,4.0,4.0,4.0,3.75,3.88,4.0,4.0,2.75,2.75,1.0,0.0,3.88,4.0,3.75,3.75,3.25,3.25,3.88,4.0
11-9199.09,Wind Energy Operations Managers,active_listening|reading_comprehension|speaking|critical_thinking|monitoring|writing|mathematics|active_learning|learning_strategies|science,monitoring|reading_comprehension|active_listening|writing|speaking|critical_thinking|active_learning|mathematics|learning_strategies|science,3.88,4.0,4.0,4.0,3.75,4.0,3.88,4.0,3.0,3.25,2.0,1.12,3.88,4.0,3.0,3.62,3.0,3.12,3.88,4.12
11-9199.10,Wind Energy Development Managers,critical_thinking|reading_comprehension|writing|speaking|active_listening|monitoring|active_learning|mathematics|learning_strategies|science,reading_comprehension|critical_thinking|active_learning|writing|monitoring|active_listening|speaking|mathematics|learning_strategies|science,3.88,4.25,3.75,3.75,3.88,3.88,3.88,3.75,3.0,3.5,1.75,1.12,4.0,4.25,3.38,4.0,2.75,2.88,3.5,3.88
11-9199.11,Brownfield Redevelopment Specialists and Site Managers,reading_comprehension|speaking|critical_thinking|monitoring|active_listening|writing|mathematics|active_learning|science|learning_strategies,reading_comprehension|critical_thinking|writing|speaking|monitoring|active_listening|mathematics|active_learning|science|learning_strategies,4.0,4.5,3.88,4.0,3.88,4.12,4.0,4.12,3.62,3.88,3.0,3.25,4.0,4.25,3.25,3.88,3.0,3.0,4.0,4.12
13-1011.00,"Agents and Business Managers of Artists, Performers, and Athletes",reading_comprehension|active_listening|speaking|critical_thinking|writing|active_learning|monitoring|learning_strategies|mathematics|science,reading_comprehension|active_listening|speaking|writing|critical_thinking|active_learning|monitoring|learning_strategies|mathematics|science,4.0,4.0,4.0,4.0,3.62,3.88,4.0,4.0,2.12,2.0,1.62,0.62,3.75,3.75,3.5,3.5,2.62,2.75,2.88,3.0
13-1021.00,"Buyers and Purchasing Agents, Farm Products",active_listening|critical_thinking|speaking|reading_comprehension|writing|monitoring|active_learning|mathematics|learning_strategies|science,critical_thinking|reading_comprehension|active_listening|speaking|writing|active_learning|mathematics|monitoring|learning_strategies|science,3.5,3.88,3.88,3.88,3.25,3.25,3.75,3.88,2.88,3.12,1.5,0.75,3.88,4.0,3.0,3.25,2.5,2.88,3.12,3.12
13-1022.00,"Wholesale and Retail Buyers, Except Farm Products",critical_thinking|active_listening|speaking|reading_comprehension|active_learning|monitoring|writing|mathematics|learning_strategies|science,critical_thinking|active_learning|monitoring|reading_comprehension|active_listening|speaking|mathematics|writing|learning_strategies|science,3.62,3.88,3.88,3.88,3.12,3.25,3.88,3.88,3.12,3.38,1.25,0.25,4.0,4.0,3.38,4.0,2.88,3.0,3.38,4.0
13-1023.00,"Purchasing Agents, Except Wholesale, Retail, and Farm Products",reading_comprehension|active_listening|writing|speaking|critical_thinking|active_learning|monitoring|mathematics|learning_strategies|science,reading_comprehension|active_listening|writing|speaking|critical_thinking|active_learning|monitoring|mathematics|learning_strategies|science,4.12,4.12,4.0,4.0,4.0,4.0,4.0,4.0,3.0,3.12,1.12,0.12,3.88,3.88,3.88,3.88,3.0,3.12,3.75,3.88
13-1031.00,"Claims Adjusters, Examiners, and Investigators",reading_comprehension|active_listening|critical_thinking|speaking|writing|monitoring|active_learning|mathematics|learning_strategies|science,reading_comprehension|active_listening|critical_thinking|speaking|writing|monitoring|active_learning|mathematics|learning_strategies|science,4.12,4.5,4.0,4.25,3.62,3.88,3.88,4.0,2.88,2.88,1.38,0.5,4.0,4.25,3.25,3.5,2.5,2.75,3.38,3.88
13-1032.00,"Insurance Appraisers, Auto Damage",writing|speaking|reading_comprehension|active_listening|critical_thinking|active_learning|mathematics|monitoring|learning_strategies|science,active_listening|speaking|critical_thinking|reading_comprehension|writing|active_learning|monitoring|mathematics|learning_strategies|science,3.5,3.62,3.5,3.88,3.75,3.25,3.75,3.75,2.62,2.75,1.12,0.25,3.38,3.75,2.88,3.0,2.12,1.5,2.5,2.88
13-1041.00,Compliance Officers,reading_comprehension|speaking|active_listening|writing|critical_thinking|monitoring|active_learning|learning_strategies|mathematics|science,active_listening|reading_comprehension|writing|speaking|critical_thinking|monitoring|active_learning|learning_strategies|mathematics|science,4.0,3.75,3.75,3.88,3.75,3.62,3.88,3.62,2.12,1.88,1.0,0.0,3.5,3.62,3.0,3.12,2.88,2.75,3.38,3.62
13-1041.01,Environmental Compliance Inspectors,reading_comprehension|critical_thinking|active_listening|writing|speaking|active_learning|monitoring|mathematics|science|learning_strategies,reading_comprehension|monitoring|speaking|critical_thinking|writing|active_learning|active_listening|science|learning_strategies|mathematics,4.0,4.75,3.88,4.0,3.88,4.12,3.88,4.25,3.0,3.12,3.0,3.25,4.0,4.25,3.75,4.12,3.0,3.25,3.75,4.38
13-1041.03,Equal Opportunity Representatives and Officers,active_listening|reading_comprehension|speaking|critical_thinking|writing|active_learning|monitoring|learning_strategies|mathematics|science,reading_comprehension|active_listening|critical_thinking|writing|speaking|active_learning|monitoring|learning_strategies|mathematics|science,4.12,4.75,4.25,4.62,3.88,4.38,4.0,4.25,2.5,2.75,1.62,0.75,4.0,4.5,3.75,4.0,3.0,3.38,3.38,3.88
13-1041.04,Government Property Inspectors and Investigators,active_listening|reading_comprehension|writing|speaking|critical_thinking|active_learning|monitoring|learning_strategies|mathematics|science,reading_comprehension|active_listening|speaking|critical_thinking|monitoring|writing|active_learning|mathematics|learning_strategies|science,4.0,4.25,4.12,4.12,4.0,4.0,4.0,4.12,2.88,3.12,1.88,1.25,4.0,4.12,3.5,3.38,3.0,3.12,3.38,4.12
13-1041.06,Coroners,speaking|critical_thinking|reading_comprehension|active_listening|writing|active_learning|science|monitoring|learning_strategies|mathematics,reading_comprehension|active_listening|writing|speaking|critical_thinking|active_learning|science|monitoring|learning_strategies|mathematics,4.0,4.5,3.88,4.0,3.62,4.0,4.12,4.0,2.62,2.62,3.25,3.75,4.12,4.0,3.38,3.88,3.12,3.12,3.25,3.5
13-1041.07,Regulatory Affairs Specialists,reading_comprehension|active_listening|writing|speaking|critical_thinking|active_learning|monitoring|learning_strategies|mathematics|science,reading_comprehension|critical_thinking|writing|speaking|active_listening|active_learning|monitoring|mathematics|learning_strategies|science,4.0,4.88,4.0,4.25,4.0,4.5,4.0,4.5,2.88,3.0,1.38,0.38,4.0,4.62,3.75,4.12,3.0,3.0,3.25,3.75
13-1041.08,Customs Brokers,reading_comprehension|active_listening|speaking|writing|critical_thinking|active_learning|monitoring|learning_strategies|mathematics|science,reading_comprehension|active_listening|writing|speaking|critical_thinking|active_learning|monitoring|mathematics|learning_strategies|science,4.0,4.0,4.0,4.0,3.75,4.0,3.88,4.0,2.88,3.0,1.12,0.12,3.75,3.88,3.25,3.5,3.0,3.0,3.12,3.5
13-1051.00,Cost Estimators,reading_comprehension|mathematics|speaking|active_listening|critical_thinking|writing|active_learning|monitoring|learning_strategies|science,reading_comprehension|mathematics|critical_thinking|active_listening|writing|speaking|active_learning|monitoring|learning_strategies|science,4.0,4.12,3.75,4.0,3.5,4.0,3.88,4.0,4.0,4.12,1.38,0.38,3.75,4.12,3.25,3.88,2.88,3.0,3.0,3.25
13-1071.00,Human Resources Specialists,speaking|reading_comprehension|active_listening|writing|critical_thinking|active_learning|learning_strategies|monitoring|mathematics|science,reading_comprehension|active_listening|writing|speaking|critical_thinking|monitoring|active_learning|learning_strategies|mathematics|science,4.0,4.0,4.0,4.0,3.88,4.0,4.12,4.0,2.0,2.0,1.12,0.12,3.88,4.0,3.25,3.38,3.0,3.25,3.0,3.75
13-1074.00,Farm Labor Contractors,speaking|active_listening|critical_thinking|monitoring|reading_comprehension|writing|active_learning|learning_strategies|mathematics|science,speaking|critical_thinking|active_listening|monitoring|reading_comprehension|writing|active_learning|learning_strategies|mathematics|science,2.75,2.75,3.12,2.88,2.75,2.75,3.38,3.38,2.0,2.0,1.12,0.12,3.0,3.0,2.5,2.38,2.38,2.25,3.0,2.88
13-1075.00,Labor Relations Specialists,active_listening|speaking|reading_comprehension|writing|critical_thinking|active_learning|monitoring|learning_strategies|mathematics|science,speaking|active_listening|writing|reading_comprehension|critical_thinking|active_learning|monitoring|learning_strategies|mathematics|science,4.0,4.25,4.38,4.5,4.0,4.5,4.25,4.75,2.38,2.62,1.0,0.0,4.0,4.12,3.5,3.88,3.0,3.12,3.38,3.88
13-1081.00,Logisticians,critical_thinking|reading_comprehension|active_listening|speaking|monitoring|active_learning|writing|mathematics|learning_strategies|science,monitoring|reading_comprehension|active_listening|critical_thinking|speaking|writing|active_learning|learning_strategies|mathematics|science,3.88,4.12,3.88,4.12,3.38,3.75,3.88,4.0,3.0,3.38,1.75,0.88,4.0,4.12,3.5,3.5,3.0,3.5,3.88,4.62
13-1081.01,Logistics Engineers,writing|reading_comprehension|active_listening|mathematics|active_learning|speaking|critical_thinking|monitoring|learning_strategies|science,reading_comprehension|critical_thinking|active_listening|writing|mathematics|active_learning|speaking|monitoring|learning_strategies|science,4.0,4.5,4.0,4.12,4.12,4.12,3.88,4.0,4.0,4.12,2.62,2.75,3.88,4.5,4.0,4.12,3.12,3.5,3.38,3.88
13-1081.02,Logistics Analysts,reading_comprehension|critical_thinking|active_listening|speaking|monitoring|writing|active_learning|mathematics|learning_strategies|science,critical_thinking|reading_comprehension|active_listening|writing|monitoring|mathematics|active_learning|speaking|learning_strategies|science,4.0,4.0,3.88,4.0,3.38,4.0,3.75,3.38,3.0,3.75,1.75,0.75,4.0,4.12,3.12,3.75,2.75,3.0,3.75,4.0
13-1082.00,Project Management Specialists,active_listening|critical_thinking|writing|monitoring|reading_comprehension|speaking|active_learning|learning_strategies|mathematics|science,active_listening|reading_comprehension|writing|speaking|critical_thinking|monitoring|active_learning|learning_strategies|mathematics|science,3.5,3.88,3.75,4.0,3.62,3.75,3.5,3.75,2.75,2.75,1.38,0.62,3.75,3.75,3.5,3.62,3.0,3.25,3.62,3.75
13-1111.00,Management Analysts,reading_comprehension|active_listening|critical_thinking|writing|speaking|monitoring|active_learning|mathematics|learning_strategies|science,reading_comprehension|active_listening|critical_thinking|monitoring|writing|speaking|active_learning|learning_strategies|mathematics|science,4.12,4.12,4.12,4.12,4.0,4.0,4.0,4.0,3.0,3.25,1.88,1.75,4.12,4.12,3.25,3.88,3.0,3.75,3.88,4.12
13-1121.00,"Meeting, Convention, and Event Planners",reading_comprehension|active_listening|speaking|critical_thinking|writing|monitoring|active_learning|mathematics|learning_strategies|science,reading_comprehension|active_listening|speaking|critical_thinking|monitoring|writing|active_learning|learning_strategies|mathematics|science,4.0,4.0,4.0,4.0,3.5,3.62,4.0,4.0,2.5,2.5,1.25,0.25,3.88,3.88,3.38,3.12,2.38,2.88,3.5,3.75
13-1131.00,Fundraisers,speaking|reading_comprehension|active_listening|writing|critical_thinking|active_learning|monitoring|mathematics|learning_strategies|science,speaking|active_listening|writing|reading_comprehension|critical_thinking|active_learning|monitoring|mathematics|learning_strategies|science,4.0,4.0,4.0,4.12,4.0,4.12,4.12,4.38,3.0,3.0,1.38,0.38,3.88,4.0,3.25,3.5,2.88,3.0,3.12,3.5
13-1141.00,"Compensation, Benefits, and Job Analysis Specialists",reading_comprehension|active_listening|speaking|critical_thinking|writing|active_learning|mathematics|monitoring|learning_strategies|science,reading_comprehension|active_listening|speaking|writing|critical_thinking|active_learning|monitoring|learning_strategies|mathematics|science,3.88,4.0,3.88,4.0,3.38,3.88,3.88,4.0,3.12,3.12,1.88,1.38,3.75,3.88,3.38,3.75,2.88,3.38,3.12,3.5
13-1151.00,Training and Development Specialists,speaking|learning_strategies|active_listening|reading_comprehension|writing|critical_thinking|active_learning|monitoring|mathematics|science,learning_strategies|speaking|writing|monitoring|reading_comprehension|active_listening|critical_thinking|active_learning|mathematics|science,3.88,4.0,4.0,4.0,3.88,4.12,4.38,4.25,2.38,2.5,1.62,1.12,3.88,4.0,3.88,3.88,4.12,5.0,3.88,4.12
13-1161.00,Market Research Analysts and Marketing Specialists,reading_comprehension|active_listening|writing|critical_thinking|speaking|active_learning|mathematics|monitoring|learning_strategies|science,reading_comprehension|writing|active_listening|speaking|critical_thinking|active_learning|monitoring|mathematics|learning_strategies|science,4.0,4.75,4.0,4.0,4.0,4.12,3.88,4.0,3.12,3.12,2.0,2.0,4.0,4.0,3.75,3.75,2.88,3.0,3.12,3.75
13-1161.01,Search Marketing Strategists,reading_comprehension|active_listening|critical_thinking|active_learning|speaking|writing|monitoring|learning_strategies|mathematics|science,reading_comprehension|active_listening|critical_thinking|active_learning|writing|speaking|monitoring|learning_strategies|mathematics|science,3.88,4.12,3.75,4.0,3.5,3.75,3.62,3.75,2.75,2.88,1.25,0.25,3.75,3.88,3.75,3.88,2.88,3.0,3.38,3.75
13-1199.04,Business Continuity Planners,active_listening|critical_thinking|reading_comprehension|writing|speaking|active_learning|monitoring|learning_strategies|mathematics|science,critical_thinking|writing|active_learning|reading_comprehension|active_listening|speaking|learning_strategies|monitoring|mathematics|science,4.0,4.25,4.12,4.12,4.0,4.38,4.0,4.12,2.88,2.88,1.0,0.0,4.12,4.62,4.0,4.38,3.25,3.88,3.62,3.88
13-1199.05,Sustainability Specialists,reading_comprehension|writing|speaking|active_listening|critical_thinking|monitoring|active_learning|learning_strategies|mathematics|science,reading_comprehension|writing|speaking|active_listening|critical_thinking|monitoring|active_learning|learning_strategies|mathematics|science,4.0,4.12,3.88,4.0,4.0,4.12,4.0,4.12,2.88,2.88,2.25,1.75,3.88,4.0,3.25,3.38,3.12,3.12,3.5,3.5
13-1199.06,Online Merchants,reading_comprehension|active_listening|speaking|critical_thinking|writing|monitoring|mathematics|active_learning|learning_strategies|science,critical_thinking|reading_comprehension|active_listening|monitoring|speaking|writing|mathematics|active_learning|learning_strategies|science,3.62,3.75,3.5,3.62,3.38,3.25,3.5,3.38,3.0,3.12,1.25,0.25,3.5,3.88,2.88,3.12,2.38,2.5,3.12,3.62
13-1199.07,Security Management Specialists,active_listening|speaking|critical_thinking|reading_comprehension|writing|monitoring|active_learning|learning_strategies|mathematics|science,critical_thinking|reading_comprehension|active_listening|speaking|monitoring|writing|active_learning|learning_strategies|mathematics|science,3.88,3.88,4.12,3.88,3.62,3.75,4.0,3.88,2.5,2.62,1.5,0.5,4.0,4.0,3.25,3.62,3.0,3.25,3.62,3.88
13-2011.00,Accountants and Auditors,reading_comprehension|active_listening|writing|critical_thinking|speaking|mathematics|active_learning|monitoring|learning_strategies|science,reading_comprehension|writing|speaking|active_listening|monitoring|critical_thinking|mathematics|active_learning|learning_strategies|science,3.88,3.88,3.5,3.62,3.5,3.75,3.38,3.75,3.38,3.38,1.25,0.75,3.5,3.5,3.25,3.25,2.75,2.88,3.25,3.62
13-2022.00,Appraisers of Personal and Business Property,reading_comprehension|critical_thinking|writing|active_listening|speaking|active_learning|mathematics|monitoring|learning_strategies|science,reading_comprehension|active_listening|writing|critical_thinking|speaking|mathematics|active_learning|learning_strategies|monitoring|science,3.88,3.88,3.38,3.62,3.5,3.5,3.38,3.38,2.88,3.25,1.38,0.62,3.62,3.5,3.12,3.0,2.5,2.88,2.88,2.88
13-2023.00,Appraisers and Assessors of Real Estate,reading_comprehension|active_listening|critical_thinking|writing|speaking|monitoring|active_learning|mathematics|learning_strategies|science,reading_comprehension|active_listening|speaking|critical_thinking|writing|active_learning|monitoring|mathematics|learning_strategies|science,3.62,3.75,3.5,3.62,3.38,3.25,3.38,3.5,2.62,2.5,1.12,0.38,3.5,3.5,2.75,3.25,2.38,2.5,2.88,2.88
13-2031.00,Budget Analysts,mathematics|critical_thinking|reading_comprehension|active_listening|speaking|active_learning|writing|monitoring|learning_strategies|science,reading_comprehension|active_listening|writing|mathematics|critical_thinking|speaking|active_learning|monitoring|learning_strategies|science,3.75,4.0,3.75,4.0,3.12,3.88,3.75,3.38,3.88,3.88,1.25,0.25,3.88,3.88,3.25,3.12,2.5,2.62,3.12,3.12
13-2041.00,Credit Analysts,critical_thinking|reading_comprehension|speaking|active_learning|active_listening|mathematics|writing|monitoring|learning_strategies|science,mathematics|reading_comprehension|active_listening|speaking|critical_thinking|writing|active_learning|monitoring|learning_strategies|science,3.62,4.0,3.5,4.0,3.12,3.88,3.62,4.0,3.38,4.12,1.38,0.38,3.88,4.0,3.62,3.62,2.38,2.5,3.0,3.0
13-2052.00,Personal Financial Advisors,reading_comprehension|active_listening|speaking|writing|critical_thinking|mathematics|active_learning|monitoring|learning_strategies|science,critical_thinking|reading_comprehension|active_listening|writing|speaking|mathematics|monitoring|active_learning|learning_strategies|science,4.12,4.0,4.12,4.0,3.88,4.0,4.0,4.0,3.62,3.75,1.38,0.38,3.75,4.12,3.25,3.25,3.0,3.0,3.12,3.75
13-2053.00,Insurance Underwriters,reading_comprehension|active_listening|writing|critical_thinking|speaking|active_learning|monitoring|mathematics|learning_strategies|science,active_listening|critical_thinking|reading_comprehension|writing|speaking|active_learning|learning_strategies|monitoring|mathematics|science,3.75,3.75,3.75,4.0,3.75,3.75,3.62,3.62,2.88,2.88,1.38,0.38,3.75,3.88,3.12,3.38,2.75,3.0,3.0,3.0
13-2061.00,Financial Examiners,reading_comprehension|critical_thinking|active_listening|writing|speaking|monitoring|mathematics|active_learning|learning_strategies|science,critical_thinking|reading_comprehension|monitoring|active_listening|speaking|active_learning|writing|mathematics|learning_strategies|science,4.12,4.25,4.0,4.12,4.0,4.0,4.0,4.12,3.62,3.88,1.25,0.25,4.12,4.5,3.62,4.12,3.38,3.88,3.88,4.25
13-2071.00,Credit Counselors,reading_comprehension|active_listening|speaking|critical_thinking|writing|active_learning|mathematics|learning_strategies|monitoring|science,reading_comprehension|active_listening|speaking|critical_thinking|writing|active_learning|mathematics|learning_strategies|monitoring|science,3.88,4.0,3.88,4.0,3.75,3.75,3.88,4.0,3.12,3.12,1.0,0.0,3.88,4.0,3.75,3.75,3.12,3.12,3.0,3.0
13-2072.00,Loan Officers,active_listening|speaking|reading_comprehension|critical_thinking|writing|mathematics|active_learning|monitoring|learning_strategies|science,reading_comprehension|active_listening|speaking|critical_thinking|writing|mathematics|active_learning|monitoring|learning_strategies|science,3.88,4.0,4.0,4.0,3.38,3.88,4.0,4.0,3.25,3.12,1.0,0.0,3.75,4.0,3.12,3.12,2.75,2.62,2.88,3.0
13-2081.00,"Tax Examiners and Collectors, and Revenue Agents",reading_comprehension|active_listening|speaking|critical_thinking|writing|mathematics|active_learning|monitoring|learning_strategies|science,reading_comprehension|active_listening|speaking|critical_thinking|active_learning|writing|mathematics|monitoring|learning_strategies|science,4.0,4.12,4.0,4.0,3.25,3.25,4.0,4.0,3.25,3.25,1.0,0.0,3.88,3.75,3.25,3.75,2.88,3.0,3.25,3.12
13-2082.00,Tax Preparers,reading_comprehension|active_listening|critical_thinking|speaking|active_learning|writing|mathematics|monitoring|learning_strategies|science,reading_comprehension|active_listening|critical_thinking|speaking|writing|mathematics|active_learning|monitoring|learning_strategies|science,4.0,4.0,3.88,4.0,3.0,3.0,3.12,3.5,3.0,3.0,1.0,0.0,3.5,3.62,3.12,3.0,2.75,2.88,3.0,3.0
13-2099.01,Financial Quantitative Analysts,mathematics|critical_thinking|reading_comprehension|active_listening|speaking|active_learning|writing|learning_strategies|monitoring|science,mathematics|reading_comprehension|critical_thinking|active_listening|writing|speaking|active_learning|monitoring|learning_strategies|science,4.0,4.75,3.75,4.0,3.5,4.0,3.75,4.0,4.38,5.0,1.88,1.38,4.12,4.75,3.75,3.88,3.0,3.0,3.0,3.12
13-2099.04,"Fraud Examiners, Investigators and Analysts",active_listening|writing|reading_comprehension|speaking|critical_thinking|active_learning|mathematics|monitoring|learning_strategies|science,critical_thinking|reading_comprehension|active_listening|writing|speaking|active_learning|monitoring|mathematics|learning_strategies|science,4.12,4.25,4.25,4.25,4.25,4.25,4.12,4.12,3.12,3.12,1.0,0.0,4.0,4.5,3.88,4.12,3.0,3.12,3.12,3.38
15-1211.00,Computer Systems Analysts,speaking|reading_comprehension|active_listening|critical_thinking|active_learning|writing|monitoring|learning_strategies|mathematics|science,reading_comprehension|active_listening|writing|speaking|critical_thinking|active_learning|monitoring|mathematics|learning_strategies|science,3.88,4.5,3.75,4.0,3.38,4.0,4.0,4.0,3.0,3.38,2.25,1.88,3.75,4.0,3.62,4.0,3.12,3.0,3.38,4.0
15-1211.01,Health Informatics Specialists,reading_comprehension|active_listening|writing|speaking|critical_thinking|active_learning|learning_strategies|monitoring|mathematics|science,reading_comprehension|active_learning|active_listening|critical_thinking|writing|speaking|learning_strategies|monitoring|mathematics|science,4.38,4.88,4.0,4.12,4.0,4.0,4.0,4.0,3.0,3.0,2.12,2.0,4.0,4.12,3.75,4.75,3.75,4.0,3.62,4.0
15-1212.00,Information Security Analysts,reading_comprehension|critical_thinking|active_listening|speaking|writing|monitoring|active_learning|learning_strategies|mathematics|science,reading_comprehension|critical_thinking|active_listening|active_learning|monitoring|writing|speaking|learning_strategies|mathematics|science,4.0,4.12,3.75,3.88,3.5,3.75,3.62,3.75,2.25,2.38,1.88,1.62,3.88,4.12,3.25,3.88,2.88,3.12,3.38,3.88
15-1221.00,Computer and Information Research Scientists,critical_thinking|reading_comprehension|active_listening|speaking|active_learning|writing|mathematics|science|monitoring|learning_strategies,active_learning|reading_comprehension|mathematics|critical_thinking|active_listening|writing|speaking|monitoring|learning_strategies|science,3.75,4.5,3.75,4.12,3.38,4.12,3.5,4.12,3.38,4.38,3.12,3.38,4.0,4.25,3.5,4.88,3.0,3.5,3.12,4.0
15-1231.00,Computer Network Support Specialists,critical_thinking|active_listening|reading_comprehension|speaking|active_learning|monitoring|writing|learning_strategies|mathematics|science,reading_comprehension|critical_thinking|active_listening|monitoring|writing|speaking|active_learning|learning_strategies|mathematics|science,3.38,3.88,3.5,3.62,3.0,3.5,3.25,3.5,2.12,2.62,1.88,1.5,3.75,3.75,3.25,3.38,2.62,3.25,3.25,3.62
15-1232.00,Computer User Support Specialists,reading_comprehension|active_listening|speaking|critical_thinking|writing|active_learning|learning_strategies|monitoring|mathematics|science,reading_comprehension|active_listening|speaking|critical_thinking|active_learning|writing|learning_strategies|monitoring|mathematics|science,4.0,4.0,4.0,4.0,3.5,3.12,4.0,4.0,2.25,2.0,1.75,1.25,3.75,3.88,3.12,3.25,3.12,3.12,3.12,3.0
15-1241.00,Computer Network Architects,critical_thinking|reading_comprehension|active_listening|writing|speaking|active_learning|monitoring|mathematics|learning_strategies|science,reading_comprehension|critical_thinking|active_listening|speaking|active_learning|writing|mathematics|monitoring|learning_strategies|science,4.0,4.12,3.75,3.88,3.62,3.75,3.5,3.88,3.0,3.5,2.12,1.88,4.12,4.12,3.25,3.88,3.0,3.12,3.12,3.38
15-1241.01,Telecommunications Engineering Specialists,reading_comprehension|critical_thinking|active_listening|writing|speaking|active_learning|monitoring|learning_strategies|mathematics|science,reading_comprehension|active_listening|speaking|critical_thinking|active_learning|writing|monitoring|mathematics|learning_strategies|science,3.88,4.0,3.62,3.88,3.38,3.75,3.25,3.88,2.88,3.0,1.62,1.12,3.88,3.88,3.25,3.88,3.0,2.88,3.25,3.5
15-1242.00,Database Administrators,critical_thinking|reading_comprehension|active_listening|active_learning|speaking|writing|monitoring|mathematics|learning_strategies|science,reading_comprehension|active_learning|critical_thinking|active_listening|writing|speaking|monitoring|mathematics|learning_strategies|science,3.75,4.25,3.75,3.88,3.25,3.88,3.38,3.88,3.0,3.5,2.0,1.75,3.88,4.0,3.5,4.12,3.0,3.25,3.25,3.88
15-1243.00,Database Architects,reading_comprehension|critical_thinking|active_listening|speaking|active_learning|writing|monitoring|mathematics|learning_strategies|science,reading_comprehension|writing|speaking|critical_thinking|active_listening|active_learning|monitoring|mathematics|learning_strategies|science,3.88,4.12,3.5,3.75,3.12,3.88,3.5,3.88,3.0,3.12,1.88,1.75,3.88,3.88,3.25,3.62,2.88,3.0,3.12,3.62
15-1243.01,Data Warehousing Specialists,reading_comprehension|critical_thinking|active_listening|speaking|writing|mathematics|active_learning|monitoring|learning_strategies|science,reading_comprehension|critical_thinking|active_listening|speaking|writing|mathematics|active_learning|monitoring|learning_strategies|science,3.88,4.0,3.5,3.62,3.25,3.38,3.38,3.62,3.0,3.25,1.88,1.25,3.88,3.88,3.0,3.25,2.62,2.75,2.88,3.12
15-1244.00,Network and Computer Systems Administrators,active_listening|reading_comprehension|critical_thinking|monitoring|speaking|active_learning|writing|learning_strategies|mathematics|science,reading_comprehension|active_listening|critical_thinking|monitoring|active_learning|speaking|writing|learning_strategies|mathematics|science,3.88,4.0,4.0,4.0,3.0,3.5,3.25,3.62,2.75,2.75,2.12,2.0,3.88,4.0,3.12,3.88,3.0,3.5,3.88,4.0
15-1251.00,Computer Programmers,active_listening|critical_thinking|reading_comprehension|writing|speaking|mathematics|active_learning|monitoring|science|learning_strategies,active_listening|critical_thinking|reading_comprehension|speaking|writing|active_learning|mathematics|monitoring|science|learning_strategies,3.38,3.5,3.75,4.0,3.25,3.25,3.12,3.38,3.12,3.12,2.75,2.75,3.75,3.88,3.12,3.25,2.38,2.62,3.0,3.12
15-1252.00,Software Developers,critical_thinking|reading_comprehension|active_learning|active_listening|writing|speaking|monitoring|mathematics|learning_strategies|science,reading_comprehension|critical_thinking|active_listening|writing|speaking|active_learning|monitoring|mathematics|learning_strategies|science,3.5,4.25,3.38,3.88,3.25,3.62,3.12,3.62,2.75,3.25,2.12,1.88,3.88,4.12,3.5,3.62,2.62,3.12,3.0,3.5
15-1253.00,Software Quality Assurance Analysts and Testers,reading_comprehension|active_listening|speaking|critical_thinking|writing|monitoring|active_learning|learning_strategies|mathematics|science,reading_comprehension|active_listening|speaking|writing|critical_thinking|monitoring|science|active_learning|learning_strategies|mathematics,4.0,4.12,3.88,4.0,3.75,3.88,3.88,4.0,2.75,2.75,2.75,3.12,3.88,3.88,3.12,3.12,2.88,3.0,3.62,3.75
15-1254.00,Web Developers,critical_thinking|reading_comprehension|active_listening|active_learning|speaking|writing|monitoring|learning_strategies|mathematics|science,reading_comprehension|critical_thinking|active_learning|active_listening|writing|monitoring|speaking|learning_strategies|mathematics|science,3.62,4.0,3.5,3.5,3.12,3.5,3.25,3.25,2.75,2.88,2.0,2.25,3.75,3.88,3.5,3.62,2.88,3.12,3.0,3.38
15-1255.00,Web and Digital Interface Designers,reading_comprehension|critical_thinking|active_listening|active_learning|writing|speaking|monitoring|learning_strategies|mathematics|science,reading_comprehension|active_listening|writing|critical_thinking|speaking|active_learning|monitoring|mathematics|learning_strategies|science,3.75,3.75,3.38,3.5,3.12,3.5,3.12,3.38,2.38,2.5,1.88,1.0,3.5,3.5,3.38,3.38,2.62,2.5,3.12,3.38
15-1255.01,Video Game Designers,active_listening|reading_comprehension|critical_thinking|active_learning|writing|speaking|monitoring|mathematics|learning_strategies|science,reading_comprehension|active_listening|writing|speaking|critical_thinking|active_learning|monitoring|mathematics|learning_strategies|science,3.75,4.0,3.88,3.88,3.25,3.88,3.12,3.88,2.88,3.12,1.38,0.5,3.75,3.88,3.5,3.62,2.88,3.0,3.12,3.62
15-1299.01,Web Administrators,critical_thinking|reading_comprehension|active_listening|monitoring|writing|speaking|active_learning|learning_strategies|mathematics|science,reading_comprehension|critical_thinking|active_listening|active_learning|speaking|monitoring|writing|learning_strategies|science|mathematics,3.88,4.12,3.75,3.88,3.25,3.38,3.25,3.5,2.12,2.12,2.12,2.38,4.0,4.12,3.12,3.75,3.0,3.0,3.38,3.5
15-1299.02,Geographic Information Systems Technologists and Technicians,reading_comprehension|critical_thinking|active_listening|writing|speaking|monitoring|active_learning|mathematics|learning_strategies|science,reading_comprehension|critical_thinking|monitoring|active_listening|active_learning|writing|speaking|learning_strategies|mathematics|science,3.88,4.0,3.5,3.5,3.38,3.38,3.38,3.25,2.62,3.0,2.38,2.0,3.62,4.0,3.12,3.5,2.62,3.12,3.38,3.62
15-1299.03,Document Management Specialists,reading_comprehension|active_listening|writing|critical_thinking|monitoring|active_learning|speaking|learning_strategies|mathematics|science,reading_comprehension|active_listening|writing|critical_thinking|speaking|active_learning|monitoring|learning_strategies|mathematics|science,3.88,3.88,3.75,3.88,3.75,3.88,3.12,3.25,2.25,2.25,1.25,0.5,3.75,3.75,3.25,3.25,3.0,3.0,3.62,3.12
15-1299.04,Penetration Testers,critical_thinking|reading_comprehension|writing|active_listening|active_learning|monitoring|speaking|learning_strategies|mathematics|science,reading_comprehension|critical_thinking|writing|active_learning|active_listening|speaking|monitoring|learning_strategies|mathematics|science,4.0,4.5,3.88,4.0,4.0,4.12,3.38,3.88,2.5,2.75,1.5,0.88,4.38,4.38,3.62,4.12,2.88,3.38,3.5,3.88
15-1299.05,Information Security Engineers,reading_comprehension|critical_thinking|active_listening|writing|monitoring|speaking|active_learning|learning_strategies|mathematics|science,reading_comprehension|active_listening|writing|speaking|critical_thinking|monitoring|active_learning|learning_strategies|mathematics|science,4.12,4.38,3.88,4.12,3.62,4.12,3.5,4.12,2.38,2.62,1.75,1.75,4.0,4.12,3.25,3.62,2.88,3.12,3.62,3.88
15-1299.06,Digital Forensics Analysts,reading_comprehension|active_listening|writing|speaking|active_learning|critical_thinking|monitoring|learning_strategies|mathematics|science,writing|reading_comprehension|speaking|monitoring|active_listening|critical_thinking|active_learning|learning_strategies|mathematics|science,3.75,3.75,3.5,3.5,3.5,3.88,3.5,3.75,2.5,2.75,1.62,1.12,3.25,3.38,3.38,3.25,2.88,3.0,3.25,3.62
15-1299.07,Blockchain Engineers,reading_comprehension|active_listening|critical_thinking|active_learning|writing|speaking|mathematics|monitoring|learning_strategies|science,reading_comprehension|critical_thinking|active_listening|writing|speaking|active_learning|mathematics|monitoring|learning_strategies|science,4.0,4.12,3.75,3.75,3.25,3.75,3.25,3.62,3.12,3.38,2.38,2.25,3.75,4.0,3.5,3.62,2.62,3.0,3.12,3.38
15-1299.08,Computer Systems Engineers/Architects,reading_comprehension|active_listening|critical_thinking|writing|speaking|active_learning|monitoring|mathematics|science|learning_strategies,active_learning|reading_comprehension|active_listening|writing|speaking|critical_thinking|monitoring|mathematics|science|learning_strategies,4.0,4.0,4.0,4.0,3.88,4.0,3.88,4.0,3.0,3.12,3.0,3.12,4.0,4.0,3.62,4.12,3.0,3.12,3.5,3.88
15-1299.09,Information Technology Project Managers,critical_thinking|reading_comprehension|active_listening|writing|speaking|monitoring|active_learning|learning_strategies|mathematics|science,monitoring|critical_thinking|reading_comprehension|active_listening|writing|speaking|active_learning|learning_strategies|mathematics|science,4.0,4.0,4.0,4.0,4.0,4.0,3.88,4.0,2.88,3.12,2.12,1.5,4.12,4.25,3.38,3.88,3.0,3.25,3.62,4.5
15-2011.00,Actuaries,mathematics|reading_comprehension|active_listening|critical_thinking|writing|speaking|active_learning|monitoring|learning_strategies|science,mathematics|reading_comprehension|critical_thinking|speaking|active_listening|writing|active_learning|monitoring|learning_strategies|science,4.12,4.88,4.0,4.12,3.88,4.0,3.88,4.25,4.38,5.0,1.88,1.75,4.0,4.88,3.38,3.88,2.75,3.0,3.0,3.5
15-2021.00,Mathematicians,mathematics|critical_thinking|reading_comprehension|active_learning|writing|science|active_listening|speaking|learning_strategies|monitoring,mathematics|active_learning|reading_comprehension|critical_thinking|writing|science|active_listening|speaking|learning_strategies|monitoring,4.0,5.0,3.38,4.0,3.62,4.62,3.25,4.0,5.0,6.0,3.62,4.5,4.12,5.0,4.0,5.12,3.25,3.88,3.0,3.0
15-2031.00,Operations Research Analysts,mathematics|reading_comprehension|active_listening|writing|speaking|critical_thinking|active_learning|science|learning_strategies|monitoring,mathematics|reading_comprehension|critical_thinking|active_learning|active_listening|writing|speaking|science|monitoring|learning_strategies,4.0,4.25,4.0,4.0,4.0,4.0,4.0,4.0,4.5,4.88,3.25,3.25,4.0,4.12,3.88,4.12,3.0,3.0,2.88,3.12
15-2041.00,Statisticians,mathematics|reading_comprehension|critical_thinking|active_listening|speaking|writing|active_learning|science|learning_strategies|monitoring,mathematics|reading_comprehension|critical_thinking|writing|speaking|active_listening|science|active_learning|learning_strategies|monitoring,4.0,4.88,3.88,4.0,3.75,4.25,3.88,4.25,4.88,5.38,3.5,3.88,4.0,4.5,3.75,3.88,3.12,3.0,3.0,3.0
15-2041.01,Biostatisticians,mathematics|reading_comprehension|speaking|science|critical_thinking|active_learning|active_listening|writing|learning_strategies|monitoring,reading_comprehension|mathematics|writing|critical_thinking|active_learning|science|speaking|active_listening|learning_strategies|monitoring,4.0,5.12,3.88,4.25,3.88,4.88,4.0,4.5,4.62,5.12,4.0,4.62,4.0,4.88,4.0,4.88,3.38,3.88,3.0,3.62
15-2051.00,Data Scientists,mathematics|critical_thinking|reading_comprehension|speaking|active_learning|active_listening|writing|monitoring|learning_strategies|science,mathematics|reading_comprehension|critical_thinking|active_learning|writing|active_listening|speaking|monitoring|learning_strategies|science,3.88,4.62,3.5,3.75,3.5,4.12,3.62,3.75,4.38,5.0,2.5,2.12,4.25,4.62,3.62,4.38,2.75,3.0,3.25,3.62
15-2051.01,Business Intelligence Analysts,reading_comprehension|active_listening|speaking|critical_thinking|active_learning|writing|mathematics|monitoring|learning_strategies|science,reading_comprehension|critical_thinking|active_learning|active_listening|writing|speaking|mathematics|monitoring|learning_strategies|science,4.0,4.25,3.88,4.0,3.75,4.0,3.88,4.0,3.5,3.88,1.62,0.75,3.88,4.25,3.88,4.12,3.0,3.0,3.12,3.25
15-2051.02,Clinical Data Managers,critical_thinking|reading_comprehension|active_listening|speaking|writing|active_learning|monitoring|mathematics|learning_strategies|science,reading_comprehension|critical_thinking|monitoring|writing|speaking|active_learning|active_listening|mathematics|learning_strategies|science,3.88,4.25,3.88,3.88,3.75,4.0,3.88,4.0,3.5,3.88,2.38,2.25,4.0,4.25,3.62,4.0,2.88,3.25,3.62,4.12
15-2099.01,Bioinformatics Technicians,reading_comprehension|active_listening|writing|critical_thinking|active_learning|speaking|mathematics|monitoring|science|learning_strategies,reading_comprehension|mathematics|active_learning|writing|critical_thinking|active_listening|speaking|monitoring|science|learning_strategies,3.75,4.25,3.5,3.62,3.5,3.75,3.38,3.62,3.38,3.88,3.12,3.38,3.5,3.75,3.5,3.88,2.75,2.88,3.25,3.5
17-1011.00,"Architects, Except Landscape and Naval",critical_thinking|reading_comprehension|speaking|active_listening|writing|monitoring|active_learning|mathematics|learning_strategies|science,critical_thinking|reading_comprehension|active_listening|writing|monitoring|mathematics|speaking|active_learning|learning_strategies|science,4.0,4.62,3.88,4.38,3.88,4.38,4.0,4.12,3.5,4.25,2.88,3.25,4.25,4.75,3.75,4.12,3.12,3.38,3.88,4.38
17-1012.00,Landscape Architects,reading_comprehension|active_listening|speaking|critical_thinking|writing|active_learning|mathematics|monitoring|learning_strategies|science,active_listening|reading_comprehension|writing|speaking|critical_thinking|active_learning|monitoring|mathematics|learning_strategies|science,4.12,4.0,4.12,4.12,3.62,4.0,4.12,4.0,3.12,3.5,2.75,2.75,3.88,3.88,3.5,3.88,2.88,3.0,3.12,3.62
17-1021.00,Cartographers and Photogrammetrists,reading_comprehension|writing|critical_thinking|active_listening|active_learning|speaking|monitoring|mathematics|learning_strategies|science,reading_comprehension|critical_thinking|writing|active_listening|active_learning|speaking|mathematics|monitoring|learning_strategies|science,4.0,4.12,3.38,3.5,3.5,3.62,3.12,3.12,2.88,3.12,1.88,1.5,3.5,3.75,3.25,3.38,2.88,3.0,3.12,3.12
17-1022.00,Surveyors,mathematics|reading_comprehension|writing|critical_thinking|speaking|active_listening|active_learning|learning_strategies|monitoring|science,reading_comprehension|mathematics|writing|critical_thinking|active_listening|speaking|learning_strategies|active_learning|monitoring|science,3.88,4.12,3.5,3.88,3.75,4.0,3.62,3.88,4.0,4.12,2.62,2.75,3.75,4.0,3.25,3.38,3.12,3.5,3.0,3.38
17-1022.01,Geodetic Surveyors,mathematics|reading_comprehension|active_listening|critical_thinking|writing|speaking|active_learning|monitoring|science|learning_strategies,mathematics|reading_comprehension|writing|critical_thinking|active_learning|active_listening|speaking|monitoring|science|learning_strategies,4.0,4.38,3.88,4.0,3.62,4.12,3.38,3.88,4.12,4.88,3.12,3.5,3.88,4.12,3.38,4.12,3.0,3.25,3.38,3.88
17-2011.00,Aerospace Engineers,reading_comprehension|critical_thinking|writing|mathematics|science|active_listening|speaking|active_learning|monitoring|learning_strategies,mathematics|science|reading_comprehension|critical_thinking|writing|speaking|active_learning|active_listening|monitoring|learning_strategies,4.12,5.0,3.88,4.0,4.0,4.75,3.88,4.12,4.0,5.25,4.0,5.12,4.12,4.88,3.88,4.12,3.12,3.5,3.75,4.0
17-2021.00,Agricultural Engineers,reading_comprehension|active_listening|writing|speaking|critical_thinking|mathematics|science|active_learning|monitoring|learning_strategies,reading_comprehension|active_listening|mathematics|writing|speaking|critical_thinking|active_learning|monitoring|science|learning_strategies,4.0,4.62,4.0,4.12,4.0,4.0,4.0,4.0,3.75,4.12,3.38,3.38,3.88,4.0,3.25,3.88,2.88,3.0,3.25,3.75
17-2031.00,Bioengineers and Biomedical Engineers,reading_comprehension|active_listening|writing|speaking|mathematics|science|critical_thinking|active_learning|monitoring|learning_strategies,reading_comprehension|science|critical_thinking|active_learning|mathematics|writing|speaking|active_listening|monitoring|learning_strategies,4.0,5.0,4.0,4.12,4.0,4.25,4.0,4.25,3.88,4.5,3.88,4.62,3.88,4.62,3.75,4.62,3.25,3.88,3.75,4.12
17-2041.00,Chemical Engineers,science|critical_thinking|reading_comprehension|active_learning|mathematics|speaking|active_listening|writing|monitoring|learning_strategies,science|critical_thinking|mathematics|active_learning|reading_comprehension|active_listening|writing|speaking|monitoring|learning_strategies,4.0,4.38,3.25,4.0,3.12,4.0,3.5,4.0,3.75,4.75,4.12,5.12,4.12,5.0,3.88,4.75,2.88,3.5,3.12,3.88
17-2051.00,Civil Engineers,active_listening|reading_comprehension|speaking|mathematics|critical_thinking|science|writing|active_learning|monitoring|learning_strategies,reading_comprehension|mathematics|critical_thinking|active_learning|active_listening|science|writing|speaking|monitoring|learning_strategies,3.88,5.0,4.0,4.0,3.25,3.88,3.88,3.88,3.88,4.75,3.75,4.0,3.88,4.62,3.25,4.62,2.88,3.62,3.25,3.88
17-2051.01,Transportation Engineers,reading_comprehension|writing|speaking|critical_thinking|mathematics|active_listening|active_learning|monitoring|learning_strategies|science,mathematics|reading_comprehension|writing|speaking|active_listening|critical_thinking|active_learning|monitoring|science|learning_strategies,4.0,4.38,3.75,4.0,4.0,4.12,4.0,4.12,3.88,4.62,3.0,3.25,4.0,4.0,3.25,3.88,3.12,3.0,3.25,3.75
17-2051.02,Water/Wastewater Engineers,reading_comprehension|writing|critical_thinking|active_listening|mathematics|speaking|monitoring|science|active_learning|learning_strategies,mathematics|reading_comprehension|science|critical_thinking|active_listening|writing|speaking|active_learning|monitoring|learning_strategies,4.0,4.38,3.88,4.0,4.0,4.0,3.75,4.0,3.88,4.5,3.5,4.12,4.0,4.12,3.25,4.0,3.12,3.75,3.62,4.0
17-2061.00,Computer Hardware Engineers,reading_comprehension|critical_thinking|active_listening|writing|speaking|active_learning|mathematics|monitoring|science|learning_strategies,reading_comprehension|writing|critical_thinking|active_learning|speaking|active_listening|mathematics|science|monitoring|learning_strategies,4.0,4.5,3.88,3.88,3.88,4.12,3.88,4.0,3.25,3.38,2.88,3.25,4.0,4.12,3.75,4.12,2.88,3.12,3.12,3.25
17-2071.00,Electrical Engineers,writing|reading_comprehension|critical_thinking|active_listening|speaking|active_learning|monitoring|mathematics|science|learning_strategies,reading_comprehension|writing|speaking|active_listening|mathematics|critical_thinking|active_learning|monitoring|science|learning_strategies,4.0,4.38,3.88,4.12,4.12,4.25,3.88,4.25,3.38,4.12,3.0,3.62,4.0,4.12,3.88,3.88,3.0,3.0,3.5,3.88
17-2072.00,"Electronics Engineers, Except Computer",reading_comprehension|critical_thinking|speaking|active_listening|writing|mathematics|monitoring|active_learning|science|learning_strategies,reading_comprehension|mathematics|critical_thinking|active_listening|writing|speaking|active_learning|monitoring|science|learning_strategies,4.0,4.12,3.75,4.0,3.5,4.0,3.88,4.0,3.5,4.12,3.0,3.25,4.0,4.12,3.12,4.0,3.0,3.0,3.38,3.75
17-2072.01,Radio Frequency Identification Device Specialists,critical_thinking|active_listening|speaking|reading_comprehension|writing|active_learning|monitoring|mathematics|learning_strategies|science,reading_comprehension|critical_thinking|monitoring|active_listening|writing|speaking|active_learning|mathematics|learning_strategies|science,3.62,4.0,3.75,3.62,3.25,3.62,3.75,3.62,2.62,3.38,2.0,1.88,3.88,3.88,3.12,3.5,2.62,3.25,3.12,3.75
17-2081.00,Environmental Engineers,reading_comprehension|active_listening|writing|speaking|critical_thinking|monitoring|active_learning|mathematics|science|learning_strategies,reading_comprehension|writing|speaking|monitoring|active_learning|mathematics|science|critical_thinking|active_listening|learning_strategies,4.0,4.75,4.0,3.88,4.0,4.25,4.0,4.25,3.38,4.0,3.38,4.0,4.0,4.0,3.75,4.12,3.0,3.0,4.0,4.25
17-2111.00,"Health and Safety Engineers, Except Mining Safety Engineers and Inspectors",reading_comprehension|active_listening|writing|critical_thinking|speaking|monitoring|active_learning|learning_strategies|mathematics|science,reading_comprehension|active_listening|writing|critical_thinking|speaking|active_learning|monitoring|learning_strategies|mathematics|science,4.0,4.0,3.75,4.0,3.75,3.88,3.62,3.62,2.88,3.0,2.5,2.38,3.75,3.88,3.25,3.62,3.25,3.5,3.38,3.62
17-2111.02,Fire-Prevention and Protection Engineers,critical_thinking|reading_comprehension|speaking|active_listening|writing|active_learning|science|mathematics|learning_strategies|monitoring,critical_thinking|active_learning|reading_comprehension|active_listening|writing|speaking|science|learning_strategies|mathematics|monitoring,4.0,4.0,3.88,4.0,3.88,4.0,4.0,4.0,3.12,3.25,3.62,3.75,4.25,4.25,3.88,4.12,3.12,3.38,3.12,3.25
17-2112.00,Industrial Engineers,reading_comprehension|active_listening|critical_thinking|speaking|writing|monitoring|mathematics|active_learning|learning_strategies|science,reading_comprehension|monitoring|active_listening|writing|speaking|critical_thinking|mathematics|active_learning|learning_strategies|science,4.0,4.5,4.0,4.12,3.75,4.12,3.88,4.12,3.25,3.88,2.12,1.75,4.0,4.12,3.25,3.88,2.75,3.0,3.38,4.25
17-2112.01,Human Factors Engineers and Ergonomists,reading_comprehension|active_listening|writing|speaking|critical_thinking|active_learning|mathematics|monitoring|science|learning_strategies,reading_comprehension|active_listening|writing|speaking|critical_thinking|active_learning|mathematics|monitoring|science|learning_strategies,4.0,4.75,4.0,4.38,4.0,4.38,4.0,4.38,3.5,4.0,3.25,3.38,4.0,4.38,3.75,4.25,3.25,3.25,3.5,4.0
17-2112.02,Validation Engineers,reading_comprehension|writing|speaking|critical_thinking|active_listening|monitoring|science|active_learning|mathematics|learning_strategies,reading_comprehension|science|writing|critical_thinking|active_listening|speaking|monitoring|mathematics|active_learning|learning_strategies,4.12,4.5,3.88,4.0,4.0,4.12,4.0,4.0,3.12,3.62,3.75,4.38,4.0,4.12,3.25,3.62,3.0,3.12,3.88,4.0
17-2112.03,Manufacturing Engineers,reading_comprehension|mathematics|active_listening|speaking|monitoring|writing|critical_thinking|active_learning|learning_strategies|science,reading_comprehension|monitoring|mathematics|active_learning|writing|active_listening|speaking|critical_thinking|learning_strategies|science,4.0,4.75,3.88,4.12,3.75,4.38,3.88,4.12,4.0,4.5,3.12,3.75,3.75,4.0,3.62,4.5,3.25,3.88,3.88,4.62
17-2121.00,Marine Engineers and Naval Architects,critical_thinking|reading_comprehension|active_listening|writing|speaking|mathematics|science|active_learning|monitoring|learning_strategies,reading_comprehension|critical_thinking|mathematics|science|writing|speaking|active_learning|active_listening|monitoring|learning_strategies,3.88,4.5,3.75,3.88,3.75,4.0,3.75,4.0,3.62,4.25,3.5,4.12,4.12,4.38,3.5,4.0,2.88,3.25,3.38,3.75
17-2131.00,Materials Engineers,reading_comprehension|active_listening|writing|speaking|mathematics|science|critical_thinking|active_learning|monitoring|learning_strategies,reading_comprehension|science|active_learning|writing|speaking|active_listening|mathematics|critical_thinking|monitoring|learning_strategies,4.0,5.0,4.0,4.38,4.0,4.5,4.0,4.5,4.0,4.38,4.0,4.88,4.0,4.38,3.75,4.75,3.0,3.5,3.25,4.0
17-2141.00,Mechanical Engineers,reading_comprehension|active_listening|critical_thinking|mathematics|science|active_learning|writing|speaking|monitoring|learning_strategies,reading_comprehension|mathematics|science|active_learning|critical_thinking|monitoring|active_listening|writing|speaking|learning_strategies,3.88,4.75,3.88,4.0,3.38,4.0,3.38,3.88,3.75,4.5,3.75,4.5,3.88,4.12,3.5,4.25,2.88,3.38,3.25,4.12
17-2141.01,Fuel Cell Engineers,reading_comprehension|critical_thinking|writing|speaking|science|active_listening|active_learning|monitoring|mathematics|learning_strategies,reading_comprehension|critical_thinking|active_listening|writing|mathematics|speaking|science|active_learning|monitoring|learning_strategies,4.0,4.75,3.62,4.12,3.75,4.12,3.75,4.0,3.5,4.12,3.75,4.0,4.0,4.25,3.62,4.0,3.12,3.12,3.62,4.0
17-2141.02,Automotive Engineers,critical_thinking|reading_comprehension|writing|speaking|mathematics|active_listening|active_learning|science|monitoring|learning_strategies,mathematics|reading_comprehension|critical_thinking|active_learning|writing|science|active_listening|speaking|monitoring|learning_strategies,4.0,4.75,3.75,4.0,3.88,4.12,3.88,3.88,3.88,4.88,3.25,4.12,4.12,4.75,3.38,4.5,2.88,3.0,3.12,3.75
17-2151.00,"Mining and Geological Engineers, Including Mining Safety Engineers",reading_comprehension|writing|speaking|critical_thinking|active_listening|mathematics|monitoring|science|active_learning|learning_strategies,reading_comprehension|mathematics|critical_thinking|monitoring|writing|speaking|active_learning|active_listening|science|learning_strategies,4.0,4.75,3.88,4.0,4.0,4.25,4.0,4.12,3.75,4.62,3.5,4.0,4.0,4.5,3.5,4.12,3.12,3.38,3.75,4.5
17-2161.00,Nuclear Engineers,science|critical_thinking|reading_comprehension|active_listening|writing|mathematics|monitoring|active_learning|speaking|learning_strategies,reading_comprehension|critical_thinking|writing|mathematics|science|active_listening|monitoring|active_learning|speaking|learning_strategies,4.0,5.0,4.0,4.25,4.0,4.75,3.75,3.88,4.0,4.38,4.12,4.38,4.12,4.88,3.88,4.0,3.0,3.12,4.0,4.12
17-2171.00,Petroleum Engineers,reading_comprehension|critical_thinking|active_listening|writing|speaking|active_learning|monitoring|science|mathematics|learning_strategies,reading_comprehension|critical_thinking|writing|active_listening|speaking|mathematics|science|active_learning|monitoring|learning_strategies,4.0,4.75,3.88,4.0,3.88,4.25,3.88,4.0,3.25,4.0,3.38,4.0,4.0,4.38,3.75,3.88,3.0,3.0,3.75,3.88
17-2199.03,"Energy Engineers, Except Wind and Solar",reading_comprehension|active_listening|writing|critical_thinking|active_learning|speaking|mathematics|science|monitoring|learning_strategies,reading_comprehension|science|writing|mathematics|critical_thinking|active_listening|speaking|active_learning|monitoring|learning_strategies,4.12,4.88,4.0,4.12,4.0,4.25,3.88,4.12,3.88,4.25,3.88,4.62,4.0,4.25,4.0,4.12,2.88,3.0,3.88,4.12
17-2199.05,Mechatronics Engineers,reading_comprehension|writing|critical_thinking|active_listening|speaking|mathematics|monitoring|science|active_learning|learning_strategies,reading_comprehension|active_listening|writing|mathematics|critical_thinking|active_learning|speaking|monitoring|science|learning_strategies,3.75,4.12,3.62,4.0,3.75,4.0,3.5,3.88,3.38,4.0,3.12,3.25,3.75,4.0,3.12,4.0,3.12,3.12,3.38,3.88
17-2199.06,Microsystems Engineers,reading_comprehension|active_listening|critical_thinking|writing|speaking|science|monitoring|active_learning|mathematics|learning_strategies,reading_comprehension|active_listening|critical_thinking|writing|speaking|mathematics|science|active_learning|monitoring|learning_strategies,4.0,4.75,4.0,4.25,3.75,4.0,3.62,4.0,3.38,3.88,3.62,3.88,4.0,4.12,3.5,3.88,3.25,3.38,3.62,3.75
17-2199.07,Photonics Engineers,critical_thinking|reading_comprehension|writing|active_listening|speaking|mathematics|active_learning|science|learning_strategies|monitoring,reading_comprehension|active_learning|mathematics|writing|critical_thinking|active_listening|speaking|science|monitoring|learning_strategies,3.88,5.0,3.75,4.12,3.88,4.75,3.62,4.0,3.62,4.88,3.5,4.0,4.0,4.75,3.62,5.0,3.0,3.25,3.0,3.62
17-2199.08,Robotics Engineers,critical_thinking|reading_comprehension|active_listening|monitoring|writing|mathematics|active_learning|learning_strategies|speaking|science,reading_comprehension|mathematics|critical_thinking|active_learning|active_listening|writing|speaking|monitoring|science|learning_strategies,3.88,4.88,3.88,4.0,3.75,3.88,3.25,3.88,3.75,4.62,3.12,3.75,4.0,4.62,3.75,4.5,3.38,3.75,3.88,3.88
17-2199.09,Nanosystems Engineers,reading_comprehension|speaking|science|critical_thinking|active_listening|writing|mathematics|active_learning|monitoring|learning_strategies,reading_comprehension|critical_thinking|active_learning|mathematics|science|writing|speaking|monitoring|active_listening|learning_strategies,4.0,5.0,3.88,3.88,3.88,4.62,4.0,4.25,3.88,4.75,4.0,4.75,4.0,4.88,3.88,4.88,3.0,3.5,3.5,4.0
17-2199.10,Wind Energy Engineers,critical_thinking|reading_comprehension|mathematics|active_listening|writing|speaking|science|monitoring|active_learning|learning_strategies,reading_comprehension|mathematics|critical_thinking|monitoring|active_listening|writing|science|active_learning|speaking|learning_strategies,3.75,4.62,3.38,3.75,3.38,3.75,3.38,3.5,3.5,4.5,3.25,3.75,4.0,4.5,3.0,3.75,2.75,2.88,3.12,4.0
17-2199.11,Solar Energy Systems Engineers,reading_comprehension|critical_thinking|writing|speaking|active_listening|mathematics|science|active_learning|monitoring|learning_strategies,reading_comprehension|active_listening|writing|speaking|mathematics|critical_thinking|science|active_learning|monitoring|learning_strategies,4.0,4.12,3.75,4.0,3.88,4.0,3.88,4.0,3.38,4.0,3.25,3.88,4.0,4.0,3.25,3.88,2.88,3.0,3.25,3.62
17-3011.00,Architectural and Civil Drafters,reading_comprehension|critical_thinking|active_listening|writing|speaking|monitoring|mathematics|active_learning|learning_strategies|science,reading_comprehension|critical_thinking|active_listening|writing|speaking|active_learning|monitoring|mathematics|learning_strategies|science,3.75,3.88,3.5,3.62,3.25,3.5,3.25,3.25,3.12,3.12,2.12,1.62,3.62,3.75,3.12,3.25,2.62,3.0,3.25,3.25
17-3012.00,Electrical and Electronics Drafters,active_listening|writing|critical_thinking|reading_comprehension|speaking|active_learning|monitoring|mathematics|learning_strategies|science,reading_comprehension|critical_thinking|active_listening|writing|mathematics|speaking|active_learning|monitoring|learning_strategies|science,3.38,3.88,3.62,3.5,3.5,3.5,3.25,3.25,2.75,3.5,1.88,1.25,3.5,3.62,3.25,3.12,2.62,2.62,3.0,3.0
17-3013.00,Mechanical Drafters,critical_thinking|reading_comprehension|active_listening|mathematics|active_learning|speaking|writing|monitoring|learning_strategies|science,reading_comprehension|speaking|mathematics|active_listening|critical_thinking|active_learning|writing|learning_strategies|monitoring|science,3.25,3.88,3.25,3.62,3.0,3.12,3.12,3.75,3.25,3.75,1.88,1.38,3.38,3.62,3.25,3.5,2.75,3.12,3.0,3.12
17-3021.00,Aerospace Engineering and Operations Technologists and Technicians,critical_thinking|reading_comprehension|active_listening|speaking|writing|science|monitoring|mathematics|active_learning|learning_strategies,critical_thinking|active_listening|reading_comprehension|science|writing|speaking|monitoring|mathematics|active_learning|learning_strategies,3.75,3.75,3.62,3.88,3.12,3.12,3.62,3.12,3.0,3.0,3.12,3.75,3.88,4.0,3.0,3.0,2.88,2.88,3.12,3.12
17-3022.00,Civil Engineering Technologists and Technicians,critical_thinking|reading_comprehension|active_listening|mathematics|speaking|writing|monitoring|active_learning|science|learning_strategies,reading_comprehension|active_listening|critical_thinking|writing|speaking|mathematics|monitoring|active_learning|science|learning_strategies,3.75,4.12,3.75,4.0,3.25,3.5,3.38,3.5,3.62,3.38,2.75,2.62,3.88,3.62,2.88,3.0,2.25,2.62,3.25,3.38
17-3023.00,Electrical and Electronic Engineering Technologists and Technicians,reading_comprehension|critical_thinking|active_listening|speaking|writing|monitoring|active_learning|mathematics|learning_strategies|science,reading_comprehension|critical_thinking|active_listening|active_learning|writing|speaking|mathematics|monitoring|learning_strategies|science,3.88,4.12,3.38,3.38,3.25,3.25,3.38,3.12,2.88,3.0,2.12,1.75,3.75,3.62,3.12,3.38,2.62,2.75,3.25,3.0
17-3024.00,Electro-Mechanical and Mechatronics Technologists and Technicians,monitoring|critical_thinking|reading_comprehension|active_listening|writing|speaking|active_learning|mathematics|learning_strategies|science,reading_comprehension|monitoring|critical_thinking|active_listening|active_learning|writing|speaking|mathematics|science|learning_strategies,3.25,4.0,3.12,3.38,3.12,3.12,3.12,3.12,2.88,3.0,2.75,3.0,3.62,3.75,3.12,3.25,2.88,3.0,3.75,4.0
17-3024.01,Robotics Technicians,reading_comprehension|critical_thinking|active_listening|writing|speaking|active_learning|monitoring|mathematics|learning_strategies|science,reading_comprehension|critical_thinking|mathematics|active_listening|active_learning|speaking|science|monitoring|writing|learning_strategies,3.88,4.0,3.75,3.62,3.25,3.12,3.25,3.25,3.0,3.75,2.75,3.25,3.88,4.0,3.12,3.62,3.0,3.12,3.12,3.25
17-3025.00,Environmental Engineering Technologists and Technicians,reading_comprehension|active_listening|critical_thinking|active_learning|speaking|science|monitoring|writing|mathematics|learning_strategies,reading_comprehension|active_listening|speaking|critical_thinking|writing|active_learning|mathematics|science|monitoring|learning_strategies,3.88,4.0,3.88,4.0,3.12,3.88,3.38,4.0,3.0,3.75,3.38,3.75,3.88,4.0,3.75,3.88,3.0,3.0,3.38,3.75
17-3026.00,Industrial Engineering Technologists and Technicians,reading_comprehension|active_listening|critical_thinking|writing|speaking|mathematics|active_learning|monitoring|science|learning_strategies,critical_thinking|reading_comprehension|active_listening|writing|monitoring|speaking|mathematics|active_learning|science|learning_strategies,3.88,3.88,3.88,3.88,3.12,3.88,3.12,3.75,3.12,3.75,3.0,3.25,3.88,4.0,3.12,3.62,2.75,2.88,3.12,3.88
17-3026.01,Nanotechnology Engineering Technologists and Technicians,reading_comprehension|critical_thinking|writing|active_listening|science|speaking|mathematics|active_learning|monitoring|learning_strategies,reading_comprehension|writing|science|critical_thinking|active_listening|mathematics|active_learning|monitoring|speaking|learning_strategies,4.12,4.62,3.62,3.75,3.75,4.12,3.38,3.5,3.38,3.75,3.62,4.0,4.0,3.88,3.38,3.75,3.0,3.38,3.38,3.75
17-3027.00,Mechanical Engineering Technologists and Technicians,reading_comprehension|active_listening|critical_thinking|speaking|writing|mathematics|active_learning|monitoring|science|learning_strategies,reading_comprehension|active_listening|critical_thinking|speaking|writing|mathematics|science|active_learning|monitoring|learning_strategies,3.75,4.25,3.75,3.88,3.5,3.62,3.62,3.75,3.25,3.38,3.0,3.25,3.75,3.88,3.12,3.25,2.75,3.0,3.12,3.12
17-3027.01,Automotive Engineering Technicians,reading_comprehension|speaking|critical_thinking|active_listening|writing|mathematics|monitoring|active_learning|science|learning_strategies,reading_comprehension|active_listening|speaking|mathematics|critical_thinking|monitoring|writing|active_learning|science|learning_strategies,3.62,4.0,3.25,3.38,3.25,3.25,3.5,3.38,3.12,3.38,2.62,3.0,3.5,3.38,3.0,3.12,2.38,2.62,3.12,3.38
17-3029.01,Non-Destructive Testing Specialists,reading_comprehension|active_listening|critical_thinking|monitoring|writing|active_learning|speaking|mathematics|learning_strategies|science,reading_comprehension|critical_thinking|active_learning|monitoring|active_listening|learning_strategies|writing|speaking|mathematics|science,3.88,3.88,3.62,3.38,3.25,3.12,3.12,3.12,3.12,3.12,3.0,3.0,3.5,3.62,3.25,3.62,3.12,3.25,3.38,3.62
17-3029.08,Photonics Technicians,reading_comprehension|active_listening|critical_thinking|active_learning|monitoring|writing|speaking|mathematics|learning_strategies|science,reading_comprehension|critical_thinking|active_listening|active_learning|monitoring|writing|speaking|mathematics|learning_strategies|science,3.5,3.75,3.38,3.5,3.12,3.12,3.12,3.12,2.75,3.0,2.5,2.38,3.38,3.62,3.25,3.38,2.75,2.88,3.25,3.25
17-3031.00,Surveying and Mapping Technicians,reading_comprehension|critical_thinking|mathematics|active_listening|monitoring|speaking|writing|active_learning|learning_strategies|science,reading_comprehension|mathematics|critical_thinking|monitoring|active_learning|active_listening|speaking|learning_strategies|writing|science,3.62,3.75,3.12,3.0,2.88,2.88,3.0,3.0,3.25,3.62,2.38,2.12,3.5,3.62,2.88,3.12,2.75,3.0,3.12,3.25
19-1011.00,Animal Scientists,reading_comprehension|writing|science|critical_thinking|active_listening|speaking|active_learning|monitoring|mathematics|learning_strategies,reading_comprehension|writing|critical_thinking|speaking|active_listening|science|active_learning|mathematics|monitoring|learning_strategies,4.12,4.88,3.88,4.0,4.0,4.25,3.88,4.12,3.38,3.88,4.0,4.0,4.0,4.25,3.88,4.0,3.25,3.25,3.75,3.88
19-1012.00,Food Scientists and Technologists,reading_comprehension|critical_thinking|active_learning|active_listening|writing|speaking|science|monitoring|mathematics|learning_strategies,reading_comprehension|critical_thinking|active_listening|writing|active_learning|speaking|science|monitoring|mathematics|learning_strategies,4.0,4.62,3.88,4.12,3.88,4.12,3.88,4.0,3.12,3.5,3.88,3.88,4.0,4.5,4.0,4.12,3.0,3.38,3.62,3.88
19-1013.00,Soil and Plant Scientists,reading_comprehension|speaking|science|critical_thinking|active_learning|active_listening|writing|mathematics|learning_strategies|monitoring,reading_comprehension|science|speaking|active_learning|writing|critical_thinking|active_listening|monitoring|mathematics|learning_strategies,4.0,5.0,3.88,4.12,3.88,4.38,4.0,4.62,3.25,3.88,4.0,4.88,4.0,4.38,4.0,4.5,3.25,3.88,3.25,4.12
19-1021.00,Biochemists and Biophysicists,science|reading_comprehension|writing|critical_thinking|active_listening|speaking|active_learning|learning_strategies|mathematics|monitoring,reading_comprehension|active_learning|writing|science|critical_thinking|mathematics|speaking|active_listening|learning_strategies|monitoring,4.38,5.25,4.12,4.38,4.25,5.12,4.12,4.62,3.88,4.75,4.75,5.12,4.25,5.12,4.12,5.25,4.0,4.38,3.88,4.25
19-1022.00,Microbiologists,science|reading_comprehension|writing|critical_thinking|active_listening|speaking|active_learning|learning_strategies|monitoring|mathematics,reading_comprehension|science|writing|critical_thinking|active_learning|active_listening|speaking|mathematics|monitoring|learning_strategies,4.12,5.12,3.88,4.12,4.0,4.88,3.88,4.0,3.12,3.88,4.62,5.0,4.0,4.62,3.88,4.5,3.62,3.75,3.62,3.88
19-1023.00,Zoologists and Wildlife Biologists,reading_comprehension|active_listening|writing|speaking|science|critical_thinking|active_learning|monitoring|mathematics|learning_strategies,reading_comprehension|writing|speaking|active_listening|science|critical_thinking|active_learning|monitoring|mathematics|learning_strategies,4.0,5.0,4.0,4.0,4.0,4.25,4.0,4.12,3.12,3.12,4.0,4.0,3.88,4.0,3.88,3.88,3.12,3.12,3.25,3.75
19-1029.01,Bioinformatics Scientists,reading_comprehension|active_listening|writing|speaking|science|critical_thinking|mathematics|active_learning|monitoring|learning_strategies,reading_comprehension|writing|critical_thinking|active_listening|speaking|mathematics|active_learning|science|monitoring|learning_strategies,4.38,5.12,4.0,4.5,4.0,4.88,4.0,4.5,3.88,4.38,4.0,4.25,4.0,4.75,3.88,4.38,3.0,3.75,3.38,4.0
19-1029.02,Molecular and Cellular Biologists,science|reading_comprehension|writing|critical_thinking|active_listening|speaking|active_learning|learning_strategies|mathematics|monitoring,reading_comprehension|writing|science|critical_thinking|speaking|active_listening|active_learning|learning_strategies|mathematics|monitoring,4.38,5.62,4.0,4.62,4.25,5.0,4.0,4.75,3.75,4.38,4.75,5.0,4.12,4.88,3.88,4.62,3.88,4.5,3.75,4.38
19-1029.03,Geneticists,reading_comprehension|science|active_listening|writing|speaking|critical_thinking|active_learning|mathematics|learning_strategies|monitoring,reading_comprehension|writing|science|critical_thinking|speaking|active_learning|active_listening|mathematics|learning_strategies|monitoring,4.25,5.0,4.0,4.0,4.0,4.88,4.0,4.12,3.88,4.0,4.12,4.38,4.0,4.38,4.0,4.12,3.88,3.88,3.75,3.88
19-1029.04,Biologists,science|reading_comprehension|writing|active_listening|speaking|critical_thinking|mathematics|active_learning|learning_strategies|monitoring,reading_comprehension|writing|science|critical_thinking|speaking|active_learning|mathematics|active_listening|monitoring|learning_strategies,4.12,5.12,4.0,4.12,4.12,5.0,4.0,4.75,3.88,4.25,4.62,5.0,4.0,4.88,3.88,4.75,3.12,3.75,3.0,4.0
19-1031.00,Conservation Scientists,reading_comprehension|active_listening|speaking|writing|science|critical_thinking|active_learning|monitoring|mathematics|learning_strategies,reading_comprehension|writing|active_listening|speaking|critical_thinking|science|active_learning|monitoring|mathematics|learning_strategies,3.88,3.88,3.88,3.75,3.5,3.88,3.62,3.75,3.12,3.12,3.5,3.5,3.5,3.75,3.25,3.38,2.88,2.88,3.25,3.25
19-1031.02,Range Managers,reading_comprehension|active_listening|speaking|critical_thinking|monitoring|writing|active_learning|science|mathematics|learning_strategies,monitoring|reading_comprehension|active_listening|speaking|critical_thinking|active_learning|writing|science|mathematics|learning_strategies,4.0,4.25,4.0,4.12,3.38,3.75,4.0,4.0,3.0,3.12,3.12,3.25,3.88,4.0,3.25,4.0,2.88,2.88,3.88,4.38
19-1031.03,Park Naturalists,speaking|active_listening|writing|reading_comprehension|critical_thinking|monitoring|active_learning|learning_strategies|science|mathematics,speaking|reading_comprehension|active_listening|writing|critical_thinking|active_learning|monitoring|learning_strategies|mathematics|science,3.75,4.0,3.88,4.0,3.88,3.88,4.0,4.12,2.0,2.0,2.12,2.0,3.75,3.75,3.12,3.25,3.0,3.12,3.25,3.25
19-1032.00,Foresters,reading_comprehension|speaking|critical_thinking|monitoring|active_listening|writing|active_learning|mathematics|science|learning_strategies,reading_comprehension|writing|speaking|critical_thinking|monitoring|active_listening|active_learning|mathematics|science|learning_strategies,4.0,4.25,3.88,4.0,3.75,4.12,4.0,4.12,3.0,3.62,3.0,3.12,4.0,4.12,3.25,4.0,3.0,3.0,4.0,4.12
19-1041.00,Epidemiologists,reading_comprehension|critical_thinking|active_listening|writing|speaking|science|active_learning|mathematics|monitoring|learning_strategies,reading_comprehension|science|active_listening|speaking|active_learning|writing|critical_thinking|monitoring|mathematics|learning_strategies,4.25,5.12,4.12,4.75,4.12,4.62,4.12,4.75,3.75,4.12,4.12,5.0,4.25,4.62,4.0,4.75,3.5,3.88,3.62,4.25
19-1042.00,"Medical Scientists, Except Epidemiologists",writing|speaking|science|active_learning|reading_comprehension|active_listening|critical_thinking|mathematics|monitoring|learning_strategies,reading_comprehension|science|active_learning|writing|critical_thinking|speaking|active_listening|mathematics|monitoring|learning_strategies,4.0,5.25,4.0,4.25,4.25,4.88,4.12,4.38,3.62,4.12,4.12,5.0,4.0,4.75,4.12,5.0,3.38,3.88,3.62,4.12
19-2011.00,Astronomers,reading_comprehension|science|writing|mathematics|critical_thinking|active_listening|speaking|active_learning|learning_strategies|monitoring,reading_comprehension|science|writing|mathematics|active_learning|speaking|active_listening|critical_thinking|learning_strategies|monitoring,4.25,5.12,4.0,4.12,4.12,5.0,4.0,4.75,4.12,5.0,4.25,5.12,4.12,4.12,4.0,4.88,3.75,4.0,3.38,3.62
19-2012.00,Physicists,science|critical_thinking|reading_comprehension|speaking|mathematics|active_learning|writing|active_listening|learning_strategies|monitoring,reading_comprehension|mathematics|science|active_learning|learning_strategies|writing|critical_thinking|speaking|active_listening|monitoring,4.5,5.88,4.12,4.75,4.38,5.0,4.5,4.88,4.5,5.88,4.88,5.88,4.62,5.0,4.5,5.75,4.0,5.12,3.75,4.12
19-2021.00,Atmospheric and Space Scientists,reading_comprehension|active_listening|speaking|science|critical_thinking|active_learning|writing|mathematics|learning_strategies|monitoring,reading_comprehension|science|speaking|active_listening|critical_thinking|active_learning|writing|mathematics|monitoring|learning_strategies,4.12,4.88,4.0,4.25,3.88,4.0,4.0,4.38,3.38,4.0,4.0,4.88,4.0,4.12,4.0,4.12,3.12,3.38,3.12,3.5
19-2031.00,Chemists,science|reading_comprehension|critical_thinking|speaking|active_listening|writing|mathematics|active_learning|monitoring|learning_strategies,science|reading_comprehension|writing|mathematics|critical_thinking|active_learning|speaking|active_listening|monitoring|learning_strategies,4.0,5.0,3.75,4.0,3.75,4.62,3.88,4.12,3.75,4.5,4.12,5.12,4.0,4.25,3.62,4.25,3.0,3.0,3.5,3.88
19-2032.00,Materials Scientists,reading_comprehension|active_listening|science|critical_thinking|writing|speaking|active_learning|mathematics|monitoring|learning_strategies,science|reading_comprehension|writing|critical_thinking|active_listening|speaking|active_learning|monitoring|mathematics|learning_strategies,4.0,4.75,4.0,4.12,3.88,4.38,3.75,4.12,3.5,3.88,4.0,4.88,4.0,4.25,3.75,4.0,3.0,3.38,3.12,4.0
19-2041.00,"Environmental Scientists and Specialists, Including Health",reading_comprehension|active_listening|writing|speaking|science|critical_thinking|active_learning|monitoring|mathematics|learning_strategies,reading_comprehension|writing|science|active_listening|critical_thinking|speaking|mathematics|active_learning|monitoring|learning_strategies,4.0,4.75,4.0,4.25,4.0,4.62,4.0,4.12,3.25,4.12,4.0,4.5,3.88,4.25,3.75,4.0,3.25,3.62,3.62,4.0
19-2041.01,Climate Change Policy Analysts,reading_comprehension|active_listening|critical_thinking|writing|speaking|active_learning|monitoring|mathematics|learning_strategies|science,reading_comprehension|speaking|writing|critical_thinking|active_listening|active_learning|monitoring|mathematics|learning_strategies|science,4.25,4.25,4.0,3.88,3.88,4.12,3.88,4.25,3.0,3.25,2.62,2.75,4.0,4.0,3.75,3.88,3.0,3.12,3.12,3.75
19-2041.02,Environmental Restoration Planners,critical_thinking|reading_comprehension|active_listening|writing|speaking|monitoring|science|active_learning|mathematics|learning_strategies,reading_comprehension|writing|active_listening|speaking|critical_thinking|active_learning|science|monitoring|mathematics|learning_strategies,3.88,4.25,3.88,4.12,3.88,4.25,3.88,4.12,3.25,3.38,3.5,3.88,4.0,4.12,3.5,4.0,3.0,3.25,3.75,3.88
19-2041.03,Industrial Ecologists,reading_comprehension|active_listening|writing|speaking|critical_thinking|science|active_learning|mathematics|monitoring|learning_strategies,reading_comprehension|writing|critical_thinking|science|active_listening|speaking|mathematics|active_learning|monitoring|learning_strategies,4.12,4.75,4.0,4.0,4.0,4.62,4.0,4.0,3.38,4.0,3.62,4.12,3.88,4.25,3.62,4.0,3.0,3.5,3.12,3.88
19-2042.00,"Geoscientists, Except Hydrologists and Geographers",reading_comprehension|science|writing|speaking|critical_thinking|active_listening|mathematics|active_learning|learning_strategies|monitoring,reading_comprehension|writing|science|active_listening|speaking|critical_thinking|mathematics|active_learning|monitoring|learning_strategies,4.25,5.12,3.88,4.25,4.0,4.88,4.0,4.25,3.5,4.12,4.25,4.75,4.0,4.25,3.38,4.0,3.12,3.12,3.0,3.25
19-2043.00,Hydrologists,critical_thinking|reading_comprehension|active_listening|mathematics|science|writing|speaking|active_learning|monitoring|learning_strategies,reading_comprehension|critical_thinking|active_learning|science|active_listening|writing|mathematics|speaking|monitoring|learning_strategies,3.88,4.88,3.88,4.12,3.75,4.12,3.75,4.0,3.88,4.12,3.88,4.38,4.12,4.75,3.75,4.5,3.0,3.12,3.25,3.75
19-2099.01,Remote Sensing Scientists and Technologists,reading_comprehension|critical_thinking|active_listening|writing|speaking|science|mathematics|active_learning|monitoring|learning_strategies,reading_comprehension|writing|critical_thinking|speaking|mathematics|active_listening|science|active_learning|monitoring|learning_strategies,4.0,4.75,3.88,4.0,3.88,4.62,3.88,4.25,3.75,4.12,3.88,4.0,4.0,4.38,3.38,4.0,3.12,3.12,3.38,3.88
19-3011.00,Economists,reading_comprehension|mathematics|critical_thinking|active_listening|writing|speaking|active_learning|learning_strategies|monitoring|science,reading_comprehension|critical_thinking|writing|speaking|mathematics|active_learning|active_listening|learning_strategies|monitoring|science,4.12,4.75,4.0,4.0,4.0,4.38,4.0,4.38,4.12,4.25,1.88,1.75,4.12,4.75,3.75,4.12,3.12,3.75,3.12,3.62
19-3011.01,Environmental Economists,writing|reading_comprehension|active_listening|mathematics|critical_thinking|active_learning|speaking|monitoring|learning_strategies|science,reading_comprehension|mathematics|writing|active_listening|critical_thinking|speaking|active_learning|learning_strategies|monitoring|science,4.0,4.75,4.0,4.25,4.12,4.38,3.5,4.12,4.0,4.75,2.38,2.62,4.0,4.25,3.88,4.0,3.25,3.75,3.5,3.75
19-3022.00,Survey Researchers,reading_comprehension|active_listening|writing|speaking|critical_thinking|mathematics|active_learning|learning_strategies|monitoring|science,critical_thinking|reading_comprehension|mathematics|writing|active_listening|speaking|active_learning|learning_strategies|monitoring|science,4.25,4.62,4.25,4.38,4.25,4.5,4.25,4.25,4.0,4.62,2.88,3.0,4.25,4.88,3.88,4.25,3.25,3.5,3.12,3.5
19-3032.00,Industrial-Organizational Psychologists,reading_comprehension|active_listening|writing|speaking|critical_thinking|active_learning|monitoring|science|learning_strategies|mathematics,writing|reading_comprehension|active_listening|speaking|critical_thinking|monitoring|active_learning|learning_strategies|mathematics|science,4.38,4.75,4.38,4.62,4.25,4.88,4.12,4.62,3.5,3.88,3.75,3.88,4.12,4.5,3.88,4.12,3.62,4.0,3.88,4.25
19-3033.00,Clinical and Counseling Psychologists,reading_comprehension|active_listening|writing|critical_thinking|speaking|active_learning|monitoring|learning_strategies|science|mathematics,active_listening|reading_comprehension|critical_thinking|writing|speaking|active_learning|monitoring|learning_strategies|mathematics|science,4.75,4.38,4.25,4.88,4.25,4.25,4.12,4.25,2.25,2.12,2.38,2.0,4.25,4.38,3.88,3.88,3.62,3.5,3.75,3.88
19-3034.00,School Psychologists,reading_comprehension|speaking|active_listening|writing|critical_thinking|monitoring|active_learning|learning_strategies|mathematics|science,reading_comprehension|active_listening|writing|speaking|critical_thinking|learning_strategies|monitoring|active_learning|mathematics|science,4.62,4.88,4.5,4.88,4.12,4.5,4.62,4.5,2.88,2.88,2.5,2.75,4.12,4.25,3.88,4.12,3.88,4.25,4.0,4.25
19-3039.02,Neuropsychologists,reading_comprehension|active_listening|writing|speaking|critical_thinking|active_learning|science|monitoring|learning_strategies|mathematics,reading_comprehension|writing|speaking|active_listening|critical_thinking|active_learning|learning_strategies|monitoring|science|mathematics,4.5,5.38,4.5,4.62,4.38,4.75,4.25,4.75,3.0,3.38,3.62,3.88,4.25,4.62,3.88,4.38,3.5,4.25,3.62,4.12
19-3039.03,Clinical Neuropsychologists,active_listening|critical_thinking|reading_comprehension|speaking|writing|active_learning|monitoring|learning_strategies|mathematics|science,reading_comprehension|active_listening|writing|critical_thinking|active_learning|speaking|learning_strategies|monitoring|mathematics|science,4.12,4.75,4.38,4.5,3.88,4.38,4.0,4.0,2.62,2.88,2.62,2.88,4.25,4.38,3.75,4.38,3.5,3.88,3.62,3.88
19-3041.00,Sociologists,active_listening|speaking|reading_comprehension|writing|critical_thinking|active_learning|learning_strategies|monitoring|science|mathematics,reading_comprehension|writing|active_listening|speaking|critical_thinking|active_learning|learning_strategies|monitoring|mathematics|science,4.0,4.75,4.12,4.62,4.0,4.75,4.12,4.62,2.88,3.38,3.12,3.38,4.0,4.38,4.0,4.25,3.88,4.25,3.5,3.88
19-3051.00,Urban and Regional Planners,active_listening|speaking|reading_comprehension|critical_thinking|writing|active_learning|mathematics|learning_strategies|monitoring|science,reading_comprehension|active_listening|speaking|critical_thinking|writing|active_learning|monitoring|mathematics|learning_strategies|science,4.0,4.38,4.12,4.38,3.88,4.12,4.12,4.25,3.0,3.5,2.62,2.75,4.0,4.25,3.25,4.12,3.0,2.88,3.0,3.62
19-3091.00,Anthropologists and Archeologists,writing|speaking|reading_comprehension|active_listening|critical_thinking|active_learning|monitoring|learning_strategies|science|mathematics,reading_comprehension|writing|speaking|critical_thinking|active_listening|active_learning|learning_strategies|monitoring|mathematics|science,4.12,5.0,4.12,4.38,4.25,5.0,4.25,4.75,2.75,3.0,3.0,3.0,4.12,4.75,3.88,4.25,3.38,3.88,3.5,3.62
19-3092.00,Geographers,reading_comprehension|writing|speaking|critical_thinking|active_listening|active_learning|science|learning_strategies|mathematics|monitoring,writing|reading_comprehension|speaking|active_listening|active_learning|critical_thinking|science|learning_strategies|monitoring|mathematics,4.12,4.75,3.75,4.12,4.12,4.88,4.0,4.38,3.0,3.12,3.38,3.62,4.0,4.0,3.62,4.12,3.12,3.62,3.0,3.38
19-3093.00,Historians,reading_comprehension|writing|critical_thinking|active_listening|speaking|active_learning|learning_strategies|monitoring|science|mathematics,reading_comprehension|writing|critical_thinking|speaking|active_listening|active_learning|learning_strategies|monitoring|science|mathematics,4.75,4.88,4.0,4.0,4.12,4.88,4.0,4.12,2.0,1.25,2.62,2.5,4.12,4.38,4.0,4.0,3.25,3.62,3.0,3.12
19-3094.00,Political Scientists,reading_comprehension|active_listening|speaking|active_learning|writing|critical_thinking|learning_strategies|mathematics|monitoring|science,reading_comprehension|speaking|critical_thinking|active_listening|writing|active_learning|learning_strategies|monitoring|mathematics|science,4.25,4.88,4.12,4.62,4.0,4.62,4.12,4.75,3.0,3.12,2.62,3.0,4.0,4.75,4.12,4.12,3.5,3.75,2.88,3.5
19-3099.01,Transportation Planners,reading_comprehension|active_listening|writing|speaking|critical_thinking|active_learning|mathematics|monitoring|learning_strategies|science,reading_comprehension|critical_thinking|active_listening|writing|speaking|mathematics|active_learning|monitoring|learning_strategies|science,4.0,4.25,4.0,4.12,4.0,4.12,4.0,4.12,3.38,4.12,2.38,2.25,4.0,4.25,3.75,4.12,3.0,3.0,3.12,3.5
19-4012.00,Agricultural Technicians,reading_comprehension|active_listening|critical_thinking|writing|active_learning|monitoring|speaking|mathematics|learning_strategies|science,reading_comprehension|critical_thinking|writing|active_listening|active_learning|monitoring|speaking|mathematics|science|learning_strategies,3.38,3.5,3.25,3.25,3.12,3.38,3.0,3.0,2.88,3.0,2.75,3.0,3.25,3.5,3.12,3.12,2.88,3.0,3.12,3.12
19-4012.01,Precision Agriculture Technicians,reading_comprehension|active_listening|speaking|critical_thinking|writing|active_learning|mathematics|monitoring|learning_strategies|science,reading_comprehension|active_listening|active_learning|critical_thinking|writing|speaking|monitoring|mathematics|learning_strategies|science,3.88,4.0,3.75,3.88,3.5,3.5,3.75,3.5,3.25,3.25,2.88,2.62,3.75,3.62,3.38,3.75,3.0,3.0,3.25,3.5
19-4013.00,Food Science Technicians,reading_comprehension|active_listening|writing|speaking|science|critical_thinking|monitoring|active_learning|learning_strategies|mathematics,reading_comprehension|writing|speaking|critical_thinking|science|active_listening|mathematics|active_learning|monitoring|learning_strategies,3.75,3.88,3.5,3.12,3.5,3.38,3.5,3.38,2.75,3.12,3.25,3.25,3.25,3.38,3.0,3.12,2.88,3.0,3.12,3.12
19-4021.00,Biological Technicians,reading_comprehension|active_listening|science|critical_thinking|writing|active_learning|speaking|monitoring|mathematics|learning_strategies,reading_comprehension|active_listening|critical_thinking|writing|active_learning|speaking|monitoring|mathematics|science|learning_strategies,4.0,4.62,3.88,4.0,3.5,3.88,3.38,3.75,3.0,3.62,3.75,3.62,3.75,4.0,3.5,3.88,2.88,2.88,3.38,3.75
19-4031.00,Chemical Technicians,science|reading_comprehension|critical_thinking|active_listening|writing|monitoring|speaking|active_learning|learning_strategies|mathematics,reading_comprehension|science|critical_thinking|writing|active_listening|monitoring|speaking|active_learning|learning_strategies|mathematics,4.0,4.12,3.88,3.88,3.88,4.0,3.38,3.38,3.0,3.12,4.12,4.12,4.0,4.12,3.38,3.25,3.12,3.25,3.88,3.88
19-4042.00,"Environmental Science and Protection Technicians, Including Health",reading_comprehension|active_listening|writing|speaking|critical_thinking|science|monitoring|mathematics|active_learning|learning_strategies,reading_comprehension|active_listening|writing|speaking|critical_thinking|monitoring|science|mathematics|active_learning|learning_strategies,4.0,4.12,3.88,4.0,3.88,4.0,3.88,4.0,3.12,3.12,3.38,3.38,3.75,3.75,3.12,3.12,3.0,3.12,3.38,3.75
19-4043.00,"Geological Technicians, Except Hydrologic Technicians",reading_comprehension|critical_thinking|writing|monitoring|active_listening|speaking|mathematics|active_learning|science|learning_strategies,reading_comprehension|active_listening|writing|speaking|critical_thinking|monitoring|active_learning|mathematics|learning_strategies|science,3.75,4.0,3.12,3.5,3.25,3.5,3.0,3.25,2.75,3.0,2.62,2.25,3.5,3.25,2.75,3.12,2.62,2.38,3.25,3.25
19-4051.00,Nuclear Technicians,monitoring|reading_comprehension|active_listening|critical_thinking|active_learning|writing|speaking|learning_strategies|mathematics|science,active_listening|reading_comprehension|speaking|monitoring|writing|critical_thinking|mathematics|science|active_learning|learning_strategies,3.62,3.62,3.62,3.75,3.25,3.38,3.25,3.5,2.75,3.0,2.75,2.88,3.62,3.38,3.38,2.88,2.88,2.88,3.75,3.5
19-4051.02,Nuclear Monitoring Technicians,active_listening|critical_thinking|monitoring|reading_comprehension|speaking|writing|mathematics|science|learning_strategies|active_learning,reading_comprehension|critical_thinking|monitoring|active_listening|writing|speaking|learning_strategies|mathematics|science|active_learning,3.75,4.0,3.88,3.88,3.12,3.62,3.5,3.38,3.12,3.12,3.12,3.12,3.88,4.0,3.0,3.12,3.12,3.25,3.88,4.0
19-4061.00,Social Science Research Assistants,reading_comprehension|active_listening|writing|critical_thinking|speaking|science|mathematics|active_learning|learning_strategies|monitoring,reading_comprehension|active_listening|writing|mathematics|critical_thinking|speaking|active_learning|science|learning_strategies|monitoring,4.0,4.75,3.75,4.12,3.75,3.88,3.38,3.75,3.12,3.88,3.25,3.38,3.75,3.88,3.12,3.62,3.0,3.12,2.88,3.12
19-4071.00,Forest and Conservation Technicians,active_listening|critical_thinking|reading_comprehension|speaking|monitoring|writing|active_learning|learning_strategies|mathematics|science,reading_comprehension|active_listening|monitoring|speaking|critical_thinking|writing|active_learning|learning_strategies|mathematics|science,3.38,3.75,3.75,3.75,3.0,3.12,3.25,3.5,2.75,2.75,2.75,2.25,3.75,3.38,3.0,3.0,3.0,3.0,3.12,3.62
19-4092.00,Forensic Science Technicians,reading_comprehension|active_listening|writing|speaking|critical_thinking|active_learning|science|monitoring|learning_strategies|mathematics,reading_comprehension|active_listening|writing|speaking|critical_thinking|active_learning|science|learning_strategies|monitoring|mathematics,4.0,4.12,4.0,4.12,4.0,4.12,4.0,4.12,2.75,2.88,3.25,3.5,4.0,4.12,3.38,3.88,3.0,3.25,3.25,3.25
19-4099.01,Quality Control Analysts,reading_comprehension|monitoring|active_listening|writing|critical_thinking|speaking|active_learning|mathematics|science|learning_strategies,reading_comprehension|monitoring|active_listening|speaking|critical_thinking|writing|mathematics|active_learning|science|learning_strategies,3.75,3.88,3.38,3.75,3.25,3.38,3.12,3.62,3.0,3.25,2.75,2.88,3.25,3.62,3.12,3.12,2.75,2.88,3.75,3.88
19-4099.03,Remote Sensing Technicians,critical_thinking|reading_comprehension|speaking|mathematics|active_listening|monitoring|writing|active_learning|learning_strategies|science,reading_comprehension|mathematics|critical_thinking|active_listening|writing|speaking|monitoring|active_learning|learning_strategies|science,3.5,4.12,3.38,3.75,3.25,3.75,3.5,3.62,3.5,3.88,2.62,2.75,3.75,3.88,3.0,3.5,2.75,3.0,3.38,3.62
19-5011.00,Occupational Health and Safety Specialists,reading_comprehension|active_listening|writing|speaking|critical_thinking|monitoring|active_learning|mathematics|learning_strategies|science,reading_comprehension|active_listening|writing|speaking|critical_thinking|monitoring|active_learning|learning_strategies|mathematics|science,4.0,4.0,4.0,4.0,4.0,4.0,4.0,4.0,3.0,3.25,2.75,3.0,3.75,4.0,3.38,3.88,3.0,3.62,3.62,4.0
19-5012.00,Occupational Health and Safety Technicians,active_listening|reading_comprehension|speaking|critical_thinking|writing|monitoring|active_learning|learning_strategies|mathematics|science,active_listening|critical_thinking|reading_comprehension|writing|speaking|monitoring|active_learning|learning_strategies|mathematics|science,3.88,3.88,4.0,4.0,3.75,3.88,3.88,3.75,2.75,2.75,2.75,2.62,3.88,4.0,3.12,3.12,3.0,3.0,3.25,3.75
21-1011.00,Substance Abuse and Behavioral Disorder Counselors,active_listening|speaking|reading_comprehension|writing|monitoring|critical_thinking|active_learning|learning_strategies|mathematics|science,reading_comprehension|active_listening|speaking|critical_thinking|writing|active_learning|monitoring|learning_strategies|mathematics|science,4.0,4.25,4.25,4.12,4.0,4.0,4.12,4.12,2.0,1.88,1.88,1.25,3.88,4.12,3.88,4.0,3.25,3.75,4.0,3.88
21-1012.00,"Educational, Guidance, and Career Counselors and Advisors",active_listening|speaking|reading_comprehension|writing|critical_thinking|active_learning|learning_strategies|monitoring|mathematics|science,reading_comprehension|active_listening|writing|speaking|critical_thinking|active_learning|monitoring|learning_strategies|mathematics|science,3.88,4.25,4.38,4.12,3.88,4.0,4.12,4.0,2.25,2.12,1.5,0.5,3.88,4.0,3.75,4.0,3.75,3.75,3.75,3.88
21-1013.00,Marriage and Family Therapists,active_listening|speaking|reading_comprehension|writing|critical_thinking|active_learning|monitoring|learning_strategies|science|mathematics,active_listening|reading_comprehension|writing|speaking|critical_thinking|active_learning|monitoring|learning_strategies|science|mathematics,4.0,4.25,4.75,4.88,3.88,4.12,4.25,4.12,2.0,1.75,2.38,2.62,3.88,4.12,3.88,4.12,3.38,3.88,3.88,4.0
21-1014.00,Mental Health Counselors,active_listening|speaking|reading_comprehension|writing|critical_thinking|active_learning|monitoring|learning_strategies|science|mathematics,active_listening|reading_comprehension|critical_thinking|speaking|writing|active_learning|monitoring|learning_strategies|science|mathematics,4.12,4.75,5.0,5.0,4.12,4.12,4.25,4.25,2.0,2.0,2.75,3.62,4.0,4.38,3.75,4.0,3.12,3.88,3.75,4.0
21-1015.00,Rehabilitation Counselors,active_listening|speaking|monitoring|reading_comprehension|critical_thinking|writing|active_learning|learning_strategies|mathematics|science,active_listening|reading_comprehension|speaking|monitoring|writing|critical_thinking|learning_strategies|active_learning|mathematics|science,3.88,4.12,4.12,4.25,3.5,4.0,4.12,4.12,2.0,2.12,2.0,1.75,3.88,4.0,3.25,3.5,3.12,3.75,4.12,4.12
21-1021.00,"Child, Family, and School Social Workers",active_listening|speaking|critical_thinking|reading_comprehension|monitoring|writing|active_learning|learning_strategies|science|mathematics,active_listening|critical_thinking|reading_comprehension|writing|speaking|monitoring|active_learning|learning_strategies|science|mathematics,4.0,4.12,4.88,4.75,3.75,4.12,4.5,4.12,2.0,1.88,2.25,2.0,4.12,4.25,3.38,3.75,3.12,3.12,3.88,3.88
21-1022.00,Healthcare Social Workers,speaking|reading_comprehension|active_listening|critical_thinking|writing|active_learning|monitoring|learning_strategies|science|mathematics,active_listening|reading_comprehension|speaking|writing|critical_thinking|active_learning|monitoring|learning_strategies|science|mathematics,4.0,4.25,4.0,4.75,3.88,4.12,4.12,4.25,2.0,2.0,2.62,2.62,4.0,4.0,3.75,4.0,3.12,3.62,3.25,3.88
21-1023.00,Mental Health and Substance Abuse Social Workers,active_listening|speaking|reading_comprehension|critical_thinking|monitoring|writing|learning_strategies|active_learning|science|mathematics,reading_comprehension|active_listening|writing|speaking|critical_thinking|monitoring|active_learning|learning_strategies|science|mathematics,4.0,4.12,4.12,4.0,3.75,4.0,4.12,4.0,2.0,2.0,2.62,2.75,4.0,4.0,3.25,3.88,3.75,3.88,4.0,4.0
21-1091.00,Health Education Specialists,active_listening|writing|speaking|learning_strategies|active_learning|reading_comprehension|critical_thinking|monitoring|science|mathematics,speaking|learning_strategies|reading_comprehension|active_listening|writing|critical_thinking|monitoring|active_learning|science|mathematics,3.75,4.0,4.12,4.0,4.12,4.0,4.12,4.25,2.12,2.25,2.5,2.75,3.75,4.0,3.88,3.62,4.0,4.12,3.25,3.75
21-1092.00,Probation Officers and Correctional Treatment Specialists,active_listening|speaking|reading_comprehension|critical_thinking|writing|monitoring|active_learning|learning_strategies|mathematics|science,reading_comprehension|active_listening|speaking|critical_thinking|writing|monitoring|active_learning|learning_strategies|mathematics|science,3.88,4.12,4.0,4.0,3.75,3.88,4.0,4.0,1.88,1.25,1.75,0.75,3.88,4.0,3.38,3.25,2.25,2.62,3.75,3.88
21-1093.00,Social and Human Service Assistants,active_listening|speaking|reading_comprehension|writing|critical_thinking|monitoring|active_learning|learning_strategies|mathematics|science,speaking|reading_comprehension|active_listening|critical_thinking|writing|monitoring|active_learning|learning_strategies|mathematics|science,3.75,4.0,4.0,4.0,3.62,3.88,4.0,4.12,2.0,2.0,1.75,1.5,3.62,4.0,3.25,3.25,2.88,3.0,3.62,3.75
21-1094.00,Community Health Workers,active_listening|speaking|critical_thinking|reading_comprehension|active_learning|writing|monitoring|learning_strategies|mathematics|science,reading_comprehension|active_listening|writing|speaking|critical_thinking|active_learning|learning_strategies|monitoring|mathematics|science,3.88,4.0,4.0,4.0,3.75,4.0,4.0,4.0,2.0,1.88,1.5,0.62,4.0,4.0,3.88,3.88,3.12,3.75,3.75,3.75
21-2011.00,Clergy,speaking|active_listening|reading_comprehension|writing|critical_thinking|active_learning|learning_strategies|monitoring|mathematics|science,reading_comprehension|speaking|active_listening|writing|monitoring|critical_thinking|active_learning|learning_strategies|mathematics|science,3.88,4.75,4.25,4.62,3.88,4.12,4.75,4.75,1.88,2.12,1.38,0.38,3.75,3.88,3.75,3.88,3.62,3.88,3.5,4.0
21-2021.00,"Directors, Religious Activities and Education",speaking|active_listening|reading_comprehension|critical_thinking|active_learning|learning_strategies|writing|monitoring|mathematics|science,reading_comprehension|active_listening|speaking|critical_thinking|writing|active_learning|learning_strategies|monitoring|mathematics|science,3.88,4.0,4.0,4.0,3.25,3.88,4.12,4.0,2.12,2.5,1.38,0.38,3.88,4.0,3.88,3.88,3.75,3.88,3.12,3.75
23-1011.00,Lawyers,speaking|reading_comprehension|active_listening|critical_thinking|writing|active_learning|monitoring|learning_strategies|mathematics|science,active_listening|critical_thinking|reading_comprehension|writing|speaking|active_learning|monitoring|learning_strategies|mathematics|science,4.5,4.88,4.5,5.0,4.25,4.88,4.62,4.88,2.0,2.12,1.5,0.5,4.5,5.0,3.75,4.12,3.12,3.12,3.38,3.75
23-1012.00,Judicial Law Clerks,reading_comprehension|active_listening|critical_thinking|writing|speaking|active_learning|learning_strategies|monitoring|mathematics|science,reading_comprehension|critical_thinking|writing|active_listening|speaking|active_learning|monitoring|learning_strategies|mathematics|science,4.5,4.88,4.25,4.25,4.12,4.38,4.0,4.25,1.88,1.75,1.0,0.0,4.25,4.62,3.75,4.12,3.0,3.0,3.0,3.25
23-1021.00,"Administrative Law Judges, Adjudicators, and Hearing Officers",reading_comprehension|active_listening|critical_thinking|writing|speaking|active_learning|monitoring|learning_strategies|mathematics|science,active_listening|critical_thinking|writing|reading_comprehension|speaking|active_learning|monitoring|learning_strategies|mathematics|science,4.5,5.0,4.5,5.75,4.25,5.12,4.12,5.0,2.12,2.25,1.38,0.38,4.5,5.25,4.0,4.25,3.0,2.88,3.88,4.0
23-1022.00,"Arbitrators, Mediators, and Conciliators",active_listening|writing|reading_comprehension|speaking|critical_thinking|active_learning|learning_strategies|monitoring|mathematics|science,speaking|active_listening|critical_thinking|writing|reading_comprehension|active_learning|monitoring|learning_strategies|mathematics|science,4.12,4.38,4.38,4.75,4.25,4.5,4.12,4.88,2.12,2.12,1.25,0.25,4.0,4.75,3.88,4.0,2.88,2.88,2.88,3.38
23-1023.00,"Judges, Magistrate Judges, and Magistrates",active_listening|critical_thinking|reading_comprehension|writing|speaking|active_learning|monitoring|learning_strategies|mathematics|science,active_listening|critical_thinking|writing|speaking|reading_comprehension|active_learning|monitoring|learning_strategies|mathematics|science,4.25,4.75,5.0,5.88,4.12,4.88,4.12,4.88,2.12,2.12,1.75,1.38,4.88,5.75,4.0,4.62,2.75,2.88,3.88,4.12
23-2011.00,Paralegals and Legal Assistants,writing|reading_comprehension|active_listening|speaking|critical_thinking|active_learning|monitoring|learning_strategies|mathematics|science,reading_comprehension|active_listening|speaking|writing|critical_thinking|active_learning|monitoring|learning_strategies|mathematics|science,3.88,4.0,3.88,4.0,4.0,3.88,3.62,4.0,2.0,1.75,1.38,0.5,3.25,3.62,3.0,3.12,2.25,2.25,3.0,3.0
23-2093.00,"Title Examiners, Abstractors, and Searchers",reading_comprehension|active_listening|speaking|critical_thinking|writing|monitoring|active_learning|learning_strategies|mathematics|science,reading_comprehension|active_listening|writing|speaking|critical_thinking|active_learning|monitoring|learning_strategies|mathematics|science,4.0,4.0,3.75,3.75,3.25,3.62,3.62,3.62,2.12,2.25,1.0,0.0,3.62,3.62,2.88,3.0,2.38,2.38,3.0,3.0
25-1011.00,"Business Teachers, Postsecondary",speaking|reading_comprehension|active_listening|writing|learning_strategies|critical_thinking|active_learning|monitoring|mathematics|science,reading_comprehension|writing|speaking|learning_strategies|critical_thinking|active_learning|active_listening|monitoring|mathematics|science,4.0,5.0,4.0,4.12,4.0,5.0,4.25,4.88,3.0,3.25,1.88,1.38,3.88,4.38,3.88,4.38,4.0,4.75,3.62,4.0
25-1021.00,"Computer Science Teachers, Postsecondary",reading_comprehension|writing|speaking|active_listening|critical_thinking|active_learning|learning_strategies|monitoring|mathematics|science,reading_comprehension|writing|speaking|critical_thinking|active_listening|learning_strategies|active_learning|monitoring|mathematics|science,4.0,5.0,3.88,4.38,4.0,4.88,4.0,4.88,3.12,3.5,2.75,2.62,3.88,4.5,3.88,4.12,3.88,4.38,3.75,4.0
25-1022.00,"Mathematical Science Teachers, Postsecondary",mathematics|speaking|reading_comprehension|active_listening|writing|critical_thinking|learning_strategies|monitoring|active_learning|science,reading_comprehension|mathematics|writing|speaking|learning_strategies|critical_thinking|active_learning|active_listening|monitoring|science,4.0,4.88,4.0,4.0,3.88,4.75,4.12,4.38,4.25,4.88,2.38,2.25,3.88,4.12,3.75,4.12,3.88,4.25,3.88,4.0
25-1031.00,"Architecture Teachers, Postsecondary",reading_comprehension|speaking|learning_strategies|active_listening|writing|critical_thinking|active_learning|monitoring|mathematics|science,reading_comprehension|writing|speaking|active_learning|active_listening|critical_thinking|learning_strategies|monitoring|mathematics|science,4.12,5.0,4.0,4.38,4.0,5.0,4.12,4.88,2.88,3.75,2.38,2.62,3.88,4.38,3.88,4.5,4.12,4.38,3.75,4.12
25-1032.00,"Engineering Teachers, Postsecondary",speaking|learning_strategies|reading_comprehension|active_listening|writing|mathematics|critical_thinking|active_learning|science|monitoring,reading_comprehension|speaking|writing|mathematics|learning_strategies|active_listening|critical_thinking|active_learning|monitoring|science,4.0,4.88,4.0,4.12,3.88,4.75,4.12,4.88,3.88,4.5,3.5,3.62,3.88,4.12,3.62,4.12,4.12,4.25,3.38,4.12
25-1041.00,"Agricultural Sciences Teachers, Postsecondary",reading_comprehension|speaking|learning_strategies|active_listening|writing|critical_thinking|active_learning|monitoring|science|mathematics,reading_comprehension|writing|speaking|active_listening|learning_strategies|active_learning|monitoring|critical_thinking|science|mathematics,4.12,5.0,4.0,4.62,4.0,5.0,4.12,5.0,3.0,3.25,3.5,3.62,4.0,4.12,4.0,4.5,4.12,4.62,3.88,4.25
25-1042.00,"Biological Science Teachers, Postsecondary",speaking|learning_strategies|reading_comprehension|active_listening|writing|science|active_learning|critical_thinking|monitoring|mathematics,reading_comprehension|writing|speaking|active_learning|active_listening|learning_strategies|critical_thinking|science|monitoring|mathematics,4.0,5.12,4.0,4.38,4.0,4.75,4.25,4.75,3.12,3.25,4.0,4.0,3.88,4.12,4.0,4.5,4.12,4.38,3.88,3.88
25-1043.00,"Forestry and Conservation Science Teachers, Postsecondary",reading_comprehension|writing|learning_strategies|active_listening|speaking|active_learning|critical_thinking|monitoring|science|mathematics,reading_comprehension|writing|active_listening|speaking|critical_thinking|active_learning|learning_strategies|monitoring|science|mathematics,4.12,5.0,4.0,4.75,4.12,4.88,4.0,4.75,3.0,3.12,3.25,3.38,3.88,4.25,4.0,4.25,4.12,4.12,3.88,3.88
25-1051.00,"Atmospheric, Earth, Marine, and Space Sciences Teachers, Postsecondary",speaking|reading_comprehension|active_listening|writing|science|critical_thinking|active_learning|learning_strategies|monitoring|mathematics,reading_comprehension|writing|speaking|active_listening|critical_thinking|active_learning|learning_strategies|science|monitoring|mathematics,4.0,5.12,4.0,4.62,4.0,4.75,4.75,4.75,3.38,4.0,4.0,4.12,4.0,4.25,3.88,4.25,3.88,4.25,3.62,4.12
25-1052.00,"Chemistry Teachers, Postsecondary",reading_comprehension|writing|speaking|active_listening|science|critical_thinking|active_learning|learning_strategies|monitoring|mathematics,reading_comprehension|speaking|writing|science|active_listening|critical_thinking|active_learning|learning_strategies|monitoring|mathematics,4.12,5.0,4.0,4.0,4.12,4.88,4.12,5.0,3.25,3.75,4.0,4.25,4.0,4.0,4.0,4.0,4.0,4.0,4.0,4.0
25-1053.00,"Environmental Science Teachers, Postsecondary",reading_comprehension|speaking|active_listening|writing|science|critical_thinking|learning_strategies|active_learning|monitoring|mathematics,reading_comprehension|writing|speaking|science|active_listening|critical_thinking|active_learning|learning_strategies|monitoring|mathematics,4.12,5.0,4.0,4.25,4.0,4.75,4.12,4.5,3.0,3.25,4.0,4.5,4.0,4.25,3.88,4.25,4.0,4.25,3.88,4.0
25-1054.00,"Physics Teachers, Postsecondary",reading_comprehension|speaking|science|active_listening|writing|critical_thinking|active_learning|learning_strategies|mathematics|monitoring,reading_comprehension|writing|speaking|critical_thinking|active_listening|science|active_learning|learning_strategies|mathematics|monitoring,4.12,5.0,4.0,4.62,4.0,5.0,4.12,5.0,3.62,4.0,4.12,4.62,4.0,4.88,4.0,4.38,4.0,4.38,3.62,4.0
25-1061.00,"Anthropology and Archeology Teachers, Postsecondary",speaking|reading_comprehension|writing|active_listening|learning_strategies|active_learning|critical_thinking|monitoring|science|mathematics,reading_comprehension|writing|learning_strategies|speaking|active_listening|active_learning|critical_thinking|monitoring|science|mathematics,4.75,5.0,4.38,4.75,4.62,5.0,4.88,4.88,2.62,3.0,3.75,3.88,4.0,4.5,4.25,4.75,4.38,5.0,3.88,4.25
25-1062.00,"Area, Ethnic, and Cultural Studies Teachers, Postsecondary",reading_comprehension|speaking|active_listening|writing|active_learning|learning_strategies|critical_thinking|monitoring|science|mathematics,reading_comprehension|writing|speaking|active_listening|critical_thinking|active_learning|learning_strategies|monitoring|science|mathematics,4.25,4.88,4.0,4.25,4.0,4.88,4.12,4.75,2.0,2.12,2.5,2.75,3.88,4.12,4.0,4.0,4.0,4.0,3.12,3.88
25-1063.00,"Economics Teachers, Postsecondary",speaking|reading_comprehension|active_listening|writing|critical_thinking|learning_strategies|active_learning|mathematics|monitoring|science,reading_comprehension|speaking|active_listening|writing|critical_thinking|active_learning|learning_strategies|mathematics|monitoring|science,4.0,4.38,4.0,4.12,4.0,4.12,4.12,4.25,3.25,3.75,2.38,2.88,3.88,4.12,3.75,4.12,3.88,4.0,3.0,3.62
25-1064.00,"Geography Teachers, Postsecondary",writing|speaking|reading_comprehension|active_listening|critical_thinking|active_learning|learning_strategies|science|monitoring|mathematics,writing|speaking|reading_comprehension|active_learning|active_listening|critical_thinking|learning_strategies|monitoring|science|mathematics,4.0,4.75,4.0,4.0,4.12,4.88,4.12,4.88,2.75,3.0,3.12,3.5,3.88,4.0,3.88,4.12,3.88,3.88,3.12,3.88
25-1065.00,"Political Science Teachers, Postsecondary",speaking|reading_comprehension|active_listening|writing|active_learning|critical_thinking|learning_strategies|monitoring|science|mathematics,speaking|reading_comprehension|writing|critical_thinking|active_listening|active_learning|learning_strategies|monitoring|science|mathematics,4.12,4.88,4.0,4.0,4.0,4.88,4.62,5.0,2.0,2.12,2.38,2.25,3.88,4.12,4.0,4.0,3.88,4.0,3.0,3.62
25-1066.00,"Psychology Teachers, Postsecondary",learning_strategies|reading_comprehension|speaking|active_listening|writing|critical_thinking|active_learning|monitoring|science|mathematics,reading_comprehension|writing|speaking|learning_strategies|active_listening|active_learning|critical_thinking|science|monitoring|mathematics,4.12,5.0,4.0,4.88,4.0,5.0,4.12,5.0,3.0,3.25,3.38,4.12,3.88,4.25,3.88,4.62,4.25,5.0,3.5,3.88
25-1067.00,"Sociology Teachers, Postsecondary",speaking|reading_comprehension|active_listening|writing|learning_strategies|critical_thinking|monitoring|active_learning|science|mathematics,reading_comprehension|learning_strategies|writing|speaking|active_learning|active_listening|critical_thinking|monitoring|science|mathematics,4.0,4.88,4.0,4.12,4.0,4.75,4.62,4.75,2.12,3.25,2.75,3.75,3.75,4.12,3.62,4.38,4.0,4.88,3.75,3.88
25-1071.00,"Health Specialties Teachers, Postsecondary",reading_comprehension|speaking|active_listening|writing|critical_thinking|active_learning|learning_strategies|monitoring|science|mathematics,reading_comprehension|writing|speaking|active_listening|critical_thinking|learning_strategies|active_learning|monitoring|science|mathematics,4.12,5.0,4.0,4.62,4.0,5.0,4.12,4.88,3.0,3.0,3.25,3.5,4.0,4.12,4.0,4.0,4.0,4.12,3.62,3.88
25-1072.00,"Nursing Instructors and Teachers, Postsecondary",speaking|learning_strategies|reading_comprehension|active_listening|writing|critical_thinking|active_learning|monitoring|mathematics|science,reading_comprehension|writing|speaking|active_listening|critical_thinking|learning_strategies|monitoring|active_learning|mathematics|science,4.0,5.0,4.0,4.62,4.0,4.88,4.12,4.75,2.88,2.88,2.88,2.75,3.88,4.25,3.88,4.0,4.12,4.25,3.88,4.12
25-1081.00,"Education Teachers, Postsecondary",speaking|reading_comprehension|active_listening|learning_strategies|writing|active_learning|monitoring|critical_thinking|mathematics|science,reading_comprehension|writing|speaking|active_listening|learning_strategies|active_learning|critical_thinking|monitoring|mathematics|science,4.25,4.88,4.12,4.62,4.0,4.88,4.62,4.88,2.12,2.25,2.0,2.0,3.75,4.0,4.0,4.25,4.12,4.5,3.88,4.0
25-1082.00,"Library Science Teachers, Postsecondary",reading_comprehension|speaking|active_listening|writing|critical_thinking|active_learning|learning_strategies|monitoring|mathematics|science,reading_comprehension|writing|speaking|active_listening|active_learning|learning_strategies|critical_thinking|monitoring|mathematics|science,4.12,5.0,4.0,4.62,4.0,4.75,4.12,4.75,2.25,2.25,2.12,2.12,4.0,4.12,4.0,4.38,4.0,4.38,4.0,4.12
25-1111.00,"Criminal Justice and Law Enforcement Teachers, Postsecondary",speaking|active_listening|critical_thinking|reading_comprehension|writing|active_learning|learning_strategies|monitoring|mathematics|science,reading_comprehension|speaking|active_listening|writing|critical_thinking|active_learning|learning_strategies|monitoring|mathematics|science,4.0,4.88,4.12,4.75,4.0,4.5,4.75,4.88,2.0,2.0,1.75,1.5,4.12,4.12,4.0,4.0,4.0,4.0,3.88,4.0
25-1112.00,"Law Teachers, Postsecondary",speaking|reading_comprehension|active_listening|learning_strategies|critical_thinking|writing|active_learning|monitoring|mathematics|science,reading_comprehension|writing|speaking|critical_thinking|active_learning|active_listening|learning_strategies|monitoring|mathematics|science,4.5,5.12,4.5,4.88,4.12,5.0,4.75,5.0,2.0,2.12,1.62,0.75,4.25,5.0,4.12,5.0,4.5,4.75,3.75,3.88
25-1113.00,"Social Work Teachers, Postsecondary",speaking|learning_strategies|reading_comprehension|active_listening|writing|critical_thinking|active_learning|monitoring|mathematics|science,reading_comprehension|speaking|active_learning|learning_strategies|writing|critical_thinking|active_listening|monitoring|mathematics|science,4.0,4.88,4.0,4.12,4.0,4.75,4.62,4.88,2.62,2.62,2.62,2.62,4.0,4.25,4.0,4.88,4.25,4.88,3.75,3.88
25-1121.00,"Art, Drama, and Music Teachers, Postsecondary",speaking|learning_strategies|reading_comprehension|active_listening|active_learning|writing|monitoring|critical_thinking|mathematics|science,speaking|reading_comprehension|active_learning|learning_strategies|active_listening|writing|critical_thinking|monitoring|mathematics|science,4.0,4.62,4.0,4.12,3.88,4.12,4.62,4.75,2.0,2.12,1.75,1.12,3.62,3.88,4.0,4.25,4.12,4.25,3.75,3.88
25-1122.00,"Communications Teachers, Postsecondary",reading_comprehension|speaking|active_listening|writing|learning_strategies|active_learning|critical_thinking|monitoring|mathematics|science,reading_comprehension|speaking|writing|learning_strategies|active_listening|critical_thinking|active_learning|monitoring|mathematics|science,4.25,5.0,4.12,4.25,4.12,4.88,4.25,5.0,2.12,2.5,1.88,1.5,3.88,4.12,4.0,4.12,4.12,4.5,3.75,4.0
25-1123.00,"English Language and Literature Teachers, Postsecondary",reading_comprehension|writing|speaking|active_listening|learning_strategies|active_learning|critical_thinking|monitoring|mathematics|science,reading_comprehension|learning_strategies|writing|speaking|active_listening|critical_thinking|active_learning|monitoring|mathematics|science,4.75,5.0,4.0,4.25,4.25,4.88,4.12,4.75,2.0,1.88,1.75,0.88,3.75,4.0,3.88,4.0,4.0,5.0,3.62,4.0
25-1124.00,"Foreign Language and Literature Teachers, Postsecondary",speaking|reading_comprehension|active_listening|writing|learning_strategies|active_learning|critical_thinking|monitoring|mathematics|science,reading_comprehension|writing|speaking|active_listening|active_learning|learning_strategies|critical_thinking|monitoring|mathematics|science,4.0,4.88,4.0,4.62,4.0,4.75,4.12,4.75,2.0,1.62,1.75,1.38,3.75,3.88,3.88,4.0,4.0,4.0,3.62,3.88
25-1125.00,"History Teachers, Postsecondary",speaking|reading_comprehension|writing|learning_strategies|active_listening|critical_thinking|active_learning|monitoring|mathematics|science,reading_comprehension|writing|speaking|learning_strategies|active_listening|active_learning|monitoring|critical_thinking|mathematics|science,4.25,4.75,4.0,4.12,4.12,4.75,4.5,4.75,2.0,2.0,1.88,1.75,3.88,3.88,3.88,4.0,4.12,4.25,3.62,4.0
25-1126.00,"Philosophy and Religion Teachers, Postsecondary",reading_comprehension|active_listening|speaking|writing|critical_thinking|learning_strategies|active_learning|monitoring|mathematics|science,writing|reading_comprehension|speaking|learning_strategies|active_listening|active_learning|critical_thinking|monitoring|mathematics|science,4.25,4.88,4.12,4.38,4.0,5.0,4.12,4.75,2.0,2.12,1.75,1.38,4.0,4.25,3.75,4.38,3.88,4.62,3.25,3.88
25-1192.00,"Family and Consumer Sciences Teachers, Postsecondary",speaking|reading_comprehension|active_listening|learning_strategies|critical_thinking|writing|active_learning|monitoring|mathematics|science,speaking|reading_comprehension|active_listening|learning_strategies|writing|active_learning|critical_thinking|monitoring|mathematics|science,4.0,4.62,4.0,4.25,3.62,4.12,4.12,4.75,2.62,2.88,2.25,2.25,3.75,4.0,3.62,4.12,4.0,4.25,3.5,4.0
25-1193.00,"Recreation and Fitness Studies Teachers, Postsecondary",speaking|reading_comprehension|active_listening|writing|learning_strategies|critical_thinking|monitoring|active_learning|science|mathematics,reading_comprehension|writing|speaking|active_listening|critical_thinking|active_learning|learning_strategies|monitoring|science|mathematics,4.0,4.25,4.0,4.0,4.0,4.12,4.12,4.12,2.12,2.62,2.38,2.75,3.88,4.0,3.38,4.0,4.0,4.0,3.75,4.0
25-1194.00,"Career/Technical Education Teachers, Postsecondary",active_listening|learning_strategies|reading_comprehension|speaking|active_learning|critical_thinking|writing|monitoring|mathematics|science,active_listening|writing|speaking|active_learning|learning_strategies|monitoring|reading_comprehension|critical_thinking|mathematics|science,3.88,3.88,4.0,4.0,3.62,4.0,3.88,4.0,2.25,2.25,1.88,1.0,3.75,3.75,3.88,4.0,4.0,4.0,3.62,4.0
25-2011.00,"Preschool Teachers, Except Special Education",speaking|active_listening|learning_strategies|reading_comprehension|critical_thinking|monitoring|active_learning|writing|mathematics|science,learning_strategies|monitoring|reading_comprehension|active_listening|speaking|critical_thinking|writing|active_learning|mathematics|science,3.75,3.25,3.88,3.12,3.0,3.0,4.0,3.12,2.0,1.88,1.62,0.62,3.75,3.12,3.12,3.0,3.88,4.0,3.75,3.5
25-2012.00,"Kindergarten Teachers, Except Special Education",active_listening|speaking|learning_strategies|monitoring|reading_comprehension|writing|critical_thinking|active_learning|mathematics|science,active_listening|monitoring|learning_strategies|reading_comprehension|critical_thinking|writing|speaking|active_learning|mathematics|science,3.88,3.75,4.0,4.0,3.25,3.25,4.0,3.25,2.25,2.25,1.38,0.5,3.25,3.75,3.25,3.12,4.0,3.88,4.0,4.0
25-2021.00,"Elementary School Teachers, Except Special Education",learning_strategies|speaking|active_listening|critical_thinking|monitoring|reading_comprehension|writing|active_learning|mathematics|science,learning_strategies|active_listening|speaking|monitoring|reading_comprehension|critical_thinking|active_learning|writing|mathematics|science,3.88,3.88,4.0,4.0,3.88,3.75,4.12,4.0,2.75,2.88,2.0,2.0,4.0,3.88,3.75,3.88,4.25,4.5,4.0,4.0
25-2022.00,"Middle School Teachers, Except Special and Career/Technical Education",learning_strategies|speaking|active_listening|reading_comprehension|writing|active_learning|monitoring|critical_thinking|mathematics|science,reading_comprehension|speaking|active_learning|learning_strategies|active_listening|writing|critical_thinking|monitoring|mathematics|science,3.88,4.0,4.0,3.88,3.88,3.88,4.12,4.0,2.88,2.88,2.0,1.25,3.75,3.88,3.88,4.0,4.25,4.0,3.88,3.88
25-2023.00,"Career/Technical Education Teachers, Middle School",speaking|learning_strategies|reading_comprehension|active_listening|critical_thinking|monitoring|active_learning|writing|mathematics|science,reading_comprehension|learning_strategies|speaking|active_listening|critical_thinking|monitoring|writing|active_learning|mathematics|science,4.0,4.25,4.0,4.0,3.75,3.88,4.12,4.12,2.62,2.5,1.75,1.0,4.0,4.0,3.88,3.88,4.12,4.25,4.0,4.0
25-2031.00,"Secondary School Teachers, Except Special and Career/Technical Education",reading_comprehension|active_listening|speaking|learning_strategies|critical_thinking|monitoring|active_learning|writing|mathematics|science,learning_strategies|speaking|reading_comprehension|active_listening|critical_thinking|monitoring|active_learning|writing|mathematics|science,4.0,4.0,4.0,4.0,3.62,3.75,4.0,4.12,2.75,3.0,2.0,1.88,3.88,4.0,3.75,3.88,4.0,4.25,3.88,4.0
25-2032.00,"Career/Technical Education Teachers, Secondary School",reading_comprehension|active_listening|speaking|learning_strategies|writing|critical_thinking|monitoring|active_learning|mathematics|science,reading_comprehension|speaking|learning_strategies|active_listening|critical_thinking|active_learning|monitoring|writing|mathematics|science,4.12,4.12,4.12,4.0,4.0,3.88,4.12,4.12,3.0,3.12,1.75,0.88,4.0,4.0,3.88,4.0,4.12,4.12,4.0,4.0
25-2051.00,"Special Education Teachers, Preschool",reading_comprehension|active_listening|speaking|critical_thinking|learning_strategies|monitoring|active_learning|writing|mathematics|science,learning_strategies|speaking|active_learning|monitoring|reading_comprehension|active_listening|writing|critical_thinking|mathematics|science,4.0,4.0,4.0,4.0,3.75,4.0,4.0,4.12,2.12,2.12,1.75,1.25,4.0,4.0,3.88,4.12,4.0,4.25,4.0,4.12
25-2055.00,"Special Education Teachers, Kindergarten",speaking|reading_comprehension|active_listening|learning_strategies|writing|critical_thinking|active_learning|monitoring|mathematics|science,reading_comprehension|writing|learning_strategies|active_listening|monitoring|speaking|critical_thinking|active_learning|mathematics|science,3.88,3.75,3.88,3.62,3.62,3.75,4.0,3.5,2.5,2.25,1.5,0.75,3.62,3.5,3.62,3.38,3.88,3.75,3.62,3.62
25-2056.00,"Special Education Teachers, Elementary School",active_listening|speaking|reading_comprehension|learning_strategies|critical_thinking|writing|monitoring|active_learning|mathematics|science,learning_strategies|reading_comprehension|active_listening|writing|speaking|monitoring|critical_thinking|active_learning|mathematics|science,4.12,4.0,4.25,3.88,3.75,3.88,4.25,3.88,2.62,2.62,1.88,1.0,4.0,3.75,3.5,3.62,4.12,4.62,3.62,3.88
25-2057.00,"Special Education Teachers, Middle School",learning_strategies|reading_comprehension|active_listening|writing|speaking|critical_thinking|active_learning|monitoring|mathematics|science,learning_strategies|reading_comprehension|active_listening|writing|speaking|critical_thinking|active_learning|monitoring|mathematics|science,4.0,4.0,4.0,4.0,4.0,4.0,4.0,4.0,2.5,2.88,1.62,0.75,4.0,4.0,4.0,4.0,4.12,4.25,4.0,4.0
25-2058.00,"Special Education Teachers, Secondary School",learning_strategies|reading_comprehension|speaking|active_listening|writing|monitoring|critical_thinking|active_learning|mathematics|science,learning_strategies|reading_comprehension|active_listening|writing|speaking|monitoring|critical_thinking|active_learning|mathematics|science,4.0,4.0,3.88,4.0,3.88,4.0,4.0,4.0,2.62,2.5,1.88,1.62,3.75,3.88,3.38,3.88,4.12,4.75,3.88,4.0
25-2059.01,Adapted Physical Education Specialists,active_listening|speaking|learning_strategies|reading_comprehension|writing|active_learning|monitoring|critical_thinking|mathematics|science,learning_strategies|reading_comprehension|active_listening|speaking|active_learning|monitoring|writing|critical_thinking|mathematics|science,3.88,4.0,4.0,4.0,3.88,3.88,4.0,4.0,2.0,2.0,1.5,0.5,3.75,3.75,3.88,4.0,4.0,4.12,3.88,4.0
25-3011.00,"Adult Basic Education, Adult Secondary Education, and English as a Second Language Instructors",reading_comprehension|active_listening|speaking|learning_strategies|writing|monitoring|critical_thinking|active_learning|mathematics|science,speaking|reading_comprehension|writing|learning_strategies|monitoring|active_listening|critical_thinking|active_learning|mathematics|science,3.75,3.88,3.75,3.75,3.62,3.88,3.75,4.0,2.62,2.5,1.75,0.62,3.5,3.5,3.5,3.25,3.75,3.88,3.62,3.88
25-3021.00,Self-Enrichment Teachers,speaking|active_listening|learning_strategies|reading_comprehension|critical_thinking|active_learning|monitoring|writing|mathematics|science,reading_comprehension|speaking|learning_strategies|active_listening|writing|critical_thinking|active_learning|monitoring|mathematics|science,3.12,3.75,3.38,3.25,3.0,3.12,3.62,3.62,2.0,1.62,1.38,0.38,3.12,3.12,3.12,3.12,3.38,3.5,3.12,3.12
25-3031.00,"Substitute Teachers, Short-Term",reading_comprehension|active_listening|speaking|critical_thinking|monitoring|writing|learning_strategies|active_learning|mathematics|science,reading_comprehension|active_listening|speaking|writing|monitoring|critical_thinking|learning_strategies|active_learning|mathematics|science,3.62,3.75,3.62,3.75,3.12,3.38,3.62,3.5,2.0,1.38,1.38,0.5,3.38,3.25,3.0,2.88,3.12,3.0,3.38,3.38
25-3041.00,Tutors,reading_comprehension|active_listening|speaking|learning_strategies|critical_thinking|writing|active_learning|monitoring|mathematics|science,reading_comprehension|active_listening|speaking|learning_strategies|writing|critical_thinking|active_learning|monitoring|mathematics|science,4.12,4.0,4.0,4.0,3.62,3.75,4.0,3.88,2.88,2.5,1.62,0.62,3.75,3.75,3.62,3.5,4.0,3.88,3.5,3.5
25-4011.00,Archivists,reading_comprehension|active_listening|writing|speaking|critical_thinking|active_learning|monitoring|learning_strategies|mathematics|science,reading_comprehension|writing|active_listening|speaking|critical_thinking|active_learning|monitoring|learning_strategies|mathematics|science,4.12,4.12,3.88,4.0,3.88,4.12,3.5,3.88,2.0,2.0,1.88,1.38,3.38,3.88,3.38,3.38,2.88,3.0,3.0,3.12
25-4012.00,Curators,reading_comprehension|speaking|active_listening|writing|critical_thinking|active_learning|monitoring|learning_strategies|mathematics|science,reading_comprehension|writing|critical_thinking|active_listening|speaking|active_learning|monitoring|learning_strategies|mathematics|science,4.0,4.62,3.88,4.25,3.88,4.62,4.0,4.12,2.88,3.0,2.0,1.25,3.75,4.38,3.5,4.12,3.25,3.5,3.38,4.0
25-4013.00,Museum Technicians and Conservators,reading_comprehension|active_listening|speaking|writing|critical_thinking|monitoring|active_learning|learning_strategies|science|mathematics,reading_comprehension|active_listening|writing|speaking|critical_thinking|monitoring|active_learning|learning_strategies|science|mathematics,4.0,4.12,3.88,3.88,3.38,3.88,3.62,3.88,2.38,2.25,2.5,2.38,3.38,3.62,3.12,3.12,2.88,3.0,3.38,3.5
25-4022.00,Librarians and Media Collections Specialists,reading_comprehension|active_listening|speaking|writing|critical_thinking|monitoring|active_learning|learning_strategies|mathematics|science,reading_comprehension|speaking|active_listening|writing|critical_thinking|active_learning|monitoring|learning_strategies|mathematics|science,4.12,4.12,4.0,4.0,3.62,4.0,4.0,4.12,1.88,1.75,1.0,0.0,3.62,3.88,3.12,3.38,3.0,3.0,3.25,3.38
25-4031.00,Library Technicians,reading_comprehension|active_listening|speaking|critical_thinking|learning_strategies|writing|active_learning|monitoring|mathematics|science,reading_comprehension|critical_thinking|active_listening|writing|speaking|active_learning|learning_strategies|monitoring|mathematics|science,3.38,3.88,3.25,3.12,2.88,3.0,3.25,3.0,2.0,2.12,1.25,0.25,3.0,3.25,2.88,2.88,3.0,2.88,2.88,2.88
25-9021.00,Farm and Home Management Educators,active_listening|speaking|reading_comprehension|writing|critical_thinking|active_learning|learning_strategies|monitoring|mathematics|science,reading_comprehension|active_learning|writing|speaking|active_listening|learning_strategies|monitoring|critical_thinking|mathematics|science,4.0,4.75,4.38,4.12,3.88,4.25,4.12,4.25,3.0,3.5,2.75,2.75,3.75,3.88,3.75,4.5,3.75,4.12,3.38,4.0
25-9031.00,Instructional Coordinators,learning_strategies|writing|speaking|reading_comprehension|active_listening|monitoring|critical_thinking|active_learning|mathematics|science,learning_strategies|reading_comprehension|writing|active_listening|speaking|monitoring|critical_thinking|active_learning|mathematics|science,4.0,4.62,4.0,4.38,4.12,4.5,4.12,4.38,2.75,2.88,1.5,0.62,3.88,4.12,3.88,4.12,4.25,4.75,4.0,4.25
25-9042.00,"Teaching Assistants, Preschool, Elementary, Middle, and Secondary School, Except Special Education",active_listening|reading_comprehension|speaking|writing|critical_thinking|learning_strategies|monitoring|active_learning|mathematics|science,reading_comprehension|active_listening|writing|learning_strategies|monitoring|speaking|critical_thinking|active_learning|mathematics|science,3.62,3.62,3.75,3.62,3.38,3.5,3.62,3.25,2.5,2.5,1.38,0.88,3.38,3.0,3.12,2.88,3.38,3.5,3.38,3.38
25-9043.00,"Teaching Assistants, Special Education",active_listening|speaking|reading_comprehension|learning_strategies|monitoring|critical_thinking|writing|active_learning|mathematics|science,learning_strategies|reading_comprehension|critical_thinking|active_listening|speaking|monitoring|writing|active_learning|mathematics|science,3.62,3.5,3.88,3.38,3.12,3.12,3.75,3.25,1.88,1.25,1.38,0.5,3.38,3.5,3.0,2.75,3.62,3.62,3.62,3.25
25-9044.00,"Teaching Assistants, Postsecondary",reading_comprehension|active_listening|speaking|learning_strategies|writing|critical_thinking|monitoring|active_learning|mathematics|science,reading_comprehension|active_listening|speaking|learning_strategies|writing|critical_thinking|monitoring|active_learning|mathematics|science,3.88,4.25,3.62,4.0,3.25,3.38,3.5,3.5,2.25,2.0,2.0,1.62,3.12,3.38,3.0,3.12,3.38,3.5,3.12,3.25
27-1011.00,Art Directors,active_listening|speaking|reading_comprehension|critical_thinking|writing|active_learning|monitoring|learning_strategies|mathematics|science,active_listening|writing|speaking|critical_thinking|active_learning|reading_comprehension|monitoring|learning_strategies|mathematics|science,3.75,3.75,4.0,4.0,3.38,4.0,4.0,4.0,2.25,2.62,1.25,0.25,3.75,4.0,3.25,3.88,3.0,3.38,3.25,3.62
27-1012.00,Craft Artists,critical_thinking|reading_comprehension|active_listening|speaking|monitoring|writing|active_learning|mathematics|learning_strategies|science,critical_thinking|reading_comprehension|active_listening|speaking|monitoring|writing|active_learning|mathematics|learning_strategies|science,3.0,3.0,3.0,3.0,2.75,2.75,3.0,3.0,2.12,2.12,1.0,0.0,3.12,3.12,2.75,2.62,2.0,2.12,3.0,3.0
27-1013.00,"Fine Artists, Including Painters, Sculptors, and Illustrators",critical_thinking|active_learning|active_listening|reading_comprehension|speaking|writing|monitoring|learning_strategies|mathematics|science,active_learning|active_listening|critical_thinking|reading_comprehension|speaking|monitoring|writing|learning_strategies|mathematics|science,3.0,3.12,3.12,3.25,2.88,2.75,3.0,2.88,2.12,1.38,1.0,0.0,3.25,3.25,3.25,3.38,2.38,2.38,2.75,2.88
27-1014.00,Special Effects Artists and Animators,active_listening|reading_comprehension|critical_thinking|speaking|writing|active_learning|monitoring|learning_strategies|mathematics|science,reading_comprehension|active_listening|critical_thinking|speaking|active_learning|monitoring|writing|learning_strategies|mathematics|science,3.75,4.0,3.88,3.88,3.12,3.0,3.25,3.5,2.12,2.38,1.12,0.12,3.75,3.75,3.12,3.38,2.88,3.0,3.0,3.25
27-1021.00,Commercial and Industrial Designers,active_listening|reading_comprehension|critical_thinking|speaking|writing|monitoring|active_learning|mathematics|learning_strategies|science,reading_comprehension|active_listening|speaking|critical_thinking|active_learning|writing|monitoring|mathematics|learning_strategies|science,3.88,4.12,4.0,4.0,3.12,3.88,3.5,4.0,2.75,3.5,2.62,2.75,3.75,4.0,3.0,4.0,2.75,2.88,3.12,3.75
27-1022.00,Fashion Designers,active_listening|speaking|critical_thinking|active_learning|reading_comprehension|monitoring|writing|learning_strategies|mathematics|science,critical_thinking|active_listening|speaking|reading_comprehension|monitoring|writing|active_learning|learning_strategies|mathematics|science,3.62,3.75,3.88,3.88,3.38,3.5,3.88,3.88,2.12,2.25,1.12,0.38,3.88,4.0,3.75,3.25,3.12,3.12,3.5,3.62
27-1023.00,Floral Designers,active_listening|speaking|critical_thinking|monitoring|reading_comprehension|active_learning|writing|learning_strategies|mathematics|science,active_listening|critical_thinking|speaking|reading_comprehension|active_learning|monitoring|writing|learning_strategies|mathematics|science,2.88,2.88,3.88,3.25,2.62,2.75,3.62,3.0,2.12,2.0,1.0,0.0,3.12,3.12,2.88,2.88,2.38,2.12,3.0,2.88
27-1024.00,Graphic Designers,active_listening|speaking|writing|critical_thinking|active_learning|reading_comprehension|monitoring|learning_strategies|mathematics|science,critical_thinking|reading_comprehension|speaking|active_listening|active_learning|monitoring|writing|learning_strategies|mathematics|science,3.12,3.75,3.75,3.25,3.25,3.0,3.38,3.75,2.0,2.12,1.12,0.12,3.25,3.88,3.25,3.25,2.75,3.0,3.0,3.12
27-1025.00,Interior Designers,reading_comprehension|active_listening|speaking|critical_thinking|writing|active_learning|monitoring|mathematics|learning_strategies|science,reading_comprehension|active_listening|speaking|critical_thinking|writing|mathematics|active_learning|monitoring|learning_strategies|science,4.0,4.0,4.0,4.0,3.62,3.88,4.0,4.0,3.0,3.12,1.12,0.12,4.0,4.0,3.12,3.12,2.62,2.75,3.12,3.12
27-1026.00,Merchandise Displayers and Window Trimmers,active_listening|speaking|critical_thinking|reading_comprehension|writing|active_learning|monitoring|learning_strategies|mathematics|science,critical_thinking|speaking|reading_comprehension|active_listening|active_learning|writing|monitoring|learning_strategies|mathematics|science,3.0,3.12,3.5,3.12,2.88,2.88,3.25,3.25,2.0,1.38,1.25,0.25,3.25,3.38,2.88,3.0,2.38,2.0,2.75,2.88
27-1027.00,Set and Exhibit Designers,reading_comprehension|active_listening|speaking|critical_thinking|writing|active_learning|monitoring|mathematics|learning_strategies|science,reading_comprehension|active_listening|critical_thinking|speaking|monitoring|mathematics|writing|active_learning|learning_strategies|science,3.88,4.0,3.88,3.88,3.25,3.12,3.75,3.62,3.0,3.38,1.75,0.88,3.75,3.75,3.12,3.12,2.88,2.75,3.12,3.5
27-2011.00,Actors,reading_comprehension|speaking|active_listening|critical_thinking|active_learning|monitoring|writing|learning_strategies|mathematics|science,reading_comprehension|speaking|active_listening|writing|critical_thinking|monitoring|active_learning|learning_strategies|mathematics|science,4.0,4.0,3.88,3.75,2.75,3.38,4.0,4.0,1.12,0.12,1.12,0.12,3.12,3.12,2.88,2.88,2.62,2.5,2.88,3.0
27-2012.00,Producers and Directors,active_listening|reading_comprehension|speaking|critical_thinking|monitoring|writing|active_learning|learning_strategies|mathematics|science,active_listening|writing|speaking|monitoring|critical_thinking|reading_comprehension|active_learning|learning_strategies|mathematics|science,4.0,4.0,4.38,4.38,3.75,4.25,4.0,4.25,2.5,2.62,1.12,0.12,4.0,4.12,3.25,3.5,3.12,3.5,4.0,4.25
27-2012.03,Media Programming Directors,speaking|reading_comprehension|critical_thinking|active_listening|active_learning|monitoring|writing|learning_strategies|mathematics|science,critical_thinking|reading_comprehension|active_listening|speaking|writing|active_learning|monitoring|learning_strategies|mathematics|science,4.12,4.0,3.88,4.0,3.75,3.88,4.25,4.0,2.0,2.12,1.38,0.38,4.12,4.12,3.88,3.88,3.0,3.12,3.88,3.88
27-2012.04,Talent Directors,active_listening|speaking|reading_comprehension|critical_thinking|monitoring|writing|active_learning|learning_strategies|mathematics|science,reading_comprehension|active_listening|speaking|critical_thinking|monitoring|writing|active_learning|learning_strategies|mathematics|science,3.88,4.0,4.0,4.0,3.25,3.25,4.0,4.0,2.0,1.88,1.5,0.5,3.88,4.0,3.0,3.12,2.75,2.62,3.38,3.62
27-2012.05,Media Technical Directors/Managers,active_listening|speaking|monitoring|critical_thinking|reading_comprehension|writing|active_learning|learning_strategies|mathematics|science,monitoring|reading_comprehension|active_listening|speaking|critical_thinking|active_learning|writing|learning_strategies|mathematics|science,3.62,4.0,4.0,4.0,3.38,3.5,4.0,4.0,2.12,2.25,1.12,0.12,3.88,4.0,3.38,3.62,3.25,3.5,4.0,4.62
27-2021.00,Athletes and Sports Competitors,speaking|active_listening|critical_thinking|monitoring|reading_comprehension|active_learning|learning_strategies|writing|mathematics|science,active_listening|critical_thinking|reading_comprehension|speaking|active_learning|learning_strategies|monitoring|writing|mathematics|science,3.12,3.0,3.75,3.25,2.75,2.88,3.88,3.0,2.12,1.5,1.75,1.0,3.75,3.12,3.0,3.0,2.88,3.0,3.25,3.0
27-2022.00,Coaches and Scouts,speaking|learning_strategies|monitoring|reading_comprehension|active_listening|critical_thinking|active_learning|writing|mathematics|science,monitoring|reading_comprehension|active_listening|writing|speaking|critical_thinking|active_learning|learning_strategies|mathematics|science,4.0,4.0,4.0,4.0,3.62,4.0,4.38,4.0,2.12,2.0,1.62,1.12,4.0,4.0,3.88,4.0,4.12,4.0,4.12,4.75
27-2023.00,"Umpires, Referees, and Other Sports Officials",speaking|critical_thinking|active_listening|monitoring|reading_comprehension|active_learning|learning_strategies|writing|mathematics|science,critical_thinking|reading_comprehension|speaking|monitoring|active_listening|active_learning|learning_strategies|writing|mathematics|science,3.0,3.12,3.25,3.0,2.75,2.5,3.62,3.12,2.5,2.12,1.38,0.75,3.38,3.5,3.0,3.0,3.0,2.88,3.12,3.12
27-2031.00,Dancers,active_listening|critical_thinking|speaking|monitoring|reading_comprehension|active_learning|writing|learning_strategies|mathematics|science,active_listening|speaking|monitoring|reading_comprehension|active_learning|learning_strategies|critical_thinking|writing|mathematics|science,2.75,2.88,3.25,3.0,2.5,2.5,2.88,3.0,1.38,0.38,1.0,0.0,3.0,2.62,2.75,2.88,2.5,2.75,2.88,3.0
27-2032.00,Choreographers,active_listening|speaking|monitoring|learning_strategies|reading_comprehension|critical_thinking|active_learning|writing|mathematics|science,active_listening|speaking|monitoring|learning_strategies|reading_comprehension|critical_thinking|active_learning|writing|mathematics|science,3.5,3.38,3.88,3.88,3.0,3.0,3.88,3.88,1.62,0.88,1.12,0.12,3.38,3.38,3.25,3.25,3.62,3.5,3.75,3.75
27-2041.00,Music Directors and Composers,active_listening|speaking|reading_comprehension|critical_thinking|writing|active_learning|monitoring|learning_strategies|mathematics|science,critical_thinking|active_listening|speaking|monitoring|reading_comprehension|writing|active_learning|learning_strategies|mathematics|science,3.5,3.5,3.88,3.62,3.38,3.5,3.62,3.62,2.12,1.62,1.25,0.38,3.5,3.75,3.38,3.38,2.75,3.0,3.25,3.62
27-2042.00,Musicians and Singers,speaking|active_listening|monitoring|reading_comprehension|critical_thinking|writing|active_learning|learning_strategies|mathematics|science,speaking|active_listening|reading_comprehension|monitoring|writing|learning_strategies|critical_thinking|active_learning|mathematics|science,3.12,2.88,3.25,3.25,2.75,2.75,3.38,3.38,1.88,1.25,1.12,0.25,3.0,2.62,2.75,2.5,2.62,2.75,3.25,2.88
27-2091.00,"Disc Jockeys, Except Radio",speaking|active_listening|monitoring|critical_thinking|reading_comprehension|writing|active_learning|learning_strategies|mathematics|science,critical_thinking|reading_comprehension|monitoring|writing|speaking|active_listening|active_learning|learning_strategies|mathematics|science,3.0,3.38,3.25,2.88,2.88,3.0,3.5,3.0,1.88,1.38,1.0,0.0,3.12,3.62,2.75,2.62,2.12,2.0,3.25,3.38
27-3011.00,Broadcast Announcers and Radio Disc Jockeys,speaking|active_listening|reading_comprehension|critical_thinking|writing|active_learning|monitoring|learning_strategies|mathematics|science,speaking|reading_comprehension|active_listening|writing|critical_thinking|active_learning|monitoring|learning_strategies|mathematics|science,3.88,4.0,4.0,4.0,3.12,4.0,4.75,4.12,1.75,0.88,1.0,0.0,3.75,4.0,3.12,3.12,2.0,2.12,3.0,3.12
27-3023.00,"News Analysts, Reporters, and Journalists",active_listening|reading_comprehension|speaking|critical_thinking|writing|active_learning|monitoring|learning_strategies|mathematics|science,reading_comprehension|active_listening|writing|speaking|critical_thinking|active_learning|monitoring|learning_strategies|mathematics|science,4.38,4.38,4.5,4.38,4.0,4.38,4.25,4.25,1.88,1.62,1.12,0.12,4.12,4.25,3.75,4.0,2.5,2.62,3.25,3.62
27-3031.00,Public Relations Specialists,active_listening|speaking|reading_comprehension|writing|critical_thinking|active_learning|monitoring|learning_strategies|mathematics|science,speaking|active_listening|critical_thinking|reading_comprehension|writing|active_learning|monitoring|learning_strategies|mathematics|science,4.0,4.0,4.12,4.12,4.0,4.0,4.12,4.25,2.0,2.0,1.5,0.5,3.88,4.12,3.38,3.75,2.88,3.12,3.0,3.5
27-3041.00,Editors,reading_comprehension|writing|active_listening|speaking|critical_thinking|active_learning|monitoring|learning_strategies|mathematics|science,reading_comprehension|writing|speaking|active_listening|critical_thinking|active_learning|monitoring|learning_strategies|mathematics|science,5.0,5.0,4.0,4.0,4.38,5.0,4.0,4.12,2.12,2.12,1.0,0.0,3.88,4.0,3.25,3.88,3.0,3.12,3.25,3.38
27-3042.00,Technical Writers,writing|reading_comprehension|active_listening|speaking|critical_thinking|active_learning|monitoring|learning_strategies|mathematics|science,writing|reading_comprehension|active_listening|critical_thinking|speaking|active_learning|monitoring|learning_strategies|mathematics|science,4.12,4.88,3.75,3.88,4.88,5.0,3.75,3.75,1.62,0.62,1.25,0.25,3.62,3.88,3.25,3.62,2.5,2.25,3.0,3.0
27-3043.00,Writers and Authors,writing|reading_comprehension|active_listening|speaking|critical_thinking|active_learning|monitoring|learning_strategies|mathematics|science,writing|reading_comprehension|active_listening|speaking|critical_thinking|active_learning|monitoring|learning_strategies|mathematics|science,4.12,4.25,3.75,4.0,5.0,5.12,3.75,3.88,1.38,0.5,1.0,0.0,3.62,3.88,3.0,3.12,2.62,2.62,2.88,3.0
27-3043.05,"Poets, Lyricists and Creative Writers",writing|reading_comprehension|speaking|critical_thinking|active_learning|active_listening|learning_strategies|monitoring|mathematics|science,writing|reading_comprehension|speaking|active_listening|critical_thinking|active_learning|monitoring|learning_strategies|mathematics|science,4.25,4.75,3.62,3.75,4.75,5.75,3.88,3.88,1.75,0.75,1.12,0.12,3.75,3.75,3.75,3.75,2.75,2.75,2.75,3.0
27-3091.00,Interpreters and Translators,speaking|active_listening|reading_comprehension|writing|critical_thinking|monitoring|active_learning|learning_strategies|mathematics|science,active_listening|reading_comprehension|writing|speaking|critical_thinking|monitoring|learning_strategies|active_learning|mathematics|science,3.88,4.0,4.0,4.25,3.75,4.0,4.12,4.0,2.0,1.25,1.12,0.12,3.62,3.88,3.12,3.0,3.0,3.12,3.62,3.75
27-3092.00,Court Reporters and Simultaneous Captioners,active_listening|writing|reading_comprehension|speaking|monitoring|critical_thinking|active_learning|learning_strategies|mathematics|science,active_listening|reading_comprehension|writing|monitoring|speaking|critical_thinking|active_learning|learning_strategies|mathematics|science,3.5,3.88,4.25,4.12,3.62,3.5,3.0,2.88,1.62,0.75,1.0,0.0,2.75,2.88,2.0,2.0,1.88,1.75,3.0,3.0
27-4011.00,Audio and Video Technicians,monitoring|reading_comprehension|critical_thinking|active_listening|writing|speaking|active_learning|learning_strategies|mathematics|science,critical_thinking|reading_comprehension|monitoring|active_listening|writing|speaking|active_learning|learning_strategies|mathematics|science,3.5,3.62,3.12,3.25,3.12,3.12,3.12,3.12,2.0,2.0,1.0,0.0,3.5,3.75,3.0,3.0,2.75,3.0,3.75,3.38
27-4012.00,Broadcast Technicians,critical_thinking|monitoring|active_listening|reading_comprehension|writing|active_learning|speaking|mathematics|learning_strategies|science,monitoring|active_listening|reading_comprehension|critical_thinking|active_learning|writing|speaking|learning_strategies|mathematics|science,3.25,3.62,3.62,3.75,3.12,3.0,3.0,3.0,2.75,2.75,1.62,0.75,3.88,3.38,3.12,3.12,2.75,3.0,3.88,3.88
27-4014.00,Sound Engineering Technicians,active_listening|speaking|critical_thinking|reading_comprehension|writing|active_learning|monitoring|learning_strategies|mathematics|science,critical_thinking|reading_comprehension|active_listening|monitoring|speaking|active_learning|writing|learning_strategies|mathematics|science,3.25,3.62,3.75,3.5,3.12,3.0,3.62,3.12,2.0,2.0,1.62,0.75,3.5,3.75,3.12,3.12,2.5,2.5,3.12,3.38
27-4021.00,Photographers,active_listening|speaking|reading_comprehension|critical_thinking|active_learning|monitoring|writing|learning_strategies|mathematics|science,active_listening|speaking|critical_thinking|reading_comprehension|active_learning|monitoring|writing|learning_strategies|mathematics|science,3.12,3.12,3.75,3.62,2.88,2.88,3.75,3.25,2.0,1.75,1.75,1.5,3.12,3.25,3.12,3.12,2.88,2.88,3.12,3.12
27-4031.00,"Camera Operators, Television, Video, and Film",active_listening|reading_comprehension|speaking|critical_thinking|monitoring|writing|active_learning|learning_strategies|mathematics|science,critical_thinking|reading_comprehension|active_listening|speaking|monitoring|active_learning|writing|learning_strategies|mathematics|science,3.25,3.25,3.75,3.25,2.88,2.88,3.25,3.12,2.0,1.88,1.0,0.0,3.12,3.5,2.88,3.0,2.75,2.88,3.12,3.12
27-4032.00,Film and Video Editors,active_listening|critical_thinking|reading_comprehension|speaking|active_learning|writing|monitoring|learning_strategies|mathematics|science,reading_comprehension|active_listening|critical_thinking|speaking|active_learning|writing|monitoring|learning_strategies|mathematics|science,3.38,3.75,3.75,3.75,3.12,3.12,3.25,3.25,1.88,1.75,1.0,0.0,3.5,3.5,3.25,3.25,2.62,2.75,3.0,3.0
29-1011.00,Chiropractors,active_listening|speaking|reading_comprehension|critical_thinking|writing|active_learning|science|monitoring|learning_strategies|mathematics,reading_comprehension|active_listening|speaking|critical_thinking|writing|active_learning|science|monitoring|learning_strategies|mathematics,3.88,4.75,4.0,4.25,3.62,3.88,4.0,4.12,2.12,2.12,3.38,3.62,3.88,4.12,3.5,3.88,3.0,3.25,3.25,3.5
29-1021.00,"Dentists, General",critical_thinking|reading_comprehension|active_listening|speaking|active_learning|monitoring|science|writing|learning_strategies|mathematics,reading_comprehension|active_learning|critical_thinking|monitoring|active_listening|writing|speaking|science|learning_strategies|mathematics,4.0,5.0,4.0,4.0,3.5,4.0,4.0,4.0,2.62,2.88,3.62,3.62,4.12,4.25,4.0,4.5,3.12,3.5,4.0,4.12
29-1022.00,Oral and Maxillofacial Surgeons,critical_thinking|reading_comprehension|active_listening|writing|speaking|monitoring|active_learning|science|learning_strategies|mathematics,reading_comprehension|critical_thinking|active_learning|monitoring|active_listening|writing|speaking|science|learning_strategies|mathematics,4.0,5.38,4.0,4.0,3.88,4.0,3.88,4.0,2.62,2.88,3.62,3.75,4.12,5.0,3.75,4.5,2.75,3.12,3.88,4.12
29-1023.00,Orthodontists,active_listening|speaking|critical_thinking|monitoring|reading_comprehension|active_learning|writing|science|learning_strategies|mathematics,reading_comprehension|active_listening|writing|speaking|critical_thinking|active_learning|monitoring|science|learning_strategies|mathematics,3.88,4.12,4.0,4.0,3.38,4.0,4.0,4.0,2.12,2.62,3.38,3.5,4.0,4.0,3.75,4.0,3.25,3.5,4.0,4.0
29-1024.00,Prosthodontists,active_listening|speaking|critical_thinking|reading_comprehension|monitoring|writing|science|active_learning|learning_strategies|mathematics,active_listening|speaking|critical_thinking|reading_comprehension|monitoring|writing|active_learning|science|learning_strategies|mathematics,3.62,3.88,4.0,4.0,3.38,3.5,4.0,4.0,2.0,2.62,3.0,3.0,4.0,4.0,3.0,3.25,2.88,3.0,3.62,3.75
29-1031.00,Dietitians and Nutritionists,reading_comprehension|active_listening|speaking|critical_thinking|writing|monitoring|learning_strategies|active_learning|science|mathematics,reading_comprehension|writing|speaking|critical_thinking|active_learning|learning_strategies|monitoring|active_listening|science|mathematics,4.0,4.88,4.0,4.0,3.88,4.25,4.0,4.12,3.0,3.0,3.25,3.62,4.0,4.12,3.62,4.12,3.75,4.12,3.88,4.12
29-1041.00,Optometrists,reading_comprehension|active_listening|critical_thinking|writing|speaking|science|monitoring|active_learning|learning_strategies|mathematics,reading_comprehension|active_listening|critical_thinking|writing|speaking|science|active_learning|monitoring|learning_strategies|mathematics,4.12,4.88,4.12,4.25,4.0,4.0,4.0,4.0,3.0,3.0,3.75,3.88,4.12,4.25,3.12,3.88,3.12,3.12,3.25,3.5
29-1051.00,Pharmacists,reading_comprehension|active_listening|speaking|writing|critical_thinking|monitoring|active_learning|mathematics|science|learning_strategies,reading_comprehension|monitoring|active_listening|critical_thinking|writing|speaking|active_learning|science|mathematics|learning_strategies,4.0,5.0,4.0,4.12,3.88,4.0,4.0,4.0,3.12,3.25,3.12,3.62,3.88,4.12,3.62,3.88,3.12,3.12,3.88,4.38
29-1071.00,Physician Assistants,reading_comprehension|critical_thinking|active_listening|writing|speaking|active_learning|monitoring|science|learning_strategies|mathematics,reading_comprehension|critical_thinking|active_listening|active_learning|writing|speaking|monitoring|science|learning_strategies|mathematics,4.12,4.75,4.0,4.12,4.0,4.0,4.0,4.0,3.0,3.0,3.62,3.88,4.12,4.62,3.88,4.12,3.12,3.38,3.88,4.0
29-1071.01,Anesthesiologist Assistants,monitoring|reading_comprehension|active_listening|speaking|active_learning|critical_thinking|writing|mathematics|science|learning_strategies,reading_comprehension|active_listening|monitoring|speaking|critical_thinking|active_learning|writing|learning_strategies|mathematics|science,4.0,4.38,4.0,4.12,3.25,3.62,3.75,3.88,2.88,3.25,2.88,3.0,3.62,3.88,3.75,3.75,2.88,3.38,4.12,4.0
29-1081.00,Podiatrists,reading_comprehension|active_listening|speaking|critical_thinking|active_learning|writing|monitoring|science|learning_strategies|mathematics,reading_comprehension|active_learning|active_listening|writing|critical_thinking|speaking|monitoring|science|learning_strategies|mathematics,4.0,5.25,4.0,4.62,3.88,4.25,4.0,4.12,2.88,3.0,3.5,3.75,4.0,4.25,4.0,4.88,3.25,3.5,3.88,4.0
29-1122.00,Occupational Therapists,active_listening|monitoring|reading_comprehension|writing|speaking|critical_thinking|active_learning|learning_strategies|science|mathematics,reading_comprehension|active_listening|writing|speaking|critical_thinking|monitoring|active_learning|learning_strategies|science|mathematics,4.0,4.0,4.12,4.0,4.0,4.0,4.0,4.0,2.0,2.0,2.75,2.75,4.0,4.0,3.88,3.88,3.88,3.88,4.12,4.0
29-1122.01,"Low Vision Therapists, Orientation and Mobility Specialists, and Vision Rehabilitation Therapists",active_listening|speaking|learning_strategies|reading_comprehension|writing|active_learning|monitoring|critical_thinking|mathematics|science,reading_comprehension|active_listening|writing|speaking|monitoring|critical_thinking|active_learning|learning_strategies|mathematics|science,3.88,4.0,4.0,4.0,3.75,4.0,4.0,4.0,2.12,1.88,2.0,1.38,3.5,3.88,3.75,3.88,4.0,3.88,3.75,4.0
29-1123.00,Physical Therapists,reading_comprehension|active_listening|speaking|critical_thinking|writing|monitoring|active_learning|learning_strategies|science|mathematics,reading_comprehension|active_listening|speaking|writing|critical_thinking|monitoring|active_learning|learning_strategies|science|mathematics,4.0,4.38,4.0,4.12,3.88,4.0,4.0,4.12,2.12,2.62,2.62,2.75,4.0,3.88,3.12,3.25,3.12,3.12,3.88,3.88
29-1124.00,Radiation Therapists,reading_comprehension|active_listening|critical_thinking|speaking|monitoring|writing|active_learning|learning_strategies|mathematics|science,reading_comprehension|active_listening|critical_thinking|speaking|monitoring|writing|science|active_learning|learning_strategies|mathematics,3.75,3.88,3.75,3.88,3.12,3.25,3.25,3.5,2.75,2.88,2.75,3.0,3.5,3.75,3.0,3.0,2.88,3.0,3.25,3.38
29-1125.00,Recreational Therapists,active_listening|speaking|reading_comprehension|writing|critical_thinking|active_learning|learning_strategies|monitoring|mathematics|science,reading_comprehension|active_listening|writing|speaking|critical_thinking|monitoring|learning_strategies|active_learning|mathematics|science,3.88,4.0,4.0,4.0,3.88,4.0,4.0,4.0,2.0,2.0,2.0,1.75,3.88,4.0,3.38,3.25,3.38,3.5,3.38,3.88
29-1126.00,Respiratory Therapists,active_listening|critical_thinking|monitoring|reading_comprehension|speaking|active_learning|writing|learning_strategies|science|mathematics,reading_comprehension|speaking|active_listening|critical_thinking|monitoring|active_learning|writing|science|learning_strategies|mathematics,3.88,4.12,4.0,4.0,3.25,3.38,3.88,4.12,2.75,3.0,3.0,3.38,4.0,4.0,3.38,3.88,3.12,3.12,4.0,4.0
29-1127.00,Speech-Language Pathologists,reading_comprehension|active_listening|critical_thinking|writing|speaking|learning_strategies|active_learning|monitoring|science|mathematics,reading_comprehension|writing|speaking|active_learning|active_listening|critical_thinking|learning_strategies|monitoring|science|mathematics,4.12,5.0,4.12,4.12,4.0,4.38,4.0,4.25,2.0,2.38,2.88,3.0,4.12,4.12,3.88,4.25,4.0,4.12,3.88,4.12
29-1128.00,Exercise Physiologists,reading_comprehension|active_listening|speaking|writing|critical_thinking|monitoring|active_learning|learning_strategies|science|mathematics,reading_comprehension|speaking|monitoring|active_listening|writing|critical_thinking|active_learning|learning_strategies|mathematics|science,4.0,4.75,4.0,4.0,3.88,4.0,4.0,4.12,2.75,2.88,2.88,2.88,3.88,4.0,3.38,3.88,3.38,3.75,3.88,4.12
29-1129.01,Art Therapists,active_listening|speaking|monitoring|critical_thinking|reading_comprehension|writing|active_learning|learning_strategies|mathematics|science,reading_comprehension|active_listening|writing|speaking|critical_thinking|monitoring|active_learning|learning_strategies|mathematics|science,3.75,4.0,4.0,4.0,3.75,4.0,4.0,4.0,2.0,2.0,1.88,1.62,3.88,4.0,3.62,3.88,3.12,3.75,4.0,4.0
29-1129.02,Music Therapists,active_listening|reading_comprehension|speaking|critical_thinking|learning_strategies|monitoring|writing|active_learning|mathematics|science,reading_comprehension|active_listening|critical_thinking|monitoring|speaking|writing|active_learning|learning_strategies|mathematics|science,4.0,4.0,4.12,4.0,3.25,3.75,4.0,3.88,2.0,1.62,1.75,0.88,4.0,4.0,3.25,3.75,3.75,3.75,3.75,4.0
29-1131.00,Veterinarians,reading_comprehension|active_listening|active_learning|speaking|science|critical_thinking|writing|monitoring|mathematics|learning_strategies,reading_comprehension|active_learning|active_listening|speaking|critical_thinking|writing|science|monitoring|mathematics|learning_strategies,4.12,4.88,4.12,4.25,3.5,4.12,3.88,4.25,3.12,3.12,3.88,4.12,3.88,4.25,4.0,4.38,3.0,3.0,3.25,3.75
29-1141.00,Registered Nurses,active_listening|speaking|critical_thinking|reading_comprehension|writing|monitoring|active_learning|learning_strategies|mathematics|science,reading_comprehension|active_listening|speaking|critical_thinking|active_learning|monitoring|writing|learning_strategies|mathematics|science,3.88,4.25,4.0,4.25,3.75,3.88,4.0,4.25,2.88,3.12,2.88,2.88,4.0,4.12,3.5,4.12,3.25,3.62,3.75,4.0
29-1141.01,Acute Care Nurses,reading_comprehension|speaking|critical_thinking|active_listening|writing|active_learning|monitoring|learning_strategies|mathematics|science,reading_comprehension|active_learning|monitoring|active_listening|writing|speaking|critical_thinking|learning_strategies|mathematics|science,4.12,4.88,4.0,4.12,4.0,4.0,4.12,4.0,3.0,3.0,3.0,3.0,4.12,4.0,4.0,4.25,3.38,3.75,4.0,4.25
29-1141.02,Advanced Practice Psychiatric Nurses,active_listening|speaking|reading_comprehension|writing|critical_thinking|monitoring|active_learning|learning_strategies|science|mathematics,reading_comprehension|active_listening|writing|speaking|critical_thinking|active_learning|monitoring|learning_strategies|science|mathematics,4.0,4.25,4.38,4.12,4.0,4.0,4.12,4.0,2.75,2.62,2.88,2.75,4.0,4.0,3.88,4.0,3.75,3.75,4.0,4.0
29-1141.03,Critical Care Nurses,monitoring|reading_comprehension|active_listening|speaking|critical_thinking|active_learning|writing|science|learning_strategies|mathematics,critical_thinking|reading_comprehension|active_listening|writing|speaking|active_learning|monitoring|learning_strategies|science|mathematics,4.0,4.0,4.0,4.0,3.38,4.0,4.0,4.0,2.88,2.88,3.0,3.12,4.0,4.12,3.88,4.0,3.0,3.62,4.12,4.0
29-1141.04,Clinical Nurse Specialists,speaking|reading_comprehension|critical_thinking|active_learning|monitoring|active_listening|writing|learning_strategies|science|mathematics,reading_comprehension|critical_thinking|active_learning|active_listening|speaking|writing|learning_strategies|monitoring|science|mathematics,4.0,4.38,3.88,4.12,3.88,4.0,4.12,4.12,2.5,3.0,3.0,3.75,4.0,4.25,4.0,4.25,3.62,4.0,4.0,4.0
29-1151.00,Nurse Anesthetists,reading_comprehension|critical_thinking|active_listening|speaking|active_learning|monitoring|science|writing|learning_strategies|mathematics,reading_comprehension|active_listening|speaking|critical_thinking|active_learning|monitoring|science|writing|learning_strategies|mathematics,4.12,4.25,4.0,4.0,3.38,3.5,4.0,4.0,3.25,3.25,3.88,3.88,4.12,4.0,4.0,4.0,3.38,3.5,4.0,4.0
29-1161.00,Nurse Midwives,active_listening|speaking|critical_thinking|reading_comprehension|active_learning|monitoring|writing|learning_strategies|science|mathematics,critical_thinking|reading_comprehension|active_listening|speaking|active_learning|monitoring|writing|learning_strategies|science|mathematics,4.0,4.12,4.12,4.12,3.88,4.0,4.12,4.12,2.62,2.62,2.88,3.25,4.12,4.38,4.0,4.12,3.25,3.38,4.0,4.12
29-1171.00,Nurse Practitioners,reading_comprehension|active_listening|critical_thinking|writing|speaking|active_learning|monitoring|science|learning_strategies|mathematics,reading_comprehension|active_listening|critical_thinking|active_learning|monitoring|writing|speaking|science|learning_strategies|mathematics,4.12,4.88,4.12,4.88,4.0,4.0,4.0,4.0,3.0,3.12,3.75,3.88,4.12,4.12,4.0,4.12,3.5,3.88,4.0,4.12
29-1181.00,Audiologists,reading_comprehension|active_listening|writing|speaking|critical_thinking|active_learning|monitoring|learning_strategies|science|mathematics,reading_comprehension|active_listening|speaking|active_learning|writing|critical_thinking|monitoring|learning_strategies|science|mathematics,4.12,5.0,4.12,4.5,4.0,4.25,4.0,4.38,2.88,3.0,3.0,3.25,4.0,4.25,4.0,4.38,3.38,3.88,3.75,4.12
29-1211.00,Anesthesiologists,critical_thinking|reading_comprehension|monitoring|active_listening|writing|speaking|science|active_learning|learning_strategies|mathematics,reading_comprehension|critical_thinking|monitoring|active_listening|writing|speaking|science|active_learning|learning_strategies|mathematics,4.12,5.0,4.0,4.0,4.0,4.0,4.0,4.0,3.0,3.25,4.0,4.0,4.62,4.38,3.88,4.0,3.38,3.62,4.12,4.25
29-1213.00,Dermatologists,critical_thinking|active_listening|reading_comprehension|speaking|active_learning|science|writing|monitoring|learning_strategies|mathematics,reading_comprehension|critical_thinking|active_listening|writing|speaking|active_learning|monitoring|science|learning_strategies|mathematics,3.88,4.88,4.0,4.12,3.5,4.0,3.88,4.0,2.25,2.5,3.62,3.75,4.12,4.25,3.75,3.88,3.12,3.25,3.5,3.88
29-1214.00,Emergency Medicine Physicians,active_listening|critical_thinking|reading_comprehension|speaking|writing|monitoring|active_learning|learning_strategies|science|mathematics,reading_comprehension|critical_thinking|active_listening|active_learning|speaking|monitoring|writing|learning_strategies|mathematics|science,4.25,5.12,4.38,4.62,4.12,4.12,4.25,4.25,2.75,3.0,3.0,3.0,4.38,4.75,4.0,4.38,3.62,4.0,4.12,4.25
29-1215.00,Family Medicine Physicians,critical_thinking|reading_comprehension|active_listening|writing|speaking|active_learning|monitoring|science|learning_strategies|mathematics,reading_comprehension|active_listening|critical_thinking|speaking|writing|science|active_learning|monitoring|learning_strategies|mathematics,4.25,5.0,4.25,4.88,4.12,4.12,4.12,4.38,2.75,2.88,3.88,4.0,4.38,4.5,4.0,4.0,3.25,3.25,4.0,4.0
29-1216.00,General Internal Medicine Physicians,reading_comprehension|active_listening|writing|speaking|science|critical_thinking|active_learning|monitoring|learning_strategies|mathematics,reading_comprehension|critical_thinking|active_listening|writing|speaking|science|active_learning|monitoring|learning_strategies|mathematics,4.12,5.0,4.12,4.25,4.0,4.12,4.0,4.12,2.88,2.88,4.0,4.0,4.0,4.75,3.88,4.0,3.12,3.62,3.88,4.0
29-1217.00,Neurologists,active_listening|reading_comprehension|speaking|critical_thinking|writing|monitoring|science|active_learning|learning_strategies|mathematics,reading_comprehension|critical_thinking|active_learning|monitoring|active_listening|writing|speaking|learning_strategies|science|mathematics,4.12,5.5,4.25,4.5,4.0,4.38,4.12,4.38,2.88,3.25,3.75,4.12,4.12,4.88,3.75,4.62,3.38,4.25,4.0,4.62
29-1218.00,Obstetricians and Gynecologists,critical_thinking|reading_comprehension|active_listening|active_learning|writing|speaking|monitoring|science|learning_strategies|mathematics,reading_comprehension|critical_thinking|active_listening|science|active_learning|speaking|writing|monitoring|learning_strategies|mathematics,4.25,5.25,4.12,4.75,4.0,4.0,4.0,4.12,2.75,3.0,3.75,4.25,4.38,5.0,4.12,4.25,3.5,3.75,4.0,4.0
29-1221.00,"Pediatricians, General",speaking|critical_thinking|reading_comprehension|active_listening|writing|science|active_learning|monitoring|learning_strategies|mathematics,reading_comprehension|critical_thinking|active_listening|speaking|science|active_learning|writing|monitoring|learning_strategies|mathematics,4.12,5.0,4.12,4.38,4.0,4.0,4.25,4.12,2.38,2.88,4.0,4.12,4.25,4.5,4.0,4.12,3.25,3.25,4.0,4.0
29-1222.00,"Physicians, Pathologists",reading_comprehension|writing|critical_thinking|active_listening|science|active_learning|speaking|monitoring|learning_strategies|mathematics,reading_comprehension|writing|active_learning|speaking|critical_thinking|active_listening|science|monitoring|learning_strategies|mathematics,4.25,5.62,4.0,4.38,4.12,5.0,3.88,4.62,3.0,3.12,4.0,4.0,4.12,4.62,4.0,4.75,3.12,3.75,3.5,4.0
29-1223.00,Psychiatrists,active_listening|critical_thinking|speaking|reading_comprehension|writing|monitoring|active_learning|learning_strategies|science|mathematics,reading_comprehension|active_listening|critical_thinking|writing|speaking|active_learning|science|learning_strategies|monitoring|mathematics,4.0,5.0,5.0,5.0,4.0,4.5,4.12,4.25,2.62,2.38,3.62,4.0,4.38,4.75,3.88,4.25,3.75,4.0,4.0,4.0
29-1224.00,Radiologists,reading_comprehension|active_listening|speaking|writing|critical_thinking|monitoring|active_learning|science|learning_strategies|mathematics,reading_comprehension|critical_thinking|active_listening|writing|speaking|active_learning|monitoring|learning_strategies|science|mathematics,4.25,5.12,4.25,4.38,4.12,4.38,4.25,4.25,2.88,3.0,3.75,3.75,4.12,4.88,3.88,4.25,3.25,3.88,4.0,4.25
29-1229.01,Allergists and Immunologists,reading_comprehension|active_listening|writing|critical_thinking|speaking|active_learning|monitoring|science|learning_strategies|mathematics,reading_comprehension|active_learning|writing|critical_thinking|monitoring|active_listening|speaking|science|learning_strategies|mathematics,4.5,4.75,4.12,4.0,4.12,4.25,4.0,4.0,2.75,3.0,3.88,3.88,4.12,4.12,4.0,4.62,3.62,3.75,4.0,4.12
29-1229.02,Hospitalists,reading_comprehension|active_listening|speaking|critical_thinking|active_learning|monitoring|writing|science|learning_strategies|mathematics,reading_comprehension|active_learning|critical_thinking|active_listening|writing|speaking|monitoring|learning_strategies|science|mathematics,4.12,5.12,4.12,4.62,3.88,4.38,4.12,4.38,3.0,3.0,3.38,3.5,4.12,4.75,4.12,4.88,3.25,4.0,4.0,4.38
29-1229.03,Urologists,reading_comprehension|critical_thinking|active_listening|writing|speaking|active_learning|monitoring|science|learning_strategies|mathematics,reading_comprehension|active_listening|critical_thinking|writing|speaking|monitoring|science|active_learning|learning_strategies|mathematics,4.38,5.0,4.12,4.62,4.12,4.12,4.0,4.0,2.75,3.0,3.62,3.88,4.25,4.5,3.88,3.88,3.12,3.38,3.88,4.0
29-1229.04,Physical Medicine and Rehabilitation Physicians,critical_thinking|reading_comprehension|active_listening|speaking|writing|monitoring|active_learning|science|learning_strategies|mathematics,reading_comprehension|active_listening|critical_thinking|active_learning|speaking|writing|learning_strategies|monitoring|science|mathematics,4.0,5.0,4.0,4.75,3.88,4.0,4.0,4.12,2.62,3.0,3.38,3.88,4.12,4.75,3.75,4.38,3.12,4.0,3.88,4.0
29-1229.05,Preventive Medicine Physicians,reading_comprehension|active_listening|speaking|critical_thinking|writing|monitoring|active_learning|science|learning_strategies|mathematics,reading_comprehension|critical_thinking|writing|speaking|active_learning|learning_strategies|science|monitoring|active_listening|mathematics,4.38,5.5,4.25,4.5,4.12,4.88,4.25,4.88,3.12,3.38,3.75,4.62,4.25,5.12,4.0,4.88,3.75,4.75,4.12,4.62
29-1229.06,Sports Medicine Physicians,reading_comprehension|critical_thinking|active_listening|speaking|active_learning|monitoring|writing|learning_strategies|science|mathematics,reading_comprehension|critical_thinking|active_learning|active_listening|speaking|monitoring|writing|learning_strategies|science|mathematics,4.62,5.12,4.12,4.62,3.88,4.0,4.12,4.38,2.5,2.75,3.25,3.75,4.25,4.88,4.0,4.75,3.62,4.0,4.0,4.12
29-1241.00,"Ophthalmologists, Except Pediatric",reading_comprehension|critical_thinking|active_listening|writing|speaking|active_learning|monitoring|science|learning_strategies|mathematics,reading_comprehension|critical_thinking|active_listening|active_learning|speaking|writing|monitoring|learning_strategies|science|mathematics,4.25,5.62,4.12,4.75,4.0,4.0,4.0,4.12,3.0,3.62,3.88,3.75,4.25,4.88,4.0,4.25,3.38,3.88,4.0,4.0
29-1291.00,Acupuncturists,active_listening|critical_thinking|speaking|reading_comprehension|monitoring|writing|active_learning|learning_strategies|science|mathematics,active_listening|reading_comprehension|speaking|critical_thinking|writing|monitoring|active_learning|learning_strategies|science|mathematics,3.25,3.88,3.88,4.12,3.12,3.5,3.62,3.88,2.0,1.88,2.25,2.0,3.75,3.75,3.12,3.0,2.62,2.88,3.25,3.5
29-1292.00,Dental Hygienists,active_listening|speaking|critical_thinking|writing|monitoring|reading_comprehension|active_learning|learning_strategies|science|mathematics,active_listening|reading_comprehension|writing|critical_thinking|speaking|active_learning|learning_strategies|monitoring|science|mathematics,3.0,3.38,3.75,4.0,3.12,3.12,3.5,3.0,2.0,1.62,2.38,2.38,3.5,3.12,3.0,3.0,2.75,3.0,3.12,3.0
29-1299.01,Naturopathic Physicians,reading_comprehension|active_listening|speaking|critical_thinking|writing|active_learning|learning_strategies|monitoring|science|mathematics,reading_comprehension|active_listening|speaking|critical_thinking|writing|monitoring|active_learning|learning_strategies|science|mathematics,4.25,5.0,4.12,4.5,4.0,4.0,4.12,4.12,2.75,2.62,3.12,3.12,4.12,4.12,3.75,3.88,3.38,3.75,3.38,4.0
29-1299.02,Orthoptists,reading_comprehension|active_listening|speaking|critical_thinking|writing|science|active_learning|learning_strategies|monitoring|mathematics,reading_comprehension|active_listening|writing|critical_thinking|speaking|active_learning|science|monitoring|learning_strategies|mathematics,4.0,4.88,4.0,4.12,3.75,4.12,3.88,4.0,2.62,2.75,3.5,3.62,3.88,4.12,3.38,3.88,3.12,3.5,3.0,3.62
29-2011.00,Medical and Clinical Laboratory Technologists,science|critical_thinking|active_listening|reading_comprehension|monitoring|active_learning|writing|speaking|mathematics|learning_strategies,science|reading_comprehension|active_listening|critical_thinking|monitoring|speaking|writing|active_learning|mathematics|learning_strategies,3.75,4.25,3.88,4.0,3.12,3.62,3.12,3.75,3.12,3.25,4.0,4.38,4.0,4.0,3.38,3.62,2.88,3.12,3.5,3.88
29-2011.01,Cytogenetic Technologists,reading_comprehension|critical_thinking|active_listening|speaking|writing|science|active_learning|monitoring|learning_strategies|mathematics,reading_comprehension|writing|speaking|critical_thinking|active_listening|science|monitoring|active_learning|learning_strategies|mathematics,4.0,5.0,3.75,3.88,3.62,4.0,3.75,4.0,2.75,2.75,3.5,3.88,3.88,4.0,3.25,3.38,2.88,3.12,3.25,3.62
29-2011.02,Cytotechnologists,reading_comprehension|active_listening|critical_thinking|speaking|writing|active_learning|monitoring|science|learning_strategies|mathematics,reading_comprehension|active_listening|critical_thinking|active_learning|writing|speaking|learning_strategies|monitoring|science|mathematics,3.88,3.88,3.75,3.88,3.0,3.38,3.12,3.38,2.62,2.75,2.88,2.88,3.75,3.88,3.0,3.5,2.75,3.0,3.0,3.0
29-2011.04,Histotechnologists,reading_comprehension|critical_thinking|monitoring|active_listening|speaking|active_learning|writing|science|learning_strategies|mathematics,reading_comprehension|critical_thinking|monitoring|active_listening|writing|speaking|active_learning|learning_strategies|mathematics|science,3.5,3.75,3.25,3.38,3.12,3.25,3.25,3.25,2.38,2.5,3.0,2.5,3.38,3.5,3.25,3.12,2.75,2.88,3.38,3.5
29-2012.00,Medical and Clinical Laboratory Technicians,reading_comprehension|active_listening|critical_thinking|speaking|writing|science|active_learning|monitoring|mathematics|learning_strategies,reading_comprehension|critical_thinking|active_listening|science|writing|speaking|active_learning|monitoring|learning_strategies|mathematics,3.75,3.25,3.62,3.12,3.0,3.0,3.12,3.0,2.75,2.62,3.0,3.12,3.25,3.25,3.0,3.0,2.75,2.88,3.0,3.0
29-2012.01,Histology Technicians,active_listening|critical_thinking|reading_comprehension|monitoring|speaking|science|writing|active_learning|learning_strategies|mathematics,critical_thinking|reading_comprehension|active_listening|monitoring|writing|active_learning|speaking|science|learning_strategies|mathematics,3.38,3.38,3.5,3.38,3.0,3.0,3.12,2.88,2.0,1.62,3.12,2.75,3.5,3.62,2.88,3.0,2.38,2.5,3.25,3.25
29-2031.00,Cardiovascular Technologists and Technicians,active_listening|speaking|critical_thinking|monitoring|reading_comprehension|writing|active_learning|science|learning_strategies|mathematics,reading_comprehension|active_listening|critical_thinking|monitoring|speaking|writing|active_learning|learning_strategies|science|mathematics,3.62,4.12,3.88,3.88,3.12,3.5,3.75,3.62,2.62,2.5,3.0,2.88,3.75,3.75,3.12,3.38,2.88,3.0,3.75,3.75
29-2032.00,Diagnostic Medical Sonographers,active_listening|speaking|reading_comprehension|critical_thinking|writing|monitoring|active_learning|learning_strategies|science|mathematics,reading_comprehension|active_listening|speaking|writing|critical_thinking|active_learning|science|learning_strategies|monitoring|mathematics,3.75,4.0,4.0,4.0,3.25,3.75,3.88,3.88,2.0,2.12,2.88,3.12,3.62,3.62,3.12,3.25,3.0,3.12,3.25,3.12
29-2033.00,Nuclear Medicine Technologists,critical_thinking|active_listening|speaking|reading_comprehension|writing|monitoring|science|mathematics|active_learning|learning_strategies,reading_comprehension|active_listening|speaking|critical_thinking|science|monitoring|writing|active_learning|mathematics|learning_strategies,3.5,4.0,3.75,3.75,3.5,3.38,3.75,3.75,3.12,3.0,3.25,3.5,3.88,3.62,3.12,3.12,2.75,3.0,3.5,3.5
29-2034.00,Radiologic Technologists and Technicians,reading_comprehension|active_listening|speaking|critical_thinking|monitoring|writing|active_learning|learning_strategies|mathematics|science,reading_comprehension|active_listening|critical_thinking|monitoring|writing|speaking|active_learning|learning_strategies|mathematics|science,3.75,3.75,3.75,3.75,3.0,3.0,3.38,3.0,2.0,2.12,2.0,1.75,3.25,3.5,2.88,3.0,2.62,2.75,3.25,3.12
29-2035.00,Magnetic Resonance Imaging Technologists,reading_comprehension|active_listening|monitoring|speaking|critical_thinking|writing|active_learning|science|learning_strategies|mathematics,reading_comprehension|active_listening|speaking|monitoring|critical_thinking|writing|active_learning|learning_strategies|science|mathematics,3.88,4.0,3.75,3.88,3.12,3.12,3.62,3.88,2.62,2.62,2.75,2.75,3.38,3.62,3.12,3.12,2.75,3.0,3.75,3.75
29-2036.00,Medical Dosimetrists,critical_thinking|reading_comprehension|active_listening|speaking|writing|mathematics|monitoring|science|active_learning|learning_strategies,reading_comprehension|writing|active_listening|critical_thinking|active_learning|speaking|mathematics|learning_strategies|monitoring|science,4.0,4.75,4.0,4.25,3.75,4.38,3.88,4.12,3.5,3.88,3.38,3.5,4.12,4.25,3.38,4.25,3.12,3.62,3.5,3.62
29-2043.00,Paramedics,critical_thinking|active_listening|reading_comprehension|speaking|monitoring|active_learning|writing|learning_strategies|mathematics|science,critical_thinking|reading_comprehension|active_learning|active_listening|speaking|monitoring|writing|learning_strategies|mathematics|science,3.5,3.62,3.62,3.5,2.88,3.12,3.5,3.5,2.38,2.5,2.25,1.88,3.75,3.88,3.38,3.62,2.75,2.62,3.5,3.5
29-2051.00,Dietetic Technicians,speaking|active_listening|reading_comprehension|writing|critical_thinking|active_learning|learning_strategies|monitoring|mathematics|science,monitoring|reading_comprehension|speaking|active_listening|writing|critical_thinking|active_learning|learning_strategies|mathematics|science,3.12,3.25,3.25,3.12,3.12,3.12,3.38,3.25,2.88,3.0,2.0,1.75,3.12,3.12,3.12,3.12,3.12,3.12,3.12,3.88
29-2052.00,Pharmacy Technicians,active_listening|reading_comprehension|speaking|critical_thinking|active_learning|monitoring|writing|mathematics|learning_strategies|science,active_listening|reading_comprehension|critical_thinking|speaking|active_learning|monitoring|writing|mathematics|learning_strategies|science,3.75,3.62,4.0,3.88,3.0,3.0,3.75,3.25,3.0,3.0,1.88,1.5,3.25,3.62,3.12,3.12,2.88,2.88,3.12,3.12
29-2053.00,Psychiatric Technicians,active_listening|monitoring|speaking|reading_comprehension|critical_thinking|writing|active_learning|learning_strategies|mathematics|science,active_listening|monitoring|reading_comprehension|speaking|critical_thinking|learning_strategies|writing|active_learning|science|mathematics,3.75,3.88,4.0,4.0,3.25,3.12,3.88,3.88,2.0,1.75,2.0,1.88,3.62,3.75,3.12,3.0,3.0,3.25,4.0,4.0
29-2055.00,Surgical Technologists,monitoring|active_listening|reading_comprehension|speaking|critical_thinking|active_learning|learning_strategies|writing|mathematics|science,active_listening|reading_comprehension|monitoring|speaking|critical_thinking|writing|active_learning|learning_strategies|mathematics|science,3.12,3.62,3.25,3.75,2.88,3.0,3.12,3.12,2.62,2.62,2.12,2.0,3.0,3.12,3.0,3.0,3.0,3.0,3.62,3.62
29-2056.00,Veterinary Technologists and Technicians,active_listening|critical_thinking|reading_comprehension|speaking|writing|monitoring|active_learning|learning_strategies|science|mathematics,critical_thinking|active_listening|reading_comprehension|speaking|monitoring|writing|active_learning|learning_strategies|science|mathematics,3.62,3.75,3.75,3.88,3.25,3.0,3.62,3.75,2.75,2.62,2.88,2.88,3.75,4.0,3.12,3.0,3.0,3.0,3.25,3.5
29-2057.00,Ophthalmic Medical Technicians,active_listening|speaking|reading_comprehension|writing|critical_thinking|active_learning|monitoring|learning_strategies|mathematics|science,active_listening|reading_comprehension|speaking|critical_thinking|active_learning|writing|monitoring|learning_strategies|mathematics|science,3.12,3.62,3.62,3.75,3.12,3.0,3.25,3.62,2.5,2.5,2.0,1.88,3.0,3.12,3.0,3.12,2.62,2.62,3.0,3.0
29-2061.00,Licensed Practical and Licensed Vocational Nurses,active_listening|speaking|monitoring|reading_comprehension|critical_thinking|active_learning|writing|learning_strategies|mathematics|science,reading_comprehension|active_listening|speaking|critical_thinking|monitoring|active_learning|writing|learning_strategies|mathematics|science,3.75,4.12,3.88,4.0,3.25,3.12,3.88,4.0,2.88,2.88,2.62,2.62,3.75,4.0,3.38,3.25,3.12,3.12,3.88,4.0
29-2072.00,Medical Records Specialists,reading_comprehension|critical_thinking|active_listening|writing|speaking|active_learning|monitoring|learning_strategies|mathematics|science,reading_comprehension|speaking|critical_thinking|active_listening|writing|active_learning|monitoring|learning_strategies|mathematics|science,3.62,3.25,3.25,3.12,3.12,3.0,3.12,3.25,2.25,1.88,1.0,0.0,3.38,3.25,3.0,2.88,2.75,2.38,3.0,2.88
29-2081.00,"Opticians, Dispensing",speaking|active_listening|reading_comprehension|critical_thinking|writing|active_learning|monitoring|mathematics|learning_strategies|science,active_listening|speaking|reading_comprehension|critical_thinking|writing|active_learning|learning_strategies|monitoring|mathematics|science,3.75,3.88,3.88,4.0,3.25,3.25,4.0,4.0,2.88,2.88,1.75,0.88,3.5,3.88,3.0,3.0,2.62,3.0,3.0,3.0
29-2091.00,Orthotists and Prosthetists,reading_comprehension|active_listening|writing|speaking|critical_thinking|active_learning|monitoring|learning_strategies|mathematics|science,reading_comprehension|writing|active_learning|active_listening|speaking|critical_thinking|monitoring|mathematics|science|learning_strategies,4.0,4.38,4.0,4.12,4.0,4.25,4.0,4.12,3.0,3.25,2.88,3.25,4.0,4.12,3.75,4.25,3.12,3.25,3.38,3.75
29-2092.00,Hearing Aid Specialists,active_listening|speaking|reading_comprehension|writing|critical_thinking|active_learning|monitoring|learning_strategies|mathematics|science,active_listening|speaking|critical_thinking|reading_comprehension|active_learning|writing|learning_strategies|monitoring|mathematics|science,3.25,3.38,3.88,3.88,3.12,3.0,3.38,3.62,2.12,2.62,1.75,0.88,3.12,3.62,3.12,3.12,3.0,3.0,3.12,3.0
29-2099.01,Neurodiagnostic Technologists,active_listening|speaking|reading_comprehension|critical_thinking|monitoring|writing|active_learning|learning_strategies|science|mathematics,reading_comprehension|active_listening|critical_thinking|speaking|monitoring|writing|active_learning|learning_strategies|science|mathematics,3.75,4.12,4.0,4.0,3.38,3.38,3.88,3.88,2.25,2.38,2.5,2.5,3.75,4.0,3.12,3.25,3.12,3.12,3.62,3.62
29-2099.05,Ophthalmic Medical Technologists,active_listening|speaking|critical_thinking|reading_comprehension|writing|active_learning|learning_strategies|monitoring|mathematics|science,active_listening|speaking|reading_comprehension|critical_thinking|writing|monitoring|active_learning|learning_strategies|science|mathematics,3.12,3.88,3.88,4.0,3.12,3.5,3.88,4.0,2.62,2.62,2.25,2.75,3.25,3.62,3.0,3.0,3.0,3.0,3.0,3.12
29-2099.08,Patient Representatives,active_listening|speaking|reading_comprehension|critical_thinking|writing|active_learning|monitoring|learning_strategies|mathematics|science,active_listening|reading_comprehension|speaking|writing|critical_thinking|active_learning|monitoring|learning_strategies|mathematics|science,3.88,3.88,4.25,4.0,3.12,3.75,4.0,3.88,2.12,2.0,1.75,0.75,3.75,3.75,3.12,3.62,2.75,2.88,3.12,3.12
29-9091.00,Athletic Trainers,active_listening|speaking|critical_thinking|monitoring|reading_comprehension|active_learning|writing|learning_strategies|science|mathematics,critical_thinking|monitoring|active_listening|speaking|active_learning|reading_comprehension|writing|learning_strategies|mathematics|science,3.75,3.88,4.0,4.0,3.5,3.88,3.88,4.0,2.12,2.12,2.38,1.88,3.88,4.12,3.75,4.0,3.12,3.88,3.88,4.12
29-9092.00,Genetic Counselors,reading_comprehension|active_listening|writing|speaking|critical_thinking|active_learning|learning_strategies|science|monitoring|mathematics,reading_comprehension|writing|speaking|active_learning|active_listening|critical_thinking|learning_strategies|science|monitoring|mathematics,4.12,5.0,4.12,4.0,4.0,4.38,4.0,4.12,2.88,2.88,3.0,3.0,4.0,4.0,4.0,4.12,3.12,3.12,3.0,3.0
29-9093.00,Surgical Assistants,active_listening|speaking|reading_comprehension|critical_thinking|monitoring|writing|learning_strategies|active_learning|science|mathematics,reading_comprehension|active_listening|speaking|critical_thinking|monitoring|writing|active_learning|learning_strategies|mathematics|science,3.62,4.0,4.0,3.88,3.12,3.38,3.75,3.88,2.5,2.62,2.62,2.62,3.62,3.5,3.0,3.12,3.12,3.12,3.62,3.5
29-9099.01,Midwives,critical_thinking|monitoring|active_listening|speaking|reading_comprehension|active_learning|learning_strategies|writing|science|mathematics,monitoring|active_listening|reading_comprehension|speaking|critical_thinking|writing|active_learning|learning_strategies|science|mathematics,3.62,4.25,3.75,4.38,3.12,3.62,3.75,4.0,2.25,2.5,2.88,2.88,4.0,4.0,3.38,3.62,3.25,3.38,4.0,4.62
31-1121.00,Home Health Aides,active_listening|reading_comprehension|monitoring|speaking|critical_thinking|writing|active_learning|learning_strategies|mathematics|science,active_listening|reading_comprehension|speaking|critical_thinking|active_learning|monitoring|writing|learning_strategies|mathematics|science,3.12,3.12,3.88,3.62,2.88,2.88,3.0,3.0,2.0,2.0,1.5,0.5,3.0,3.0,2.88,3.0,2.75,2.75,3.12,3.0
31-1122.00,Personal Care Aides,active_listening|critical_thinking|monitoring|speaking|reading_comprehension|writing|active_learning|learning_strategies|mathematics|science,critical_thinking|monitoring|reading_comprehension|active_listening|speaking|writing|active_learning|learning_strategies|mathematics|science,2.88,3.0,3.38,3.0,2.88,2.88,3.0,3.0,2.0,1.75,1.75,0.75,3.25,3.12,2.88,2.75,2.75,2.75,3.25,3.12
31-1131.00,Nursing Assistants,active_listening|monitoring|reading_comprehension|speaking|critical_thinking|active_learning|writing|learning_strategies|mathematics|science,critical_thinking|reading_comprehension|active_listening|speaking|monitoring|writing|active_learning|learning_strategies|mathematics|science,3.12,3.0,3.62,3.0,2.75,2.75,3.12,3.0,2.12,1.88,1.75,0.88,3.12,3.12,2.88,2.75,2.38,2.12,3.25,3.0
31-1132.00,Orderlies,active_listening|speaking|critical_thinking|writing|monitoring|reading_comprehension|active_learning|learning_strategies|mathematics|science,active_listening|writing|speaking|critical_thinking|reading_comprehension|learning_strategies|monitoring|active_learning|mathematics|science,2.5,2.0,3.12,2.5,2.62,2.25,3.0,2.12,1.75,0.88,1.25,0.25,2.75,2.12,2.12,1.88,2.12,2.0,2.62,2.0
31-1133.00,Psychiatric Aides,speaking|active_listening|monitoring|critical_thinking|active_learning|reading_comprehension|writing|learning_strategies|mathematics|science,monitoring|critical_thinking|reading_comprehension|active_listening|learning_strategies|writing|speaking|active_learning|mathematics|science,3.12,3.25,3.75,3.12,3.12,3.0,3.88,3.0,2.12,1.88,1.75,0.75,3.38,3.38,3.25,3.0,2.88,3.12,3.75,3.75
31-2011.00,Occupational Therapy Assistants,active_listening|speaking|reading_comprehension|critical_thinking|monitoring|writing|active_learning|learning_strategies|mathematics|science,reading_comprehension|active_listening|speaking|writing|critical_thinking|active_learning|learning_strategies|monitoring|mathematics|science,3.62,3.88,3.88,3.88,3.25,3.38,3.88,3.5,2.12,2.12,1.88,1.25,3.38,3.38,3.25,3.25,3.25,3.25,3.38,3.12
31-2012.00,Occupational Therapy Aides,speaking|active_listening|critical_thinking|monitoring|reading_comprehension|writing|active_learning|learning_strategies|mathematics|science,active_listening|speaking|reading_comprehension|critical_thinking|monitoring|writing|active_learning|learning_strategies|mathematics|science,3.12,3.38,3.5,3.62,3.12,3.0,3.62,3.5,2.0,1.75,1.62,0.75,3.25,3.38,3.0,3.0,3.0,3.0,3.25,3.12
31-2021.00,Physical Therapist Assistants,active_listening|speaking|monitoring|reading_comprehension|writing|critical_thinking|active_learning|learning_strategies|science|mathematics,active_listening|reading_comprehension|speaking|critical_thinking|monitoring|writing|active_learning|learning_strategies|science|mathematics,3.25,3.88,4.0,4.0,3.25,3.12,3.75,3.88,2.25,2.0,2.38,2.12,3.25,3.88,3.25,3.12,2.88,3.12,3.75,3.88
31-2022.00,Physical Therapist Aides,active_listening|monitoring|reading_comprehension|writing|speaking|critical_thinking|active_learning|learning_strategies|mathematics|science,critical_thinking|monitoring|reading_comprehension|active_listening|writing|speaking|active_learning|learning_strategies|mathematics|science,3.12,3.0,3.62,3.0,3.0,3.0,3.0,3.0,2.0,1.88,1.88,1.38,3.0,3.12,3.0,3.0,2.62,2.88,3.25,3.12
31-9011.00,Massage Therapists,active_listening|speaking|reading_comprehension|critical_thinking|monitoring|writing|active_learning|learning_strategies|mathematics|science,speaking|reading_comprehension|active_listening|critical_thinking|active_learning|monitoring|writing|learning_strategies|mathematics|science,3.0,3.12,3.62,3.12,2.75,2.75,3.5,3.38,1.75,1.38,1.5,0.75,3.0,3.12,2.75,2.88,2.38,2.38,2.88,2.88
31-9091.00,Dental Assistants,active_listening|speaking|reading_comprehension|active_learning|monitoring|writing|critical_thinking|learning_strategies|mathematics|science,active_listening|reading_comprehension|speaking|critical_thinking|active_learning|writing|monitoring|learning_strategies|mathematics|science,3.25,3.25,3.88,3.38,3.0,3.0,3.38,3.12,2.12,2.0,2.0,1.75,3.0,3.12,3.12,3.12,2.5,2.5,3.12,3.0
31-9092.00,Medical Assistants,active_listening|speaking|reading_comprehension|critical_thinking|monitoring|writing|active_learning|learning_strategies|mathematics|science,reading_comprehension|speaking|active_listening|critical_thinking|monitoring|active_learning|writing|learning_strategies|mathematics|science,3.75,4.0,3.88,3.88,3.38,3.25,3.88,4.0,2.62,2.62,2.62,2.25,3.62,3.62,3.25,3.38,3.12,3.12,3.5,3.5
31-9093.00,Medical Equipment Preparers,critical_thinking|monitoring|active_listening|reading_comprehension|speaking|active_learning|writing|learning_strategies|mathematics|science,active_listening|active_learning|monitoring|reading_comprehension|critical_thinking|writing|speaking|learning_strategies|mathematics|science,3.12,2.88,3.25,3.0,2.88,2.75,3.12,2.75,2.25,2.25,1.88,1.0,3.5,2.88,3.0,3.0,2.75,2.62,3.38,3.0
31-9094.00,Medical Transcriptionists,active_listening|reading_comprehension|writing|monitoring|speaking|critical_thinking|active_learning|learning_strategies|mathematics|science,active_listening|reading_comprehension|writing|speaking|critical_thinking|active_learning|monitoring|learning_strategies|mathematics|science,4.0,4.0,4.12,4.12,3.88,3.62,3.0,3.12,1.75,1.0,1.5,0.62,3.0,3.12,2.88,2.88,2.12,2.12,3.12,2.88
31-9095.00,Pharmacy Aides,active_listening|speaking|reading_comprehension|critical_thinking|active_learning|writing|monitoring|mathematics|learning_strategies|science,reading_comprehension|active_listening|speaking|critical_thinking|monitoring|writing|active_learning|mathematics|learning_strategies|science,3.25,3.25,3.5,3.0,2.75,2.5,3.38,2.88,2.5,2.38,1.5,0.5,3.0,2.88,2.88,2.5,2.5,2.25,2.75,2.62
31-9096.00,Veterinary Assistants and Laboratory Animal Caretakers,active_listening|critical_thinking|reading_comprehension|writing|monitoring|speaking|active_learning|mathematics|science|learning_strategies,active_listening|writing|reading_comprehension|critical_thinking|monitoring|speaking|active_learning|mathematics|science|learning_strategies,3.12,3.12,3.5,3.25,3.12,3.25,3.0,3.0,2.75,2.62,2.62,2.38,3.25,3.12,2.88,3.0,2.12,2.12,3.12,3.12
31-9097.00,Phlebotomists,speaking|active_listening|critical_thinking|reading_comprehension|monitoring|writing|active_learning|learning_strategies|science|mathematics,speaking|reading_comprehension|active_listening|critical_thinking|learning_strategies|writing|active_learning|monitoring|mathematics|science,3.12,3.5,3.25,3.5,3.0,3.0,3.5,3.62,2.0,2.12,2.25,2.12,3.25,3.25,3.0,3.0,3.0,3.12,3.12,3.0
31-9099.01,Speech-Language Pathology Assistants,active_listening|reading_comprehension|speaking|monitoring|writing|critical_thinking|active_learning|learning_strategies|mathematics|science,reading_comprehension|active_listening|speaking|critical_thinking|monitoring|learning_strategies|writing|active_learning|mathematics|science,3.75,4.0,4.0,4.0,3.12,3.25,3.75,3.88,2.0,1.88,2.0,1.62,3.12,3.62,3.12,3.12,3.0,3.5,3.38,3.62
31-9099.02,Endoscopy Technicians,reading_comprehension|active_listening|critical_thinking|writing|speaking|active_learning|monitoring|learning_strategies|mathematics|science,reading_comprehension|active_listening|speaking|active_learning|critical_thinking|monitoring|writing|learning_strategies|mathematics|science,3.62,4.0,3.62,3.38,3.12,3.0,3.12,3.25,2.0,2.0,1.75,1.25,3.38,3.12,3.12,3.25,2.75,2.5,3.12,3.12
33-1011.00,First-Line Supervisors of Correctional Officers,active_listening|critical_thinking|monitoring|speaking|reading_comprehension|writing|active_learning|learning_strategies|mathematics|science,monitoring|reading_comprehension|active_listening|speaking|critical_thinking|writing|active_learning|learning_strategies|mathematics|science,3.75,4.0,4.0,4.0,3.5,3.62,3.88,4.0,2.12,2.0,1.5,0.5,4.0,4.0,3.25,3.25,3.12,3.12,4.0,4.25
33-1012.00,First-Line Supervisors of Police and Detectives,reading_comprehension|active_listening|speaking|critical_thinking|monitoring|active_learning|writing|learning_strategies|mathematics|science,reading_comprehension|active_listening|writing|speaking|critical_thinking|active_learning|learning_strategies|monitoring|mathematics|science,4.0,4.0,4.0,4.0,3.75,4.0,4.0,4.0,2.38,2.5,1.5,0.5,4.0,4.0,3.88,4.0,3.75,4.0,4.0,4.0
33-1021.00,First-Line Supervisors of Firefighting and Prevention Workers,active_listening|speaking|critical_thinking|reading_comprehension|monitoring|writing|active_learning|learning_strategies|mathematics|science,active_listening|critical_thinking|speaking|reading_comprehension|monitoring|learning_strategies|writing|active_learning|mathematics|science,3.75,3.75,4.0,4.0,3.25,3.38,3.88,3.88,2.5,2.62,1.88,1.12,3.88,4.0,3.25,3.25,3.25,3.62,3.75,3.75
33-1091.00,First-Line Supervisors of Security Workers,active_listening|reading_comprehension|speaking|critical_thinking|monitoring|writing|active_learning|learning_strategies|mathematics|science,reading_comprehension|speaking|critical_thinking|monitoring|active_listening|writing|learning_strategies|active_learning|mathematics|science,3.88,4.0,4.0,3.75,3.62,3.75,3.88,3.88,2.0,1.75,1.25,0.25,3.88,3.88,3.12,3.0,3.0,3.5,3.75,3.88
33-2011.00,Firefighters,active_listening|critical_thinking|active_learning|speaking|monitoring|reading_comprehension|learning_strategies|writing|mathematics|science,critical_thinking|monitoring|active_listening|reading_comprehension|writing|speaking|active_learning|learning_strategies|mathematics|science,3.0,3.12,3.62,3.25,2.62,3.12,3.5,3.12,2.38,2.62,2.0,2.12,3.62,3.75,3.62,3.12,2.88,3.0,3.5,3.5
33-2021.00,Fire Inspectors and Investigators,active_listening|writing|speaking|critical_thinking|reading_comprehension|monitoring|active_learning|learning_strategies|mathematics|science,speaking|critical_thinking|reading_comprehension|active_listening|writing|monitoring|active_learning|learning_strategies|mathematics|science,3.38,3.62,3.62,3.62,3.5,3.62,3.5,3.88,2.5,2.75,1.88,1.5,3.5,3.75,3.12,3.12,3.0,3.12,3.25,3.38
33-2022.00,Forest Fire Inspectors and Prevention Specialists,critical_thinking|speaking|active_listening|monitoring|reading_comprehension|writing|learning_strategies|active_learning|mathematics|science,critical_thinking|reading_comprehension|speaking|monitoring|active_listening|active_learning|learning_strategies|writing|mathematics|science,3.12,3.38,3.62,3.25,3.12,3.0,3.75,3.38,2.12,2.38,1.88,1.75,4.0,3.88,3.0,3.25,3.12,3.12,3.38,3.38
33-3011.00,Bailiffs,speaking|monitoring|active_listening|critical_thinking|reading_comprehension|active_learning|writing|learning_strategies|mathematics|science,monitoring|active_listening|critical_thinking|speaking|reading_comprehension|writing|active_learning|learning_strategies|mathematics|science,2.88,2.88,3.25,3.12,2.25,2.25,3.38,3.0,1.5,0.75,1.0,0.0,3.0,3.12,2.75,2.12,2.12,2.0,3.38,3.25
33-3012.00,Correctional Officers and Jailers,active_listening|monitoring|speaking|critical_thinking|reading_comprehension|active_learning|writing|learning_strategies|mathematics|science,monitoring|reading_comprehension|critical_thinking|active_listening|speaking|active_learning|writing|learning_strategies|mathematics|science,3.62,3.62,4.0,3.5,3.0,3.0,3.88,3.5,2.0,2.0,1.38,0.38,3.75,3.62,3.25,3.12,3.0,3.0,4.0,3.75
33-3021.00,Detectives and Criminal Investigators,active_listening|speaking|critical_thinking|reading_comprehension|writing|active_learning|monitoring|learning_strategies|mathematics|science,active_listening|reading_comprehension|speaking|critical_thinking|writing|active_learning|monitoring|learning_strategies|mathematics|science,4.0,4.12,4.5,4.5,3.75,4.0,4.25,4.12,2.0,1.88,1.62,0.88,4.12,4.12,3.75,3.62,2.88,3.0,3.62,3.5
33-3021.02,Police Identification and Records Officers,active_listening|speaking|reading_comprehension|critical_thinking|writing|active_learning|monitoring|learning_strategies|mathematics|science,reading_comprehension|active_listening|speaking|critical_thinking|writing|active_learning|learning_strategies|monitoring|mathematics|science,3.75,4.0,3.88,3.88,3.25,3.25,3.88,3.88,2.0,2.0,1.75,1.0,3.75,3.88,3.0,3.0,2.75,3.0,3.0,3.0
33-3021.06,Intelligence Analysts,reading_comprehension|active_listening|writing|speaking|critical_thinking|active_learning|monitoring|learning_strategies|mathematics|science,reading_comprehension|critical_thinking|active_listening|speaking|writing|active_learning|monitoring|learning_strategies|mathematics|science,4.25,4.88,4.12,4.12,4.0,4.0,4.0,4.12,2.75,2.88,1.88,1.75,4.0,4.38,3.62,4.0,3.0,3.0,3.25,3.38
33-3031.00,Fish and Game Wardens,speaking|reading_comprehension|active_listening|critical_thinking|writing|monitoring|active_learning|learning_strategies|mathematics|science,reading_comprehension|active_listening|speaking|critical_thinking|writing|active_learning|monitoring|learning_strategies|mathematics|science,3.75,4.0,3.75,4.0,3.12,3.38,3.88,3.88,2.38,2.5,2.38,2.38,3.75,3.88,3.0,3.38,2.62,2.75,3.12,3.38
33-3041.00,Parking Enforcement Workers,speaking|monitoring|active_listening|critical_thinking|reading_comprehension|writing|active_learning|learning_strategies|mathematics|science,speaking|critical_thinking|monitoring|reading_comprehension|active_listening|active_learning|writing|learning_strategies|mathematics|science,2.88,2.88,3.0,2.88,2.75,2.25,3.12,3.0,1.88,1.62,1.0,0.0,3.0,3.0,2.62,2.38,2.12,2.0,3.12,3.0
33-3051.00,Police and Sheriff's Patrol Officers,active_listening|speaking|critical_thinking|active_learning|reading_comprehension|monitoring|writing|learning_strategies|mathematics|science,active_listening|critical_thinking|reading_comprehension|speaking|writing|monitoring|active_learning|learning_strategies|mathematics|science,3.75,3.88,4.12,4.0,3.12,3.75,3.88,3.88,2.0,2.25,1.38,0.38,3.88,4.0,3.88,3.25,2.75,3.0,3.25,3.62
33-3051.04,Customs and Border Protection Officers,active_listening|speaking|critical_thinking|reading_comprehension|writing|monitoring|active_learning|learning_strategies|mathematics|science,active_listening|speaking|reading_comprehension|critical_thinking|writing|monitoring|active_learning|learning_strategies|mathematics|science,3.88,3.88,4.0,4.0,3.62,3.75,4.0,4.0,2.25,2.12,1.88,1.12,4.0,3.88,3.38,3.12,2.62,2.88,3.62,3.75
33-3052.00,Transit and Railroad Police,active_listening|speaking|critical_thinking|monitoring|writing|active_learning|reading_comprehension|learning_strategies|mathematics|science,speaking|monitoring|critical_thinking|reading_comprehension|active_listening|learning_strategies|writing|active_learning|mathematics|science,3.12,3.25,4.0,3.25,3.25,3.0,4.0,3.88,2.0,2.0,1.12,0.12,3.88,3.38,3.25,3.0,2.88,3.25,3.38,3.5
33-9011.00,Animal Control Workers,active_listening|speaking|critical_thinking|reading_comprehension|writing|monitoring|active_learning|learning_strategies|mathematics|science,critical_thinking|active_listening|speaking|reading_comprehension|writing|monitoring|active_learning|learning_strategies|mathematics|science,3.0,3.0,3.75,3.25,3.0,3.0,3.62,3.12,2.0,1.0,1.12,0.12,3.5,3.5,2.88,2.88,2.75,2.75,3.0,3.0
33-9021.00,Private Detectives and Investigators,active_listening|speaking|reading_comprehension|critical_thinking|writing|active_learning|monitoring|learning_strategies|mathematics|science,active_listening|critical_thinking|reading_comprehension|speaking|writing|monitoring|active_learning|mathematics|learning_strategies|science,3.88,4.0,4.12,4.12,3.62,3.62,4.0,3.88,2.25,2.12,1.5,0.62,3.88,4.12,3.38,3.38,2.5,2.12,3.38,3.5
33-9031.00,Gambling Surveillance Officers and Gambling Investigators,monitoring|critical_thinking|speaking|reading_comprehension|active_listening|writing|active_learning|learning_strategies|mathematics|science,monitoring|critical_thinking|speaking|reading_comprehension|active_listening|writing|active_learning|learning_strategies|mathematics|science,3.25,3.5,3.25,3.25,3.12,3.12,3.62,3.62,2.12,1.75,1.25,0.25,3.75,3.75,3.12,3.12,2.5,2.88,4.12,3.88
33-9032.00,Security Guards,active_listening|monitoring|speaking|critical_thinking|reading_comprehension|active_learning|writing|learning_strategies|mathematics|science,monitoring|reading_comprehension|active_listening|speaking|critical_thinking|writing|active_learning|learning_strategies|mathematics|science,3.0,3.0,3.75,3.0,2.75,2.75,3.25,3.0,2.0,1.25,1.5,0.62,3.12,3.0,2.88,2.75,2.62,2.25,3.38,3.12
33-9091.00,Crossing Guards and Flaggers,speaking|active_listening|monitoring|critical_thinking|reading_comprehension|active_learning|writing|learning_strategies|mathematics|science,active_listening|monitoring|speaking|critical_thinking|reading_comprehension|writing|active_learning|learning_strategies|mathematics|science,2.25,2.0,2.88,2.75,2.0,1.75,3.12,2.5,1.62,0.62,1.0,0.0,2.75,2.5,2.25,1.62,1.88,0.88,2.88,2.62
33-9092.00,"Lifeguards, Ski Patrol, and Other Recreational Protective Service Workers",monitoring|speaking|active_listening|learning_strategies|critical_thinking|reading_comprehension|active_learning|writing|science|mathematics,monitoring|active_listening|speaking|critical_thinking|learning_strategies|reading_comprehension|active_learning|writing|mathematics|science,2.88,2.88,3.12,3.12,2.5,2.62,3.5,3.0,1.38,0.62,1.5,0.62,3.0,3.0,2.75,2.75,3.12,3.0,3.75,3.5
33-9093.00,Transportation Security Screeners,speaking|monitoring|active_listening|critical_thinking|reading_comprehension|writing|active_learning|learning_strategies|mathematics|science,active_listening|critical_thinking|monitoring|reading_comprehension|speaking|active_learning|learning_strategies|writing|mathematics|science,3.0,3.0,3.25,3.5,2.88,2.62,3.38,3.0,1.88,1.62,1.75,1.0,3.25,3.5,2.88,3.0,2.5,2.75,3.38,3.12
33-9094.00,School Bus Monitors,monitoring|speaking|active_listening|critical_thinking|reading_comprehension|writing|active_learning|learning_strategies|mathematics|science,monitoring|active_listening|speaking|critical_thinking|writing|reading_comprehension|learning_strategies|active_learning|mathematics|science,2.75,2.0,3.0,2.75,2.75,2.38,3.25,2.62,1.62,0.62,1.0,0.0,2.88,2.5,2.12,1.62,2.0,2.0,3.75,3.12
33-9099.02,Retail Loss Prevention Specialists,critical_thinking|active_listening|speaking|monitoring|reading_comprehension|active_learning|writing|learning_strategies|mathematics|science,reading_comprehension|critical_thinking|speaking|monitoring|active_listening|writing|active_learning|mathematics|learning_strategies|science,3.25,3.62,3.5,3.25,3.12,3.25,3.5,3.5,2.62,2.75,1.25,0.25,3.75,3.62,3.25,3.0,2.88,2.75,3.5,3.5
35-1011.00,Chefs and Head Cooks,monitoring|speaking|critical_thinking|active_listening|reading_comprehension|active_learning|learning_strategies|writing|mathematics|science,monitoring|speaking|critical_thinking|active_learning|reading_comprehension|active_listening|learning_strategies|writing|mathematics|science,3.5,3.5,3.62,3.5,3.12,3.12,3.88,3.88,3.0,3.0,1.75,1.0,3.75,3.88,3.38,3.75,3.25,3.25,4.0,4.12
35-1012.00,First-Line Supervisors of Food Preparation and Serving Workers,speaking|monitoring|active_listening|reading_comprehension|critical_thinking|learning_strategies|writing|mathematics|active_learning|science,speaking|monitoring|critical_thinking|reading_comprehension|writing|active_learning|learning_strategies|active_listening|mathematics|science,3.25,3.62,3.75,3.0,3.0,3.12,3.88,4.0,3.0,3.0,1.0,0.0,3.12,3.75,3.0,3.12,3.12,3.12,3.88,4.0
35-2011.00,"Cooks, Fast Food",active_listening|speaking|reading_comprehension|critical_thinking|monitoring|writing|active_learning|learning_strategies|mathematics|science,active_listening|reading_comprehension|critical_thinking|monitoring|writing|speaking|active_learning|learning_strategies|mathematics|science,2.75,2.38,3.0,2.5,2.12,2.0,2.88,2.0,1.88,1.5,1.0,0.0,2.62,2.12,2.0,2.0,2.0,1.88,2.62,2.12
35-2012.00,"Cooks, Institution and Cafeteria",speaking|monitoring|active_listening|critical_thinking|reading_comprehension|mathematics|active_learning|writing|learning_strategies|science,active_listening|monitoring|reading_comprehension|speaking|critical_thinking|active_learning|mathematics|learning_strategies|writing|science,2.88,2.88,3.0,3.0,2.75,2.62,3.12,2.88,2.88,2.75,1.0,0.0,3.0,2.88,2.88,2.88,2.75,2.75,3.12,3.0
35-2013.00,"Cooks, Private Household",critical_thinking|reading_comprehension|active_listening|speaking|monitoring|writing|active_learning|learning_strategies|mathematics|science,critical_thinking|reading_comprehension|active_learning|monitoring|active_listening|speaking|writing|learning_strategies|mathematics|science,3.0,3.0,3.0,2.88,2.88,2.75,3.0,2.88,2.25,2.0,1.38,0.5,3.25,3.12,2.88,3.0,2.75,2.38,3.0,3.0
35-2014.00,"Cooks, Restaurant",speaking|critical_thinking|monitoring|active_listening|reading_comprehension|active_learning|writing|mathematics|learning_strategies|science,critical_thinking|monitoring|active_listening|speaking|active_learning|reading_comprehension|mathematics|writing|learning_strategies|science,2.75,2.5,2.88,2.75,2.25,2.12,3.0,2.75,2.25,2.38,1.38,0.38,3.0,3.12,2.75,2.75,2.0,2.12,3.0,3.12
35-2015.00,"Cooks, Short Order",reading_comprehension|active_listening|speaking|critical_thinking|monitoring|active_learning|writing|mathematics|learning_strategies|science,critical_thinking|monitoring|speaking|reading_comprehension|active_listening|active_learning|writing|mathematics|learning_strategies|science,3.12,2.38,3.12,2.38,2.25,2.12,3.0,2.5,2.12,2.0,1.0,0.0,2.88,2.88,2.38,2.38,2.0,2.0,2.88,2.62
35-2021.00,Food Preparation Workers,active_listening|speaking|critical_thinking|reading_comprehension|monitoring|mathematics|active_learning|learning_strategies|writing|science,active_listening|speaking|reading_comprehension|critical_thinking|learning_strategies|active_learning|monitoring|writing|mathematics|science,2.62,2.0,3.0,2.38,1.88,1.75,2.88,2.12,2.0,1.75,1.0,0.0,2.75,2.0,2.0,1.88,2.0,2.0,2.5,1.88
35-3011.00,Bartenders,active_listening|speaking|critical_thinking|reading_comprehension|active_learning|monitoring|learning_strategies|writing|mathematics|science,active_listening|reading_comprehension|writing|speaking|active_learning|monitoring|critical_thinking|learning_strategies|mathematics|science,3.0,3.0,3.75,3.12,2.75,3.0,3.12,3.0,2.25,2.12,1.0,0.0,3.12,2.88,3.0,3.0,2.88,2.88,3.0,3.0
35-3023.00,Fast Food and Counter Workers,active_listening|monitoring|speaking|critical_thinking|reading_comprehension|writing|mathematics|learning_strategies|active_learning|science,critical_thinking|active_listening|monitoring|reading_comprehension|speaking|learning_strategies|mathematics|writing|active_learning|science,2.38,2.12,3.0,2.25,2.0,1.75,2.62,2.0,2.0,1.88,1.0,0.0,2.5,2.5,1.88,1.62,2.0,2.0,2.88,2.25
35-3023.01,Baristas,active_listening|speaking|monitoring|reading_comprehension|critical_thinking|writing|active_learning|learning_strategies|mathematics|science,speaking|reading_comprehension|monitoring|active_listening|critical_thinking|active_learning|writing|learning_strategies|mathematics|science,2.88,2.75,3.38,2.62,2.5,2.25,3.25,2.88,1.88,1.62,1.0,0.0,2.62,2.62,2.5,2.5,2.0,2.0,3.0,2.75
35-3031.00,Waiters and Waitresses,active_listening|speaking|monitoring|critical_thinking|reading_comprehension|active_learning|writing|mathematics|learning_strategies|science,critical_thinking|speaking|monitoring|active_listening|active_learning|reading_comprehension|writing|learning_strategies|mathematics|science,2.75,2.12,3.5,2.5,2.12,2.0,3.5,2.62,2.12,1.88,1.0,0.0,2.88,2.88,2.5,2.25,2.0,2.0,3.0,2.62
35-3041.00,"Food Servers, Nonrestaurant",active_listening|speaking|reading_comprehension|critical_thinking|monitoring|writing|mathematics|active_learning|learning_strategies|science,speaking|active_listening|critical_thinking|monitoring|reading_comprehension|writing|active_learning|learning_strategies|mathematics|science,2.88,2.12,3.0,2.38,2.0,2.12,3.0,2.5,2.0,1.5,1.0,0.0,2.88,2.38,2.0,2.12,2.0,2.12,2.75,2.25
35-9011.00,Dining Room and Cafeteria Attendants and Bartender Helpers,active_listening|speaking|monitoring|critical_thinking|reading_comprehension|active_learning|writing|learning_strategies|mathematics|science,critical_thinking|speaking|active_learning|monitoring|reading_comprehension|active_listening|learning_strategies|writing|mathematics|science,2.38,2.0,3.0,2.0,2.0,1.25,2.88,2.12,1.88,1.25,1.0,0.0,2.75,2.25,2.12,2.12,2.0,2.0,2.88,2.12
35-9021.00,Dishwashers,active_listening|speaking|critical_thinking|monitoring|reading_comprehension|learning_strategies|active_learning|writing|mathematics|science,active_listening|speaking|critical_thinking|monitoring|reading_comprehension|active_learning|writing|learning_strategies|mathematics|science,2.0,1.88,2.62,2.0,1.75,1.5,2.5,2.0,1.5,0.5,1.0,0.0,2.5,2.0,1.88,1.75,2.0,1.25,2.5,2.0
35-9031.00,"Hosts and Hostesses, Restaurant, Lounge, and Coffee Shop",active_listening|speaking|reading_comprehension|monitoring|critical_thinking|active_learning|writing|learning_strategies|mathematics|science,active_listening|speaking|critical_thinking|monitoring|reading_comprehension|writing|active_learning|learning_strategies|mathematics|science,2.88,2.12,3.5,2.88,2.12,2.0,3.12,2.88,1.88,1.62,1.0,0.0,2.75,2.62,2.62,2.0,2.0,2.0,2.88,2.38
37-1011.00,First-Line Supervisors of Housekeeping and Janitorial Workers,speaking|monitoring|active_listening|critical_thinking|learning_strategies|reading_comprehension|writing|active_learning|mathematics|science,monitoring|speaking|reading_comprehension|critical_thinking|active_listening|writing|learning_strategies|active_learning|mathematics|science,3.0,3.25,3.12,3.12,2.88,3.0,3.25,3.38,2.12,2.12,1.0,0.0,3.12,3.25,2.88,2.88,3.12,3.0,3.25,3.88
37-1012.00,"First-Line Supervisors of Landscaping, Lawn Service, and Groundskeeping Workers",monitoring|active_listening|speaking|critical_thinking|reading_comprehension|active_learning|learning_strategies|writing|mathematics|science,speaking|active_listening|critical_thinking|monitoring|reading_comprehension|writing|active_learning|learning_strategies|mathematics|science,3.12,3.62,3.88,3.88,3.0,3.0,3.75,4.0,2.88,2.88,1.62,1.0,3.75,3.75,3.12,3.0,3.12,3.0,4.0,3.75
37-2011.00,"Janitors and Cleaners, Except Maids and Housekeeping Cleaners",active_listening|speaking|critical_thinking|monitoring|active_learning|reading_comprehension|writing|learning_strategies|mathematics|science,reading_comprehension|active_listening|writing|monitoring|speaking|critical_thinking|active_learning|learning_strategies|mathematics|science,2.5,2.25,3.0,2.25,2.38,2.25,3.0,2.12,1.38,0.62,1.0,0.0,2.75,2.12,2.62,2.12,2.12,1.5,2.75,2.25
37-2012.00,Maids and Housekeeping Cleaners,active_listening|speaking|critical_thinking|monitoring|reading_comprehension|writing|active_learning|learning_strategies|mathematics|science,reading_comprehension|active_listening|speaking|critical_thinking|writing|monitoring|active_learning|learning_strategies|mathematics|science,2.62,2.12,2.75,2.12,2.12,2.0,2.75,2.12,1.88,1.0,1.0,0.0,2.75,2.12,2.12,1.62,2.12,1.5,2.75,2.0
37-2021.00,Pest Control Workers,active_listening|critical_thinking|writing|speaking|monitoring|active_learning|reading_comprehension|learning_strategies|mathematics|science,critical_thinking|reading_comprehension|active_listening|writing|speaking|monitoring|active_learning|learning_strategies|mathematics|science,3.0,3.0,3.75,3.0,3.62,3.0,3.62,3.0,2.62,2.62,2.0,1.75,3.75,3.38,3.12,2.88,2.75,2.75,3.62,3.0
37-3011.00,Landscaping and Groundskeeping Workers,critical_thinking|active_listening|speaking|monitoring|reading_comprehension|active_learning|writing|learning_strategies|mathematics|science,active_listening|reading_comprehension|speaking|active_learning|monitoring|critical_thinking|learning_strategies|writing|mathematics|science,2.0,1.88,2.38,2.12,1.75,0.88,2.38,1.88,1.5,0.5,1.25,0.25,2.62,1.62,1.88,1.75,1.75,1.38,2.38,1.75
37-3012.00,"Pesticide Handlers, Sprayers, and Applicators, Vegetation",reading_comprehension|active_listening|critical_thinking|speaking|monitoring|writing|active_learning|mathematics|learning_strategies|science,active_listening|speaking|monitoring|reading_comprehension|critical_thinking|mathematics|active_learning|writing|learning_strategies|science,2.88,2.75,2.88,3.0,2.5,2.0,2.75,2.88,2.12,2.12,1.88,1.0,2.88,2.75,2.5,2.12,2.0,2.0,2.62,2.88
37-3013.00,Tree Trimmers and Pruners,critical_thinking|monitoring|speaking|active_listening|reading_comprehension|active_learning|writing|learning_strategies|mathematics|science,critical_thinking|monitoring|speaking|active_listening|reading_comprehension|writing|active_learning|learning_strategies|mathematics|science,2.62,2.5,2.88,2.62,2.5,2.5,3.0,2.75,1.88,1.38,1.75,0.88,3.25,3.0,2.62,2.12,2.25,2.0,3.12,3.0
39-1013.00,First-Line Supervisors of Gambling Services Workers,monitoring|active_listening|speaking|reading_comprehension|critical_thinking|writing|active_learning|learning_strategies|mathematics|science,critical_thinking|reading_comprehension|speaking|monitoring|active_listening|writing|active_learning|learning_strategies|mathematics|science,3.62,3.62,3.75,3.5,3.38,3.25,3.75,3.62,2.62,2.38,1.25,0.38,3.62,3.88,3.0,3.0,2.75,2.75,3.88,3.62
39-1014.00,"First-Line Supervisors of Entertainment and Recreation Workers, Except Gambling Services",speaking|reading_comprehension|active_listening|critical_thinking|monitoring|writing|active_learning|learning_strategies|mathematics|science,reading_comprehension|speaking|active_listening|critical_thinking|writing|learning_strategies|monitoring|active_learning|mathematics|science,3.38,3.75,3.38,3.5,3.25,3.38,3.5,3.75,2.5,2.25,1.12,0.12,3.38,3.5,3.0,2.88,3.0,3.12,3.38,3.12
39-1022.00,First-Line Supervisors of Personal Service Workers,active_listening|critical_thinking|speaking|reading_comprehension|writing|monitoring|active_learning|learning_strategies|mathematics|science,active_listening|critical_thinking|reading_comprehension|speaking|monitoring|writing|learning_strategies|active_learning|mathematics|science,3.62,3.75,3.88,3.88,3.25,3.12,3.75,3.75,2.12,2.12,1.38,0.5,3.88,3.88,3.12,3.0,3.12,3.12,3.25,3.62
39-2011.00,Animal Trainers,speaking|learning_strategies|critical_thinking|active_learning|active_listening|monitoring|reading_comprehension|writing|mathematics|science,learning_strategies|monitoring|critical_thinking|reading_comprehension|active_learning|active_listening|speaking|writing|mathematics|science,2.88,3.12,3.12,3.0,2.88,2.75,3.5,3.0,1.88,1.62,1.75,1.38,3.38,3.38,3.25,3.12,3.5,3.88,3.12,3.5
39-2021.00,Animal Caretakers,monitoring|reading_comprehension|active_listening|speaking|writing|critical_thinking|active_learning|mathematics|learning_strategies|science,active_listening|reading_comprehension|critical_thinking|monitoring|speaking|writing|active_learning|learning_strategies|mathematics|science,3.0,2.88,3.0,3.0,2.75,2.5,2.88,2.75,2.0,1.88,1.5,0.5,2.75,2.88,2.38,2.12,2.0,2.0,3.12,2.88
39-3011.00,Gambling Dealers,active_listening|speaking|reading_comprehension|monitoring|mathematics|critical_thinking|writing|active_learning|learning_strategies|science,active_listening|monitoring|speaking|critical_thinking|reading_comprehension|active_learning|writing|mathematics|learning_strategies|science,3.0,2.62,3.38,3.0,2.25,2.25,3.38,2.88,2.75,2.0,1.0,0.0,2.75,2.88,2.25,2.38,2.0,2.0,3.0,3.0
39-3012.00,Gambling and Sports Book Writers and Runners,active_listening|speaking|monitoring|mathematics|writing|critical_thinking|reading_comprehension|active_learning|learning_strategies|science,reading_comprehension|active_listening|monitoring|speaking|critical_thinking|writing|mathematics|active_learning|learning_strategies|science,2.75,3.12,3.5,3.12,2.88,2.75,3.12,2.88,3.0,2.75,1.25,0.25,2.88,2.88,2.62,2.5,2.25,2.12,3.12,3.12
39-3021.00,Motion Picture Projectionists,reading_comprehension|active_listening|speaking|critical_thinking|monitoring|writing|active_learning|learning_strategies|mathematics|science,reading_comprehension|active_listening|speaking|monitoring|writing|critical_thinking|active_learning|learning_strategies|mathematics|science,3.0,3.0,3.0,3.0,2.12,2.75,3.0,2.88,1.5,0.5,1.0,0.0,2.88,2.75,2.12,2.12,2.0,2.0,2.88,2.88
39-3031.00,"Ushers, Lobby Attendants, and Ticket Takers",active_listening|speaking|reading_comprehension|critical_thinking|monitoring|active_learning|writing|learning_strategies|mathematics|science,active_listening|critical_thinking|speaking|monitoring|reading_comprehension|writing|active_learning|learning_strategies|mathematics|science,2.75,2.12,3.12,3.0,2.0,2.0,3.12,2.62,1.75,0.75,1.0,0.0,2.75,2.75,2.5,2.0,1.88,0.88,2.75,2.5
39-3091.00,Amusement and Recreation Attendants,speaking|active_listening|monitoring|critical_thinking|writing|reading_comprehension|active_learning|learning_strategies|mathematics|science,speaking|critical_thinking|active_listening|monitoring|reading_comprehension|writing|active_learning|learning_strategies|mathematics|science,2.38,2.0,3.0,2.5,2.5,2.0,3.25,2.75,2.0,1.75,1.0,0.0,2.75,2.75,2.38,2.0,2.12,2.0,2.88,2.38
39-3092.00,Costume Attendants,active_listening|speaking|monitoring|reading_comprehension|critical_thinking|writing|active_learning|learning_strategies|mathematics|science,reading_comprehension|active_listening|speaking|monitoring|critical_thinking|writing|active_learning|learning_strategies|mathematics|science,2.88,3.12,3.12,3.12,2.5,2.38,3.12,3.0,1.5,1.0,1.0,0.0,2.88,2.88,2.5,2.25,1.88,1.62,3.12,3.0
39-3093.00,"Locker Room, Coatroom, and Dressing Room Attendants",active_listening|speaking|reading_comprehension|monitoring|writing|critical_thinking|active_learning|mathematics|learning_strategies|science,speaking|active_listening|reading_comprehension|monitoring|writing|critical_thinking|active_learning|mathematics|learning_strategies|science,2.75,2.5,3.38,2.75,2.38,2.25,3.38,2.88,1.62,0.75,1.0,0.0,2.38,2.25,1.88,1.75,1.5,0.62,2.5,2.38
39-4011.00,Embalmers,speaking|active_listening|writing|critical_thinking|reading_comprehension|active_learning|monitoring|science|learning_strategies|mathematics,active_listening|speaking|reading_comprehension|critical_thinking|monitoring|writing|active_learning|learning_strategies|science|mathematics,3.0,3.38,3.75,3.75,3.12,3.0,3.88,3.75,2.0,2.0,2.62,2.25,3.12,3.12,3.0,3.0,2.12,2.75,3.0,3.12
39-4021.00,Funeral Attendants,active_listening|speaking|monitoring|reading_comprehension|critical_thinking|writing|active_learning|learning_strategies|mathematics|science,active_listening|speaking|monitoring|reading_comprehension|critical_thinking|writing|active_learning|learning_strategies|mathematics|science,2.75,2.75,3.12,3.12,2.25,2.12,3.0,3.0,1.75,1.12,1.25,0.25,2.62,2.62,2.0,1.88,2.0,1.5,3.0,3.0
39-4031.00,"Morticians, Undertakers, and Funeral Arrangers",active_listening|speaking|reading_comprehension|writing|critical_thinking|active_learning|monitoring|mathematics|learning_strategies|science,active_listening|speaking|reading_comprehension|writing|critical_thinking|monitoring|active_learning|learning_strategies|mathematics|science,3.25,3.88,4.12,4.0,3.25,3.88,3.75,4.0,2.75,2.75,1.75,1.38,3.12,3.62,3.0,3.0,2.75,2.88,3.0,3.38
39-5011.00,Barbers,active_listening|speaking|reading_comprehension|monitoring|critical_thinking|active_learning|writing|learning_strategies|mathematics|science,active_listening|speaking|monitoring|critical_thinking|active_learning|reading_comprehension|learning_strategies|writing|mathematics|science,2.75,2.12,3.25,3.0,2.25,2.0,3.12,2.88,1.88,0.88,1.12,0.12,2.62,2.75,2.62,2.62,2.25,2.12,2.75,2.88
39-5012.00,"Hairdressers, Hairstylists, and Cosmetologists",active_listening|speaking|critical_thinking|active_learning|reading_comprehension|monitoring|writing|learning_strategies|mathematics|science,critical_thinking|reading_comprehension|active_listening|speaking|active_learning|learning_strategies|monitoring|writing|mathematics|science,3.0,3.0,3.88,3.0,2.88,2.88,3.75,3.0,2.38,2.0,1.62,1.0,3.38,3.5,3.25,3.0,2.88,3.0,3.0,3.0
39-5091.00,"Makeup Artists, Theatrical and Performance",speaking|reading_comprehension|active_listening|critical_thinking|active_learning|monitoring|writing|learning_strategies|mathematics|science,reading_comprehension|critical_thinking|active_listening|monitoring|speaking|active_learning|writing|learning_strategies|mathematics|science,3.62,3.38,3.5,3.25,2.88,2.88,3.75,3.12,2.12,2.12,1.5,0.5,3.25,3.38,3.12,3.0,2.75,2.62,3.12,3.25
39-5092.00,Manicurists and Pedicurists,active_listening|speaking|reading_comprehension|active_learning|monitoring|critical_thinking|writing|learning_strategies|mathematics|science,active_listening|speaking|critical_thinking|active_learning|reading_comprehension|monitoring|writing|learning_strategies|mathematics|science,2.75,2.12,3.0,2.75,2.12,1.88,3.0,2.62,1.88,1.25,1.0,0.0,2.5,2.5,2.75,2.25,2.12,1.88,2.62,2.12
39-5093.00,Shampooers,speaking|active_listening|monitoring|reading_comprehension|critical_thinking|writing|active_learning|learning_strategies|mathematics|science,active_listening|speaking|monitoring|reading_comprehension|critical_thinking|writing|active_learning|learning_strategies|mathematics|science,2.5,2.25,3.12,2.62,2.38,2.0,3.25,2.5,1.62,1.12,1.0,0.0,2.5,2.12,2.25,2.0,2.0,1.75,2.75,2.38
39-5094.00,Skincare Specialists,speaking|active_listening|monitoring|reading_comprehension|critical_thinking|active_learning|writing|learning_strategies|mathematics|science,active_listening|reading_comprehension|speaking|active_learning|monitoring|critical_thinking|learning_strategies|writing|mathematics|science,3.12,3.12,3.5,3.25,2.88,2.62,3.75,3.12,2.0,1.12,1.38,0.38,3.12,3.0,3.0,3.12,2.75,2.88,3.25,3.12
39-6011.00,Baggage Porters and Bellhops,active_listening|speaking|critical_thinking|reading_comprehension|monitoring|writing|active_learning|learning_strategies|mathematics|science,active_listening|critical_thinking|reading_comprehension|speaking|monitoring|writing|active_learning|learning_strategies|mathematics|science,2.88,2.62,3.62,3.12,2.75,2.12,3.62,2.62,2.0,1.88,1.0,0.0,3.0,2.75,2.25,2.12,2.25,2.0,2.88,2.25
39-6012.00,Concierges,active_listening|speaking|reading_comprehension|critical_thinking|monitoring|active_learning|writing|mathematics|learning_strategies|science,active_listening|critical_thinking|speaking|reading_comprehension|writing|active_learning|monitoring|learning_strategies|mathematics|science,3.0,3.0,4.0,3.88,2.75,3.0,4.0,3.38,2.0,2.0,1.0,0.0,3.0,3.5,2.88,2.75,2.0,2.12,3.0,2.75
39-7011.00,Tour Guides and Escorts,speaking|active_listening|reading_comprehension|monitoring|critical_thinking|writing|active_learning|learning_strategies|mathematics|science,speaking|active_listening|critical_thinking|reading_comprehension|monitoring|learning_strategies|active_learning|writing|mathematics|science,3.0,3.0,3.25,3.12,2.25,2.25,3.88,3.25,2.0,1.12,1.0,0.0,2.88,3.12,2.25,2.38,2.25,2.62,3.0,3.0
39-7012.00,Travel Guides,speaking|active_listening|reading_comprehension|writing|critical_thinking|active_learning|monitoring|learning_strategies|mathematics|science,active_listening|reading_comprehension|critical_thinking|writing|speaking|monitoring|active_learning|learning_strategies|mathematics|science,3.25,3.75,3.88,4.0,3.12,3.25,4.0,3.25,2.5,2.5,1.0,0.0,3.12,3.75,3.12,3.0,2.75,3.0,3.0,3.12
39-9011.00,Childcare Workers,monitoring|active_listening|speaking|critical_thinking|reading_comprehension|writing|active_learning|learning_strategies|mathematics|science,learning_strategies|monitoring|reading_comprehension|active_listening|speaking|critical_thinking|active_learning|writing|mathematics|science,3.0,3.0,3.12,3.0,3.0,2.88,3.12,3.0,2.12,1.88,1.12,0.12,3.12,3.0,3.0,3.0,3.0,3.12,3.5,3.12
39-9011.01,Nannies,active_listening|monitoring|speaking|critical_thinking|learning_strategies|reading_comprehension|writing|active_learning|mathematics|science,monitoring|critical_thinking|learning_strategies|reading_comprehension|active_listening|speaking|active_learning|writing|mathematics|science,3.0,3.0,3.88,3.0,3.0,2.88,3.75,3.0,1.62,0.75,1.62,0.62,3.62,3.12,3.0,3.0,3.25,3.12,3.88,3.5
39-9031.00,Exercise Trainers and Group Fitness Instructors,speaking|active_listening|learning_strategies|reading_comprehension|critical_thinking|active_learning|monitoring|writing|mathematics|science,learning_strategies|monitoring|reading_comprehension|active_listening|writing|speaking|critical_thinking|active_learning|mathematics|science,3.0,3.12,3.25,3.0,2.62,3.0,3.62,3.0,1.75,0.88,1.75,0.75,3.0,3.0,3.0,3.0,3.12,3.62,3.0,3.62
39-9032.00,Recreation Workers,active_listening|speaking|monitoring|critical_thinking|reading_comprehension|writing|active_learning|learning_strategies|mathematics|science,active_listening|speaking|critical_thinking|monitoring|reading_comprehension|writing|active_learning|learning_strategies|mathematics|science,3.12,3.25,4.0,4.0,3.12,3.12,4.0,4.0,2.12,2.0,1.62,0.62,3.25,3.62,3.12,3.12,3.12,3.12,3.75,3.38
39-9041.00,Residential Advisors,active_listening|speaking|monitoring|critical_thinking|reading_comprehension|writing|active_learning|learning_strategies|mathematics|science,critical_thinking|active_listening|speaking|monitoring|reading_comprehension|writing|active_learning|learning_strategies|mathematics|science,3.12,3.38,3.88,3.88,3.0,3.0,3.75,3.88,2.0,2.0,1.38,0.38,3.62,4.0,3.0,3.0,2.75,2.88,3.75,3.62
41-1011.00,First-Line Supervisors of Retail Sales Workers,active_listening|speaking|critical_thinking|monitoring|reading_comprehension|writing|active_learning|learning_strategies|mathematics|science,reading_comprehension|speaking|critical_thinking|monitoring|active_listening|writing|learning_strategies|active_learning|mathematics|science,3.0,3.88,3.88,3.62,3.0,3.62,3.75,3.88,2.75,3.0,1.0,0.0,3.5,3.88,3.0,3.38,3.0,3.5,3.5,3.88
41-1012.00,First-Line Supervisors of Non-Retail Sales Workers,active_listening|speaking|monitoring|reading_comprehension|writing|critical_thinking|active_learning|learning_strategies|mathematics|science,monitoring|reading_comprehension|active_listening|writing|speaking|critical_thinking|active_learning|learning_strategies|mathematics|science,3.62,4.12,4.0,4.0,3.62,4.0,4.0,4.0,3.0,3.0,1.0,0.0,3.62,3.88,3.5,3.62,3.25,3.62,4.0,4.25
41-2011.00,Cashiers,active_listening|speaking|reading_comprehension|critical_thinking|mathematics|monitoring|writing|active_learning|learning_strategies|science,active_listening|critical_thinking|reading_comprehension|speaking|monitoring|writing|mathematics|active_learning|learning_strategies|science,2.75,2.62,3.0,2.88,2.12,2.12,3.0,2.62,2.62,2.12,1.25,0.12,2.75,2.75,2.0,2.0,2.0,1.88,2.62,2.38
41-2012.00,Gambling Change Persons and Booth Cashiers,reading_comprehension|active_listening|speaking|mathematics|critical_thinking|monitoring|writing|active_learning|learning_strategies|science,reading_comprehension|active_listening|critical_thinking|speaking|writing|mathematics|monitoring|active_learning|learning_strategies|science,3.12,3.0,3.0,3.0,2.75,2.62,3.0,2.75,2.88,2.5,1.0,0.0,2.88,2.88,2.0,2.12,2.0,2.12,2.88,2.5
41-2021.00,Counter and Rental Clerks,active_listening|speaking|reading_comprehension|critical_thinking|writing|monitoring|active_learning|mathematics|learning_strategies|science,reading_comprehension|active_listening|writing|speaking|critical_thinking|monitoring|mathematics|active_learning|learning_strategies|science,3.25,3.12,3.75,3.12,3.0,3.0,3.38,3.0,2.25,2.25,1.0,0.0,3.12,2.88,2.75,2.25,2.12,2.0,3.0,2.88
41-2022.00,Parts Salespersons,active_listening|speaking|reading_comprehension|critical_thinking|monitoring|writing|active_learning|mathematics|learning_strategies|science,active_listening|speaking|critical_thinking|reading_comprehension|active_learning|monitoring|writing|mathematics|learning_strategies|science,3.62,3.12,4.0,3.88,3.0,2.75,4.0,3.38,2.75,2.5,1.0,0.0,3.25,3.25,2.88,3.12,2.38,2.12,3.12,3.0
41-2031.00,Retail Salespersons,active_listening|speaking|critical_thinking|reading_comprehension|writing|active_learning|monitoring|mathematics|learning_strategies|science,active_listening|reading_comprehension|speaking|critical_thinking|monitoring|writing|active_learning|learning_strategies|mathematics|science,3.0,3.12,3.75,3.75,3.0,3.0,3.75,3.12,2.62,2.0,1.0,0.0,3.12,3.12,3.0,2.88,2.62,2.25,3.0,3.12
41-3011.00,Advertising Sales Agents,speaking|active_listening|reading_comprehension|writing|critical_thinking|monitoring|active_learning|mathematics|learning_strategies|science,active_listening|speaking|reading_comprehension|critical_thinking|active_learning|writing|monitoring|learning_strategies|mathematics|science,3.62,3.88,4.0,4.0,3.25,3.62,4.12,4.0,2.88,2.88,1.0,0.0,3.25,3.75,3.0,3.75,2.75,3.0,3.12,3.25
41-3021.00,Insurance Sales Agents,reading_comprehension|active_listening|speaking|critical_thinking|writing|mathematics|active_learning|monitoring|learning_strategies|science,reading_comprehension|active_listening|speaking|critical_thinking|writing|active_learning|mathematics|monitoring|learning_strategies|science,4.0,4.0,3.88,4.0,3.62,3.62,3.88,4.0,3.0,3.0,1.12,0.12,3.75,3.88,3.0,3.38,2.75,2.75,2.88,3.0
41-3031.00,"Securities, Commodities, and Financial Services Sales Agents",active_listening|critical_thinking|monitoring|reading_comprehension|speaking|active_learning|writing|mathematics|learning_strategies|science,active_listening|reading_comprehension|speaking|critical_thinking|active_learning|monitoring|writing|mathematics|learning_strategies|science,3.5,3.75,3.75,3.88,3.38,3.5,3.5,3.75,3.12,3.25,1.25,0.38,3.75,3.75,3.5,3.75,2.62,2.88,3.62,3.75
41-3041.00,Travel Agents,active_listening|reading_comprehension|speaking|writing|critical_thinking|active_learning|monitoring|mathematics|learning_strategies|science,active_listening|reading_comprehension|critical_thinking|speaking|active_learning|writing|monitoring|mathematics|learning_strategies|science,4.0,3.75,4.12,4.0,3.12,3.0,4.0,3.12,2.88,2.5,1.25,0.25,3.12,3.75,3.12,3.12,2.5,2.25,3.0,2.88
41-3091.00,"Sales Representatives of Services, Except Advertising, Insurance, Financial Services, and Travel",active_listening|speaking|reading_comprehension|writing|critical_thinking|active_learning|monitoring|mathematics|learning_strategies|science,active_listening|reading_comprehension|speaking|critical_thinking|writing|active_learning|monitoring|mathematics|learning_strategies|science,3.62,3.62,3.88,3.75,3.38,3.25,3.88,3.62,2.62,2.38,1.0,0.0,3.38,3.5,3.38,3.12,2.38,2.12,3.12,3.0
41-4011.00,"Sales Representatives, Wholesale and Manufacturing, Technical and Scientific Products",speaking|active_listening|reading_comprehension|active_learning|writing|critical_thinking|monitoring|mathematics|learning_strategies|science,reading_comprehension|active_listening|speaking|critical_thinking|active_learning|writing|monitoring|learning_strategies|mathematics|science,3.75,4.12,4.12,4.12,3.38,3.62,4.25,4.0,2.88,2.88,1.5,0.62,3.38,3.75,3.5,3.75,2.75,3.0,3.12,3.12
41-4011.07,Solar Sales Representatives and Assessors,speaking|reading_comprehension|active_listening|critical_thinking|writing|active_learning|monitoring|mathematics|learning_strategies|science,speaking|active_listening|reading_comprehension|critical_thinking|monitoring|writing|mathematics|active_learning|learning_strategies|science,3.62,3.62,3.5,3.75,3.12,3.0,4.0,4.0,2.75,3.0,1.38,0.5,3.5,3.62,3.12,3.0,2.75,2.75,3.0,3.12
41-4012.00,"Sales Representatives, Wholesale and Manufacturing, Except Technical and Scientific Products",active_listening|speaking|critical_thinking|reading_comprehension|writing|active_learning|monitoring|mathematics|learning_strategies|science,active_listening|speaking|reading_comprehension|critical_thinking|writing|active_learning|monitoring|mathematics|learning_strategies|science,3.38,3.75,4.0,4.0,3.25,3.25,4.0,4.0,2.25,2.25,1.0,0.0,3.5,3.75,3.12,3.25,2.25,2.12,3.12,3.25
41-9011.00,Demonstrators and Product Promoters,active_listening|speaking|reading_comprehension|writing|critical_thinking|monitoring|active_learning|learning_strategies|mathematics|science,speaking|active_listening|reading_comprehension|monitoring|writing|critical_thinking|active_learning|learning_strategies|mathematics|science,3.25,3.25,3.88,3.62,3.0,3.0,3.88,3.88,2.12,1.88,1.0,0.0,3.0,3.0,2.88,3.0,2.75,2.75,3.0,3.12
41-9012.00,Models,active_listening|speaking|critical_thinking|reading_comprehension|writing|active_learning|monitoring|mathematics|learning_strategies|science,active_listening|speaking|reading_comprehension|writing|critical_thinking|monitoring|active_learning|mathematics|learning_strategies|science,2.5,2.0,2.75,2.62,2.0,2.0,2.75,2.12,1.25,0.25,1.0,0.0,2.62,1.88,1.88,1.62,1.12,0.12,1.88,1.75
41-9021.00,Real Estate Brokers,reading_comprehension|active_listening|speaking|active_learning|critical_thinking|writing|mathematics|monitoring|learning_strategies|science,reading_comprehension|active_listening|speaking|critical_thinking|active_learning|writing|monitoring|mathematics|learning_strategies|science,4.0,4.0,4.0,4.0,3.38,3.62,4.0,4.0,3.0,3.12,1.0,0.0,3.88,4.0,4.0,4.0,2.12,2.12,3.0,3.38
41-9022.00,Real Estate Sales Agents,active_listening|speaking|critical_thinking|reading_comprehension|writing|active_learning|mathematics|monitoring|learning_strategies|science,reading_comprehension|active_listening|speaking|writing|critical_thinking|active_learning|mathematics|monitoring|learning_strategies|science,3.38,4.0,4.0,4.0,3.25,3.75,4.0,4.0,3.0,3.12,1.0,0.0,3.62,3.75,3.25,3.25,2.5,2.0,3.0,3.0
41-9031.00,Sales Engineers,speaking|reading_comprehension|active_listening|critical_thinking|writing|active_learning|mathematics|learning_strategies|monitoring|science,reading_comprehension|speaking|active_listening|active_learning|writing|critical_thinking|mathematics|monitoring|learning_strategies|science,4.0,4.88,4.0,4.12,3.75,4.0,4.12,4.25,3.0,3.62,2.12,2.0,4.0,4.0,3.75,4.12,3.0,3.38,2.88,3.5
41-9041.00,Telemarketers,speaking|active_listening|reading_comprehension|critical_thinking|writing|monitoring|active_learning|learning_strategies|mathematics|science,active_listening|speaking|reading_comprehension|critical_thinking|writing|monitoring|active_learning|learning_strategies|mathematics|science,3.25,3.25,4.0,3.88,2.5,2.5,4.12,3.75,1.38,0.5,1.0,0.0,3.0,3.12,2.0,1.62,1.5,0.75,2.25,2.12
41-9091.00,"Door-to-Door Sales Workers, News and Street Vendors, and Related Workers",speaking|active_listening|reading_comprehension|writing|critical_thinking|monitoring|active_learning|learning_strategies|mathematics|science,speaking|active_listening|critical_thinking|monitoring|reading_comprehension|writing|active_learning|learning_strategies|mathematics|science,3.0,2.75,3.38,3.12,2.88,2.75,4.0,3.38,1.88,1.12,1.0,0.0,2.88,3.12,2.62,2.62,2.25,2.0,2.75,2.88
43-1011.00,First-Line Supervisors of Office and Administrative Support Workers,reading_comprehension|active_listening|speaking|monitoring|critical_thinking|writing|active_learning|learning_strategies|mathematics|science,speaking|monitoring|active_listening|critical_thinking|reading_comprehension|writing|active_learning|learning_strategies|mathematics|science,4.0,3.75,4.0,3.88,3.75,3.75,4.0,4.0,2.75,2.75,1.0,0.0,3.88,3.88,3.75,3.75,3.62,3.75,4.0,4.0
43-2011.00,"Switchboard Operators, Including Answering Service",active_listening|speaking|reading_comprehension|monitoring|writing|critical_thinking|active_learning|learning_strategies|mathematics|science,active_listening|reading_comprehension|speaking|critical_thinking|monitoring|writing|active_learning|learning_strategies|mathematics|science,3.0,2.88,4.0,3.0,2.75,2.38,3.88,2.88,1.88,1.25,1.0,0.0,2.75,2.75,2.5,2.25,2.0,1.88,2.88,2.5
43-2021.00,Telephone Operators,active_listening|speaking|reading_comprehension|critical_thinking|monitoring|writing|active_learning|learning_strategies|mathematics|science,active_listening|speaking|reading_comprehension|critical_thinking|writing|monitoring|active_learning|learning_strategies|mathematics|science,3.0,2.88,4.0,3.62,2.25,2.25,4.0,3.38,1.88,0.88,1.0,0.0,3.0,2.88,2.25,2.0,2.0,2.0,2.75,2.25
43-3011.00,Bill and Account Collectors,active_listening|speaking|writing|reading_comprehension|critical_thinking|monitoring|active_learning|mathematics|learning_strategies|science,reading_comprehension|active_listening|speaking|critical_thinking|writing|monitoring|active_learning|mathematics|learning_strategies|science,3.12,3.62,3.88,3.62,3.25,3.12,3.88,3.62,2.62,2.62,1.0,0.0,3.12,3.5,2.88,2.75,2.12,2.12,3.0,2.88
43-3021.00,Billing and Posting Clerks,reading_comprehension|speaking|active_listening|writing|mathematics|critical_thinking|monitoring|active_learning|learning_strategies|science,reading_comprehension|active_listening|speaking|mathematics|critical_thinking|writing|monitoring|active_learning|learning_strategies|science,3.75,3.12,3.0,3.12,3.0,2.88,3.12,3.0,3.0,3.0,1.0,0.0,3.0,3.0,2.62,2.5,2.12,2.38,3.0,2.75
43-3031.00,"Bookkeeping, Accounting, and Auditing Clerks",mathematics|reading_comprehension|active_listening|critical_thinking|writing|speaking|monitoring|active_learning|learning_strategies|science,reading_comprehension|active_listening|mathematics|critical_thinking|writing|speaking|active_learning|monitoring|learning_strategies|science,3.25,3.75,3.25,3.75,3.12,3.12,3.12,3.12,3.38,3.38,1.12,0.12,3.25,3.25,2.75,3.12,2.0,1.88,3.0,2.88
43-3041.00,Gambling Cage Workers,speaking|active_listening|mathematics|reading_comprehension|writing|critical_thinking|monitoring|active_learning|learning_strategies|science,critical_thinking|active_listening|reading_comprehension|writing|speaking|monitoring|mathematics|active_learning|learning_strategies|science,3.0,3.0,3.25,3.12,3.0,3.0,3.5,3.0,3.25,2.88,1.0,0.0,3.0,3.25,2.38,2.25,2.38,2.12,3.0,3.0
43-3051.00,Payroll and Timekeeping Clerks,reading_comprehension|active_listening|mathematics|writing|speaking|critical_thinking|monitoring|active_learning|learning_strategies|science,reading_comprehension|active_listening|writing|speaking|mathematics|critical_thinking|monitoring|active_learning|learning_strategies|science,3.88,3.75,3.75,3.38,3.12,3.12,3.12,3.12,3.25,3.12,1.0,0.0,3.12,3.12,2.75,2.88,2.25,2.62,3.0,3.0
43-3061.00,Procurement Clerks,reading_comprehension|speaking|active_listening|critical_thinking|writing|monitoring|active_learning|mathematics|learning_strategies|science,reading_comprehension|active_listening|speaking|critical_thinking|active_learning|writing|monitoring|mathematics|learning_strategies|science,4.0,4.0,3.88,4.0,3.62,3.25,4.0,3.88,3.0,2.38,1.0,0.0,3.75,3.75,3.25,3.62,2.38,2.38,3.62,3.0
43-3071.00,Tellers,active_listening|speaking|reading_comprehension|critical_thinking|monitoring|writing|mathematics|active_learning|learning_strategies|science,active_listening|reading_comprehension|critical_thinking|monitoring|writing|speaking|active_learning|mathematics|learning_strategies|science,3.12,3.25,3.5,3.62,3.0,3.0,3.25,3.0,3.0,2.75,1.0,0.0,3.12,3.25,2.88,3.0,2.25,2.5,3.12,3.12
43-4011.00,Brokerage Clerks,active_listening|speaking|reading_comprehension|critical_thinking|writing|monitoring|mathematics|active_learning|learning_strategies|science,active_listening|reading_comprehension|speaking|critical_thinking|writing|mathematics|active_learning|monitoring|learning_strategies|science,3.75,3.75,3.88,3.88,3.12,3.5,3.88,3.62,3.0,3.5,1.0,0.0,3.38,3.62,3.0,3.0,2.62,2.75,3.12,3.0
43-4021.00,Correspondence Clerks,writing|reading_comprehension|active_listening|speaking|critical_thinking|monitoring|mathematics|active_learning|learning_strategies|science,writing|reading_comprehension|active_listening|critical_thinking|speaking|active_learning|monitoring|mathematics|learning_strategies|science,3.75,4.0,3.75,3.88,4.0,4.12,3.5,3.5,2.75,2.5,1.25,0.25,3.38,3.75,2.75,2.75,2.62,2.38,2.88,2.75
43-4031.00,"Court, Municipal, and License Clerks",active_listening|speaking|reading_comprehension|writing|critical_thinking|monitoring|active_learning|learning_strategies|mathematics|science,reading_comprehension|active_listening|speaking|writing|critical_thinking|monitoring|active_learning|learning_strategies|mathematics|science,3.25,3.88,3.88,3.88,3.12,3.5,3.75,3.75,2.12,2.0,1.0,0.0,3.12,3.25,2.75,2.75,2.38,2.38,3.0,2.88
43-4041.00,"Credit Authorizers, Checkers, and Clerks",reading_comprehension|active_listening|speaking|critical_thinking|writing|monitoring|active_learning|mathematics|learning_strategies|science,active_listening|reading_comprehension|speaking|critical_thinking|writing|monitoring|active_learning|mathematics|learning_strategies|science,3.62,3.5,3.62,3.62,3.12,3.12,3.62,3.5,2.5,2.5,1.12,0.12,3.25,3.38,2.62,2.62,2.5,2.25,3.0,3.0
43-4051.00,Customer Service Representatives,active_listening|speaking|reading_comprehension|critical_thinking|writing|monitoring|active_learning|learning_strategies|mathematics|science,active_listening|speaking|critical_thinking|reading_comprehension|writing|monitoring|active_learning|learning_strategies|mathematics|science,3.38,3.12,4.0,4.0,3.0,3.0,3.88,3.75,2.25,2.25,1.0,0.0,3.25,3.5,2.88,2.88,2.62,2.88,3.0,3.0
43-4061.00,"Eligibility Interviewers, Government Programs",speaking|active_listening|reading_comprehension|writing|critical_thinking|active_learning|monitoring|learning_strategies|mathematics|science,speaking|active_listening|reading_comprehension|writing|critical_thinking|active_learning|monitoring|mathematics|learning_strategies|science,3.88,4.0,4.0,4.12,3.75,3.88,4.25,4.25,2.25,2.25,1.25,0.25,3.5,3.62,3.12,3.25,2.5,2.25,3.12,3.12
43-4071.00,File Clerks,reading_comprehension|active_listening|speaking|writing|monitoring|critical_thinking|active_learning|learning_strategies|mathematics|science,reading_comprehension|active_listening|writing|speaking|critical_thinking|monitoring|active_learning|learning_strategies|mathematics|science,3.88,3.25,3.38,3.0,3.12,3.0,3.25,3.0,2.12,2.12,1.0,0.0,3.0,3.0,2.88,2.5,2.25,2.25,3.12,2.75
43-4081.00,"Hotel, Motel, and Resort Desk Clerks",speaking|active_listening|reading_comprehension|monitoring|writing|critical_thinking|active_learning|mathematics|learning_strategies|science,reading_comprehension|critical_thinking|active_listening|speaking|monitoring|writing|learning_strategies|active_learning|mathematics|science,3.0,3.5,3.38,3.25,2.88,2.88,3.75,3.0,2.62,2.12,1.0,0.0,2.88,3.5,2.75,2.25,2.62,2.62,3.0,3.0
43-4111.00,"Interviewers, Except Eligibility and Loan",active_listening|speaking|reading_comprehension|writing|critical_thinking|monitoring|active_learning|learning_strategies|mathematics|science,active_listening|speaking|reading_comprehension|writing|critical_thinking|monitoring|active_learning|learning_strategies|mathematics|science,3.5,3.62,4.0,4.0,3.25,3.38,3.88,4.0,2.25,2.12,1.0,0.0,3.25,3.25,2.88,3.0,2.88,2.88,3.0,3.12
43-4121.00,"Library Assistants, Clerical",reading_comprehension|active_listening|writing|speaking|critical_thinking|monitoring|learning_strategies|active_learning|mathematics|science,reading_comprehension|active_listening|writing|speaking|critical_thinking|monitoring|mathematics|active_learning|learning_strategies|science,3.25,3.25,3.25,3.0,3.0,3.0,3.0,3.0,2.12,2.12,1.0,0.0,3.0,2.88,2.25,2.12,2.5,2.12,2.88,2.75
43-4131.00,Loan Interviewers and Clerks,active_listening|speaking|reading_comprehension|critical_thinking|writing|active_learning|mathematics|monitoring|learning_strategies|science,reading_comprehension|active_listening|speaking|critical_thinking|writing|active_learning|mathematics|monitoring|learning_strategies|science,3.88,4.0,4.12,4.0,3.62,3.88,4.0,4.0,3.12,3.12,1.12,0.25,3.75,4.0,3.38,3.5,2.62,2.75,3.0,3.0
43-4141.00,New Accounts Clerks,active_listening|speaking|reading_comprehension|critical_thinking|monitoring|writing|mathematics|active_learning|learning_strategies|science,active_listening|speaking|reading_comprehension|critical_thinking|writing|mathematics|monitoring|active_learning|learning_strategies|science,3.5,3.62,4.0,4.0,3.0,3.0,4.0,3.88,2.88,3.0,1.0,0.0,3.12,3.5,2.75,2.62,2.5,2.12,3.12,3.0
43-4151.00,Order Clerks,active_listening|speaking|reading_comprehension|writing|critical_thinking|monitoring|mathematics|active_learning|learning_strategies|science,active_listening|reading_comprehension|speaking|critical_thinking|writing|active_learning|monitoring|mathematics|learning_strategies|science,3.5,3.5,4.0,3.62,3.12,3.0,3.88,3.5,3.0,2.75,1.0,0.0,3.12,3.5,3.0,3.0,2.38,2.12,3.12,3.0
43-4161.00,"Human Resources Assistants, Except Payroll and Timekeeping",reading_comprehension|active_listening|speaking|writing|critical_thinking|monitoring|active_learning|learning_strategies|mathematics|science,reading_comprehension|active_listening|speaking|writing|critical_thinking|monitoring|active_learning|learning_strategies|mathematics|science,4.0,4.0,4.0,4.0,3.5,3.62,3.75,3.75,2.0,2.0,1.12,0.12,3.38,3.62,3.0,3.12,2.5,2.88,3.38,3.5
43-4171.00,Receptionists and Information Clerks,speaking|active_listening|reading_comprehension|critical_thinking|writing|monitoring|active_learning|learning_strategies|mathematics|science,reading_comprehension|active_listening|writing|speaking|critical_thinking|monitoring|active_learning|mathematics|learning_strategies|science,3.12,3.12,3.75,3.12,3.0,3.0,3.88,3.0,2.0,1.88,1.0,0.0,3.12,3.0,2.75,2.12,2.12,1.88,2.88,2.75
43-4181.00,Reservation and Transportation Ticket Agents and Travel Clerks,active_listening|speaking|reading_comprehension|critical_thinking|writing|active_learning|monitoring|mathematics|learning_strategies|science,active_listening|critical_thinking|speaking|reading_comprehension|writing|active_learning|monitoring|learning_strategies|mathematics|science,3.5,3.12,4.0,4.0,3.12,3.0,4.0,3.25,2.62,2.5,1.0,0.0,3.38,3.62,3.0,3.0,2.62,2.62,3.0,2.88
43-5011.00,Cargo and Freight Agents,speaking|active_listening|reading_comprehension|critical_thinking|writing|monitoring|active_learning|mathematics|learning_strategies|science,critical_thinking|reading_comprehension|monitoring|active_listening|writing|speaking|active_learning|mathematics|learning_strategies|science,3.25,3.12,3.5,3.0,3.0,3.0,3.62,3.0,2.25,2.5,1.0,0.0,3.25,3.62,2.75,2.75,2.0,1.88,3.0,3.12
43-5011.01,Freight Forwarders,reading_comprehension|monitoring|active_listening|critical_thinking|writing|speaking|active_learning|mathematics|learning_strategies|science,active_listening|critical_thinking|reading_comprehension|speaking|writing|mathematics|active_learning|monitoring|learning_strategies|science,3.75,3.25,3.38,3.38,3.25,3.12,3.25,3.25,3.0,3.12,1.0,0.0,3.38,3.38,3.12,3.12,2.75,2.88,3.5,3.12
43-5021.00,Couriers and Messengers,active_listening|speaking|reading_comprehension|writing|critical_thinking|monitoring|active_learning|mathematics|learning_strategies|science,reading_comprehension|active_listening|writing|speaking|critical_thinking|active_learning|mathematics|monitoring|learning_strategies|science,3.0,2.88,3.25,2.88,3.0,2.75,3.25,2.62,2.5,2.12,1.12,0.12,3.0,2.62,2.62,2.25,2.12,1.88,2.75,2.12
43-5031.00,Public Safety Telecommunicators,active_listening|speaking|critical_thinking|reading_comprehension|active_learning|monitoring|writing|learning_strategies|mathematics|science,active_listening|speaking|critical_thinking|reading_comprehension|monitoring|writing|active_learning|learning_strategies|mathematics|science,3.62,3.75,4.38,4.0,3.0,3.0,4.12,4.0,2.0,1.75,1.38,0.38,3.75,3.88,3.12,3.0,2.75,2.88,3.12,3.25
43-5032.00,"Dispatchers, Except Police, Fire, and Ambulance",active_listening|speaking|monitoring|reading_comprehension|writing|critical_thinking|active_learning|learning_strategies|mathematics|science,active_listening|speaking|critical_thinking|reading_comprehension|monitoring|writing|active_learning|learning_strategies|mathematics|science,3.75,3.25,4.0,3.88,3.12,2.88,4.0,3.88,2.12,2.0,1.12,0.12,3.12,3.75,3.0,2.88,2.75,2.75,3.88,3.25
43-5041.00,"Meter Readers, Utilities",speaking|critical_thinking|reading_comprehension|active_listening|monitoring|active_learning|writing|mathematics|learning_strategies|science,active_listening|speaking|reading_comprehension|critical_thinking|monitoring|writing|active_learning|mathematics|learning_strategies|science,2.88,2.88,2.88,3.0,2.38,2.62,3.0,3.0,2.0,2.0,1.12,0.12,3.0,2.88,2.5,2.12,2.0,2.0,2.62,2.75
43-5051.00,Postal Service Clerks,active_listening|speaking|reading_comprehension|critical_thinking|monitoring|writing|mathematics|active_learning|learning_strategies|science,critical_thinking|reading_comprehension|active_listening|writing|speaking|mathematics|monitoring|active_learning|learning_strategies|science,3.12,3.12,3.38,3.12,2.88,3.0,3.25,3.0,2.75,2.5,1.0,0.0,3.0,3.25,2.62,2.0,2.12,2.0,3.0,2.5
43-5052.00,Postal Service Mail Carriers,active_listening|speaking|critical_thinking|reading_comprehension|monitoring|writing|active_learning|learning_strategies|mathematics|science,active_listening|reading_comprehension|speaking|critical_thinking|monitoring|writing|active_learning|mathematics|learning_strategies|science,2.62,2.88,3.0,3.0,2.12,2.12,3.0,2.75,1.62,1.12,1.0,0.0,3.0,2.75,2.0,2.0,1.75,1.12,2.62,2.25
43-5053.00,"Postal Service Mail Sorters, Processors, and Processing Machine Operators",monitoring|reading_comprehension|speaking|critical_thinking|active_listening|writing|active_learning|learning_strategies|mathematics|science,reading_comprehension|active_listening|monitoring|speaking|critical_thinking|learning_strategies|active_learning|writing|mathematics|science,3.0,2.75,2.88,2.75,2.25,1.88,3.0,2.62,2.0,1.38,1.0,0.0,3.0,2.62,2.12,2.0,2.12,2.12,3.12,2.75
43-5061.00,"Production, Planning, and Expediting Clerks",reading_comprehension|speaking|active_listening|critical_thinking|writing|monitoring|active_learning|mathematics|learning_strategies|science,reading_comprehension|active_listening|critical_thinking|monitoring|speaking|writing|active_learning|mathematics|learning_strategies|science,3.62,3.75,3.5,3.62,3.12,3.0,3.62,3.12,2.62,2.62,1.12,0.12,3.38,3.62,2.75,2.75,2.38,2.12,3.12,3.5
43-5071.00,"Shipping, Receiving, and Inventory Clerks",speaking|reading_comprehension|active_listening|critical_thinking|monitoring|writing|active_learning|mathematics|learning_strategies|science,reading_comprehension|active_listening|speaking|critical_thinking|monitoring|writing|mathematics|learning_strategies|active_learning|science,3.12,3.12,3.12,3.0,2.62,2.75,3.25,3.0,2.25,2.25,1.0,0.0,3.0,3.0,2.38,2.12,2.12,2.25,3.0,3.0
43-5111.00,"Weighers, Measurers, Checkers, and Samplers, Recordkeeping",critical_thinking|reading_comprehension|speaking|monitoring|active_listening|writing|mathematics|active_learning|learning_strategies|science,monitoring|reading_comprehension|active_listening|writing|speaking|critical_thinking|mathematics|active_learning|learning_strategies|science,3.25,3.0,3.0,3.0,2.88,3.0,3.12,3.0,2.88,2.75,1.5,0.75,3.38,3.0,2.75,2.75,2.75,2.5,3.12,3.12
43-6011.00,Executive Secretaries and Executive Administrative Assistants,reading_comprehension|active_listening|speaking|writing|critical_thinking|active_learning|monitoring|learning_strategies|mathematics|science,reading_comprehension|active_listening|speaking|writing|critical_thinking|monitoring|active_learning|learning_strategies|mathematics|science,4.0,4.0,4.0,4.0,3.75,3.75,3.88,3.88,2.75,2.25,1.38,0.38,3.25,3.75,3.12,3.12,2.88,3.0,3.12,3.62
43-6012.00,Legal Secretaries and Administrative Assistants,reading_comprehension|active_listening|writing|speaking|critical_thinking|monitoring|active_learning|learning_strategies|mathematics|science,reading_comprehension|active_listening|writing|speaking|critical_thinking|monitoring|active_learning|mathematics|learning_strategies|science,4.0,4.0,4.0,4.0,3.88,3.88,3.75,3.25,2.12,2.12,1.0,0.0,3.0,3.0,2.75,2.88,2.25,2.12,3.0,3.0
43-6013.00,Medical Secretaries and Administrative Assistants,speaking|active_listening|reading_comprehension|writing|critical_thinking|monitoring|active_learning|mathematics|learning_strategies|science,speaking|active_listening|reading_comprehension|writing|critical_thinking|monitoring|active_learning|learning_strategies|mathematics|science,3.5,3.12,3.88,3.5,3.12,3.0,4.0,3.62,2.12,2.0,1.12,0.12,3.12,3.0,2.25,2.25,2.12,2.12,3.0,2.88
43-6014.00,"Secretaries and Administrative Assistants, Except Legal, Medical, and Executive",active_listening|speaking|reading_comprehension|writing|monitoring|critical_thinking|active_learning|learning_strategies|mathematics|science,reading_comprehension|active_listening|speaking|critical_thinking|writing|monitoring|active_learning|learning_strategies|mathematics|science,3.88,3.88,4.0,3.75,3.75,3.5,4.0,3.62,2.0,1.62,1.0,0.0,3.0,3.62,2.88,3.0,2.12,1.88,3.12,3.25
43-9021.00,Data Entry Keyers,reading_comprehension|active_listening|monitoring|writing|speaking|critical_thinking|active_learning|learning_strategies|mathematics|science,reading_comprehension|active_listening|writing|speaking|critical_thinking|monitoring|active_learning|learning_strategies|mathematics|science,3.62,3.38,3.38,3.0,3.0,3.0,2.88,3.0,2.0,2.0,1.0,0.0,2.88,2.88,2.75,2.12,2.12,2.12,3.25,2.25
43-9022.00,Word Processors and Typists,reading_comprehension|active_listening|writing|speaking|monitoring|critical_thinking|mathematics|active_learning|learning_strategies|science,reading_comprehension|writing|active_listening|speaking|critical_thinking|monitoring|active_learning|mathematics|learning_strategies|science,3.75,3.62,3.38,3.25,3.25,3.38,3.0,3.0,2.12,1.88,1.0,0.0,2.88,2.62,2.12,2.0,1.88,1.5,3.0,2.38
43-9031.00,Desktop Publishers,reading_comprehension|critical_thinking|active_listening|speaking|writing|active_learning|monitoring|learning_strategies|mathematics|science,reading_comprehension|critical_thinking|active_listening|writing|speaking|monitoring|active_learning|learning_strategies|mathematics|science,3.75,4.0,3.5,3.75,3.12,3.62,3.5,3.62,2.0,2.12,1.0,0.0,3.75,3.88,3.0,3.0,2.88,3.0,3.0,3.5
43-9041.00,Insurance Claims and Policy Processing Clerks,reading_comprehension|speaking|active_listening|critical_thinking|writing|monitoring|active_learning|learning_strategies|mathematics|science,reading_comprehension|active_listening|critical_thinking|speaking|writing|monitoring|active_learning|mathematics|learning_strategies|science,3.5,3.5,3.25,3.5,3.12,3.12,3.38,3.25,2.38,2.38,1.12,0.12,3.25,3.38,2.62,2.75,2.62,2.38,3.0,2.88
43-9051.00,"Mail Clerks and Mail Machine Operators, Except Postal Service",reading_comprehension|speaking|critical_thinking|monitoring|active_listening|writing|mathematics|active_learning|learning_strategies|science,critical_thinking|monitoring|active_listening|writing|speaking|reading_comprehension|active_learning|mathematics|learning_strategies|science,3.0,2.62,2.88,2.75,2.88,2.75,3.0,2.75,2.25,2.0,1.12,0.12,3.0,2.88,2.25,2.12,2.12,2.0,3.0,2.88
43-9061.00,"Office Clerks, General",reading_comprehension|active_listening|speaking|writing|critical_thinking|monitoring|active_learning|mathematics|learning_strategies|science,reading_comprehension|active_listening|writing|speaking|critical_thinking|monitoring|active_learning|learning_strategies|mathematics|science,3.75,3.5,3.75,3.5,3.12,3.12,3.62,3.0,2.12,2.12,1.0,0.0,3.0,3.0,2.75,2.75,2.12,2.25,2.88,2.88
43-9071.00,"Office Machine Operators, Except Computer",reading_comprehension|active_listening|speaking|critical_thinking|monitoring|writing|active_learning|mathematics|learning_strategies|science,speaking|monitoring|reading_comprehension|active_listening|writing|critical_thinking|active_learning|mathematics|learning_strategies|science,3.12,2.88,3.0,2.88,2.88,2.75,3.0,3.0,2.5,2.0,1.0,0.0,3.0,2.62,2.75,2.62,2.0,2.0,3.0,3.0
43-9081.00,Proofreaders and Copy Markers,reading_comprehension|writing|speaking|active_listening|critical_thinking|monitoring|active_learning|learning_strategies|mathematics|science,reading_comprehension|writing|active_listening|speaking|critical_thinking|monitoring|active_learning|learning_strategies|mathematics|science,4.25,4.25,3.12,3.12,3.62,4.0,3.25,3.12,1.88,1.0,1.12,0.12,3.0,3.0,2.5,2.38,2.0,1.38,2.88,2.75
43-9111.00,Statistical Assistants,mathematics|reading_comprehension|critical_thinking|active_learning|writing|active_listening|speaking|monitoring|learning_strategies|science,mathematics|reading_comprehension|critical_thinking|writing|speaking|active_learning|active_listening|learning_strategies|monitoring|science,3.75,4.0,3.38,3.62,3.5,3.75,3.38,3.75,4.38,4.88,2.12,2.5,3.75,3.88,3.62,3.75,2.88,3.0,3.0,3.0
45-1011.00,"First-Line Supervisors of Farming, Fishing, and Forestry Workers",critical_thinking|speaking|monitoring|reading_comprehension|active_listening|learning_strategies|writing|active_learning|mathematics|science,monitoring|speaking|critical_thinking|reading_comprehension|active_listening|writing|active_learning|learning_strategies|mathematics|science,3.5,3.62,3.38,3.5,3.12,3.5,3.62,3.75,2.88,3.12,2.25,1.75,3.75,3.75,3.0,3.38,3.25,3.38,3.62,4.0
45-2011.00,Agricultural Inspectors,reading_comprehension|active_listening|monitoring|critical_thinking|speaking|active_learning|writing|learning_strategies|science|mathematics,monitoring|reading_comprehension|critical_thinking|speaking|active_listening|writing|active_learning|learning_strategies|mathematics|science,3.75,4.0,3.75,3.62,3.12,3.62,3.5,3.88,2.62,2.75,2.75,2.75,3.62,4.0,3.25,3.38,2.88,3.0,3.75,4.12
45-2021.00,Animal Breeders,critical_thinking|active_listening|speaking|science|active_learning|monitoring|reading_comprehension|writing|mathematics|learning_strategies,critical_thinking|active_listening|monitoring|reading_comprehension|science|writing|speaking|active_learning|mathematics|learning_strategies,2.88,2.88,3.0,3.0,2.75,2.75,3.0,2.75,2.12,2.12,3.0,2.88,3.25,3.25,3.0,2.75,2.12,2.0,3.0,3.0
45-2041.00,"Graders and Sorters, Agricultural Products",monitoring|active_listening|speaking|critical_thinking|reading_comprehension|writing|active_learning|mathematics|learning_strategies|science,active_listening|speaking|critical_thinking|monitoring|reading_comprehension|active_learning|writing|mathematics|learning_strategies|science,2.25,1.62,2.75,2.25,2.25,1.38,2.75,2.25,1.62,0.88,1.25,0.25,2.5,2.25,2.12,1.5,1.62,0.88,2.88,2.12
45-2091.00,Agricultural Equipment Operators,active_listening|critical_thinking|speaking|monitoring|reading_comprehension|active_learning|writing|mathematics|learning_strategies|science,active_listening|critical_thinking|speaking|monitoring|reading_comprehension|active_learning|writing|mathematics|learning_strategies|science,2.25,1.88,3.0,2.88,2.12,1.75,2.75,2.62,1.88,1.12,1.62,0.62,2.88,2.75,2.25,1.88,1.75,1.0,2.75,2.25
45-2092.00,"Farmworkers and Laborers, Crop, Nursery, and Greenhouse",speaking|active_listening|reading_comprehension|writing|critical_thinking|monitoring|active_learning|learning_strategies|mathematics|science,speaking|reading_comprehension|active_listening|critical_thinking|writing|active_learning|monitoring|learning_strategies|mathematics|science,2.75,2.62,2.88,2.62,2.75,2.5,3.0,2.88,2.12,1.88,1.25,0.5,2.75,2.62,2.62,2.5,2.5,2.12,2.75,2.38
45-2093.00,"Farmworkers, Farm, Ranch, and Aquacultural Animals",critical_thinking|monitoring|active_listening|reading_comprehension|speaking|active_learning|writing|mathematics|learning_strategies|science,monitoring|active_listening|critical_thinking|speaking|reading_comprehension|writing|active_learning|learning_strategies|mathematics|science,3.0,2.75,3.12,3.0,2.62,2.75,3.0,2.88,2.12,1.75,1.88,1.38,3.38,3.0,2.88,2.38,2.12,2.12,3.25,3.25
45-3031.00,Fishing and Hunting Workers,critical_thinking|speaking|monitoring|reading_comprehension|active_listening|learning_strategies|active_learning|writing|mathematics|science,critical_thinking|learning_strategies|reading_comprehension|active_listening|speaking|active_learning|writing|monitoring|mathematics|science,2.75,2.5,2.75,2.5,2.25,2.12,3.0,2.38,2.12,1.88,1.62,1.0,3.12,2.88,2.5,2.38,2.75,2.75,2.88,2.12
45-4011.00,Forest and Conservation Workers,critical_thinking|monitoring|reading_comprehension|active_listening|speaking|active_learning|writing|learning_strategies|mathematics|science,speaking|critical_thinking|reading_comprehension|active_listening|monitoring|active_learning|learning_strategies|writing|mathematics|science,3.0,2.88,3.0,2.88,2.62,2.38,3.0,3.0,2.12,1.88,2.0,1.62,3.12,3.0,3.0,2.75,2.62,2.5,3.12,2.88
45-4021.00,Fallers,critical_thinking|monitoring|active_listening|speaking|mathematics|active_learning|reading_comprehension|writing|learning_strategies|science,critical_thinking|monitoring|active_listening|speaking|reading_comprehension|active_learning|mathematics|writing|learning_strategies|science,2.0,2.0,2.62,2.25,2.0,1.25,2.62,2.12,2.25,1.75,1.62,0.75,3.0,3.0,2.25,2.0,1.75,0.88,3.0,2.75
45-4022.00,Logging Equipment Operators,active_listening|monitoring|critical_thinking|writing|speaking|reading_comprehension|mathematics|active_learning|learning_strategies|science,monitoring|critical_thinking|writing|reading_comprehension|active_listening|speaking|active_learning|learning_strategies|mathematics|science,2.5,2.25,3.0,2.25,2.75,2.38,2.75,2.25,2.38,1.88,1.5,0.5,2.88,2.75,2.25,2.12,2.25,2.0,3.0,3.0
45-4023.00,Log Graders and Scalers,active_listening|critical_thinking|speaking|writing|active_learning|monitoring|reading_comprehension|mathematics|learning_strategies|science,writing|critical_thinking|monitoring|reading_comprehension|active_listening|speaking|mathematics|active_learning|learning_strategies|science,2.88,2.88,3.25,2.88,3.0,3.0,3.12,2.88,2.75,2.75,1.75,0.75,3.25,3.0,3.0,2.75,2.38,2.12,3.0,3.0
47-1011.00,First-Line Supervisors of Construction Trades and Extraction Workers,active_listening|speaking|critical_thinking|reading_comprehension|monitoring|learning_strategies|writing|active_learning|mathematics|science,speaking|reading_comprehension|active_listening|critical_thinking|monitoring|writing|active_learning|mathematics|learning_strategies|science,3.38,3.62,3.75,3.62,3.0,3.12,3.75,3.75,2.75,3.0,1.62,0.75,3.62,3.38,3.0,3.12,3.12,3.0,3.38,3.38
47-1011.03,Solar Energy Installation Managers,monitoring|reading_comprehension|speaking|active_listening|critical_thinking|writing|active_learning|learning_strategies|mathematics|science,reading_comprehension|monitoring|active_listening|speaking|critical_thinking|writing|active_learning|mathematics|learning_strategies|science,3.62,3.75,3.5,3.62,3.0,3.25,3.62,3.62,2.75,3.0,1.88,1.25,3.5,3.62,3.0,3.25,3.0,3.0,3.75,3.75
47-2011.00,Boilermakers,critical_thinking|reading_comprehension|active_listening|speaking|active_learning|monitoring|learning_strategies|writing|mathematics|science,reading_comprehension|active_listening|speaking|critical_thinking|active_learning|monitoring|writing|learning_strategies|mathematics|science,3.0,3.0,3.0,3.0,2.62,2.88,3.0,3.0,2.12,2.12,1.75,1.38,3.5,3.0,3.0,3.0,2.75,2.75,3.0,3.0
47-2021.00,Brickmasons and Blockmasons,critical_thinking|active_listening|speaking|monitoring|mathematics|active_learning|reading_comprehension|writing|learning_strategies|science,mathematics|critical_thinking|monitoring|active_listening|speaking|reading_comprehension|writing|active_learning|learning_strategies|science,2.75,2.38,3.0,2.75,2.25,2.12,3.0,2.5,2.88,3.38,1.75,1.25,3.12,3.0,2.88,2.12,2.12,2.12,3.0,2.88
47-2022.00,Stonemasons,critical_thinking|reading_comprehension|active_listening|speaking|mathematics|monitoring|active_learning|writing|learning_strategies|science,critical_thinking|active_listening|mathematics|monitoring|active_learning|learning_strategies|speaking|reading_comprehension|writing|science,3.0,2.38,3.0,3.0,2.62,2.38,3.0,2.5,3.0,3.0,1.62,0.62,3.5,3.25,2.75,2.75,2.62,2.62,3.0,3.0
47-2031.00,Carpenters,active_listening|critical_thinking|monitoring|reading_comprehension|speaking|mathematics|active_learning|writing|learning_strategies|science,critical_thinking|mathematics|monitoring|reading_comprehension|active_listening|speaking|active_learning|writing|learning_strategies|science,3.12,3.12,3.38,3.12,2.88,2.62,3.12,3.0,3.0,3.5,1.38,0.75,3.38,3.62,3.0,2.88,2.75,2.38,3.38,3.5
47-2041.00,Carpet Installers,monitoring|mathematics|critical_thinking|active_listening|speaking|reading_comprehension|active_learning|learning_strategies|writing|science,mathematics|critical_thinking|monitoring|learning_strategies|reading_comprehension|speaking|active_listening|active_learning|writing|science,2.62,2.25,2.88,2.12,2.0,1.75,2.88,2.25,3.0,3.38,1.0,0.0,3.0,2.88,2.62,2.12,2.38,2.62,3.12,2.88
47-2042.00,"Floor Layers, Except Carpet, Wood, and Hard Tiles",active_listening|speaking|critical_thinking|monitoring|active_learning|reading_comprehension|writing|mathematics|learning_strategies|science,monitoring|active_listening|critical_thinking|speaking|active_learning|reading_comprehension|writing|mathematics|learning_strategies|science,2.38,2.38,3.12,3.0,2.38,2.25,3.12,2.62,2.12,2.12,1.25,0.38,2.88,2.88,2.75,2.5,2.12,1.88,2.88,3.12
47-2043.00,Floor Sanders and Finishers,active_listening|monitoring|speaking|critical_thinking|reading_comprehension|active_learning|writing|learning_strategies|mathematics|science,active_listening|monitoring|reading_comprehension|critical_thinking|speaking|active_learning|writing|learning_strategies|mathematics|science,2.62,2.38,3.0,2.75,2.12,1.88,2.75,2.25,2.0,1.5,1.12,0.12,2.75,2.38,2.62,2.25,2.12,1.88,2.88,2.75
47-2044.00,Tile and Stone Setters,active_listening|speaking|mathematics|critical_thinking|reading_comprehension|monitoring|active_learning|learning_strategies|writing|science,mathematics|critical_thinking|active_listening|speaking|reading_comprehension|monitoring|active_learning|writing|learning_strategies|science,2.88,2.75,3.12,3.0,2.0,2.0,3.0,2.88,3.0,3.12,1.12,0.12,3.0,3.12,2.38,2.5,2.12,2.0,2.75,2.75
47-2051.00,Cement Masons and Concrete Finishers,monitoring|speaking|active_listening|critical_thinking|mathematics|reading_comprehension|learning_strategies|active_learning|writing|science,monitoring|mathematics|critical_thinking|active_listening|speaking|learning_strategies|reading_comprehension|writing|active_learning|science,2.38,1.88,3.0,2.25,2.0,1.88,3.12,2.0,2.62,2.75,1.25,0.25,3.0,2.38,2.12,1.75,2.38,2.0,3.25,2.88
47-2053.00,Terrazzo Workers and Finishers,speaking|monitoring|critical_thinking|active_listening|mathematics|active_learning|reading_comprehension|learning_strategies|writing|science,monitoring|critical_thinking|mathematics|active_learning|learning_strategies|active_listening|speaking|reading_comprehension|writing|science,2.12,1.75,2.5,2.0,1.88,1.62,2.88,2.0,2.38,2.25,1.62,0.62,2.62,2.38,2.38,2.12,2.12,2.12,2.75,2.62
47-2061.00,Construction Laborers,speaking|active_listening|reading_comprehension|critical_thinking|monitoring|writing|active_learning|learning_strategies|mathematics|science,active_listening|speaking|reading_comprehension|critical_thinking|monitoring|active_learning|writing|learning_strategies|mathematics|science,2.75,2.62,3.12,3.0,2.25,2.0,3.25,2.88,2.0,1.38,1.5,0.5,2.75,2.62,2.12,2.12,2.12,2.0,2.62,2.5
47-2071.00,"Paving, Surfacing, and Tamping Equipment Operators",monitoring|critical_thinking|active_listening|speaking|active_learning|reading_comprehension|learning_strategies|mathematics|writing|science,critical_thinking|monitoring|active_listening|speaking|reading_comprehension|active_learning|learning_strategies|mathematics|writing|science,2.5,2.12,2.88,2.75,1.88,1.62,2.88,2.25,2.0,2.0,1.12,0.12,3.0,2.88,2.62,2.12,2.25,2.12,3.25,2.88
47-2072.00,Pile Driver Operators,monitoring|active_listening|critical_thinking|speaking|reading_comprehension|writing|mathematics|active_learning|learning_strategies|science,critical_thinking|monitoring|active_listening|speaking|reading_comprehension|active_learning|writing|learning_strategies|mathematics|science,2.5,2.25,3.0,2.75,2.25,1.88,2.75,2.38,2.12,1.38,1.38,0.38,2.88,3.0,2.0,2.0,1.88,1.62,3.25,2.88
47-2073.00,Operating Engineers and Other Construction Equipment Operators,monitoring|active_listening|reading_comprehension|speaking|critical_thinking|active_learning|learning_strategies|writing|mathematics|science,active_listening|critical_thinking|monitoring|active_learning|reading_comprehension|speaking|learning_strategies|writing|mathematics|science,2.88,2.5,3.0,3.0,2.0,1.88,2.88,2.5,2.0,1.62,1.5,0.62,2.88,3.0,2.88,2.62,2.12,2.12,3.12,3.0
47-2081.00,Drywall and Ceiling Tile Installers,critical_thinking|speaking|monitoring|reading_comprehension|active_listening|mathematics|writing|active_learning|learning_strategies|science,reading_comprehension|critical_thinking|monitoring|active_listening|speaking|mathematics|active_learning|writing|learning_strategies|science,2.75,2.75,2.75,2.38,2.12,1.88,2.88,2.25,2.25,2.12,1.12,0.12,3.0,2.62,2.12,2.0,2.0,1.88,2.88,2.62
47-2082.00,Tapers,monitoring|active_listening|speaking|critical_thinking|reading_comprehension|learning_strategies|writing|active_learning|mathematics|science,monitoring|active_listening|reading_comprehension|speaking|critical_thinking|learning_strategies|writing|active_learning|mathematics|science,2.12,2.0,2.75,2.25,1.88,1.75,2.62,2.0,1.62,0.62,1.0,0.0,2.5,2.0,1.88,1.62,2.0,2.0,2.88,2.38
47-2111.00,Electricians,active_listening|speaking|critical_thinking|active_learning|reading_comprehension|monitoring|writing|mathematics|learning_strategies|science,critical_thinking|monitoring|reading_comprehension|mathematics|active_learning|learning_strategies|active_listening|writing|speaking|science,3.12,3.25,3.38,3.12,3.0,3.12,3.38,3.12,3.0,3.25,2.0,2.0,3.38,3.75,3.25,3.25,3.0,3.25,3.12,3.5
47-2121.00,Glaziers,reading_comprehension|speaking|critical_thinking|active_listening|monitoring|writing|active_learning|learning_strategies|mathematics|science,critical_thinking|reading_comprehension|speaking|monitoring|active_listening|mathematics|writing|active_learning|learning_strategies|science,3.0,2.88,2.88,2.75,2.25,2.12,3.0,2.88,2.0,2.25,1.5,0.62,3.0,3.0,2.25,2.12,2.12,2.12,2.75,2.88
47-2131.00,"Insulation Workers, Floor, Ceiling, and Wall",active_listening|speaking|critical_thinking|monitoring|reading_comprehension|active_learning|mathematics|writing|learning_strategies|science,critical_thinking|monitoring|reading_comprehension|active_listening|speaking|writing|active_learning|learning_strategies|mathematics|science,2.62,2.25,3.0,2.25,2.12,2.12,3.0,2.25,2.25,1.88,1.0,0.0,3.0,2.75,2.62,2.12,2.12,2.0,2.88,2.75
47-2132.00,"Insulation Workers, Mechanical",active_listening|critical_thinking|monitoring|speaking|reading_comprehension|active_learning|mathematics|learning_strategies|writing|science,critical_thinking|active_listening|reading_comprehension|monitoring|speaking|active_learning|learning_strategies|writing|mathematics|science,2.75,2.75,3.0,2.88,2.0,2.0,2.88,2.62,2.12,2.0,1.38,0.38,3.0,3.0,2.75,2.62,2.12,2.12,3.0,2.75
47-2141.00,"Painters, Construction and Maintenance",active_listening|critical_thinking|monitoring|reading_comprehension|speaking|writing|mathematics|active_learning|learning_strategies|science,active_listening|critical_thinking|reading_comprehension|monitoring|writing|speaking|mathematics|active_learning|learning_strategies|science,2.75,2.75,3.0,3.0,2.0,2.0,2.38,2.0,2.0,2.0,1.5,0.5,3.0,3.0,2.0,1.88,2.0,1.5,2.88,2.62
47-2142.00,Paperhangers,active_listening|speaking|critical_thinking|monitoring|reading_comprehension|writing|mathematics|active_learning|learning_strategies|science,active_listening|monitoring|reading_comprehension|speaking|critical_thinking|writing|active_learning|learning_strategies|mathematics|science,2.38,2.38,3.0,2.5,2.0,2.0,3.0,2.38,2.0,1.38,1.25,0.38,2.88,2.38,2.0,1.75,2.0,1.75,2.75,2.5
47-2151.00,Pipelayers,active_listening|speaking|critical_thinking|reading_comprehension|monitoring|learning_strategies|writing|mathematics|active_learning|science,active_listening|speaking|critical_thinking|monitoring|reading_comprehension|learning_strategies|writing|mathematics|active_learning|science,2.88,2.75,3.0,3.0,2.0,2.0,3.0,2.88,2.0,2.0,1.0,0.0,3.0,2.88,2.0,2.0,2.12,2.12,2.62,2.88
47-2152.00,"Plumbers, Pipefitters, and Steamfitters",critical_thinking|monitoring|speaking|reading_comprehension|active_listening|writing|mathematics|active_learning|learning_strategies|science,critical_thinking|monitoring|reading_comprehension|active_listening|speaking|active_learning|writing|mathematics|learning_strategies|science,2.88,2.75,2.88,2.75,2.75,2.5,3.0,2.62,2.62,2.5,1.75,1.12,3.5,3.5,2.62,2.62,2.38,2.38,3.12,2.88
47-2152.04,Solar Thermal Installers and Technicians,reading_comprehension|active_listening|speaking|critical_thinking|monitoring|active_learning|writing|mathematics|learning_strategies|science,critical_thinking|reading_comprehension|active_listening|monitoring|writing|speaking|active_learning|learning_strategies|mathematics|science,3.38,3.25,3.25,3.25,2.88,3.12,3.25,3.12,2.5,2.75,1.5,1.12,3.25,3.5,3.0,3.12,2.5,2.88,3.25,3.25
47-2161.00,Plasterers and Stucco Masons,active_listening|speaking|monitoring|reading_comprehension|critical_thinking|active_learning|learning_strategies|writing|mathematics|science,critical_thinking|monitoring|reading_comprehension|active_listening|writing|speaking|active_learning|learning_strategies|mathematics|science,2.75,2.25,3.0,2.25,2.12,2.25,2.88,2.12,2.0,1.88,1.12,0.25,2.75,2.62,2.75,2.12,2.62,2.0,2.88,2.62
47-2171.00,Reinforcing Iron and Rebar Workers,critical_thinking|monitoring|reading_comprehension|active_listening|speaking|mathematics|active_learning|learning_strategies|writing|science,critical_thinking|active_listening|mathematics|monitoring|reading_comprehension|speaking|learning_strategies|active_learning|writing|science,2.62,2.12,2.62,2.38,1.88,1.62,2.62,2.0,2.38,2.25,1.25,0.25,3.0,2.88,2.38,1.88,2.25,2.0,2.88,2.25
47-2181.00,Roofers,critical_thinking|monitoring|active_listening|speaking|active_learning|reading_comprehension|mathematics|learning_strategies|writing|science,critical_thinking|active_listening|speaking|monitoring|reading_comprehension|active_learning|mathematics|writing|learning_strategies|science,2.62,2.5,2.88,2.75,2.0,2.0,2.88,2.75,2.25,2.12,1.12,0.12,3.0,2.88,2.75,2.38,2.12,2.0,3.0,2.75
47-2211.00,Sheet Metal Workers,reading_comprehension|critical_thinking|monitoring|active_listening|speaking|mathematics|active_learning|learning_strategies|writing|science,mathematics|critical_thinking|active_listening|speaking|monitoring|reading_comprehension|active_learning|learning_strategies|writing|science,3.12,2.75,3.0,2.88,2.25,2.0,3.0,2.88,3.0,3.12,1.62,0.88,3.12,3.0,2.88,2.38,2.5,2.38,3.12,2.88
47-2221.00,Structural Iron and Steel Workers,active_listening|critical_thinking|monitoring|reading_comprehension|speaking|active_learning|learning_strategies|mathematics|writing|science,reading_comprehension|active_listening|critical_thinking|active_learning|monitoring|learning_strategies|speaking|writing|mathematics|science,2.88,3.0,3.0,3.0,2.0,2.12,2.88,2.38,2.12,2.0,1.0,0.0,3.0,3.0,2.88,3.0,2.75,2.62,3.0,3.0
47-2231.00,Solar Photovoltaic Installers,critical_thinking|active_listening|monitoring|reading_comprehension|active_learning|speaking|mathematics|learning_strategies|writing|science,critical_thinking|reading_comprehension|active_listening|speaking|active_learning|monitoring|writing|mathematics|learning_strategies|science,3.0,3.0,3.12,3.0,2.25,2.88,2.88,3.0,2.62,2.75,1.88,1.62,3.25,3.5,3.0,3.0,2.62,2.0,3.12,3.0
47-3011.00,"Helpers--Brickmasons, Blockmasons, Stonemasons, and Tile and Marble Setters",critical_thinking|monitoring|active_listening|speaking|reading_comprehension|active_learning|mathematics|learning_strategies|writing|science,monitoring|critical_thinking|active_listening|reading_comprehension|active_learning|learning_strategies|speaking|mathematics|writing|science,2.38,2.12,2.88,2.25,2.0,1.75,2.75,2.0,2.25,2.0,1.25,0.25,3.0,2.38,2.38,2.12,2.25,2.12,3.0,2.62
47-3012.00,Helpers--Carpenters,active_listening|speaking|critical_thinking|monitoring|reading_comprehension|active_learning|mathematics|writing|learning_strategies|science,active_listening|critical_thinking|writing|speaking|monitoring|reading_comprehension|mathematics|active_learning|learning_strategies|science,2.88,2.25,3.0,3.0,2.25,2.38,3.0,2.38,2.38,2.25,1.0,0.0,3.0,2.75,2.88,2.12,2.12,2.0,3.0,2.38
47-3013.00,Helpers--Electricians,active_listening|speaking|critical_thinking|active_learning|monitoring|reading_comprehension|writing|learning_strategies|mathematics|science,critical_thinking|active_listening|reading_comprehension|speaking|active_learning|monitoring|writing|learning_strategies|mathematics|science,2.5,2.62,3.25,2.88,2.38,2.12,3.12,2.38,2.12,1.75,1.88,1.0,3.12,3.0,2.88,2.25,2.25,2.12,2.75,2.25
47-3014.00,"Helpers--Painters, Paperhangers, Plasterers, and Stucco Masons",speaking|active_listening|critical_thinking|monitoring|active_learning|learning_strategies|reading_comprehension|writing|mathematics|science,monitoring|active_listening|critical_thinking|learning_strategies|speaking|active_learning|reading_comprehension|writing|mathematics|science,2.12,1.75,2.88,2.25,2.0,1.75,3.0,2.0,1.12,0.25,1.12,0.12,2.75,2.25,2.38,2.0,2.25,2.12,2.75,2.38
47-3015.00,"Helpers--Pipelayers, Plumbers, Pipefitters, and Steamfitters",active_listening|critical_thinking|monitoring|active_learning|speaking|reading_comprehension|mathematics|writing|learning_strategies|science,active_listening|critical_thinking|speaking|monitoring|reading_comprehension|active_learning|learning_strategies|writing|mathematics|science,2.38,2.0,2.88,2.38,2.0,1.5,2.5,2.25,2.25,1.38,1.12,0.12,2.88,2.38,2.62,1.88,2.0,1.88,2.88,2.25
47-3016.00,Helpers--Roofers,active_listening|monitoring|speaking|critical_thinking|active_learning|reading_comprehension|writing|mathematics|learning_strategies|science,active_listening|monitoring|reading_comprehension|writing|speaking|critical_thinking|active_learning|mathematics|learning_strategies|science,2.12,2.0,3.0,2.5,2.0,2.0,2.62,2.0,2.0,1.62,1.0,0.0,2.62,2.0,2.5,2.0,2.0,1.5,2.75,2.5
47-4011.00,Construction and Building Inspectors,reading_comprehension|critical_thinking|active_listening|speaking|writing|active_learning|mathematics|learning_strategies|monitoring|science,reading_comprehension|active_listening|speaking|critical_thinking|mathematics|writing|active_learning|learning_strategies|monitoring|science,4.0,4.0,3.75,3.88,3.12,3.12,3.75,3.88,3.0,3.38,2.5,2.25,3.88,3.88,3.12,3.12,3.0,3.0,3.0,3.0
47-4011.01,Energy Auditors,reading_comprehension|speaking|active_listening|critical_thinking|writing|mathematics|monitoring|active_learning|learning_strategies|science,reading_comprehension|active_listening|writing|critical_thinking|speaking|mathematics|active_learning|monitoring|learning_strategies|science,3.88,3.88,3.75,3.88,3.62,3.88,3.88,3.62,3.38,3.38,2.75,2.88,3.75,3.88,3.12,3.25,3.0,3.0,3.38,3.25
47-4021.00,Elevator and Escalator Installers and Repairers,critical_thinking|active_listening|reading_comprehension|active_learning|monitoring|speaking|writing|learning_strategies|mathematics|science,critical_thinking|reading_comprehension|active_listening|active_learning|monitoring|speaking|writing|learning_strategies|mathematics|science,3.12,3.12,3.38,3.0,2.75,2.75,3.0,2.88,2.25,2.0,1.88,1.88,3.62,3.25,3.12,3.0,2.38,2.25,3.12,3.0
47-4031.00,Fence Erectors,active_listening|speaking|critical_thinking|monitoring|reading_comprehension|mathematics|active_learning|learning_strategies|writing|science,critical_thinking|monitoring|mathematics|active_listening|reading_comprehension|speaking|writing|learning_strategies|active_learning|science,2.5,2.12,3.0,2.25,2.0,2.0,3.0,2.12,2.25,2.62,1.12,0.12,3.0,2.88,2.25,1.88,2.25,2.0,3.0,2.88
47-4041.00,Hazardous Materials Removal Workers,monitoring|critical_thinking|active_listening|reading_comprehension|speaking|active_learning|writing|learning_strategies|mathematics|science,critical_thinking|monitoring|reading_comprehension|active_listening|speaking|active_learning|writing|mathematics|learning_strategies|science,3.0,3.0,3.12,3.0,2.62,2.75,3.0,3.0,2.0,2.0,1.75,1.25,3.25,3.38,2.88,3.0,2.12,2.0,3.5,3.25
47-4051.00,Highway Maintenance Workers,monitoring|active_listening|speaking|critical_thinking|reading_comprehension|active_learning|writing|mathematics|learning_strategies|science,active_listening|reading_comprehension|speaking|critical_thinking|monitoring|active_learning|writing|mathematics|learning_strategies|science,2.75,2.75,3.0,2.88,2.12,1.88,3.0,2.75,2.12,1.88,1.0,0.0,2.88,2.75,2.38,2.12,2.0,1.75,3.12,2.75
47-4061.00,Rail-Track Laying and Maintenance Equipment Operators,active_listening|monitoring|critical_thinking|speaking|active_learning|learning_strategies|reading_comprehension|writing|mathematics|science,monitoring|active_listening|critical_thinking|reading_comprehension|writing|speaking|active_learning|mathematics|learning_strategies|science,2.25,2.12,3.0,2.88,2.12,2.12,2.62,2.12,2.0,2.0,1.12,0.12,2.75,2.88,2.5,2.12,2.5,2.0,3.0,3.0
47-4071.00,Septic Tank Servicers and Sewer Pipe Cleaners,critical_thinking|active_listening|monitoring|reading_comprehension|speaking|active_learning|learning_strategies|writing|mathematics|science,critical_thinking|reading_comprehension|active_listening|monitoring|writing|active_learning|speaking|mathematics|learning_strategies|science,2.75,2.88,3.0,2.88,2.5,2.62,2.75,2.5,2.38,2.38,1.25,0.38,3.12,3.0,2.75,2.62,2.62,2.38,2.88,2.88
47-4091.00,Segmental Pavers,active_listening|speaking|critical_thinking|monitoring|reading_comprehension|writing|active_learning|learning_strategies|mathematics|science,active_listening|critical_thinking|monitoring|reading_comprehension|speaking|writing|active_learning|learning_strategies|mathematics|science,2.75,2.75,3.5,3.0,2.62,2.62,3.5,2.75,2.0,2.0,1.12,0.12,3.25,3.0,2.62,2.5,2.38,2.38,2.88,2.88
47-4099.03,Weatherization Installers and Technicians,monitoring|critical_thinking|active_listening|speaking|reading_comprehension|writing|active_learning|mathematics|learning_strategies|science,critical_thinking|monitoring|reading_comprehension|active_listening|writing|speaking|active_learning|mathematics|learning_strategies|science,3.0,3.0,3.12,3.0,2.88,3.0,3.12,3.0,2.75,2.75,2.0,0.88,3.25,3.25,2.88,2.88,2.75,2.38,3.38,3.25
47-5011.00,"Derrick Operators, Oil and Gas",critical_thinking|speaking|monitoring|active_listening|reading_comprehension|writing|active_learning|learning_strategies|mathematics|science,monitoring|critical_thinking|active_listening|speaking|reading_comprehension|learning_strategies|writing|active_learning|mathematics|science,2.88,2.88,3.25,3.0,2.75,2.62,3.38,3.0,2.38,2.5,1.25,0.25,3.5,3.12,2.75,2.62,2.75,2.88,3.38,3.5
47-5012.00,"Rotary Drill Operators, Oil and Gas",critical_thinking|monitoring|active_listening|speaking|reading_comprehension|writing|learning_strategies|active_learning|mathematics|science,critical_thinking|monitoring|learning_strategies|reading_comprehension|writing|active_learning|active_listening|speaking|mathematics|science,3.12,3.0,3.38,2.88,3.0,3.0,3.25,2.88,2.38,1.88,1.25,0.38,3.62,3.25,2.88,3.0,3.0,3.12,3.5,3.25
47-5013.00,"Service Unit Operators, Oil and Gas",critical_thinking|monitoring|active_listening|reading_comprehension|writing|speaking|active_learning|learning_strategies|mathematics|science,monitoring|critical_thinking|reading_comprehension|active_listening|writing|speaking|active_learning|mathematics|learning_strategies|science,3.0,3.0,3.38,3.0,3.0,3.0,3.0,3.0,2.75,2.38,1.38,0.38,3.75,3.25,3.0,3.0,2.88,2.38,3.62,3.38
47-5022.00,"Excavating and Loading Machine and Dragline Operators, Surface Mining",monitoring|reading_comprehension|active_listening|speaking|critical_thinking|active_learning|writing|learning_strategies|mathematics|science,reading_comprehension|active_listening|critical_thinking|monitoring|active_learning|speaking|writing|mathematics|learning_strategies|science,3.0,3.0,3.0,3.0,2.5,2.38,3.0,2.75,2.25,2.25,1.0,0.0,3.0,3.0,3.0,2.88,2.38,2.25,3.12,3.0
47-5023.00,"Earth Drillers, Except Oil and Gas",critical_thinking|monitoring|active_listening|speaking|reading_comprehension|active_learning|writing|mathematics|learning_strategies|science,monitoring|active_listening|critical_thinking|speaking|reading_comprehension|writing|active_learning|learning_strategies|mathematics|science,2.75,2.5,3.0,3.0,2.38,2.38,3.0,2.88,2.25,1.75,1.62,0.75,3.25,3.0,2.75,2.25,2.25,2.0,3.12,3.12
47-5032.00,"Explosives Workers, Ordnance Handling Experts, and Blasters",active_listening|monitoring|critical_thinking|speaking|reading_comprehension|active_learning|learning_strategies|writing|mathematics|science,reading_comprehension|monitoring|critical_thinking|active_listening|speaking|active_learning|writing|mathematics|learning_strategies|science,3.12,3.62,3.88,3.38,2.88,2.88,3.38,3.12,2.5,2.88,1.88,1.38,3.62,3.5,3.12,3.12,3.0,2.88,3.75,3.62
47-5041.00,Continuous Mining Machine Operators,critical_thinking|active_listening|speaking|monitoring|reading_comprehension|active_learning|learning_strategies|writing|mathematics|science,critical_thinking|monitoring|active_listening|active_learning|learning_strategies|reading_comprehension|speaking|writing|mathematics|science,2.75,2.25,3.0,2.88,2.12,2.0,3.0,2.25,2.0,1.38,1.38,0.62,3.25,3.12,2.75,2.5,2.38,2.5,3.0,3.0
47-5043.00,"Roof Bolters, Mining",critical_thinking|monitoring|active_listening|speaking|active_learning|reading_comprehension|learning_strategies|writing|mathematics|science,monitoring|critical_thinking|active_listening|active_learning|learning_strategies|reading_comprehension|writing|speaking|mathematics|science,2.38,2.25,3.12,2.88,2.12,2.25,3.0,2.25,2.12,1.75,1.5,0.75,3.38,3.0,2.88,2.88,2.25,2.5,3.25,3.12
47-5044.00,"Loading and Moving Machine Operators, Underground Mining",active_listening|speaking|critical_thinking|reading_comprehension|monitoring|active_learning|learning_strategies|writing|mathematics|science,active_listening|speaking|critical_thinking|reading_comprehension|monitoring|writing|active_learning|learning_strategies|mathematics|science,2.88,2.62,3.0,2.88,2.0,2.0,3.0,2.88,2.0,1.25,1.0,0.0,3.0,2.75,2.12,2.0,2.12,1.5,2.88,2.62
47-5051.00,"Rock Splitters, Quarry",active_listening|monitoring|reading_comprehension|critical_thinking|speaking|writing|active_learning|learning_strategies|mathematics|science,active_listening|speaking|critical_thinking|monitoring|reading_comprehension|writing|active_learning|learning_strategies|mathematics|science,2.75,2.38,3.0,2.62,2.12,2.12,2.62,2.62,1.88,1.5,1.12,0.12,2.75,2.62,2.12,2.12,2.0,2.0,2.88,2.5
47-5071.00,"Roustabouts, Oil and Gas",critical_thinking|monitoring|active_listening|speaking|active_learning|learning_strategies|reading_comprehension|writing|mathematics|science,active_listening|monitoring|critical_thinking|reading_comprehension|active_learning|speaking|learning_strategies|writing|mathematics|science,2.12,2.12,2.88,2.5,2.12,1.88,2.75,2.0,2.0,1.5,1.0,0.0,3.12,2.25,2.5,2.12,2.25,2.0,3.0,2.5
47-5081.00,Helpers--Extraction Workers,monitoring|critical_thinking|active_listening|speaking|active_learning|reading_comprehension|learning_strategies|mathematics|writing|science,monitoring|critical_thinking|active_listening|active_learning|reading_comprehension|speaking|writing|mathematics|learning_strategies|science,2.75,2.5,3.0,2.62,2.38,2.25,2.88,2.38,2.5,2.25,1.38,0.5,3.12,2.88,2.88,2.62,2.62,2.25,3.75,3.12
49-1011.00,"First-Line Supervisors of Mechanics, Installers, and Repairers",monitoring|speaking|critical_thinking|reading_comprehension|active_listening|active_learning|learning_strategies|writing|mathematics|science,reading_comprehension|monitoring|speaking|critical_thinking|active_listening|active_learning|learning_strategies|writing|mathematics|science,3.62,4.0,3.62,3.75,3.0,3.5,3.75,3.88,2.88,3.12,1.75,1.38,3.75,3.88,3.25,3.75,3.12,3.75,4.0,4.0
49-2011.00,"Computer, Automated Teller, and Office Machine Repairers",active_listening|critical_thinking|speaking|reading_comprehension|writing|active_learning|monitoring|learning_strategies|mathematics|science,reading_comprehension|critical_thinking|active_listening|writing|speaking|active_learning|monitoring|learning_strategies|mathematics|science,3.12,3.12,3.62,3.0,3.0,3.0,3.25,3.0,1.88,1.75,1.88,1.62,3.5,3.12,3.0,3.0,2.62,2.62,3.0,3.0
49-2021.00,"Radio, Cellular, and Tower Equipment Installers and Repairers",reading_comprehension|active_listening|speaking|critical_thinking|monitoring|writing|active_learning|mathematics|learning_strategies|science,reading_comprehension|active_listening|critical_thinking|monitoring|writing|speaking|mathematics|active_learning|learning_strategies|science,3.25,3.12,3.25,3.12,3.0,3.0,3.25,3.0,2.75,2.88,1.75,1.0,3.25,3.12,3.0,2.88,2.62,2.5,3.12,3.12
49-2022.00,"Telecommunications Equipment Installers and Repairers, Except Line Installers",critical_thinking|reading_comprehension|active_listening|monitoring|speaking|active_learning|writing|learning_strategies|mathematics|science,reading_comprehension|critical_thinking|monitoring|active_listening|writing|speaking|active_learning|learning_strategies|mathematics|science,3.5,3.75,3.5,3.38,2.88,3.0,3.0,3.0,2.12,2.12,1.88,1.75,3.75,3.75,3.0,3.0,2.75,2.88,3.5,3.5
49-2091.00,Avionics Technicians,critical_thinking|active_listening|speaking|reading_comprehension|writing|monitoring|active_learning|science|learning_strategies|mathematics,critical_thinking|reading_comprehension|active_listening|monitoring|writing|active_learning|speaking|science|learning_strategies|mathematics,3.25,3.5,3.38,3.25,3.25,3.12,3.38,3.0,2.12,2.12,2.88,2.88,3.75,3.75,3.0,3.12,2.62,2.62,3.12,3.25
49-2092.00,"Electric Motor, Power Tool, and Related Repairers",critical_thinking|active_listening|reading_comprehension|speaking|writing|active_learning|monitoring|learning_strategies|mathematics|science,critical_thinking|active_learning|monitoring|reading_comprehension|active_listening|speaking|writing|mathematics|learning_strategies|science,3.0,3.0,3.12,3.0,2.88,2.75,3.0,3.0,2.62,2.75,2.12,2.12,3.75,3.38,2.88,3.12,2.75,2.75,2.88,3.12
49-2093.00,"Electrical and Electronics Installers and Repairers, Transportation Equipment",critical_thinking|active_listening|reading_comprehension|monitoring|writing|speaking|active_learning|mathematics|science|learning_strategies,reading_comprehension|active_listening|writing|speaking|critical_thinking|monitoring|active_learning|mathematics|science|learning_strategies,3.12,3.12,3.38,3.0,3.0,3.0,3.0,3.0,2.12,2.25,2.12,2.25,3.62,3.0,2.25,2.38,2.12,2.25,3.12,3.0
49-2094.00,"Electrical and Electronics Repairers, Commercial and Industrial Equipment",critical_thinking|reading_comprehension|active_listening|speaking|monitoring|writing|active_learning|learning_strategies|mathematics|science,reading_comprehension|critical_thinking|active_listening|speaking|monitoring|writing|active_learning|learning_strategies|mathematics|science,3.12,4.0,3.12,3.62,3.0,3.0,3.12,3.12,2.75,2.88,2.75,2.75,3.75,3.75,3.0,3.0,2.88,3.0,3.12,3.12
49-2095.00,"Electrical and Electronics Repairers, Powerhouse, Substation, and Relay",critical_thinking|reading_comprehension|active_listening|speaking|monitoring|writing|active_learning|science|mathematics|learning_strategies,reading_comprehension|critical_thinking|active_listening|writing|active_learning|monitoring|speaking|mathematics|science|learning_strategies,3.38,3.5,3.12,3.12,2.88,3.0,3.12,2.88,2.25,2.38,2.62,2.38,3.75,3.38,2.88,3.0,2.25,2.25,3.0,3.0
49-2096.00,"Electronic Equipment Installers and Repairers, Motor Vehicles",critical_thinking|active_listening|reading_comprehension|speaking|writing|monitoring|active_learning|learning_strategies|mathematics|science,reading_comprehension|critical_thinking|active_listening|speaking|writing|monitoring|active_learning|mathematics|learning_strategies|science,3.12,3.12,3.38,3.0,2.88,2.88,3.0,3.0,2.25,2.25,1.88,1.5,3.5,3.12,2.75,2.38,2.5,2.25,2.88,2.88
49-2097.00,Audiovisual Equipment Installers and Repairers,speaking|reading_comprehension|active_listening|critical_thinking|active_learning|monitoring|writing|learning_strategies|mathematics|science,critical_thinking|reading_comprehension|active_listening|speaking|active_learning|monitoring|writing|learning_strategies|mathematics|science,3.12,3.25,3.12,3.25,2.75,2.75,3.38,3.12,2.25,2.25,1.75,1.38,3.12,3.5,2.88,3.0,2.62,2.75,2.88,2.88
49-2098.00,Security and Fire Alarm Systems Installers,speaking|critical_thinking|active_listening|reading_comprehension|monitoring|writing|active_learning|learning_strategies|mathematics|science,critical_thinking|reading_comprehension|active_listening|monitoring|speaking|active_learning|writing|learning_strategies|mathematics|science,3.12,3.25,3.25,3.12,2.88,2.88,3.38,3.0,2.12,2.12,1.75,1.25,3.38,3.5,2.88,3.0,2.38,2.38,3.0,3.12
49-3011.00,Aircraft Mechanics and Service Technicians,reading_comprehension|critical_thinking|monitoring|active_listening|speaking|active_learning|writing|mathematics|learning_strategies|science,reading_comprehension|critical_thinking|active_listening|speaking|active_learning|monitoring|writing|mathematics|learning_strategies|science,4.12,4.12,3.5,3.38,3.0,3.0,3.25,3.25,2.88,2.88,2.38,2.62,4.0,4.12,3.12,3.25,2.75,2.75,3.62,3.25
49-3021.00,Automotive Body and Related Repairers,active_listening|speaking|critical_thinking|monitoring|reading_comprehension|active_learning|writing|learning_strategies|mathematics|science,active_listening|critical_thinking|reading_comprehension|monitoring|speaking|active_learning|writing|learning_strategies|mathematics|science,2.88,2.88,3.0,3.0,2.38,2.12,3.0,2.75,2.12,2.0,1.25,0.25,3.0,3.0,2.88,2.25,2.25,2.12,3.0,2.88
49-3022.00,Automotive Glass Installers and Repairers,speaking|active_listening|critical_thinking|monitoring|active_learning|reading_comprehension|writing|learning_strategies|mathematics|science,active_listening|critical_thinking|speaking|monitoring|reading_comprehension|writing|active_learning|learning_strategies|mathematics|science,2.5,2.5,2.88,2.75,2.38,2.38,3.0,2.62,2.0,1.75,1.5,0.5,2.88,2.75,2.62,2.38,2.38,2.12,2.88,2.62
49-3023.00,Automotive Service Technicians and Mechanics,critical_thinking|active_listening|monitoring|speaking|active_learning|reading_comprehension|writing|learning_strategies|mathematics|science,critical_thinking|active_learning|active_listening|speaking|monitoring|reading_comprehension|learning_strategies|writing|mathematics|science,2.88,2.88,3.25,3.0,2.62,2.38,3.0,3.0,2.25,2.12,1.5,0.5,3.5,3.75,3.0,3.12,2.62,2.75,3.12,3.0
49-3031.00,Bus and Truck Mechanics and Diesel Engine Specialists,critical_thinking|speaking|active_listening|monitoring|reading_comprehension|active_learning|learning_strategies|writing|mathematics|science,critical_thinking|active_listening|speaking|monitoring|reading_comprehension|active_learning|writing|learning_strategies|mathematics|science,2.88,2.88,3.0,3.0,2.62,2.75,3.12,3.0,2.0,2.0,1.75,1.25,3.25,3.38,2.75,2.88,2.75,2.62,3.0,3.0
49-3041.00,Farm Equipment Mechanics and Service Technicians,critical_thinking|active_listening|speaking|monitoring|reading_comprehension|active_learning|writing|learning_strategies|mathematics|science,critical_thinking|active_learning|active_listening|speaking|monitoring|reading_comprehension|mathematics|learning_strategies|writing|science,3.0,2.88,3.12,3.0,2.88,2.62,3.12,3.0,2.62,2.75,2.0,1.38,3.5,3.62,3.0,3.12,2.75,2.75,3.12,3.0
49-3042.00,"Mobile Heavy Equipment Mechanics, Except Engines",critical_thinking|reading_comprehension|active_listening|writing|speaking|active_learning|monitoring|mathematics|learning_strategies|science,reading_comprehension|critical_thinking|active_listening|monitoring|speaking|active_learning|writing|learning_strategies|mathematics|science,3.12,3.38,3.0,3.12,3.0,2.88,3.0,3.0,2.88,2.62,1.88,1.5,3.25,3.38,3.0,3.0,2.62,2.75,3.0,3.12
49-3043.00,Rail Car Repairers,critical_thinking|active_listening|speaking|reading_comprehension|writing|monitoring|active_learning|learning_strategies|mathematics|science,critical_thinking|active_listening|reading_comprehension|writing|active_learning|monitoring|speaking|learning_strategies|mathematics|science,2.88,2.75,3.0,3.0,2.88,2.75,3.0,2.38,2.12,2.12,1.75,1.0,3.25,3.38,2.75,2.75,2.62,2.25,2.88,2.75
49-3051.00,Motorboat Mechanics and Service Technicians,critical_thinking|active_listening|speaking|monitoring|reading_comprehension|writing|active_learning|mathematics|science|learning_strategies,critical_thinking|active_listening|monitoring|reading_comprehension|speaking|writing|active_learning|mathematics|learning_strategies|science,2.75,2.75,3.12,3.0,2.5,2.5,3.0,2.62,2.25,2.0,2.0,1.75,3.38,3.12,2.38,2.25,2.0,2.0,2.88,3.0
49-3052.00,Motorcycle Mechanics,active_listening|speaking|critical_thinking|active_learning|monitoring|reading_comprehension|writing|learning_strategies|mathematics|science,critical_thinking|active_learning|reading_comprehension|active_listening|speaking|monitoring|writing|learning_strategies|mathematics|science,3.0,3.0,3.12,3.0,2.75,2.88,3.12,3.0,2.25,2.12,1.88,1.25,3.12,3.12,3.12,3.12,2.62,2.25,3.12,3.0
49-3053.00,Outdoor Power Equipment and Other Small Engine Mechanics,critical_thinking|active_listening|reading_comprehension|speaking|monitoring|active_learning|writing|learning_strategies|mathematics|science,critical_thinking|active_listening|active_learning|monitoring|reading_comprehension|writing|speaking|learning_strategies|mathematics|science,2.88,2.62,3.12,2.75,2.62,2.5,2.88,2.5,2.0,2.0,1.75,1.12,3.25,3.0,2.75,2.75,2.5,2.12,2.88,2.75
49-3091.00,Bicycle Repairers,active_listening|critical_thinking|reading_comprehension|speaking|writing|monitoring|active_learning|learning_strategies|mathematics|science,reading_comprehension|active_listening|speaking|critical_thinking|writing|monitoring|active_learning|learning_strategies|mathematics|science,3.0,3.0,3.62,3.0,2.75,2.75,3.0,3.0,2.0,2.0,1.0,0.0,3.5,3.0,2.62,2.62,2.62,2.25,2.75,2.75
49-3092.00,Recreational Vehicle Service Technicians,reading_comprehension|active_listening|speaking|critical_thinking|active_learning|monitoring|writing|mathematics|learning_strategies|science,critical_thinking|reading_comprehension|active_listening|speaking|active_learning|monitoring|writing|mathematics|learning_strategies|science,3.0,3.0,3.0,3.0,2.62,2.75,3.0,3.0,2.0,2.0,1.62,0.62,3.0,3.5,3.0,3.0,2.0,2.0,2.88,3.0
49-3093.00,Tire Repairers and Changers,active_listening|speaking|critical_thinking|reading_comprehension|monitoring|active_learning|writing|mathematics|learning_strategies|science,active_listening|speaking|critical_thinking|reading_comprehension|writing|active_learning|learning_strategies|monitoring|mathematics|science,2.5,2.0,2.88,2.5,2.0,2.0,2.75,2.12,2.0,1.75,1.0,0.0,2.62,2.12,2.12,2.0,2.0,2.0,2.5,2.0
49-9011.00,Mechanical Door Repairers,critical_thinking|active_listening|reading_comprehension|speaking|active_learning|monitoring|writing|mathematics|learning_strategies|science,critical_thinking|active_listening|speaking|reading_comprehension|writing|monitoring|active_learning|mathematics|learning_strategies|science,3.0,2.88,3.12,3.0,2.62,2.88,3.0,3.0,2.5,2.5,1.0,0.0,3.25,3.12,3.0,2.62,2.25,2.0,3.0,2.88
49-9012.00,"Control and Valve Installers and Repairers, Except Mechanical Door",critical_thinking|active_listening|speaking|monitoring|reading_comprehension|writing|active_learning|learning_strategies|mathematics|science,reading_comprehension|critical_thinking|speaking|active_learning|monitoring|active_listening|writing|learning_strategies|mathematics|science,3.0,3.12,3.12,2.88,3.0,2.88,3.12,3.0,2.12,1.5,1.75,1.12,3.38,3.12,2.88,3.0,2.5,2.38,3.12,3.0
49-9021.00,"Heating, Air Conditioning, and Refrigeration Mechanics and Installers",critical_thinking|reading_comprehension|active_listening|speaking|active_learning|monitoring|writing|mathematics|learning_strategies|science,critical_thinking|reading_comprehension|active_listening|speaking|active_learning|monitoring|writing|mathematics|learning_strategies|science,3.25,3.0,3.0,3.0,2.88,2.75,3.0,3.0,2.62,2.62,1.88,1.0,3.62,3.75,3.0,3.0,2.38,2.5,3.0,3.0
49-9031.00,Home Appliance Repairers,critical_thinking|speaking|active_listening|reading_comprehension|active_learning|monitoring|writing|mathematics|learning_strategies|science,critical_thinking|active_listening|speaking|reading_comprehension|monitoring|writing|active_learning|learning_strategies|mathematics|science,3.12,2.88,3.38,3.12,2.75,2.75,3.5,3.0,2.12,2.0,1.75,1.25,3.75,3.25,2.88,2.25,2.12,2.12,2.88,2.88
49-9041.00,Industrial Machinery Mechanics,critical_thinking|active_listening|active_learning|monitoring|speaking|reading_comprehension|writing|learning_strategies|mathematics|science,critical_thinking|active_learning|monitoring|reading_comprehension|active_listening|speaking|learning_strategies|writing|mathematics|science,2.88,3.0,3.12,3.0,2.75,2.75,3.0,3.0,2.38,2.5,1.75,1.5,3.62,3.5,3.12,3.12,2.62,2.88,3.12,3.12
49-9043.00,"Maintenance Workers, Machinery",reading_comprehension|active_listening|critical_thinking|speaking|active_learning|monitoring|writing|learning_strategies|mathematics|science,reading_comprehension|active_listening|critical_thinking|speaking|monitoring|writing|active_learning|learning_strategies|mathematics|science,3.0,3.0,3.0,3.0,2.38,2.12,2.88,2.75,2.0,1.75,1.75,0.88,3.0,3.0,2.75,2.12,2.12,1.88,2.75,2.75
49-9044.00,Millwrights,critical_thinking|active_listening|monitoring|reading_comprehension|speaking|learning_strategies|writing|active_learning|mathematics|science,reading_comprehension|active_listening|speaking|critical_thinking|monitoring|active_learning|learning_strategies|writing|mathematics|science,3.0,3.0,3.12,3.0,2.75,2.62,3.0,3.0,2.62,2.62,1.75,0.75,3.62,3.0,2.75,2.88,2.88,2.75,3.12,3.0
49-9045.00,"Refractory Materials Repairers, Except Brickmasons",active_listening|reading_comprehension|critical_thinking|speaking|monitoring|writing|active_learning|learning_strategies|mathematics|science,critical_thinking|active_listening|speaking|monitoring|reading_comprehension|writing|active_learning|learning_strategies|mathematics|science,2.88,2.62,3.0,2.88,2.5,2.25,2.75,2.75,2.0,1.75,1.0,0.0,2.88,3.0,2.38,2.12,2.25,2.12,2.75,2.75
49-9051.00,Electrical Power-Line Installers and Repairers,active_listening|monitoring|critical_thinking|reading_comprehension|active_learning|speaking|learning_strategies|writing|mathematics|science,active_listening|reading_comprehension|critical_thinking|active_learning|monitoring|speaking|writing|learning_strategies|mathematics|science,3.0,3.0,3.38,3.25,2.5,2.75,2.88,2.88,2.0,1.88,1.75,1.0,3.12,3.0,3.0,3.0,2.75,2.75,3.25,3.0
49-9052.00,Telecommunications Line Installers and Repairers,speaking|critical_thinking|monitoring|reading_comprehension|active_listening|active_learning|writing|mathematics|learning_strategies|science,active_listening|reading_comprehension|critical_thinking|monitoring|speaking|active_learning|writing|mathematics|learning_strategies|science,3.0,3.0,3.0,3.12,2.5,2.62,3.12,2.88,2.12,2.0,1.38,0.38,3.12,3.0,2.62,2.75,2.0,2.0,3.12,3.0
49-9061.00,Camera and Photographic Equipment Repairers,critical_thinking|reading_comprehension|active_listening|speaking|active_learning|monitoring|writing|learning_strategies|mathematics|science,reading_comprehension|critical_thinking|active_listening|active_learning|writing|speaking|monitoring|mathematics|learning_strategies|science,3.12,3.5,3.12,3.12,2.62,3.0,3.0,3.0,2.38,2.5,2.12,1.88,3.5,3.38,3.0,3.12,2.62,2.25,2.88,2.88
49-9062.00,Medical Equipment Repairers,reading_comprehension|critical_thinking|active_listening|active_learning|speaking|mathematics|monitoring|writing|learning_strategies|science,critical_thinking|reading_comprehension|active_listening|writing|speaking|mathematics|active_learning|monitoring|learning_strategies|science,3.12,3.62,3.0,3.0,2.75,3.0,2.88,3.0,2.88,3.0,2.12,2.0,3.12,3.75,3.0,3.0,2.62,2.75,2.88,3.0
49-9063.00,Musical Instrument Repairers and Tuners,critical_thinking|reading_comprehension|active_listening|speaking|monitoring|writing|active_learning|learning_strategies|mathematics|science,critical_thinking|reading_comprehension|active_listening|speaking|writing|active_learning|monitoring|learning_strategies|mathematics|science,3.0,3.0,3.0,3.0,2.75,2.88,3.0,3.0,2.0,1.88,1.62,0.88,3.62,3.62,2.75,2.88,2.38,2.38,2.88,2.88
49-9064.00,Watch and Clock Repairers,critical_thinking|active_listening|speaking|reading_comprehension|monitoring|writing|active_learning|mathematics|learning_strategies|science,active_listening|critical_thinking|reading_comprehension|speaking|writing|active_learning|monitoring|mathematics|learning_strategies|science,2.88,2.88,3.0,3.0,2.25,2.25,3.0,2.75,2.0,2.0,1.75,1.25,3.12,3.0,2.25,2.25,2.0,1.62,2.62,2.25
49-9071.00,"Maintenance and Repair Workers, General",critical_thinking|active_learning|monitoring|reading_comprehension|active_listening|speaking|writing|mathematics|learning_strategies|science,reading_comprehension|critical_thinking|active_learning|monitoring|active_listening|speaking|writing|learning_strategies|mathematics|science,3.0,3.12,3.0,3.0,2.88,2.88,3.0,3.0,2.38,2.25,1.88,1.12,3.25,3.12,3.12,3.12,2.25,2.38,3.12,3.12
49-9081.00,Wind Turbine Service Technicians,critical_thinking|reading_comprehension|monitoring|active_listening|speaking|active_learning|learning_strategies|writing|mathematics|science,reading_comprehension|active_listening|critical_thinking|active_learning|monitoring|speaking|learning_strategies|writing|mathematics|science,3.25,3.25,3.12,3.12,2.88,2.75,3.12,3.0,2.12,2.75,2.0,2.0,3.5,3.12,3.12,3.12,3.0,3.0,3.25,3.12
49-9091.00,"Coin, Vending, and Amusement Machine Servicers and Repairers",reading_comprehension|active_listening|speaking|critical_thinking|monitoring|writing|active_learning|mathematics|learning_strategies|science,monitoring|reading_comprehension|active_listening|critical_thinking|speaking|writing|active_learning|mathematics|learning_strategies|science,2.88,2.88,2.88,2.88,2.62,2.5,2.88,2.62,2.0,2.0,1.62,0.62,2.88,2.88,2.62,2.12,1.88,1.75,2.88,3.0
49-9092.00,Commercial Divers,active_listening|critical_thinking|speaking|reading_comprehension|writing|active_learning|monitoring|learning_strategies|science|mathematics,critical_thinking|active_listening|reading_comprehension|speaking|writing|active_learning|learning_strategies|monitoring|mathematics|science,3.12,3.5,3.62,3.62,3.0,3.0,3.5,3.12,2.0,2.25,2.5,2.12,3.62,3.75,3.0,3.0,2.88,3.0,3.0,3.0
49-9094.00,Locksmiths and Safe Repairers,critical_thinking|active_listening|speaking|reading_comprehension|writing|mathematics|active_learning|monitoring|learning_strategies|science,critical_thinking|reading_comprehension|active_listening|speaking|active_learning|writing|monitoring|mathematics|learning_strategies|science,3.0,3.0,3.12,3.0,2.75,2.5,3.12,3.0,2.62,2.12,1.0,0.0,3.38,3.12,2.62,2.75,2.38,2.12,2.62,2.5
49-9095.00,Manufactured Building and Mobile Home Installers,critical_thinking|monitoring|active_listening|speaking|active_learning|learning_strategies|reading_comprehension|writing|mathematics|science,monitoring|critical_thinking|reading_comprehension|learning_strategies|active_learning|active_listening|writing|speaking|mathematics|science,3.12,3.12,3.38,2.88,2.62,2.88,3.38,2.88,2.62,2.88,1.62,0.88,3.75,3.25,3.38,3.0,3.38,3.12,3.5,3.38
49-9096.00,Riggers,reading_comprehension|active_listening|critical_thinking|monitoring|speaking|active_learning|writing|mathematics|learning_strategies|science,monitoring|active_listening|critical_thinking|speaking|reading_comprehension|writing|active_learning|learning_strategies|mathematics|science,3.12,2.38,3.12,3.0,2.38,2.38,3.0,2.75,1.62,1.0,1.38,0.5,3.12,3.0,2.62,2.25,1.62,1.12,3.12,3.12
49-9097.00,Signal and Track Switch Repairers,critical_thinking|active_listening|reading_comprehension|writing|speaking|active_learning|monitoring|learning_strategies|mathematics|science,critical_thinking|monitoring|active_listening|writing|active_learning|reading_comprehension|learning_strategies|speaking|mathematics|science,2.88,2.88,3.0,3.0,2.88,3.0,2.88,2.5,2.5,2.25,1.75,0.88,3.75,3.38,2.88,3.0,2.62,2.75,2.88,3.12
49-9098.00,"Helpers--Installation, Maintenance, and Repair Workers",active_listening|critical_thinking|monitoring|speaking|reading_comprehension|active_learning|learning_strategies|writing|mathematics|science,active_listening|critical_thinking|monitoring|active_learning|speaking|reading_comprehension|learning_strategies|writing|mathematics|science,2.62,2.12,3.12,2.75,2.12,2.0,3.0,2.38,2.0,1.62,1.12,0.12,3.12,2.75,2.62,2.5,2.5,2.12,3.12,2.62
49-9099.01,Geothermal Technicians,monitoring|reading_comprehension|critical_thinking|active_learning|active_listening|writing|speaking|mathematics|science|learning_strategies,monitoring|reading_comprehension|mathematics|critical_thinking|active_listening|writing|speaking|active_learning|learning_strategies|science,3.25,3.12,3.0,3.0,3.0,3.0,3.0,3.0,2.75,3.12,2.12,2.0,3.25,3.12,3.12,3.0,2.12,2.25,3.75,3.62
51-1011.00,First-Line Supervisors of Production and Operating Workers,active_listening|speaking|critical_thinking|monitoring|reading_comprehension|writing|active_learning|learning_strategies|mathematics|science,active_listening|monitoring|reading_comprehension|speaking|critical_thinking|writing|active_learning|learning_strategies|mathematics|science,3.5,3.75,3.88,4.0,3.12,3.62,3.88,3.75,2.38,2.88,1.5,0.62,3.75,3.75,3.12,3.12,3.12,3.12,3.75,3.88
51-2011.00,"Aircraft Structure, Surfaces, Rigging, and Systems Assemblers",active_listening|critical_thinking|monitoring|reading_comprehension|speaking|active_learning|writing|learning_strategies|mathematics|science,reading_comprehension|active_listening|critical_thinking|monitoring|writing|speaking|active_learning|learning_strategies|mathematics|science,3.0,3.12,3.12,3.12,2.75,3.0,3.0,3.0,2.5,2.75,1.75,1.5,3.12,3.12,2.88,3.0,2.62,2.88,3.12,3.12
51-2021.00,"Coil Winders, Tapers, and Finishers",monitoring|active_listening|reading_comprehension|speaking|critical_thinking|active_learning|writing|learning_strategies|mathematics|science,monitoring|active_listening|critical_thinking|reading_comprehension|speaking|writing|active_learning|learning_strategies|mathematics|science,2.88,2.75,3.0,2.88,2.12,2.0,2.88,2.5,1.75,1.12,1.0,0.0,2.88,2.88,2.25,1.88,2.0,1.88,3.12,3.0
51-2022.00,Electrical and Electronic Equipment Assemblers,reading_comprehension|critical_thinking|active_listening|monitoring|speaking|active_learning|writing|mathematics|learning_strategies|science,reading_comprehension|active_listening|critical_thinking|monitoring|active_learning|speaking|writing|mathematics|learning_strategies|science,3.12,3.0,2.88,3.0,2.38,2.5,2.62,2.62,2.0,2.0,1.62,1.25,3.0,3.0,2.62,2.75,2.0,2.0,2.88,2.88
51-2023.00,Electromechanical Equipment Assemblers,reading_comprehension|speaking|critical_thinking|active_listening|monitoring|writing|active_learning|mathematics|science|learning_strategies,reading_comprehension|critical_thinking|active_listening|monitoring|speaking|writing|active_learning|science|mathematics|learning_strategies,3.0,3.0,2.88,2.75,2.5,2.12,3.0,2.62,2.0,1.88,2.0,2.0,3.0,2.88,2.38,2.12,1.88,1.62,2.88,2.75
51-2031.00,Engine and Other Machine Assemblers,reading_comprehension|active_listening|speaking|critical_thinking|monitoring|active_learning|writing|mathematics|learning_strategies|science,reading_comprehension|active_listening|critical_thinking|monitoring|speaking|writing|active_learning|mathematics|learning_strategies|science,3.12,3.12,3.0,3.0,2.25,2.25,3.0,2.88,2.0,2.0,1.88,1.62,3.0,3.0,2.38,2.25,2.0,2.0,3.0,3.0
51-2041.00,Structural Metal Fabricators and Fitters,reading_comprehension|active_listening|speaking|critical_thinking|monitoring|writing|active_learning|mathematics|science|learning_strategies,active_listening|reading_comprehension|speaking|monitoring|critical_thinking|writing|mathematics|active_learning|science|learning_strategies,3.0,2.62,3.0,3.0,2.25,2.12,3.0,2.62,2.12,2.0,1.75,0.75,3.0,2.38,2.25,1.88,1.75,0.75,2.88,2.62
51-2051.00,Fiberglass Laminators and Fabricators,monitoring|reading_comprehension|active_listening|speaking|writing|critical_thinking|active_learning|learning_strategies|mathematics|science,monitoring|active_listening|critical_thinking|reading_comprehension|active_learning|learning_strategies|speaking|writing|mathematics|science,3.0,2.75,3.0,2.88,2.88,2.5,3.0,2.62,2.38,2.12,1.75,1.0,2.88,2.88,2.88,2.75,2.62,2.75,3.12,3.12
51-2061.00,Timing Device Assemblers and Adjusters,active_listening|critical_thinking|monitoring|reading_comprehension|speaking|writing|active_learning|learning_strategies|mathematics|science,critical_thinking|reading_comprehension|active_listening|speaking|monitoring|writing|active_learning|learning_strategies|science|mathematics,2.75,2.62,2.88,2.62,2.5,2.38,2.75,2.62,2.0,1.62,2.0,1.75,2.88,2.88,2.12,2.25,2.12,2.0,2.88,2.62
51-2092.00,Team Assemblers,active_listening|monitoring|reading_comprehension|speaking|critical_thinking|writing|learning_strategies|active_learning|mathematics|science,active_listening|speaking|monitoring|reading_comprehension|writing|critical_thinking|active_learning|learning_strategies|mathematics|science,3.0,2.88,3.12,3.0,2.75,2.88,3.0,3.0,2.0,1.5,1.0,0.0,3.0,2.88,2.25,2.12,2.38,2.12,3.12,3.0
51-3011.00,Bakers,active_listening|reading_comprehension|speaking|critical_thinking|monitoring|active_learning|mathematics|writing|learning_strategies|science,critical_thinking|monitoring|speaking|active_learning|reading_comprehension|active_listening|mathematics|writing|learning_strategies|science,2.88,2.62,3.0,2.62,2.0,2.0,2.88,2.75,2.12,2.12,1.62,0.62,2.88,2.88,2.62,2.75,2.0,2.0,2.88,2.88
51-3021.00,Butchers and Meat Cutters,active_listening|reading_comprehension|speaking|critical_thinking|monitoring|active_learning|mathematics|writing|learning_strategies|science,reading_comprehension|active_listening|speaking|critical_thinking|monitoring|writing|active_learning|mathematics|learning_strategies|science,3.0,3.0,3.12,3.0,2.25,2.75,3.0,3.0,2.38,2.0,1.25,0.25,3.0,3.0,2.5,2.12,2.25,2.0,3.0,2.88
51-3022.00,"Meat, Poultry, and Fish Cutters and Trimmers",active_listening|speaking|critical_thinking|monitoring|reading_comprehension|active_learning|mathematics|learning_strategies|writing|science,critical_thinking|speaking|monitoring|reading_comprehension|active_listening|active_learning|learning_strategies|writing|mathematics|science,2.38,2.25,3.12,2.25,2.12,2.12,3.0,2.62,2.25,1.88,1.0,0.0,3.0,2.88,2.38,2.25,2.25,2.25,3.0,2.62
51-3023.00,Slaughterers and Meat Packers,speaking|active_listening|critical_thinking|monitoring|active_learning|learning_strategies|reading_comprehension|writing|mathematics|science,active_listening|speaking|critical_thinking|monitoring|reading_comprehension|active_learning|learning_strategies|writing|mathematics|science,1.88,1.75,2.62,2.25,1.75,1.0,2.75,1.88,1.75,0.75,1.0,0.0,2.38,1.88,2.0,1.5,2.0,1.25,2.25,1.88
51-3091.00,"Food and Tobacco Roasting, Baking, and Drying Machine Operators and Tenders",monitoring|reading_comprehension|active_listening|critical_thinking|speaking|writing|active_learning|learning_strategies|science|mathematics,critical_thinking|monitoring|reading_comprehension|active_listening|writing|speaking|active_learning|learning_strategies|science|mathematics,3.12,2.88,3.12,2.88,2.88,2.88,3.0,2.88,1.5,0.75,1.75,0.88,3.12,3.0,2.5,2.62,2.5,2.5,3.5,3.0
51-3092.00,Food Batchmakers,reading_comprehension|critical_thinking|active_listening|speaking|writing|monitoring|mathematics|active_learning|learning_strategies|science,reading_comprehension|active_listening|speaking|monitoring|writing|critical_thinking|mathematics|active_learning|learning_strategies|science,3.12,3.0,3.0,3.0,2.88,2.88,3.0,3.0,2.75,2.38,2.0,1.75,3.12,2.88,2.75,2.12,2.12,2.0,2.88,3.0
51-3093.00,Food Cooking Machine Operators and Tenders,reading_comprehension|monitoring|active_listening|critical_thinking|writing|speaking|active_learning|learning_strategies|mathematics|science,active_listening|monitoring|reading_comprehension|writing|speaking|critical_thinking|active_learning|learning_strategies|mathematics|science,3.12,2.75,3.0,3.0,2.75,2.62,2.62,2.38,2.0,1.88,1.88,1.38,3.0,2.38,2.62,2.38,2.12,2.0,3.12,2.88
51-4021.00,"Extruding and Drawing Machine Setters, Operators, and Tenders, Metal and Plastic",monitoring|speaking|critical_thinking|active_listening|reading_comprehension|active_learning|writing|mathematics|learning_strategies|science,monitoring|reading_comprehension|critical_thinking|active_listening|speaking|mathematics|active_learning|writing|learning_strategies|science,2.75,2.88,2.88,2.75,2.25,2.0,3.0,2.62,2.25,2.25,1.38,0.38,3.0,2.88,2.62,2.25,2.12,2.0,3.25,3.12
51-4022.00,"Forging Machine Setters, Operators, and Tenders, Metal and Plastic",monitoring|reading_comprehension|active_listening|speaking|critical_thinking|writing|mathematics|active_learning|learning_strategies|science,reading_comprehension|active_listening|critical_thinking|monitoring|speaking|writing|mathematics|active_learning|learning_strategies|science,2.88,3.0,2.88,3.0,2.38,2.5,2.88,2.88,2.12,2.12,1.25,0.25,2.88,3.0,2.0,2.0,1.88,1.75,3.12,3.0
51-4023.00,"Rolling Machine Setters, Operators, and Tenders, Metal and Plastic",monitoring|speaking|active_listening|critical_thinking|reading_comprehension|active_learning|learning_strategies|writing|mathematics|science,critical_thinking|active_learning|monitoring|reading_comprehension|active_listening|speaking|learning_strategies|writing|mathematics|science,3.0,2.88,3.12,2.75,2.62,2.62,3.25,2.75,2.38,2.5,1.38,0.38,3.12,3.0,3.0,3.0,2.88,2.75,3.5,3.0
51-4031.00,"Cutting, Punching, and Press Machine Setters, Operators, and Tenders, Metal and Plastic",active_listening|speaking|critical_thinking|monitoring|reading_comprehension|active_learning|writing|mathematics|learning_strategies|science,reading_comprehension|critical_thinking|monitoring|active_listening|speaking|writing|active_learning|mathematics|learning_strategies|science,2.75,3.0,3.0,2.88,2.5,2.12,3.0,2.88,2.0,2.0,1.5,0.5,3.0,3.0,2.75,2.12,2.0,2.0,3.0,3.0
51-4032.00,"Drilling and Boring Machine Tool Setters, Operators, and Tenders, Metal and Plastic",reading_comprehension|monitoring|active_listening|speaking|critical_thinking|active_learning|mathematics|writing|learning_strategies|science,monitoring|reading_comprehension|active_listening|speaking|critical_thinking|writing|mathematics|active_learning|learning_strategies|science,3.12,3.0,3.0,3.0,2.25,2.75,3.0,3.0,2.5,2.62,1.75,1.12,3.0,3.0,2.75,2.12,2.12,2.12,3.12,3.12
51-4033.00,"Grinding, Lapping, Polishing, and Buffing Machine Tool Setters, Operators, and Tenders, Metal and Plastic",reading_comprehension|critical_thinking|monitoring|active_listening|speaking|active_learning|mathematics|writing|learning_strategies|science,monitoring|critical_thinking|reading_comprehension|active_listening|speaking|mathematics|active_learning|writing|learning_strategies|science,3.0,2.62,2.75,2.62,2.25,2.0,2.75,2.62,2.38,2.5,1.5,0.5,2.88,2.75,2.5,2.12,2.0,2.0,2.88,2.88
51-4034.00,"Lathe and Turning Machine Tool Setters, Operators, and Tenders, Metal and Plastic",reading_comprehension|active_listening|monitoring|speaking|critical_thinking|writing|mathematics|active_learning|learning_strategies|science,monitoring|reading_comprehension|active_listening|critical_thinking|speaking|mathematics|writing|active_learning|learning_strategies|science,3.0,2.88,3.0,2.88,2.25,2.0,2.75,2.62,2.12,2.12,1.75,0.75,2.62,2.75,2.0,2.0,2.0,1.88,3.0,3.0
51-4035.00,"Milling and Planing Machine Setters, Operators, and Tenders, Metal and Plastic",critical_thinking|monitoring|active_listening|reading_comprehension|speaking|writing|mathematics|active_learning|learning_strategies|science,monitoring|critical_thinking|active_listening|reading_comprehension|mathematics|speaking|active_learning|writing|learning_strategies|science,2.88,2.75,3.0,2.88,2.62,2.25,2.88,2.5,2.62,2.75,1.38,0.38,3.12,3.0,2.62,2.38,2.12,2.12,3.12,3.12
51-4041.00,Machinists,critical_thinking|monitoring|active_listening|speaking|reading_comprehension|mathematics|active_learning|writing|learning_strategies|science,critical_thinking|monitoring|reading_comprehension|speaking|active_listening|active_learning|mathematics|writing|learning_strategies|science,2.88,3.0,3.0,2.88,2.5,2.62,3.0,3.0,2.88,2.75,1.5,0.75,3.12,3.12,2.75,2.88,2.12,2.38,3.12,3.12
51-4051.00,Metal-Refining Furnace Operators and Tenders,monitoring|reading_comprehension|active_listening|speaking|critical_thinking|active_learning|writing|mathematics|learning_strategies|science,monitoring|active_listening|critical_thinking|reading_comprehension|speaking|writing|mathematics|active_learning|learning_strategies|science,3.0,2.88,3.0,3.0,2.75,2.75,3.0,2.88,2.5,2.62,2.0,1.62,3.0,3.0,2.88,2.12,2.25,2.0,3.62,3.12
51-4052.00,"Pourers and Casters, Metal",active_listening|critical_thinking|monitoring|reading_comprehension|speaking|active_learning|learning_strategies|writing|mathematics|science,active_listening|critical_thinking|monitoring|speaking|reading_comprehension|writing|active_learning|learning_strategies|mathematics|science,2.75,2.62,3.0,3.0,2.0,2.12,2.75,2.75,2.0,1.5,1.88,1.0,3.0,3.0,2.25,2.0,2.25,2.0,3.0,3.0
51-4061.00,"Model Makers, Metal and Plastic",critical_thinking|monitoring|reading_comprehension|active_listening|speaking|mathematics|active_learning|writing|learning_strategies|science,critical_thinking|monitoring|reading_comprehension|mathematics|active_listening|speaking|active_learning|writing|learning_strategies|science,2.88,2.88,2.75,2.75,2.38,2.5,2.62,2.62,2.62,2.88,1.62,0.75,3.25,3.25,2.5,2.62,2.0,2.0,3.12,3.0
51-4062.00,"Patternmakers, Metal and Plastic",reading_comprehension|critical_thinking|active_listening|speaking|monitoring|active_learning|mathematics|writing|learning_strategies|science,reading_comprehension|critical_thinking|monitoring|active_listening|speaking|mathematics|writing|active_learning|learning_strategies|science,3.12,3.0,3.0,2.88,2.12,2.12,3.0,2.88,2.25,2.38,1.62,0.75,3.12,3.0,2.62,2.12,2.0,2.0,3.0,3.0
51-4071.00,Foundry Mold and Coremakers,monitoring|active_listening|critical_thinking|speaking|active_learning|reading_comprehension|writing|mathematics|learning_strategies|science,monitoring|critical_thinking|active_listening|active_learning|reading_comprehension|speaking|writing|mathematics|learning_strategies|science,2.25,2.0,2.88,2.25,2.0,1.75,2.62,1.88,2.0,1.75,1.25,0.25,2.88,2.5,2.38,2.12,2.0,1.5,3.0,2.62
51-4072.00,"Molding, Coremaking, and Casting Machine Setters, Operators, and Tenders, Metal and Plastic",active_listening|reading_comprehension|monitoring|speaking|critical_thinking|active_learning|writing|mathematics|learning_strategies|science,reading_comprehension|active_listening|monitoring|critical_thinking|writing|speaking|active_learning|learning_strategies|mathematics|science,3.12,3.0,3.25,3.0,2.62,2.5,3.0,2.38,2.25,2.12,1.12,0.25,3.0,2.62,2.88,2.25,2.25,2.25,3.12,3.0
51-4081.00,"Multiple Machine Tool Setters, Operators, and Tenders, Metal and Plastic",monitoring|reading_comprehension|active_listening|speaking|critical_thinking|active_learning|writing|learning_strategies|mathematics|science,critical_thinking|reading_comprehension|active_listening|monitoring|speaking|active_learning|writing|learning_strategies|mathematics|science,3.0,3.0,3.0,3.0,2.75,2.75,3.0,2.88,2.25,2.12,1.25,0.38,3.0,3.12,2.88,2.88,2.38,2.75,3.12,3.0
51-4111.00,Tool and Die Makers,critical_thinking|monitoring|active_listening|active_learning|reading_comprehension|speaking|mathematics|writing|learning_strategies|science,reading_comprehension|critical_thinking|active_learning|active_listening|monitoring|mathematics|speaking|writing|learning_strategies|science,2.88,3.12,3.0,3.0,2.25,2.5,2.88,2.75,2.75,2.88,1.75,1.25,3.12,3.12,3.0,3.12,2.12,2.12,3.12,3.0
51-4121.00,"Welders, Cutters, Solderers, and Brazers",monitoring|critical_thinking|active_listening|speaking|reading_comprehension|active_learning|mathematics|learning_strategies|writing|science,monitoring|active_listening|critical_thinking|reading_comprehension|mathematics|speaking|learning_strategies|active_learning|writing|science,2.5,2.12,2.62,2.38,1.75,1.5,2.62,2.0,2.12,2.12,1.62,1.0,2.88,2.38,2.25,1.75,2.0,2.0,3.0,2.75
51-4122.00,"Welding, Soldering, and Brazing Machine Setters, Operators, and Tenders",reading_comprehension|active_listening|speaking|critical_thinking|monitoring|active_learning|writing|mathematics|learning_strategies|science,reading_comprehension|critical_thinking|monitoring|active_listening|speaking|writing|active_learning|mathematics|learning_strategies|science,3.0,3.0,3.0,2.88,2.25,2.25,3.0,2.88,2.12,1.88,1.75,0.88,3.0,3.0,2.62,2.0,2.0,1.88,3.0,3.0
51-4191.00,"Heat Treating Equipment Setters, Operators, and Tenders, Metal and Plastic",active_listening|speaking|monitoring|critical_thinking|reading_comprehension|writing|mathematics|active_learning|learning_strategies|science,monitoring|reading_comprehension|critical_thinking|active_listening|mathematics|learning_strategies|writing|speaking|active_learning|science,2.88,3.0,3.12,2.88,2.88,2.62,3.12,2.62,2.88,2.88,2.0,1.12,3.0,3.0,2.75,2.62,2.62,2.75,3.12,3.38
51-4192.00,"Layout Workers, Metal and Plastic",mathematics|reading_comprehension|critical_thinking|monitoring|active_listening|speaking|active_learning|writing|learning_strategies|science,mathematics|critical_thinking|monitoring|reading_comprehension|active_listening|writing|active_learning|speaking|learning_strategies|science,3.0,2.88,2.88,2.88,2.5,2.88,2.88,2.5,3.12,3.12,1.25,0.38,3.0,3.12,2.75,2.62,2.12,2.0,3.0,3.0
51-4193.00,"Plating Machine Setters, Operators, and Tenders, Metal and Plastic",reading_comprehension|active_listening|monitoring|speaking|critical_thinking|writing|learning_strategies|active_learning|mathematics|science,active_listening|monitoring|reading_comprehension|speaking|critical_thinking|writing|active_learning|learning_strategies|science|mathematics,3.12,2.88,3.12,3.0,2.75,2.62,3.0,2.75,2.0,1.38,2.0,1.88,3.0,2.75,2.12,2.12,2.25,2.12,3.12,3.0
51-4194.00,"Tool Grinders, Filers, and Sharpeners",monitoring|critical_thinking|active_listening|speaking|reading_comprehension|mathematics|active_learning|writing|learning_strategies|science,reading_comprehension|active_listening|mathematics|monitoring|critical_thinking|active_learning|writing|speaking|learning_strategies|science,2.75,2.88,2.88,2.88,2.38,2.25,2.88,2.25,2.75,2.88,1.38,0.38,3.0,2.75,2.5,2.38,2.12,2.12,3.12,2.88
51-5111.00,Prepress Technicians and Workers,active_listening|speaking|critical_thinking|monitoring|reading_comprehension|writing|active_learning|learning_strategies|mathematics|science,speaking|reading_comprehension|active_listening|critical_thinking|active_learning|monitoring|writing|learning_strategies|mathematics|science,3.0,3.0,3.12,3.0,2.88,2.88,3.12,3.12,2.0,2.0,1.62,0.88,3.12,3.0,2.88,3.0,2.38,2.25,3.12,3.0
51-5112.00,Printing Press Operators,monitoring|reading_comprehension|active_listening|speaking|critical_thinking|active_learning|writing|mathematics|learning_strategies|science,monitoring|reading_comprehension|critical_thinking|active_listening|speaking|active_learning|writing|learning_strategies|mathematics|science,3.12,3.12,3.12,3.0,2.38,2.62,3.12,3.0,2.12,2.0,1.0,0.0,3.12,3.12,2.88,2.88,2.12,2.12,3.25,3.25
51-5113.00,Print Binding and Finishing Workers,critical_thinking|reading_comprehension|monitoring|speaking|active_listening|writing|active_learning|learning_strategies|mathematics|science,critical_thinking|monitoring|reading_comprehension|active_listening|learning_strategies|speaking|writing|active_learning|mathematics|science,3.12,2.88,2.88,2.88,2.75,2.62,3.0,2.75,2.12,2.12,1.12,0.12,3.25,3.0,2.5,2.38,2.5,2.88,3.12,3.0
51-6011.00,Laundry and Dry-Cleaning Workers,active_listening|monitoring|critical_thinking|speaking|reading_comprehension|active_learning|writing|learning_strategies|mathematics|science,critical_thinking|monitoring|reading_comprehension|active_listening|active_learning|writing|speaking|learning_strategies|mathematics|science,2.5,2.25,2.88,2.25,2.0,2.0,2.62,2.0,1.62,0.75,1.0,0.0,2.75,2.38,2.25,2.25,1.88,1.75,2.88,2.38
51-6021.00,"Pressers, Textile, Garment, and Related Materials",critical_thinking|monitoring|speaking|active_learning|reading_comprehension|active_listening|writing|learning_strategies|mathematics|science,critical_thinking|monitoring|active_listening|speaking|reading_comprehension|writing|active_learning|learning_strategies|mathematics|science,2.0,1.75,2.0,2.0,1.75,1.5,2.12,2.0,1.62,0.75,1.0,0.0,2.5,2.25,2.12,1.5,1.75,1.0,2.38,2.12
51-6031.00,Sewing Machine Operators,monitoring|active_listening|critical_thinking|reading_comprehension|speaking|active_learning|learning_strategies|writing|mathematics|science,monitoring|reading_comprehension|active_listening|critical_thinking|writing|learning_strategies|speaking|mathematics|active_learning|science,2.62,2.12,2.75,2.12,2.0,2.0,2.12,1.88,2.0,1.88,1.0,0.0,2.75,2.12,2.12,1.88,2.12,2.0,3.12,2.5
51-6041.00,Shoe and Leather Workers and Repairers,active_listening|speaking|critical_thinking|monitoring|reading_comprehension|active_learning|writing|mathematics|learning_strategies|science,critical_thinking|monitoring|active_listening|reading_comprehension|speaking|active_learning|writing|mathematics|learning_strategies|science,2.88,2.25,3.0,2.5,2.12,2.12,3.0,2.25,1.88,1.25,1.0,0.0,3.0,2.88,2.38,2.25,1.62,0.88,3.0,2.62
51-6042.00,Shoe Machine Operators and Tenders,reading_comprehension|active_listening|critical_thinking|monitoring|speaking|writing|active_learning|learning_strategies|mathematics|science,reading_comprehension|active_listening|monitoring|speaking|critical_thinking|writing|mathematics|active_learning|learning_strategies|science,3.12,2.88,3.0,2.88,2.12,2.0,2.75,2.75,2.0,1.88,1.12,0.12,3.0,2.5,2.12,1.88,2.12,1.38,3.0,2.88
51-6051.00,"Sewers, Hand",active_listening|speaking|monitoring|reading_comprehension|critical_thinking|active_learning|mathematics|learning_strategies|writing|science,monitoring|reading_comprehension|active_listening|mathematics|critical_thinking|active_learning|learning_strategies|speaking|writing|science,2.5,2.25,2.62,2.25,1.88,1.75,2.62,1.88,2.0,2.12,1.0,0.0,2.5,2.12,2.38,2.0,2.0,2.0,2.62,2.38
51-6052.00,"Tailors, Dressmakers, and Custom Sewers",active_listening|speaking|critical_thinking|monitoring|reading_comprehension|active_learning|writing|learning_strategies|mathematics|science,active_listening|critical_thinking|speaking|reading_comprehension|active_learning|monitoring|writing|learning_strategies|mathematics|science,2.62,2.62,3.0,3.0,2.5,2.25,3.0,2.88,1.88,1.62,1.0,0.0,3.0,3.0,2.62,2.62,2.0,1.75,2.75,2.62
51-6061.00,Textile Bleaching and Dyeing Machine Operators and Tenders,active_listening|monitoring|reading_comprehension|speaking|critical_thinking|writing|mathematics|active_learning|learning_strategies|science,active_listening|reading_comprehension|speaking|critical_thinking|monitoring|writing|mathematics|active_learning|learning_strategies|science,2.88,2.75,3.0,2.88,2.5,2.5,2.88,2.75,2.5,2.38,1.62,0.62,2.88,2.75,2.12,2.12,2.0,2.0,3.0,2.75
51-6062.00,"Textile Cutting Machine Setters, Operators, and Tenders",monitoring|active_listening|speaking|critical_thinking|reading_comprehension|writing|active_learning|mathematics|learning_strategies|science,monitoring|critical_thinking|reading_comprehension|active_listening|writing|speaking|mathematics|active_learning|learning_strategies|science,2.75,2.62,3.0,2.5,2.62,2.25,3.0,2.12,2.12,2.12,1.0,0.0,2.88,2.75,2.5,2.0,2.0,2.0,3.12,3.25
51-6063.00,"Textile Knitting and Weaving Machine Setters, Operators, and Tenders",monitoring|active_listening|speaking|critical_thinking|reading_comprehension|writing|learning_strategies|active_learning|mathematics|science,monitoring|active_listening|reading_comprehension|speaking|critical_thinking|writing|learning_strategies|active_learning|mathematics|science,2.75,2.38,3.0,2.5,2.38,2.0,2.88,2.38,1.88,1.12,1.12,0.12,2.88,2.25,2.0,1.5,2.12,1.75,3.12,3.0
51-6064.00,"Textile Winding, Twisting, and Drawing Out Machine Setters, Operators, and Tenders",speaking|active_listening|critical_thinking|monitoring|reading_comprehension|writing|active_learning|learning_strategies|mathematics|science,critical_thinking|monitoring|active_listening|speaking|reading_comprehension|active_learning|writing|mathematics|learning_strategies|science,2.5,2.12,3.0,2.5,2.38,2.0,3.12,2.38,2.0,2.0,1.0,0.0,3.0,3.0,2.38,2.12,2.38,2.0,3.0,3.0
51-6091.00,"Extruding and Forming Machine Setters, Operators, and Tenders, Synthetic and Glass Fibers",monitoring|active_listening|speaking|reading_comprehension|critical_thinking|active_learning|writing|learning_strategies|mathematics|science,monitoring|active_listening|critical_thinking|speaking|reading_comprehension|writing|active_learning|learning_strategies|mathematics|science,2.88,2.75,3.0,3.0,2.62,2.62,3.0,2.88,2.0,1.88,1.25,0.62,2.88,3.0,2.75,2.62,2.25,2.12,3.5,3.12
51-6092.00,Fabric and Apparel Patternmakers,critical_thinking|active_listening|reading_comprehension|speaking|mathematics|active_learning|monitoring|writing|learning_strategies|science,active_listening|critical_thinking|reading_comprehension|monitoring|speaking|mathematics|active_learning|learning_strategies|writing|science,3.12,3.25,3.38,3.38,3.0,2.88,3.12,3.0,3.12,3.0,1.12,0.12,3.75,3.38,3.12,3.0,3.0,3.0,3.12,3.25
51-6093.00,Upholsterers,critical_thinking|reading_comprehension|active_listening|speaking|active_learning|monitoring|learning_strategies|writing|mathematics|science,critical_thinking|reading_comprehension|active_listening|monitoring|speaking|active_learning|learning_strategies|mathematics|writing|science,3.12,3.0,3.0,3.0,2.62,2.38,3.0,2.88,2.5,2.5,1.25,0.5,3.5,3.12,3.0,2.88,2.75,2.75,3.0,3.0
51-7011.00,Cabinetmakers and Bench Carpenters,monitoring|reading_comprehension|speaking|active_listening|mathematics|critical_thinking|active_learning|writing|learning_strategies|science,critical_thinking|monitoring|reading_comprehension|speaking|mathematics|active_listening|active_learning|writing|learning_strategies|science,2.88,2.88,2.75,2.75,2.38,2.25,2.88,2.88,2.75,2.88,1.0,0.0,2.75,3.0,2.62,2.5,2.0,2.0,3.0,3.0
51-7021.00,Furniture Finishers,active_listening|critical_thinking|monitoring|speaking|reading_comprehension|active_learning|learning_strategies|writing|mathematics|science,critical_thinking|active_listening|monitoring|reading_comprehension|active_learning|speaking|writing|learning_strategies|mathematics|science,2.75,2.75,3.12,3.0,2.38,2.25,3.0,2.38,2.0,1.75,1.12,0.12,3.12,3.12,2.75,2.75,2.5,2.25,3.12,2.88
51-7031.00,"Model Makers, Wood",monitoring|reading_comprehension|speaking|critical_thinking|active_listening|active_learning|writing|mathematics|learning_strategies|science,critical_thinking|monitoring|reading_comprehension|active_listening|speaking|writing|active_learning|mathematics|learning_strategies|science,3.0,2.88,2.88,2.88,2.62,2.62,3.0,2.88,2.38,2.12,1.62,0.62,3.0,3.0,2.75,2.62,2.25,1.88,3.12,3.0
51-7032.00,"Patternmakers, Wood",reading_comprehension|monitoring|active_listening|mathematics|critical_thinking|speaking|active_learning|writing|learning_strategies|science,critical_thinking|reading_comprehension|active_listening|mathematics|monitoring|speaking|active_learning|writing|learning_strategies|science,3.12,3.0,3.0,3.0,2.62,2.12,2.88,2.5,3.0,3.0,1.75,0.88,3.0,3.12,2.75,2.5,2.12,2.0,3.12,3.0
51-7041.00,"Sawing Machine Setters, Operators, and Tenders, Wood",critical_thinking|monitoring|active_listening|speaking|reading_comprehension|active_learning|mathematics|learning_strategies|writing|science,monitoring|critical_thinking|reading_comprehension|active_listening|speaking|active_learning|learning_strategies|mathematics|writing|science,2.38,2.62,2.75,2.5,1.75,1.38,2.62,2.12,2.0,1.5,1.25,0.25,3.0,2.75,2.12,2.0,2.0,1.88,3.0,2.88
51-7042.00,"Woodworking Machine Setters, Operators, and Tenders, Except Sawing",monitoring|speaking|critical_thinking|active_listening|reading_comprehension|active_learning|mathematics|learning_strategies|writing|science,critical_thinking|monitoring|reading_comprehension|active_listening|speaking|mathematics|active_learning|learning_strategies|writing|science,2.75,2.75,2.88,2.75,1.88,1.75,3.0,2.5,2.38,2.5,1.5,0.5,3.0,2.88,2.5,2.12,2.25,2.12,3.12,2.88
51-8011.00,Nuclear Power Reactor Operators,reading_comprehension|active_listening|critical_thinking|monitoring|writing|speaking|active_learning|learning_strategies|mathematics|science,critical_thinking|monitoring|reading_comprehension|active_listening|speaking|active_learning|writing|science|learning_strategies|mathematics,4.0,3.88,3.88,3.88,3.5,3.0,3.25,3.25,2.75,2.75,2.75,3.0,3.88,4.0,3.12,3.12,3.0,3.0,3.88,4.0
51-8012.00,Power Distributors and Dispatchers,reading_comprehension|active_listening|critical_thinking|monitoring|speaking|writing|active_learning|mathematics|learning_strategies|science,critical_thinking|reading_comprehension|active_listening|monitoring|speaking|writing|active_learning|mathematics|learning_strategies|science,3.62,3.62,3.62,3.62,3.12,3.0,3.5,3.38,2.75,2.88,1.88,1.25,3.62,3.75,3.0,3.0,2.75,2.75,3.62,3.5
51-8013.00,Power Plant Operators,critical_thinking|speaking|active_listening|monitoring|reading_comprehension|writing|active_learning|learning_strategies|mathematics|science,critical_thinking|reading_comprehension|active_listening|monitoring|writing|speaking|active_learning|learning_strategies|mathematics|science,3.12,3.12,3.25,3.12,3.0,3.0,3.38,3.0,2.0,1.88,2.0,1.75,3.75,3.75,2.88,3.0,2.38,2.0,3.25,3.12
51-8013.03,Biomass Plant Technicians,monitoring|critical_thinking|reading_comprehension|active_listening|writing|speaking|active_learning|learning_strategies|mathematics|science,monitoring|critical_thinking|reading_comprehension|active_listening|writing|speaking|active_learning|learning_strategies|mathematics|science,3.0,3.0,3.0,3.0,3.0,3.0,3.0,3.0,2.75,2.75,2.25,1.62,3.12,3.12,3.0,3.0,3.0,3.0,3.38,3.25
51-8013.04,Hydroelectric Plant Technicians,critical_thinking|monitoring|reading_comprehension|active_listening|speaking|writing|mathematics|active_learning|learning_strategies|science,monitoring|reading_comprehension|active_listening|mathematics|critical_thinking|writing|speaking|active_learning|learning_strategies|science,3.25,3.62,3.12,3.12,3.0,3.0,3.12,3.0,3.0,3.12,2.38,2.0,3.88,3.12,3.0,3.0,2.62,2.5,3.62,3.75
51-8021.00,Stationary Engineers and Boiler Operators,active_listening|critical_thinking|reading_comprehension|active_learning|monitoring|speaking|writing|science|mathematics|learning_strategies,reading_comprehension|active_listening|critical_thinking|active_learning|monitoring|writing|speaking|mathematics|science|learning_strategies,3.12,3.12,3.25,3.12,2.88,3.0,3.0,3.0,2.12,2.12,2.25,2.12,3.25,3.12,3.12,3.12,2.12,2.12,3.12,3.12
51-8031.00,Water and Wastewater Treatment Plant and System Operators,monitoring|active_listening|speaking|reading_comprehension|critical_thinking|mathematics|writing|active_learning|learning_strategies|science,monitoring|reading_comprehension|active_listening|speaking|critical_thinking|writing|mathematics|active_learning|learning_strategies|science,3.0,3.0,3.12,3.0,2.75,2.88,3.12,3.0,2.88,2.88,2.62,2.0,3.0,3.0,2.75,2.88,2.75,2.75,3.62,3.62
51-8091.00,Chemical Plant and System Operators,monitoring|critical_thinking|reading_comprehension|active_listening|speaking|writing|active_learning|mathematics|learning_strategies|science,monitoring|active_listening|critical_thinking|reading_comprehension|writing|speaking|active_learning|science|learning_strategies|mathematics,3.12,3.38,3.12,3.5,3.0,3.0,3.12,3.0,2.75,2.62,2.62,2.75,3.62,3.5,3.0,3.0,2.75,2.75,3.75,3.75
51-8092.00,Gas Plant Operators,monitoring|critical_thinking|reading_comprehension|active_listening|writing|speaking|mathematics|active_learning|learning_strategies|science,monitoring|critical_thinking|reading_comprehension|active_listening|writing|speaking|active_learning|mathematics|learning_strategies|science,3.12,3.12,3.0,3.0,3.0,3.0,3.0,3.0,2.88,2.88,2.0,1.75,3.5,3.25,2.88,3.0,2.75,2.62,3.62,3.5
51-8093.00,"Petroleum Pump System Operators, Refinery Operators, and Gaugers",monitoring|reading_comprehension|speaking|active_listening|writing|critical_thinking|active_learning|learning_strategies|mathematics|science,critical_thinking|monitoring|reading_comprehension|active_listening|writing|speaking|active_learning|learning_strategies|mathematics|science,3.5,3.38,3.0,3.0,3.0,3.0,3.12,3.0,2.62,2.75,2.0,1.75,3.0,3.5,3.0,3.0,2.88,2.88,3.62,3.5
51-8099.01,Biofuels Processing Technicians,reading_comprehension|monitoring|active_listening|speaking|writing|critical_thinking|mathematics|science|active_learning|learning_strategies,reading_comprehension|speaking|active_listening|monitoring|critical_thinking|writing|mathematics|active_learning|learning_strategies|science,3.5,3.75,3.25,3.38,3.12,3.0,3.25,3.5,2.88,2.88,2.88,2.5,3.12,3.12,2.88,2.75,2.5,2.75,3.38,3.25
51-9011.00,Chemical Equipment Operators and Tenders,monitoring|reading_comprehension|active_listening|writing|critical_thinking|speaking|active_learning|mathematics|learning_strategies|science,monitoring|reading_comprehension|active_listening|writing|critical_thinking|speaking|active_learning|mathematics|learning_strategies|science,3.12,3.0,3.0,3.0,3.0,3.0,2.88,2.88,2.62,2.62,2.5,2.0,3.0,3.0,2.88,2.88,2.62,2.62,3.62,3.12
51-9012.00,"Separating, Filtering, Clarifying, Precipitating, and Still Machine Setters, Operators, and Tenders",critical_thinking|monitoring|reading_comprehension|active_listening|writing|speaking|active_learning|learning_strategies|mathematics|science,monitoring|active_listening|critical_thinking|reading_comprehension|writing|speaking|active_learning|learning_strategies|mathematics|science,3.0,2.88,3.0,3.0,2.88,2.88,2.88,2.88,2.62,2.62,2.5,2.0,3.12,3.0,2.88,2.88,2.75,2.88,3.12,3.12
51-9021.00,"Crushing, Grinding, and Polishing Machine Setters, Operators, and Tenders",monitoring|reading_comprehension|active_listening|speaking|writing|critical_thinking|active_learning|learning_strategies|mathematics|science,reading_comprehension|active_listening|critical_thinking|monitoring|writing|speaking|active_learning|learning_strategies|mathematics|science,3.0,3.0,3.0,3.0,2.88,2.88,3.0,2.88,2.38,2.38,1.88,1.5,2.88,3.0,2.75,2.62,2.5,2.5,3.12,3.0
51-9022.00,"Grinding and Polishing Workers, Hand",active_listening|speaking|critical_thinking|reading_comprehension|monitoring|writing|active_learning|mathematics|learning_strategies|science,active_listening|monitoring|reading_comprehension|critical_thinking|speaking|writing|active_learning|learning_strategies|mathematics|science,2.75,2.62,2.88,2.75,2.38,2.25,2.88,2.38,2.12,1.75,1.12,0.25,2.88,2.62,2.38,2.25,2.12,2.0,2.75,2.75
51-9023.00,"Mixing and Blending Machine Setters, Operators, and Tenders",reading_comprehension|critical_thinking|monitoring|speaking|active_listening|writing|active_learning|learning_strategies|mathematics|science,monitoring|reading_comprehension|active_listening|critical_thinking|speaking|writing|active_learning|learning_strategies|mathematics|science,3.12,3.0,2.88,2.88,2.75,2.62,3.0,2.75,2.38,2.25,1.88,1.75,3.12,2.88,2.75,2.5,2.62,2.38,3.12,3.12
51-9031.00,"Cutters and Trimmers, Hand",active_listening|speaking|reading_comprehension|monitoring|critical_thinking|writing|active_learning|mathematics|learning_strategies|science,active_listening|reading_comprehension|monitoring|writing|speaking|critical_thinking|active_learning|learning_strategies|mathematics|science,2.75,2.62,2.88,2.88,2.12,2.12,2.88,2.12,2.0,1.12,1.0,0.0,2.62,2.12,2.12,2.0,2.0,1.62,2.75,2.62
51-9032.00,"Cutting and Slicing Machine Setters, Operators, and Tenders",reading_comprehension|monitoring|active_listening|critical_thinking|speaking|active_learning|mathematics|writing|learning_strategies|science,monitoring|reading_comprehension|active_listening|critical_thinking|speaking|writing|mathematics|active_learning|learning_strategies|science,3.12,2.88,2.88,2.75,2.25,2.12,2.75,2.62,2.38,2.0,1.5,0.5,2.88,2.75,2.5,2.0,2.0,1.88,3.12,3.0
51-9041.00,"Extruding, Forming, Pressing, and Compacting Machine Setters, Operators, and Tenders",monitoring|speaking|reading_comprehension|active_listening|critical_thinking|writing|active_learning|mathematics|learning_strategies|science,monitoring|reading_comprehension|active_listening|critical_thinking|writing|speaking|active_learning|mathematics|learning_strategies|science,3.0,2.75,3.0,2.75,2.75,2.38,3.12,2.38,2.12,2.0,1.75,0.75,3.0,2.75,2.62,2.12,2.12,2.0,3.38,3.12
51-9051.00,"Furnace, Kiln, Oven, Drier, and Kettle Operators and Tenders",reading_comprehension|active_listening|speaking|critical_thinking|monitoring|writing|active_learning|mathematics|learning_strategies|science,active_listening|monitoring|reading_comprehension|speaking|critical_thinking|writing|active_learning|mathematics|learning_strategies|science,3.12,3.0,3.12,3.12,2.62,2.62,3.12,3.0,2.25,2.0,1.88,1.12,3.12,3.0,2.38,2.38,2.12,1.5,3.12,3.12
51-9061.00,"Inspectors, Testers, Sorters, Samplers, and Weighers",writing|critical_thinking|reading_comprehension|active_listening|speaking|monitoring|mathematics|active_learning|learning_strategies|science,critical_thinking|active_listening|writing|monitoring|reading_comprehension|speaking|mathematics|active_learning|learning_strategies|science,3.12,3.0,3.12,3.12,3.25,3.12,3.12,3.0,2.62,2.5,1.62,1.0,3.25,3.25,2.38,2.38,2.0,2.12,3.0,3.12
51-9071.00,Jewelers and Precious Stone and Metal Workers,active_listening|speaking|critical_thinking|reading_comprehension|monitoring|writing|active_learning|learning_strategies|mathematics|science,critical_thinking|monitoring|reading_comprehension|active_listening|active_learning|writing|speaking|learning_strategies|mathematics|science,2.75,2.88,3.12,2.88,2.5,2.75,3.0,2.75,2.0,1.75,1.25,0.38,3.0,3.5,2.38,2.88,2.25,2.38,2.75,3.0
51-9071.06,Gem and Diamond Workers,critical_thinking|monitoring|reading_comprehension|active_listening|speaking|writing|mathematics|active_learning|learning_strategies|science,critical_thinking|reading_comprehension|active_listening|speaking|monitoring|writing|mathematics|active_learning|learning_strategies|science,3.0,3.0,3.0,3.0,2.88,2.88,3.0,3.0,2.75,2.88,1.5,0.5,3.12,3.12,2.75,2.75,2.12,2.0,3.12,3.0
51-9081.00,Dental Laboratory Technicians,reading_comprehension|critical_thinking|active_listening|speaking|active_learning|monitoring|writing|learning_strategies|science|mathematics,critical_thinking|reading_comprehension|speaking|active_learning|learning_strategies|monitoring|active_listening|writing|mathematics|science,3.38,3.0,3.0,2.88,2.88,2.88,3.0,3.0,2.0,2.25,2.12,1.5,3.25,3.38,3.0,3.0,2.88,3.0,3.0,3.0
51-9082.00,Medical Appliance Technicians,critical_thinking|reading_comprehension|active_listening|speaking|monitoring|active_learning|writing|learning_strategies|mathematics|science,reading_comprehension|critical_thinking|active_listening|speaking|active_learning|monitoring|writing|mathematics|learning_strategies|science,3.62,3.75,3.62,3.62,2.88,2.88,3.62,3.38,2.62,2.88,1.75,1.38,3.75,3.75,3.12,3.12,2.75,2.88,3.25,3.12
51-9083.00,Ophthalmic Laboratory Technicians,reading_comprehension|critical_thinking|monitoring|active_listening|speaking|writing|active_learning|learning_strategies|mathematics|science,reading_comprehension|active_listening|critical_thinking|monitoring|writing|speaking|active_learning|learning_strategies|mathematics|science,3.0,2.88,2.88,2.88,2.75,2.62,2.88,2.62,2.12,2.25,1.75,0.88,3.0,2.88,2.75,2.5,2.5,2.38,3.0,2.88
51-9111.00,Packaging and Filling Machine Operators and Tenders,monitoring|active_listening|reading_comprehension|critical_thinking|speaking|writing|active_learning|mathematics|learning_strategies|science,reading_comprehension|monitoring|active_listening|writing|speaking|critical_thinking|learning_strategies|active_learning|mathematics|science,2.88,2.88,3.0,2.75,2.62,2.25,2.75,2.25,2.12,2.0,1.0,0.0,2.88,2.25,2.38,2.12,2.12,2.25,3.12,2.88
51-9123.00,"Painting, Coating, and Decorating Workers",active_listening|monitoring|reading_comprehension|speaking|critical_thinking|writing|active_learning|learning_strategies|mathematics|science,critical_thinking|monitoring|speaking|reading_comprehension|active_listening|active_learning|learning_strategies|writing|mathematics|science,2.75,2.25,2.88,2.25,2.25,1.88,2.75,2.5,1.88,1.12,1.0,0.0,2.75,2.62,2.12,2.0,2.0,2.0,2.88,2.62
51-9124.00,"Coating, Painting, and Spraying Machine Setters, Operators, and Tenders",monitoring|critical_thinking|reading_comprehension|active_listening|speaking|learning_strategies|active_learning|writing|mathematics|science,monitoring|critical_thinking|reading_comprehension|learning_strategies|active_listening|active_learning|writing|speaking|mathematics|science,2.62,2.62,2.62,2.25,2.25,2.0,2.62,2.0,2.0,1.88,1.12,0.12,2.75,2.88,2.5,2.25,2.62,2.38,3.12,3.0
51-9141.00,Semiconductor Processing Technicians,reading_comprehension|critical_thinking|active_listening|monitoring|speaking|writing|active_learning|learning_strategies|mathematics|science,reading_comprehension|monitoring|active_listening|speaking|critical_thinking|writing|active_learning|learning_strategies|mathematics|science,3.38,3.38,3.25,2.88,2.75,2.62,2.88,2.88,1.88,1.75,1.88,1.25,3.38,2.88,2.5,2.25,2.25,2.0,3.25,3.0
51-9151.00,Photographic Process Workers and Processing Machine Operators,active_listening|reading_comprehension|speaking|critical_thinking|monitoring|active_learning|writing|learning_strategies|mathematics|science,active_listening|reading_comprehension|monitoring|critical_thinking|speaking|writing|active_learning|learning_strategies|mathematics|science,3.25,3.25,3.38,3.38,2.75,2.88,3.25,3.0,2.0,2.25,1.62,1.0,3.12,3.12,2.88,2.88,2.5,2.88,3.12,3.25
51-9161.00,Computer Numerically Controlled Tool Operators,critical_thinking|monitoring|active_listening|speaking|reading_comprehension|active_learning|mathematics|writing|learning_strategies|science,critical_thinking|monitoring|reading_comprehension|active_listening|speaking|writing|mathematics|active_learning|learning_strategies|science,2.88,3.38,3.12,3.0,2.62,2.88,3.0,3.0,2.75,2.88,1.62,1.12,3.62,3.62,2.88,2.88,2.62,2.75,3.62,3.62
51-9162.00,Computer Numerically Controlled Tool Programmers,monitoring|mathematics|reading_comprehension|active_listening|speaking|critical_thinking|writing|active_learning|learning_strategies|science,reading_comprehension|critical_thinking|monitoring|mathematics|active_learning|active_listening|writing|speaking|learning_strategies|science,3.0,3.62,3.0,3.0,2.88,3.0,3.0,3.0,3.12,3.38,1.88,1.5,3.0,3.5,2.88,3.38,2.62,2.62,3.5,3.5
51-9191.00,Adhesive Bonding Machine Operators and Tenders,active_listening|speaking|monitoring|reading_comprehension|critical_thinking|writing|active_learning|mathematics|learning_strategies|science,monitoring|active_listening|critical_thinking|speaking|reading_comprehension|mathematics|active_learning|writing|learning_strategies|science,3.0,2.5,3.12,2.75,2.75,2.25,3.12,2.62,2.5,2.38,1.5,0.5,2.88,2.75,2.62,2.38,2.25,2.12,3.12,3.12
51-9192.00,"Cleaning, Washing, and Metal Pickling Equipment Operators and Tenders",active_listening|speaking|critical_thinking|monitoring|reading_comprehension|writing|learning_strategies|active_learning|mathematics|science,monitoring|active_listening|writing|reading_comprehension|speaking|critical_thinking|active_learning|learning_strategies|mathematics|science,2.75,2.25,2.88,2.38,2.25,2.38,2.88,2.25,2.0,1.12,1.5,0.62,2.88,2.12,2.12,2.12,2.25,2.12,2.88,3.0
51-9193.00,Cooling and Freezing Equipment Operators and Tenders,critical_thinking|monitoring|speaking|reading_comprehension|active_listening|active_learning|writing|learning_strategies|mathematics|science,monitoring|critical_thinking|active_learning|reading_comprehension|active_listening|writing|speaking|mathematics|learning_strategies|science,3.0,3.0,3.0,3.0,2.88,2.88,3.12,2.88,2.38,2.38,1.75,0.88,3.62,3.25,3.0,3.12,2.5,2.38,3.5,3.38
51-9194.00,Etchers and Engravers,reading_comprehension|monitoring|active_listening|speaking|critical_thinking|active_learning|writing|learning_strategies|mathematics|science,critical_thinking|active_listening|reading_comprehension|monitoring|speaking|writing|active_learning|learning_strategies|mathematics|science,3.12,2.88,3.0,3.0,2.25,2.25,3.0,2.62,2.0,1.75,1.12,0.25,3.0,3.12,2.38,2.25,2.25,2.0,3.12,2.88
51-9195.00,"Molders, Shapers, and Casters, Except Metal and Plastic",reading_comprehension|active_listening|speaking|monitoring|writing|critical_thinking|active_learning|learning_strategies|mathematics|science,reading_comprehension|active_listening|critical_thinking|writing|monitoring|speaking|active_learning|learning_strategies|mathematics|science,2.88,2.62,2.88,2.62,2.62,2.5,2.75,2.38,2.0,1.5,1.0,0.0,2.62,2.62,2.25,2.38,2.12,1.75,2.75,2.5
51-9195.03,"Stone Cutters and Carvers, Manufacturing",active_listening|critical_thinking|reading_comprehension|speaking|monitoring|active_learning|writing|mathematics|learning_strategies|science,reading_comprehension|critical_thinking|active_listening|monitoring|speaking|writing|learning_strategies|active_learning|mathematics|science,2.88,2.88,3.0,2.75,2.25,2.25,2.88,2.38,2.25,1.62,1.38,0.38,3.0,2.88,2.5,2.0,2.25,2.25,2.88,2.62
51-9195.04,"Glass Blowers, Molders, Benders, and Finishers",monitoring|active_listening|speaking|critical_thinking|reading_comprehension|writing|mathematics|active_learning|learning_strategies|science,reading_comprehension|active_listening|speaking|critical_thinking|monitoring|writing|active_learning|learning_strategies|mathematics|science,2.88,3.0,3.0,3.0,2.88,2.75,3.0,3.0,2.5,2.12,1.75,0.88,3.0,3.0,2.5,2.5,2.5,2.25,3.12,3.0
51-9195.05,"Potters, Manufacturing",active_listening|critical_thinking|monitoring|speaking|reading_comprehension|writing|mathematics|active_learning|learning_strategies|science,critical_thinking|monitoring|reading_comprehension|active_listening|speaking|writing|active_learning|mathematics|learning_strategies|science,2.75,2.88,3.0,2.88,2.38,2.62,2.88,2.88,2.12,1.75,1.5,0.62,3.0,3.12,2.0,2.12,1.75,1.38,3.0,3.0
51-9196.00,"Paper Goods Machine Setters, Operators, and Tenders",active_listening|speaking|critical_thinking|monitoring|active_learning|reading_comprehension|writing|mathematics|learning_strategies|science,monitoring|critical_thinking|active_listening|speaking|reading_comprehension|active_learning|writing|learning_strategies|mathematics|science,2.75,2.25,3.0,2.75,2.25,2.12,3.0,2.75,2.12,2.0,1.0,0.0,3.0,2.88,2.88,2.25,2.0,2.12,3.0,3.0
51-9197.00,Tire Builders,active_listening|critical_thinking|monitoring|speaking|reading_comprehension|writing|active_learning|learning_strategies|mathematics|science,monitoring|active_listening|critical_thinking|speaking|reading_comprehension|learning_strategies|writing|active_learning|mathematics|science,2.25,2.12,3.0,2.62,2.0,1.75,2.62,2.25,1.88,1.12,1.0,0.0,3.0,2.5,2.0,1.75,2.0,1.88,3.0,2.88
51-9198.00,Helpers--Production Workers,active_listening|monitoring|reading_comprehension|speaking|critical_thinking|active_learning|writing|mathematics|learning_strategies|science,reading_comprehension|active_listening|monitoring|speaking|critical_thinking|writing|mathematics|active_learning|learning_strategies|science,2.62,2.12,2.75,2.12,2.0,1.75,2.62,2.0,2.0,1.75,1.0,0.0,2.62,2.0,2.12,1.75,2.0,1.75,2.75,2.12
53-1041.00,Aircraft Cargo Handling Supervisors,critical_thinking|active_listening|speaking|monitoring|learning_strategies|reading_comprehension|writing|mathematics|active_learning|science,monitoring|learning_strategies|critical_thinking|writing|speaking|reading_comprehension|active_listening|mathematics|active_learning|science,3.25,3.0,3.62,3.0,3.12,3.25,3.62,3.12,3.0,2.88,1.5,0.5,3.75,3.5,3.0,2.88,3.5,3.62,3.62,3.88
53-1042.00,"First-Line Supervisors of Helpers, Laborers, and Material Movers, Hand",speaking|active_listening|critical_thinking|monitoring|reading_comprehension|writing|learning_strategies|active_learning|mathematics|science,active_listening|speaking|critical_thinking|reading_comprehension|monitoring|learning_strategies|writing|active_learning|mathematics|science,3.12,3.5,3.5,3.75,3.12,3.12,3.62,3.75,2.25,2.12,1.38,0.5,3.38,3.62,2.75,3.0,3.0,3.25,3.38,3.5
53-1042.01,Recycling Coordinators,speaking|active_listening|critical_thinking|reading_comprehension|monitoring|writing|active_learning|learning_strategies|mathematics|science,reading_comprehension|critical_thinking|monitoring|speaking|active_listening|writing|active_learning|learning_strategies|mathematics|science,3.5,3.5,3.62,3.12,3.12,3.12,3.88,3.38,2.5,2.75,1.25,0.25,3.62,3.5,3.12,3.12,3.0,3.0,3.5,3.5
53-1043.00,First-Line Supervisors of Material-Moving Machine and Vehicle Operators,active_listening|speaking|reading_comprehension|critical_thinking|monitoring|writing|active_learning|learning_strategies|mathematics|science,active_listening|speaking|reading_comprehension|monitoring|writing|critical_thinking|active_learning|learning_strategies|mathematics|science,3.62,3.75,4.0,3.88,3.38,3.62,3.88,3.88,2.75,2.25,1.25,0.25,3.62,3.62,3.12,3.12,3.12,3.12,3.5,3.75
53-1044.00,First-Line Supervisors of Passenger Attendants,active_listening|speaking|reading_comprehension|critical_thinking|active_learning|monitoring|writing|learning_strategies|mathematics|science,speaking|reading_comprehension|active_listening|writing|critical_thinking|monitoring|learning_strategies|active_learning|mathematics|science,3.62,3.75,3.88,3.62,3.38,3.62,3.88,3.88,2.5,2.25,1.12,0.25,3.62,3.62,3.5,3.25,3.25,3.38,3.5,3.62
53-2011.00,"Airline Pilots, Copilots, and Flight Engineers",active_listening|critical_thinking|monitoring|reading_comprehension|speaking|active_learning|writing|mathematics|learning_strategies|science,active_listening|monitoring|reading_comprehension|critical_thinking|active_learning|speaking|mathematics|writing|learning_strategies|science,3.88,4.12,4.12,4.25,3.12,3.25,3.75,3.75,3.12,3.5,2.75,2.75,4.12,4.12,3.75,4.12,3.0,3.12,4.12,4.25
53-2012.00,Commercial Pilots,monitoring|critical_thinking|active_listening|reading_comprehension|speaking|active_learning|learning_strategies|writing|mathematics|science,reading_comprehension|active_listening|critical_thinking|active_learning|monitoring|speaking|learning_strategies|writing|mathematics|science,3.75,4.12,3.88,4.12,3.0,3.0,3.75,3.75,2.75,2.88,2.62,2.75,4.0,4.0,3.62,4.0,3.12,3.5,4.12,4.0
53-2021.00,Air Traffic Controllers,active_listening|speaking|critical_thinking|monitoring|reading_comprehension|active_learning|writing|learning_strategies|mathematics|science,monitoring|critical_thinking|reading_comprehension|active_listening|speaking|active_learning|learning_strategies|writing|mathematics|science,3.75,4.0,4.38,4.0,3.12,3.12,4.25,3.88,2.88,3.0,1.75,1.5,4.12,4.12,3.75,3.75,3.12,3.38,4.0,4.25
53-2022.00,Airfield Operations Specialists,active_listening|monitoring|reading_comprehension|speaking|critical_thinking|writing|active_learning|learning_strategies|mathematics|science,monitoring|reading_comprehension|active_listening|speaking|critical_thinking|writing|active_learning|learning_strategies|mathematics|science,3.75,4.0,4.0,4.0,3.38,3.25,3.75,3.88,2.12,2.12,1.62,0.75,3.75,3.88,3.25,3.25,3.0,3.12,4.0,4.12
53-2031.00,Flight Attendants,speaking|active_listening|monitoring|reading_comprehension|critical_thinking|active_learning|writing|learning_strategies|mathematics|science,speaking|critical_thinking|reading_comprehension|monitoring|active_listening|active_learning|writing|learning_strategies|mathematics|science,3.12,3.5,3.88,3.25,3.0,2.88,4.12,3.75,2.0,1.88,1.38,0.5,3.12,3.62,3.12,3.0,2.75,2.25,3.88,3.38
53-3011.00,"Ambulance Drivers and Attendants, Except Emergency Medical Technicians",active_listening|critical_thinking|speaking|reading_comprehension|active_learning|monitoring|writing|learning_strategies|mathematics|science,reading_comprehension|critical_thinking|active_listening|speaking|active_learning|monitoring|writing|learning_strategies|mathematics|science,3.25,3.38,3.5,3.25,2.75,3.0,3.38,3.25,2.0,1.88,1.62,0.75,3.5,3.38,3.12,3.12,2.5,2.25,3.0,3.12
53-3031.00,Driver/Sales Workers,active_listening|speaking|critical_thinking|reading_comprehension|monitoring|writing|active_learning|mathematics|learning_strategies|science,critical_thinking|reading_comprehension|active_listening|writing|speaking|monitoring|active_learning|mathematics|learning_strategies|science,3.0,3.0,3.75,3.0,2.75,3.0,3.62,2.88,2.62,1.88,1.0,0.0,3.12,3.38,2.75,2.12,2.0,1.88,2.88,2.62
53-3032.00,Heavy and Tractor-Trailer Truck Drivers,monitoring|reading_comprehension|speaking|critical_thinking|active_listening|writing|active_learning|mathematics|learning_strategies|science,reading_comprehension|active_listening|monitoring|speaking|critical_thinking|writing|active_learning|mathematics|learning_strategies|science,3.0,3.0,2.88,3.0,2.75,2.62,3.0,2.88,2.0,1.88,1.0,0.0,3.0,2.88,2.5,2.12,2.0,1.75,3.12,3.0
53-3033.00,Light Truck Drivers,reading_comprehension|active_listening|speaking|monitoring|critical_thinking|writing|mathematics|active_learning|learning_strategies|science,reading_comprehension|active_listening|speaking|critical_thinking|monitoring|writing|mathematics|active_learning|learning_strategies|science,3.12,3.0,3.12,2.88,2.75,2.5,3.12,2.88,2.25,2.12,1.12,0.12,3.0,2.75,2.12,2.0,2.0,1.62,3.12,2.75
53-3051.00,"Bus Drivers, School",active_listening|critical_thinking|monitoring|speaking|reading_comprehension|writing|active_learning|learning_strategies|mathematics|science,active_listening|monitoring|reading_comprehension|speaking|writing|critical_thinking|active_learning|learning_strategies|mathematics|science,3.0,3.0,3.38,3.25,2.62,2.75,3.12,2.88,1.75,1.38,1.0,0.0,3.38,2.75,2.5,2.25,2.38,2.12,3.38,3.12
53-3052.00,"Bus Drivers, Transit and Intercity",active_listening|critical_thinking|speaking|monitoring|reading_comprehension|active_learning|writing|learning_strategies|mathematics|science,active_listening|critical_thinking|monitoring|reading_comprehension|speaking|writing|active_learning|mathematics|learning_strategies|science,2.75,2.38,3.12,2.75,2.5,2.12,3.0,2.25,2.0,1.75,1.0,0.0,3.12,2.75,2.62,2.0,2.12,1.75,3.0,2.5
53-3053.00,Shuttle Drivers and Chauffeurs,active_listening|critical_thinking|monitoring|speaking|reading_comprehension|active_learning|writing|learning_strategies|mathematics|science,monitoring|active_listening|critical_thinking|reading_comprehension|writing|speaking|active_learning|learning_strategies|mathematics|science,2.88,2.75,3.38,2.88,2.5,2.75,3.12,2.75,1.88,1.5,1.0,0.0,3.25,2.88,2.62,2.38,2.25,2.12,3.25,3.12
53-4011.00,Locomotive Engineers,monitoring|critical_thinking|active_listening|speaking|reading_comprehension|active_learning|writing|learning_strategies|mathematics|science,monitoring|reading_comprehension|active_listening|speaking|critical_thinking|active_learning|writing|learning_strategies|mathematics|science,3.12,3.38,3.5,3.12,2.88,2.88,3.38,3.0,2.5,2.5,1.12,0.12,3.62,3.0,3.0,3.0,2.62,2.88,3.88,4.0
53-4013.00,"Rail Yard Engineers, Dinkey Operators, and Hostlers",monitoring|speaking|active_listening|critical_thinking|reading_comprehension|active_learning|writing|learning_strategies|mathematics|science,reading_comprehension|speaking|monitoring|active_listening|critical_thinking|active_learning|writing|learning_strategies|mathematics|science,3.12,3.12,3.38,3.0,2.88,2.5,3.5,3.12,2.38,2.0,1.5,0.5,3.25,3.0,3.0,2.75,2.75,2.5,3.62,3.12
53-4022.00,"Railroad Brake, Signal, and Switch Operators and Locomotive Firers",monitoring|active_listening|speaking|critical_thinking|reading_comprehension|writing|active_learning|learning_strategies|mathematics|science,monitoring|critical_thinking|active_listening|speaking|reading_comprehension|active_learning|learning_strategies|writing|mathematics|science,2.88,2.25,3.0,2.5,2.38,2.12,3.0,2.38,1.75,1.12,1.0,0.0,3.0,2.88,2.38,2.25,2.25,2.25,3.38,3.12
53-4031.00,Railroad Conductors and Yardmasters,speaking|monitoring|critical_thinking|active_listening|reading_comprehension|writing|active_learning|learning_strategies|mathematics|science,monitoring|critical_thinking|reading_comprehension|active_listening|speaking|active_learning|writing|learning_strategies|mathematics|science,3.12,3.25,3.5,3.12,3.0,2.88,3.75,3.12,2.25,2.62,1.5,0.5,3.62,3.62,3.0,3.0,2.75,2.75,3.75,4.0
53-4041.00,Subway and Streetcar Operators,active_listening|speaking|monitoring|reading_comprehension|critical_thinking|active_learning|writing|learning_strategies|mathematics|science,critical_thinking|reading_comprehension|monitoring|active_listening|active_learning|speaking|learning_strategies|writing|mathematics|science,3.12,3.12,3.62,3.0,2.75,2.5,3.38,2.75,2.38,2.0,1.0,0.0,3.0,3.25,3.0,3.0,2.62,2.62,3.25,3.12
53-5011.00,Sailors and Marine Oilers,monitoring|reading_comprehension|active_listening|speaking|critical_thinking|active_learning|writing|learning_strategies|mathematics|science,monitoring|reading_comprehension|active_listening|critical_thinking|active_learning|speaking|writing|learning_strategies|mathematics|science,3.0,3.0,3.0,3.0,2.5,2.62,3.0,2.88,2.25,2.12,1.62,0.62,3.0,3.0,3.0,3.0,2.38,2.5,3.5,3.25
53-5021.00,"Captains, Mates, and Pilots of Water Vessels",speaking|monitoring|active_listening|critical_thinking|reading_comprehension|writing|active_learning|learning_strategies|mathematics|science,active_listening|speaking|active_learning|monitoring|critical_thinking|reading_comprehension|writing|learning_strategies|mathematics|science,3.25,3.12,3.38,3.38,3.12,3.12,3.5,3.38,2.38,2.38,1.88,1.5,3.38,3.25,3.12,3.38,2.88,3.0,3.5,3.38
53-5022.00,Motorboat Operators,speaking|monitoring|active_listening|critical_thinking|reading_comprehension|active_learning|writing|learning_strategies|mathematics|science,critical_thinking|monitoring|reading_comprehension|active_listening|speaking|writing|active_learning|learning_strategies|mathematics|science,2.88,3.0,3.12,2.88,2.5,2.75,3.38,2.88,2.25,2.12,1.5,0.5,3.12,3.38,2.75,2.75,2.38,2.5,3.38,3.38
53-5031.00,Ship Engineers,critical_thinking|active_listening|monitoring|speaking|active_learning|reading_comprehension|writing|learning_strategies|mathematics|science,critical_thinking|monitoring|active_listening|reading_comprehension|active_learning|writing|speaking|learning_strategies|mathematics|science,3.12,3.38,3.62,3.5,3.0,3.0,3.5,3.0,2.38,2.38,1.88,2.0,3.88,3.88,3.25,3.12,2.75,2.88,3.62,3.75
53-6011.00,Bridge and Lock Tenders,monitoring|active_listening|speaking|critical_thinking|reading_comprehension|writing|learning_strategies|active_learning|mathematics|science,critical_thinking|monitoring|writing|speaking|active_listening|reading_comprehension|active_learning|learning_strategies|mathematics|science,2.88,2.38,3.0,2.75,2.88,2.88,3.0,2.88,2.0,1.88,1.12,0.25,3.0,3.0,2.38,2.12,2.5,2.12,3.25,3.0
53-6021.00,Parking Attendants,speaking|active_listening|critical_thinking|writing|mathematics|monitoring|reading_comprehension|active_learning|learning_strategies|science,active_listening|critical_thinking|speaking|monitoring|mathematics|writing|learning_strategies|reading_comprehension|active_learning|science,2.5,1.88,3.25,2.75,2.75,2.0,3.5,2.38,2.75,2.25,1.0,0.0,2.88,2.75,2.25,1.75,2.12,2.0,2.75,2.38
53-6031.00,Automotive and Watercraft Service Attendants,active_listening|speaking|critical_thinking|reading_comprehension|monitoring|writing|active_learning|mathematics|learning_strategies|science,critical_thinking|active_listening|reading_comprehension|speaking|writing|monitoring|active_learning|learning_strategies|mathematics|science,2.75,2.5,3.12,2.75,2.62,2.38,3.12,2.5,2.38,1.88,1.38,0.38,3.0,2.88,2.5,2.0,2.25,2.0,2.75,2.38
53-6032.00,Aircraft Service Attendants,active_listening|monitoring|reading_comprehension|speaking|critical_thinking|writing|active_learning|learning_strategies|mathematics|science,speaking|critical_thinking|active_listening|reading_comprehension|writing|monitoring|active_learning|learning_strategies|mathematics|science,3.0,2.62,3.25,2.75,2.75,2.62,3.0,2.88,2.0,1.88,1.38,0.62,3.0,2.88,2.75,2.25,2.5,2.25,3.25,2.62
53-6041.00,Traffic Technicians,active_listening|reading_comprehension|speaking|critical_thinking|writing|monitoring|active_learning|mathematics|science|learning_strategies,reading_comprehension|active_listening|critical_thinking|speaking|writing|mathematics|active_learning|monitoring|science|learning_strategies,3.25,4.0,3.62,3.62,3.12,3.25,3.25,3.38,2.88,3.12,2.75,2.88,3.25,3.5,3.0,3.12,2.62,2.88,3.12,3.12
53-6051.00,Transportation Inspectors,reading_comprehension|writing|speaking|critical_thinking|active_listening|monitoring|active_learning|mathematics|learning_strategies|science,reading_comprehension|active_listening|writing|speaking|critical_thinking|monitoring|active_learning|mathematics|learning_strategies|science,3.62,3.62,3.5,3.5,3.62,3.5,3.62,3.5,2.62,2.62,1.38,0.5,3.62,3.5,2.75,2.75,2.62,2.62,3.38,3.38
53-6051.01,Aviation Inspectors,critical_thinking|reading_comprehension|active_listening|speaking|writing|monitoring|active_learning|science|learning_strategies|mathematics,speaking|critical_thinking|science|reading_comprehension|active_listening|monitoring|writing|active_learning|learning_strategies|mathematics,3.88,3.38,3.88,3.38,3.62,3.25,3.88,4.0,2.25,2.38,2.88,3.5,4.0,4.0,3.12,3.25,2.88,3.0,3.38,3.38
53-6051.07,"Transportation Vehicle, Equipment and Systems Inspectors, Except Aviation",active_listening|reading_comprehension|speaking|critical_thinking|monitoring|active_learning|writing|science|mathematics|learning_strategies,reading_comprehension|active_listening|speaking|critical_thinking|monitoring|writing|science|active_learning|learning_strategies|mathematics,3.0,3.12,3.12,2.88,2.62,2.75,3.0,2.88,2.0,1.75,2.38,2.38,3.0,2.88,2.75,2.0,2.0,1.88,2.88,2.88
53-6061.00,Passenger Attendants,active_listening|speaking|monitoring|critical_thinking|reading_comprehension|active_learning|writing|learning_strategies|mathematics|science,critical_thinking|monitoring|active_listening|speaking|reading_comprehension|active_learning|writing|learning_strategies|mathematics|science,2.88,2.88,3.75,3.0,2.62,2.25,3.75,3.0,2.0,1.25,1.0,0.0,3.0,3.38,2.88,2.88,2.12,1.88,3.25,3.12
53-7011.00,Conveyor Operators and Tenders,monitoring|active_listening|speaking|critical_thinking|reading_comprehension|writing|active_learning|learning_strategies|mathematics|science,monitoring|active_listening|reading_comprehension|speaking|critical_thinking|writing|active_learning|learning_strategies|mathematics|science,2.88,2.88,3.12,3.0,2.75,2.75,3.0,2.88,2.0,1.88,1.75,1.5,3.0,2.88,2.75,2.62,2.12,2.0,3.38,3.12
53-7021.00,Crane and Tower Operators,critical_thinking|active_listening|monitoring|reading_comprehension|speaking|active_learning|writing|mathematics|learning_strategies|science,reading_comprehension|active_listening|critical_thinking|monitoring|speaking|writing|active_learning|learning_strategies|mathematics|science,3.0,3.0,3.12,3.0,2.62,2.38,3.0,2.88,2.62,2.12,1.12,0.12,3.25,3.0,2.88,2.38,2.25,2.25,3.12,3.0
53-7031.00,Dredge Operators,critical_thinking|active_listening|speaking|monitoring|reading_comprehension|active_learning|learning_strategies|writing|mathematics|science,monitoring|critical_thinking|learning_strategies|reading_comprehension|active_listening|speaking|active_learning|writing|mathematics|science,2.5,2.38,2.88,2.38,2.12,2.0,2.88,2.25,2.0,1.88,1.25,0.5,3.0,2.75,2.5,2.12,2.38,2.5,2.88,2.88
53-7041.00,Hoist and Winch Operators,critical_thinking|monitoring|active_listening|speaking|active_learning|reading_comprehension|mathematics|learning_strategies|writing|science,critical_thinking|monitoring|learning_strategies|reading_comprehension|active_listening|writing|speaking|active_learning|mathematics|science,2.75,2.38,3.38,2.38,2.25,2.25,3.12,2.25,2.62,1.88,1.25,0.5,3.75,2.62,2.88,2.12,2.5,2.5,3.62,2.62
53-7051.00,Industrial Truck and Tractor Operators,reading_comprehension|active_listening|speaking|critical_thinking|monitoring|writing|mathematics|active_learning|learning_strategies|science,monitoring|reading_comprehension|active_listening|critical_thinking|writing|speaking|mathematics|active_learning|learning_strategies|science,2.88,2.5,2.88,2.5,2.5,2.12,2.75,2.0,2.12,1.88,1.25,0.25,2.75,2.25,2.12,1.88,2.12,1.75,2.75,2.62
53-7061.00,Cleaners of Vehicles and Equipment,monitoring|speaking|active_listening|reading_comprehension|critical_thinking|active_learning|writing|learning_strategies|mathematics|science,monitoring|active_listening|critical_thinking|reading_comprehension|speaking|active_learning|writing|learning_strategies|mathematics|science,2.25,1.88,2.5,2.0,1.88,1.12,2.62,1.88,1.62,0.75,1.25,0.25,2.25,2.0,2.0,1.5,1.88,1.0,2.75,2.25
53-7062.00,"Laborers and Freight, Stock, and Material Movers, Hand",active_listening|reading_comprehension|speaking|monitoring|critical_thinking|writing|learning_strategies|mathematics|active_learning|science,reading_comprehension|active_listening|writing|monitoring|speaking|critical_thinking|active_learning|learning_strategies|mathematics|science,2.75,2.12,2.88,2.12,2.25,2.12,2.75,2.0,2.0,1.75,1.0,0.0,2.5,2.0,2.0,2.0,2.12,2.0,2.75,2.12
53-7062.04,Recycling and Reclamation Workers,active_listening|monitoring|speaking|critical_thinking|reading_comprehension|active_learning|writing|learning_strategies|mathematics|science,reading_comprehension|active_listening|critical_thinking|monitoring|writing|speaking|active_learning|learning_strategies|mathematics|science,2.62,2.88,3.12,2.88,2.38,2.5,2.75,2.38,1.88,1.5,1.12,0.25,2.75,2.75,2.5,2.25,2.0,2.0,3.12,2.75
53-7063.00,Machine Feeders and Offbearers,monitoring|reading_comprehension|active_listening|speaking|critical_thinking|writing|mathematics|active_learning|learning_strategies|science,reading_comprehension|monitoring|active_listening|speaking|critical_thinking|writing|active_learning|learning_strategies|mathematics|science,2.75,2.88,2.75,2.62,2.38,2.0,2.75,2.62,2.12,1.62,1.25,0.38,2.5,2.62,2.0,2.0,2.0,1.75,3.0,2.88
53-7064.00,"Packers and Packagers, Hand",monitoring|active_listening|critical_thinking|reading_comprehension|speaking|active_learning|writing|mathematics|learning_strategies|science,monitoring|reading_comprehension|active_listening|speaking|critical_thinking|writing|mathematics|learning_strategies|active_learning|science,2.62,2.0,2.75,2.0,2.0,1.88,2.62,2.0,2.0,1.25,1.0,0.0,2.75,2.0,2.12,1.0,2.0,1.12,3.0,2.12
53-7065.00,Stockers and Order Fillers,active_listening|reading_comprehension|speaking|critical_thinking|writing|monitoring|active_learning|mathematics|learning_strategies|science,active_listening|reading_comprehension|speaking|monitoring|writing|critical_thinking|mathematics|active_learning|learning_strategies|science,3.0,2.88,3.12,3.0,2.62,2.5,2.75,2.62,2.0,2.0,1.0,0.0,2.75,2.25,2.12,2.0,2.0,2.0,2.62,2.62
53-7071.00,Gas Compressor and Gas Pumping Station Operators,critical_thinking|reading_comprehension|active_listening|monitoring|writing|speaking|active_learning|mathematics|learning_strategies|science,reading_comprehension|active_listening|speaking|critical_thinking|monitoring|writing|active_learning|learning_strategies|mathematics|science,3.12,3.12,3.12,3.0,3.0,2.88,3.0,3.0,2.25,2.12,1.88,1.25,3.62,3.0,2.88,2.38,2.25,2.38,3.12,3.0
53-7072.00,"Pump Operators, Except Wellhead Pumpers",monitoring|reading_comprehension|active_listening|speaking|critical_thinking|writing|active_learning|mathematics|learning_strategies|science,monitoring|critical_thinking|reading_comprehension|active_listening|speaking|active_learning|writing|mathematics|learning_strategies|science,3.12,3.0,3.12,3.0,2.88,2.75,3.12,2.88,2.38,2.62,2.0,1.38,3.12,3.12,2.88,2.88,2.12,2.25,3.5,3.38
53-7073.00,Wellhead Pumpers,critical_thinking|monitoring|speaking|active_listening|reading_comprehension|writing|active_learning|mathematics|learning_strategies|science,monitoring|speaking|critical_thinking|reading_comprehension|active_listening|writing|active_learning|mathematics|learning_strategies|science,2.75,2.88,2.88,2.75,2.62,2.12,3.0,3.0,2.25,1.62,1.12,0.12,3.12,3.0,2.38,2.12,1.88,1.38,3.12,3.25
53-7081.00,Refuse and Recyclable Material Collectors,active_listening|speaking|critical_thinking|reading_comprehension|writing|monitoring|active_learning|learning_strategies|mathematics|science,critical_thinking|active_listening|reading_comprehension|writing|speaking|monitoring|active_learning|learning_strategies|mathematics|science,2.62,2.0,2.88,2.5,2.5,2.0,2.88,2.0,1.0,0.0,1.0,0.0,2.75,2.62,2.25,1.62,1.38,0.38,2.5,2.0
53-7121.00,"Tank Car, Truck, and Ship Loaders",reading_comprehension|active_listening|writing|speaking|critical_thinking|monitoring|active_learning|mathematics|learning_strategies|science,reading_comprehension|monitoring|active_listening|speaking|critical_thinking|writing|active_learning|learning_strategies|mathematics|science,3.25,3.12,3.0,3.0,3.0,2.75,3.0,2.88,2.5,2.12,1.5,0.75,3.0,2.88,2.75,2.75,2.5,2.38,3.0,3.12
