ONET_SOC_CODE,Title,education_required_level_ranked,education_importance_ranked,education_required_quantity_ranked,education_category_10_required_level_value,education_category_10_required_quantity_value,education_category_11_required_level_value,education_category_11_required_quantity_value,education_category_12_required_level_value,education_category_12_required_quantity_value,education_category_1_required_level_value,education_category_1_required_quantity_value,education_category_2_required_level_value,education_category_2_required_quantity_value,education_category_3_required_level_value,education_category_3_required_quantity_value,education_category_4_required_level_value,education_category_4_required_quantity_value,education_category_5_required_level_value,education_category_5_required_quantity_value,education_category_6_required_level_value,education_category_6_required_quantity_value,education_category_7_required_level_value,education_category_7_required_quantity_value,education_category_8_required_level_value,education_category_8_required_quantity_value,education_category_9_required_level_value,education_category_9_required_quantity_value
11-1011.00,Chief Executives,category_8|category_6|category_5|category_11|category_2,,,0.55,,4.92,,2.78,,0.0,,4.46,,0.0,,0.0,,5.15,,32.29,,0.0,,45.91,,3.94,
11-1011.03,Chief Sustainability Officers,category_8|category_6|category_9|category_1|category_2,,,0.0,,0.0,,0.0,,0.0,,0.0,,0.0,,0.0,,0.0,,18.52,,0.0,,74.07,,7.41,
11-1021.00,General and Operations Managers,category_2|category_6|category_4|category_1|category_5,,,0.0,,0.0,,0.0,,10.35,,28.76,,5.72,,21.59,,5.99,,27.3,,0.14,,0.15,,0.0,
11-2011.00,Advertising and Promotions Managers,,,category_6|category_2|category_4|category_8|category_1,,0.0,,0.0,,0.0,,0.0,,25.68,,0.0,,1.21,,0.0,,72.87,,0.0,,0.24,,0.0
11-2021.00,Marketing Managers,,,category_6|category_2|category_8|category_4|category_5,,0.0,,0.0,,0.0,,0.0,,11.77,,0.0,,2.54,,0.09,,80.08,,0.0,,5.52,,0.0
11-2022.00,Sales Managers,category_6|category_4|category_5|category_8|category_1,,,0.0,,0.0,,0.0,,0.0,,0.0,,0.0,,19.05,,4.76,,71.43,,0.0,,4.76,,0.0,
11-2032.00,Public Relations Managers,,,category_6|category_8|category_5|category_1|category_2,,0.0,,0.0,,0.0,,0.0,,0.0,,0.0,,0.0,,2.78,,83.33,,0.0,,13.89,,0.0
11-2033.00,Fundraising Managers,category_6|category_4|category_8|category_5|category_1,,,0.0,,0.0,,0.0,,0.0,,0.0,,0.0,,19.65,,3.93,,65.49,,0.0,,10.93,,0.0,
11-3012.00,Administrative Services Managers,category_2|category_6|category_4|category_3|category_5,,,0.0,,0.06,,0.0,,0.0,,33.56,,13.16,,13.18,,11.84,,24.28,,0.0,,3.87,,0.06,
11-3013.00,Facilities Managers,category_5|category_2|category_4|category_3|category_6,,,0.0,,0.0,,0.0,,0.0,,14.59,,9.36,,11.3,,57.34,,7.06,,0.18,,0.18,,0.0,
11-3013.01,Security Managers,category_6|category_8|category_5|category_3|category_1,,,0.0,,0.0,,0.0,,0.0,,0.0,,5.0,,0.0,,10.0,,70.0,,0.0,,15.0,,0.0,
11-3021.00,Computer and Information Systems Managers,category_6|category_4|category_8|category_3|category_7,,,0.0,,0.0,,0.0,,0.0,,1.26,,5.77,,25.96,,2.16,,47.68,,2.8,,14.36,,0.0,
11-3031.00,Financial Managers,category_6|category_7|category_2|category_4|category_5,,,0.0,,0.0,,0.0,,0.0,,14.24,,0.0,,4.56,,3.9,,56.31,,21.0,,0.0,,0.0,
11-3031.01,Treasurers and Controllers,,,category_6|category_8|category_9|category_1|category_2,,0.0,,0.0,,0.0,,0.0,,0.0,,0.0,,0.0,,0.0,,48.0,,0.0,,48.0,,4.0
11-3031.03,Investment Fund Managers,category_8|category_6|category_9|category_10|category_1,,,2.01,,0.0,,0.0,,0.0,,0.0,,0.0,,0.0,,0.0,,32.66,,0.0,,63.33,,2.01,
11-3051.00,Industrial Production Managers,category_2|category_6|category_3|category_4|category_5,,,0.0,,0.0,,0.0,,5.26,,29.42,,16.21,,11.51,,8.1,,25.8,,2.45,,1.24,,0.0,
11-3051.01,Quality Control Systems Managers,category_6|category_1|category_2|category_3|category_4,,,0.0,,0.0,,0.0,,0.0,,0.0,,0.0,,0.0,,0.0,,100.0,,0.0,,0.0,,0.0,
11-3051.02,Geothermal Production Managers,category_4|category_3|category_6|category_2|category_7,,,0.0,,0.0,,0.0,,0.0,,11.15,,18.91,,47.61,,2.72,,14.61,,4.99,,0.0,,0.0,
11-3051.03,Biofuels Production Managers,category_6|category_4|category_5|category_2|category_7,,,0.0,,0.0,,0.0,,0.0,,14.0,,0.0,,19.13,,14.83,,45.44,,6.6,,0.0,,0.0,
11-3051.04,Biomass Power Plant Managers,category_6|category_5|category_3|category_2|category_4,,,0.0,,0.0,,0.0,,0.0,,6.83,,13.23,,1.75,,16.7,,61.49,,0.0,,0.0,,0.0,
11-3051.06,Hydroelectric Production Managers,category_3|category_5|category_6|category_4|category_2,,,0.0,,0.0,,0.0,,0.0,,13.59,,28.95,,14.08,,21.28,,14.85,,7.24,,0.0,,0.0,
11-3061.00,Purchasing Managers,category_6|category_3|category_5|category_8|category_2,,,0.0,,0.0,,0.0,,0.0,,5.26,,15.79,,5.26,,10.53,,52.63,,0.0,,10.53,,0.0,
11-3071.04,Supply Chain Managers,category_6|category_8|category_7|category_5|category_1,,,0.0,,0.0,,0.0,,0.0,,0.0,,0.0,,0.0,,4.76,,66.67,,9.52,,19.05,,0.0,
11-3111.00,Compensation and Benefits Managers,category_6|category_8|category_7|category_1|category_2,,,0.0,,0.0,,0.0,,0.0,,0.0,,0.0,,0.0,,0.0,,76.19,,9.52,,14.29,,0.0,
11-3121.00,Human Resources Managers,category_6|category_7|category_3|category_8|category_1,,,0.0,,0.0,,0.0,,0.0,,0.0,,4.55,,0.0,,0.0,,81.82,,9.09,,4.55,,0.0,
11-3131.00,Training and Development Managers,category_6|category_8|category_7|category_1|category_2,,,0.0,,0.0,,0.0,,0.0,,0.0,,0.0,,0.0,,0.0,,71.43,,7.14,,21.43,,0.0,
11-9021.00,Construction Managers,category_6|category_2|category_3|category_4|category_5,,,0.0,,0.0,,0.0,,5.0,,15.0,,15.0,,10.0,,10.0,,40.0,,0.0,,5.0,,0.0,
11-9031.00,"Education and Childcare Administrators, Preschool and Daycare",,,category_6|category_5|category_2|category_4|category_3,,0.0,,0.0,,0.0,,0.0,,12.5,,4.17,,12.5,,22.92,,43.75,,0.0,,2.08,,2.08
11-9032.00,"Education Administrators, Kindergarten through Secondary",,,category_8|category_6|category_9|category_7|category_11,,0.0,,0.03,,0.0,,0.0,,0.0,,0.0,,0.0,,0.0,,27.33,,0.08,,62.27,,10.3
11-9033.00,"Education Administrators, Postsecondary",category_8|category_11|category_6|category_12|category_1,,,0.0,,37.24,,7.2,,0.0,,0.0,,0.0,,0.0,,0.0,,7.62,,0.0,,47.94,,0.0,
11-9041.00,Architectural and Engineering Managers,category_6|category_8|category_10|category_9|category_5,,,12.15,,1.15,,0.0,,0.0,,0.0,,0.0,,0.0,,1.15,,45.52,,1.15,,27.04,,11.85,
11-9041.01,Biofuels/Biodiesel Technology and Product Development Managers,category_6|category_8|category_5|category_3|category_12,,,0.0,,1.33,,1.43,,0.0,,1.33,,4.77,,0.0,,5.82,,55.44,,1.24,,28.62,,0.0,
11-9051.00,Food Service Managers,category_2|category_3|category_5|category_1|category_6,,,0.0,,0.0,,0.0,,16.14,,29.66,,21.34,,4.56,,18.56,,9.73,,0.0,,0.0,,0.0,
11-9071.00,Gambling Managers,category_2|category_4|category_3|category_6|category_1,,,0.0,,0.0,,0.0,,0.0,,56.51,,6.74,,30.01,,0.0,,6.74,,0.0,,0.0,,0.0,
11-9072.00,"Entertainment and Recreation Managers, Except Gambling",,,category_6|category_1|category_4|category_5|category_8,,0.0,,0.0,,0.0,,15.55,,1.31,,0.84,,11.15,,9.22,,56.48,,0.0,,5.44,,0.0
11-9081.00,Lodging Managers,category_6|category_1|category_4|category_5|category_2,,,0.0,,0.0,,0.0,,18.32,,1.15,,0.0,,5.89,,3.05,,71.6,,0.0,,0.0,,0.0,
11-9111.00,Medical and Health Services Managers,category_6|category_8|category_5|category_3|category_2,,,3.57,,0.0,,3.57,,0.0,,3.57,,7.14,,3.57,,10.71,,46.43,,0.0,,21.43,,0.0,
11-9121.00,Natural Sciences Managers,category_6|category_12|category_8|category_11|category_5,,,0.0,,13.62,,26.7,,0.0,,0.0,,0.0,,0.0,,7.29,,35.07,,2.24,,15.07,,0.0,
11-9121.01,Clinical Research Coordinators,category_6|category_3|category_4|category_2|category_5,,,0.0,,1.27,,0.0,,0.0,,7.03,,11.58,,9.24,,5.92,,60.13,,0.0,,4.83,,0.0,
11-9121.02,Water Resource Specialists,category_6|category_8|category_1|category_2|category_3,,,0.0,,0.0,,0.0,,0.0,,0.0,,0.0,,0.0,,0.0,,50.0,,0.0,,50.0,,0.0,
11-9131.00,Postmasters and Mail Superintendents,category_2|category_6|category_4|category_3|category_5,,,0.0,,0.0,,0.0,,0.0,,62.1,,6.69,,11.07,,6.69,,13.44,,0.0,,0.0,,0.0,
11-9141.00,"Property, Real Estate, and Community Association Managers",,,category_6|category_5|category_4|category_2|category_7,,0.0,,0.0,,0.0,,0.0,,11.11,,0.0,,14.81,,22.22,,48.15,,3.7,,0.0,,0.0
11-9151.00,Social and Community Service Managers,category_6|category_8|category_5|category_9|category_2,,,0.0,,0.0,,0.0,,0.0,,7.24,,0.0,,2.19,,8.15,,50.36,,0.0,,23.93,,8.12,
11-9161.00,Emergency Management Directors,category_6|category_8|category_4|category_7|category_2,,,0.0,,0.0,,0.0,,0.0,,4.55,,0.0,,9.09,,4.55,,59.09,,9.09,,13.64,,0.0,
11-9171.00,Funeral Home Managers,category_5|category_2|category_3|category_7|category_4,,,0.0,,0.0,,0.0,,0.0,,25.54,,14.63,,3.49,,49.85,,1.16,,5.33,,0.0,,0.0,
11-9179.01,Fitness and Wellness Coordinators,category_8|category_6|category_2|category_5|category_1,,,0.0,,0.0,,0.0,,0.0,,3.85,,0.0,,0.0,,3.85,,42.31,,0.0,,50.0,,0.0,
11-9179.02,Spa Managers,,,category_5|category_2|category_3|category_6|category_4,,0.0,,0.0,,0.0,,0.0,,20.46,,11.77,,6.7,,53.01,,8.07,,0.0,,0.0,,0.0
11-9199.01,Regulatory Affairs Managers,category_6|category_8|category_4|category_7|category_11,,,0.0,,4.35,,0.0,,0.0,,0.0,,0.0,,4.35,,0.0,,73.91,,4.35,,13.04,,0.0,
11-9199.02,Compliance Managers,category_6|category_8|category_2|category_3|category_5,,,0.17,,0.0,,0.0,,0.0,,8.93,,6.72,,1.27,,5.33,,63.38,,0.0,,14.21,,0.0,
11-9199.08,Loss Prevention Managers,category_6|category_2|category_3|category_4|category_5,,,0.0,,0.0,,0.0,,0.0,,13.64,,9.09,,9.09,,9.09,,54.55,,4.55,,0.0,,0.0,
11-9199.09,Wind Energy Operations Managers,category_5|category_6|category_2|category_3|category_4,,,0.0,,0.0,,0.0,,0.0,,14.92,,7.07,,3.55,,39.7,,34.76,,0.0,,0.0,,0.0,
11-9199.10,Wind Energy Development Managers,category_6|category_5|category_8|category_7|category_1,,,0.0,,0.0,,0.0,,0.0,,0.0,,0.0,,0.0,,18.27,,66.85,,2.61,,12.28,,0.0,
11-9199.11,Brownfield Redevelopment Specialists and Site Managers,category_6|category_7|category_8|category_9|category_1,,,0.0,,0.0,,0.0,,0.0,,0.0,,0.0,,0.0,,0.0,,77.27,,9.09,,9.09,,4.55,
13-1011.00,"Agents and Business Managers of Artists, Performers, and Athletes",category_6|category_2|category_8|category_4|category_1,,,0.0,,0.0,,0.0,,1.34,,37.97,,0.0,,2.56,,0.0,,41.33,,0.0,,16.8,,0.0,
13-1021.00,"Buyers and Purchasing Agents, Farm Products",,,category_6|category_2|category_3|category_4|category_1,,0.0,,0.0,,0.0,,0.0,,16.74,,1.11,,0.06,,0.0,,82.1,,0.0,,0.0,,0.0
13-1022.00,"Wholesale and Retail Buyers, Except Farm Products",,,category_6|category_5|category_2|category_1|category_4,,0.0,,0.0,,0.0,,5.05,,16.25,,0.29,,0.59,,21.62,,56.19,,0.0,,0.0,,0.0
13-1023.00,"Purchasing Agents, Except Wholesale, Retail, and Farm Products",category_6|category_2|category_5|category_7|category_1,,,0.0,,0.0,,0.0,,0.0,,15.0,,0.0,,0.0,,10.0,,65.0,,10.0,,0.0,,0.0,
13-1031.00,"Claims Adjusters, Examiners, and Investigators",category_6|category_2|category_5|category_4|category_11,,,0.0,,3.95,,0.0,,0.0,,13.11,,2.59,,11.93,,12.01,,55.82,,0.0,,0.58,,0.0,
13-1032.00,"Insurance Appraisers, Auto Damage",category_4|category_3|category_2|category_5|category_6,,,0.0,,0.0,,0.0,,0.0,,23.88,,28.84,,30.6,,15.21,,1.47,,0.0,,0.0,,0.0,
13-1041.01,Environmental Compliance Inspectors,category_6|category_5|category_2|category_1|category_3,,,0.0,,0.0,,0.0,,0.0,,10.0,,0.0,,0.0,,15.0,,75.0,,0.0,,0.0,,0.0,
13-1041.03,Equal Opportunity Representatives and Officers,category_6|category_4|category_8|category_7|category_10,,,2.77,,0.0,,0.0,,0.0,,0.0,,0.0,,14.07,,0.0,,65.76,,4.44,,11.87,,1.09,
13-1041.04,Government Property Inspectors and Investigators,category_6|category_5|category_3|category_4|category_2,,,0.0,,0.0,,0.0,,0.0,,9.44,,16.22,,10.32,,24.68,,39.34,,0.0,,0.0,,0.0,
13-1041.06,Coroners,category_6|category_5|category_7|category_2|category_4,,,0.0,,0.0,,0.0,,0.0,,10.0,,5.0,,10.0,,15.0,,35.0,,15.0,,10.0,,0.0,
13-1041.07,Regulatory Affairs Specialists,category_6|category_8|category_7|category_12|category_1,,,0.0,,0.0,,5.0,,0.0,,0.0,,0.0,,0.0,,0.0,,80.0,,5.0,,10.0,,0.0,
13-1041.08,Customs Brokers,,,category_6|category_2|category_3|category_4|category_5,,0.0,,0.0,,0.0,,0.0,,30.0,,15.0,,15.0,,5.0,,35.0,,0.0,,0.0,,0.0
13-1051.00,Cost Estimators,category_6|category_5|category_2|category_8|category_1,,,0.0,,0.0,,0.0,,0.0,,4.55,,0.0,,0.0,,9.09,,81.82,,0.0,,4.55,,0.0,
13-1071.00,Human Resources Specialists,category_6|category_8|category_2|category_5|category_4,,,0.0,,0.0,,0.0,,0.0,,13.52,,1.31,,4.82,,7.16,,46.59,,1.69,,24.91,,0.0,
13-1074.00,Farm Labor Contractors,,,category_2|category_1|category_6|category_3|category_4,,0.0,,0.0,,0.0,,23.43,,48.54,,10.68,,5.34,,0.0,,12.01,,0.0,,0.0,,0.0
13-1075.00,Labor Relations Specialists,category_6|category_4|category_5|category_7|category_8,,,9.52,,4.76,,0.0,,4.76,,4.76,,4.76,,9.52,,9.52,,33.33,,9.52,,9.52,,0.0,
13-1081.00,Logisticians,category_6|category_2|category_3|category_4|category_1,,,0.0,,0.0,,0.0,,0.0,,8.33,,8.33,,8.33,,0.0,,75.0,,0.0,,0.0,,0.0,
13-1081.01,Logistics Engineers,category_6|category_4|category_5|category_8|category_9,,,0.0,,0.0,,4.35,,0.0,,0.0,,0.0,,8.7,,4.35,,73.91,,0.0,,4.35,,4.35,
13-1081.02,Logistics Analysts,category_6|category_5|category_4|category_8|category_9,,,0.0,,0.0,,0.0,,0.0,,0.0,,0.0,,4.55,,22.73,,63.64,,0.0,,4.55,,4.55,
13-1082.00,Project Management Specialists,,,category_6|category_5|category_2|category_7|category_8,,0.0,,0.0,,0.0,,0.0,,6.06,,3.03,,3.03,,12.12,,63.64,,6.06,,6.06,,0.0
13-1111.00,Management Analysts,category_6|category_8|category_4|category_7|category_1,,,0.0,,0.0,,0.0,,0.0,,0.0,,0.0,,9.52,,0.0,,57.14,,9.52,,23.81,,0.0,
13-1121.00,"Meeting, Convention, and Event Planners",category_6|category_4|category_2|category_5|category_3,,,0.0,,0.0,,0.0,,0.0,,7.85,,6.64,,37.22,,7.49,,40.8,,0.0,,0.0,,0.0,
13-1131.00,Fundraisers,category_6|category_7|category_8|category_1|category_2,,,0.0,,0.0,,0.0,,0.0,,0.0,,0.0,,0.0,,0.0,,90.48,,4.76,,4.76,,0.0,
13-1141.00,"Compensation, Benefits, and Job Analysis Specialists",category_6|category_7|category_2|category_1|category_3,,,0.0,,0.0,,0.0,,0.0,,4.76,,0.0,,0.0,,0.0,,85.71,,9.52,,0.0,,0.0,
13-1151.00,Training and Development Specialists,category_6|category_2|category_5|category_4|category_1,,,0.0,,0.0,,0.0,,0.0,,8.7,,0.0,,4.35,,8.7,,78.26,,0.0,,0.0,,0.0,
13-1161.00,Market Research Analysts and Marketing Specialists,,,category_6|category_8|category_1|category_2|category_3,,0.0,,0.0,,0.0,,0.0,,0.0,,0.0,,0.0,,0.0,,70.0,,0.0,,30.0,,0.0
13-1161.01,Search Marketing Strategists,category_6|category_5|category_4|category_3|category_2,,,0.0,,0.0,,0.0,,0.0,,4.35,,8.7,,17.39,,21.74,,47.83,,0.0,,0.0,,0.0,
13-1199.04,Business Continuity Planners,category_6|category_7|category_8|category_4|category_2,,,0.0,,0.0,,0.0,,0.0,,4.35,,4.35,,8.7,,4.35,,47.83,,17.39,,13.04,,0.0,
13-1199.05,Sustainability Specialists,category_6|category_8|category_4|category_7|category_1,,,0.0,,0.0,,0.0,,0.0,,0.0,,0.0,,4.35,,0.0,,52.17,,4.35,,39.13,,0.0,
13-1199.06,Online Merchants,category_6|category_2|category_3|category_4|category_5,,,0.0,,0.0,,0.0,,0.0,,32.67,,12.12,,8.71,,5.22,,41.29,,0.0,,0.0,,0.0,
13-1199.07,Security Management Specialists,category_6|category_3|category_4|category_8|category_7,,,0.0,,0.0,,0.0,,0.0,,0.0,,10.0,,10.0,,0.0,,65.0,,5.0,,10.0,,0.0,
13-2011.00,Accountants and Auditors,,,category_6|category_5|category_7|category_8|category_2,,0.0,,0.0,,0.0,,0.0,,3.45,,3.45,,3.45,,6.9,,68.97,,6.9,,6.9,,0.0
13-2022.00,Appraisers of Personal and Business Property,category_6|category_4|category_5|category_7|category_8,,,8.7,,0.0,,0.0,,0.0,,0.0,,0.0,,17.39,,17.39,,39.13,,8.7,,8.7,,0.0,
13-2023.00,Appraisers and Assessors of Real Estate,category_6|category_5|category_4|category_2|category_3,,,0.0,,0.0,,0.0,,0.0,,4.55,,4.55,,9.09,,27.27,,54.55,,0.0,,0.0,,0.0,
13-2031.00,Budget Analysts,category_6|category_2|category_8|category_4|category_1,,,0.0,,0.0,,0.0,,0.0,,12.57,,0.0,,2.37,,0.0,,77.48,,0.0,,7.59,,0.0,
13-2041.00,Credit Analysts,category_6|category_8|category_1|category_2|category_3,,,0.0,,0.0,,0.0,,0.0,,0.0,,0.0,,0.0,,0.0,,95.0,,0.0,,5.0,,0.0,
13-2052.00,Personal Financial Advisors,category_6|category_7|category_8|category_3|category_1,,,0.0,,0.0,,0.0,,0.0,,0.0,,7.69,,0.0,,0.0,,57.69,,23.08,,11.54,,0.0,
13-2053.00,Insurance Underwriters,category_6|category_2|category_5|category_4|category_7,,,0.0,,0.0,,0.0,,0.0,,10.0,,0.0,,6.67,,10.0,,70.0,,3.33,,0.0,,0.0,
13-2061.00,Financial Examiners,category_6|category_7|category_8|category_1|category_2,,,0.0,,0.0,,0.0,,0.0,,0.0,,0.0,,0.0,,0.0,,86.96,,8.7,,4.35,,0.0,
13-2071.00,Credit Counselors,,,category_6|category_2|category_5|category_7|category_3,,0.0,,0.0,,0.0,,0.0,,20.69,,6.9,,6.9,,20.69,,31.03,,10.34,,3.45,,0.0
13-2072.00,Loan Officers,category_6|category_4|category_5|category_2|category_7,,,0.0,,0.0,,0.0,,0.0,,6.13,,0.0,,12.83,,11.18,,68.74,,1.12,,0.0,,0.0,
13-2081.00,"Tax Examiners and Collectors, and Revenue Agents",category_6|category_5|category_2|category_4|category_8,,,0.24,,0.0,,0.0,,0.0,,23.17,,0.0,,13.7,,25.59,,33.61,,0.0,,3.7,,0.0,
13-2082.00,Tax Preparers,category_2|category_3|category_6|category_5|category_1,,,0.0,,0.0,,0.0,,0.0,,38.1,,23.81,,0.0,,14.29,,23.81,,0.0,,0.0,,0.0,
13-2099.01,Financial Quantitative Analysts,category_8|category_6|category_11|category_1|category_2,,,0.0,,5.0,,0.0,,0.0,,0.0,,0.0,,0.0,,0.0,,35.0,,0.0,,60.0,,0.0,
13-2099.04,"Fraud Examiners, Investigators and Analysts",,,category_6|category_4|category_5|category_7|category_8,,0.0,,0.0,,0.0,,0.0,,0.0,,0.0,,4.17,,4.17,,83.33,,4.17,,4.17,,0.0
15-1211.00,Computer Systems Analysts,category_5|category_6|category_4|category_8|category_2,,,0.0,,0.0,,0.0,,0.0,,0.77,,0.54,,4.62,,50.71,,41.93,,0.0,,1.42,,0.0,
15-1211.01,Health Informatics Specialists,category_8|category_6|category_7|category_3|category_5,,,0.0,,4.76,,0.0,,0.0,,0.0,,4.76,,0.0,,4.76,,19.05,,9.52,,52.38,,4.76,
15-1212.00,Information Security Analysts,category_6|category_7|category_5|category_3|category_8,,,0.0,,0.0,,0.0,,0.0,,0.0,,7.16,,2.01,,12.87,,52.64,,22.52,,2.8,,0.0,
15-1221.00,Computer and Information Research Scientists,category_6|category_11|category_8|category_4|category_12,,,2.58,,28.42,,4.5,,0.0,,0.0,,0.0,,8.35,,0.0,,36.22,,0.0,,19.93,,0.0,
15-1231.00,Computer Network Support Specialists,category_6|category_5|category_4|category_3|category_2,,,0.0,,0.0,,0.0,,0.0,,4.23,,10.16,,13.63,,21.68,,46.93,,1.84,,0.0,,1.53,
15-1232.00,Computer User Support Specialists,category_6|category_3|category_5|category_10|category_4,,,4.05,,0.0,,0.0,,0.0,,0.32,,32.33,,1.92,,13.74,,47.32,,0.0,,0.32,,0.0,
15-1241.00,Computer Network Architects,category_6|category_3|category_5|category_1|category_7,,,0.0,,0.0,,0.0,,5.0,,0.0,,15.0,,0.0,,15.0,,55.0,,5.0,,5.0,,0.0,
15-1241.01,Telecommunications Engineering Specialists,,,category_5|category_6|category_3|category_4|category_2,,0.0,,0.0,,0.0,,0.0,,9.68,,12.9,,12.9,,32.26,,25.81,,0.0,,6.45,,0.0
15-1242.00,Database Administrators,category_6|category_7|category_5|category_4|category_8,,,0.0,,0.0,,0.0,,0.0,,0.0,,0.15,,2.21,,3.46,,88.98,,3.91,,1.29,,0.0,
15-1243.00,Database Architects,category_6|category_8|category_3|category_7|category_1,,,0.0,,0.0,,0.0,,0.0,,0.0,,4.76,,0.0,,0.0,,76.19,,4.76,,14.29,,0.0,
15-1243.01,Data Warehousing Specialists,category_6|category_2|category_3|category_4|category_5,,,0.0,,0.0,,0.0,,0.0,,4.35,,4.35,,4.35,,4.35,,78.26,,0.0,,4.35,,0.0,
15-1244.00,Network and Computer Systems Administrators,,,category_5|category_6|category_3|category_2|category_4,,0.0,,0.0,,0.0,,0.0,,13.33,,20.0,,6.67,,30.0,,26.67,,3.33,,0.0,,0.0
15-1251.00,Computer Programmers,category_6|category_5|category_4|category_8|category_1,,,0.0,,0.0,,0.0,,0.0,,0.0,,0.0,,2.52,,8.99,,88.04,,0.0,,0.45,,0.0,
15-1252.00,Software Developers,category_6|category_5|category_8|category_2|category_3,,,0.0,,0.0,,0.0,,0.0,,3.13,,1.67,,0.0,,5.07,,84.8,,0.81,,4.52,,0.0,
15-1253.00,Software Quality Assurance Analysts and Testers,category_6|category_5|category_3|category_4|category_2,,,0.0,,0.0,,0.0,,0.0,,2.94,,8.82,,8.82,,26.47,,50.0,,0.0,,2.94,,0.0,
15-1254.00,Web Developers,category_6|category_3|category_5|category_2|category_1,,,0.0,,0.0,,0.0,,4.17,,8.33,,16.67,,4.17,,16.67,,45.83,,4.17,,0.0,,0.0,
15-1255.00,Web and Digital Interface Designers,,,category_6|category_7|category_5|category_8|category_1,,0.0,,0.0,,0.0,,0.0,,0.0,,0.0,,0.0,,15.86,,52.42,,29.58,,2.14,,0.0
15-1255.01,Video Game Designers,category_6|category_2|category_1|category_4|category_5,,,0.0,,0.0,,0.0,,10.0,,15.0,,0.0,,10.0,,10.0,,55.0,,0.0,,0.0,,0.0,
15-1299.01,Web Administrators,category_6|category_4|category_5|category_2|category_3,,,0.0,,0.0,,0.0,,0.0,,5.0,,5.0,,15.0,,15.0,,55.0,,0.0,,0.0,,5.0,
15-1299.02,Geographic Information Systems Technologists and Technicians,,,category_6|category_8|category_5|category_4|category_2,,0.0,,0.0,,0.0,,0.0,,6.26,,0.65,,17.52,,22.95,,27.35,,0.0,,25.27,,0.0
15-1299.03,Document Management Specialists,category_6|category_8|category_5|category_7|category_2,,,0.0,,0.0,,0.0,,0.0,,5.0,,0.0,,0.0,,10.0,,60.0,,10.0,,15.0,,0.0,
15-1299.04,Penetration Testers,,,category_6|category_3|category_2|category_4|category_5,,0.0,,0.0,,0.0,,0.0,,15.0,,20.0,,10.0,,10.0,,40.0,,0.0,,5.0,,0.0
15-1299.05,Information Security Engineers,category_6|category_3|category_4|category_5|category_1,,,0.0,,0.0,,0.0,,5.26,,5.26,,15.79,,10.53,,10.53,,47.37,,0.0,,0.0,,5.26,
15-1299.06,Digital Forensics Analysts,,,category_6|category_5|category_4|category_3|category_1,,0.0,,0.0,,0.0,,0.0,,0.0,,7.41,,14.81,,22.22,,55.56,,0.0,,0.0,,0.0
15-1299.07,Blockchain Engineers,category_6|category_4|category_8|category_2|category_3,,,0.0,,6.25,,6.25,,0.0,,6.25,,6.25,,18.75,,6.25,,37.5,,0.0,,12.5,,0.0,
15-1299.08,Computer Systems Engineers/Architects,category_3|category_5|category_6|category_4|category_8,,,0.0,,0.0,,0.0,,0.0,,0.0,,40.91,,4.55,,27.27,,22.73,,0.0,,4.55,,0.0,
15-1299.09,Information Technology Project Managers,category_6|category_5|category_7|category_3|category_8,,,0.0,,0.0,,0.0,,0.0,,0.0,,9.52,,0.0,,23.81,,38.1,,19.05,,9.52,,0.0,
15-2011.00,Actuaries,,,category_6|category_7|category_10|category_1|category_2,,5.88,,0.0,,0.0,,0.0,,0.0,,0.0,,0.0,,0.0,,82.35,,11.76,,0.0,,0.0
15-2021.00,Mathematicians,category_11|category_8|category_6|category_12|category_9,,,5.0,,45.0,,10.0,,0.0,,0.0,,0.0,,0.0,,0.0,,10.0,,0.0,,25.0,,5.0,
15-2031.00,Operations Research Analysts,category_8|category_6|category_11|category_7|category_1,,,0.0,,14.29,,0.0,,0.0,,0.0,,0.0,,0.0,,0.0,,33.33,,9.52,,42.86,,0.0,
15-2041.00,Statisticians,category_8|category_6|category_11|category_4|category_5,,,0.0,,9.52,,4.76,,0.0,,0.0,,0.0,,4.76,,4.76,,14.29,,0.0,,61.9,,0.0,
15-2041.01,Biostatisticians,category_8|category_11|category_6|category_1|category_2,,,0.0,,29.17,,0.0,,0.0,,0.0,,0.0,,0.0,,0.0,,12.5,,0.0,,58.33,,0.0,
15-2051.00,Data Scientists,,,category_6|category_8|category_5|category_11|category_1,,0.0,,4.0,,0.0,,0.0,,0.0,,0.0,,0.0,,4.0,,48.0,,0.0,,44.0,,0.0
15-2051.01,Business Intelligence Analysts,category_6|category_8|category_5|category_7|category_1,,,0.0,,0.0,,0.0,,0.0,,0.0,,0.0,,0.0,,4.55,,68.18,,4.55,,22.73,,0.0,
15-2051.02,Clinical Data Managers,category_6|category_5|category_7|category_8|category_1,,,0.0,,0.0,,0.0,,0.0,,0.0,,0.0,,0.0,,5.0,,85.0,,5.0,,5.0,,0.0,
15-2099.01,Bioinformatics Technicians,category_6|category_8|category_11|category_7|category_12,,,0.0,,4.11,,1.89,,0.0,,0.0,,0.0,,0.0,,0.0,,50.89,,2.45,,40.66,,0.0,
17-1011.00,"Architects, Except Landscape and Naval",,,category_8|category_6|category_7|category_2|category_1,,0.0,,0.0,,0.0,,0.0,,4.35,,0.0,,0.0,,0.0,,39.13,,13.04,,43.48,,0.0
17-1012.00,Landscape Architects,category_6|category_7|category_8|category_1|category_2,,,0.0,,0.0,,0.0,,0.0,,0.0,,0.0,,0.0,,0.0,,85.0,,10.0,,5.0,,0.0,
17-1021.00,Cartographers and Photogrammetrists,category_3|category_6|category_5|category_8|category_4,,,0.0,,0.0,,0.0,,0.0,,0.0,,35.73,,10.63,,11.15,,30.02,,1.48,,10.99,,0.0,
17-1022.00,Surveyors,category_6|category_4|category_2|category_5|category_3,,,0.0,,0.0,,0.0,,0.0,,15.79,,5.26,,21.05,,10.53,,47.37,,0.0,,0.0,,0.0,
17-1022.01,Geodetic Surveyors,category_6|category_2|category_4|category_5|category_7,,,0.0,,0.0,,0.0,,0.0,,3.7,,0.0,,3.7,,3.7,,81.48,,3.7,,3.7,,0.0,
17-2011.00,Aerospace Engineers,,,category_6|category_5|category_8|category_1|category_2,,0.0,,0.0,,0.0,,0.0,,0.0,,0.0,,0.0,,17.68,,79.99,,0.0,,2.33,,0.0
17-2021.00,Agricultural Engineers,category_6|category_8|category_11|category_5|category_1,,,0.0,,10.0,,0.0,,0.0,,0.0,,0.0,,0.0,,5.0,,75.0,,0.0,,10.0,,0.0,
17-2031.00,Bioengineers and Biomedical Engineers,category_6|category_8|category_11|category_12|category_5,,,0.0,,13.04,,13.04,,0.0,,0.0,,0.0,,0.0,,4.35,,43.48,,0.0,,26.09,,0.0,
17-2041.00,Chemical Engineers,category_6|category_7|category_9|category_1|category_2,,,0.0,,0.0,,0.0,,0.0,,0.0,,0.0,,0.0,,0.0,,91.3,,4.35,,0.0,,4.35,
17-2051.00,Civil Engineers,category_6|category_8|category_7|category_1|category_2,,,0.0,,0.0,,0.0,,0.0,,0.0,,0.0,,0.0,,0.0,,85.71,,4.76,,9.52,,0.0,
17-2051.01,Transportation Engineers,category_6|category_5|category_7|category_8|category_1,,,0.0,,0.0,,0.0,,0.0,,0.0,,0.0,,0.0,,9.09,,77.27,,9.09,,4.55,,0.0,
17-2051.02,Water/Wastewater Engineers,category_6|category_8|category_10|category_1|category_2,,,4.35,,0.0,,0.0,,0.0,,0.0,,0.0,,0.0,,0.0,,69.57,,0.0,,26.09,,0.0,
17-2061.00,Computer Hardware Engineers,category_6|category_8|category_4|category_11|category_10,,,3.45,,6.9,,0.0,,0.0,,0.0,,0.0,,6.9,,0.0,,48.28,,0.0,,34.48,,0.0,
17-2071.00,Electrical Engineers,category_6|category_5|category_8|category_1|category_2,,,0.0,,0.0,,0.0,,0.0,,0.0,,0.0,,0.0,,11.04,,81.62,,0.0,,7.34,,0.0,
17-2072.00,"Electronics Engineers, Except Computer",category_6|category_5|category_8|category_1|category_2,,,0.0,,0.0,,0.0,,0.0,,0.0,,0.0,,0.0,,13.81,,83.3,,0.0,,2.89,,0.0,
17-2072.01,Radio Frequency Identification Device Specialists,category_6|category_5|category_8|category_2|category_7,,,0.0,,0.0,,0.0,,0.0,,5.58,,0.0,,0.0,,10.14,,74.83,,1.79,,7.66,,0.0,
17-2081.00,Environmental Engineers,category_6|category_8|category_5|category_7|category_1,,,0.0,,0.0,,0.0,,0.0,,0.0,,0.0,,0.0,,4.76,,61.9,,4.76,,28.57,,0.0,
17-2111.02,Fire-Prevention and Protection Engineers,category_6|category_5|category_7|category_8|category_11,,,0.0,,3.85,,0.0,,0.0,,0.0,,0.0,,0.0,,3.85,,84.62,,3.85,,3.85,,0.0,
17-2112.00,Industrial Engineers,category_6|category_4|category_8|category_2|category_7,,,0.0,,0.0,,0.0,,0.0,,7.54,,0.0,,15.81,,2.58,,58.62,,4.36,,11.09,,0.0,
17-2112.01,Human Factors Engineers and Ergonomists,category_8|category_6|category_7|category_1|category_2,,,0.0,,0.0,,0.0,,0.0,,0.0,,0.0,,0.0,,0.0,,40.0,,10.0,,50.0,,0.0,
17-2112.02,Validation Engineers,category_6|category_5|category_8|category_1|category_2,,,0.0,,0.0,,0.0,,0.0,,0.0,,0.0,,0.0,,5.0,,90.0,,0.0,,5.0,,0.0,
17-2112.03,Manufacturing Engineers,category_6|category_5|category_4|category_10|category_1,,,4.0,,0.0,,0.0,,0.0,,0.0,,0.0,,4.0,,16.0,,76.0,,0.0,,0.0,,0.0,
17-2121.00,Marine Engineers and Naval Architects,category_6|category_3|category_4|category_10|category_2,,,10.53,,0.0,,0.0,,0.0,,5.26,,15.79,,10.53,,5.26,,52.63,,0.0,,0.0,,0.0,
17-2131.00,Materials Engineers,category_6|category_11|category_5|category_8|category_10,,,4.0,,8.0,,0.0,,0.0,,0.0,,0.0,,0.0,,4.0,,80.0,,0.0,,4.0,,0.0,
17-2141.00,Mechanical Engineers,category_6|category_5|category_3|category_4|category_2,,,0.0,,0.0,,0.0,,0.0,,1.34,,8.93,,8.32,,28.63,,52.29,,0.0,,0.49,,0.0,
17-2141.01,Fuel Cell Engineers,category_6|category_8|category_1|category_2|category_3,,,0.0,,0.0,,0.0,,0.0,,0.0,,0.0,,0.0,,0.0,,57.14,,0.0,,42.86,,0.0,
17-2141.02,Automotive Engineers,category_6|category_8|category_3|category_9|category_11,,,0.0,,4.76,,0.0,,0.0,,0.0,,4.76,,0.0,,0.0,,71.43,,0.0,,14.29,,4.76,
17-2151.00,"Mining and Geological Engineers, Including Mining Safety Engineers",category_6|category_7|category_8|category_4|category_5,,,0.0,,0.0,,0.0,,0.0,,0.0,,0.0,,0.64,,0.64,,79.05,,16.69,,2.98,,0.0,
17-2161.00,Nuclear Engineers,category_6|category_8|category_1|category_2|category_3,,,0.0,,0.0,,0.0,,0.0,,0.0,,0.0,,0.0,,0.0,,80.95,,0.0,,19.05,,0.0,
17-2171.00,Petroleum Engineers,category_6|category_9|category_2|category_8|category_1,,,0.0,,0.0,,0.0,,0.0,,7.55,,0.0,,0.0,,0.0,,71.61,,0.0,,5.41,,15.43,
17-2199.03,"Energy Engineers, Except Wind and Solar",,,category_6|category_5|category_2|category_3|category_4,,0.0,,0.0,,0.0,,0.0,,5.0,,5.0,,5.0,,10.0,,65.0,,5.0,,5.0,,0.0
17-2199.05,Mechatronics Engineers,category_6|category_4|category_5|category_3|category_8,,,0.0,,0.0,,0.0,,0.0,,0.0,,1.2,,21.46,,10.01,,66.14,,0.0,,1.2,,0.0,
17-2199.06,Microsystems Engineers,category_8|category_6|category_11|category_7|category_5,,,0.0,,21.81,,0.0,,0.0,,0.0,,0.0,,0.0,,0.3,,30.61,,13.11,,34.17,,0.0,
17-2199.07,Photonics Engineers,category_6|category_8|category_5|category_11|category_1,,,0.0,,4.76,,0.0,,0.0,,0.0,,0.0,,0.0,,4.76,,52.38,,0.0,,38.1,,0.0,
17-2199.08,Robotics Engineers,category_6|category_5|category_8|category_7|category_11,,,0.0,,6.67,,0.0,,0.0,,0.0,,0.0,,3.33,,16.67,,50.0,,6.67,,16.67,,0.0,
17-2199.09,Nanosystems Engineers,category_11|category_6|category_7|category_8|category_12,,,0.0,,57.14,,9.52,,0.0,,0.0,,0.0,,0.0,,0.0,,14.29,,9.52,,9.52,,0.0,
17-2199.10,Wind Energy Engineers,category_6|category_8|category_7|category_4|category_10,,,2.86,,2.39,,0.0,,0.0,,0.0,,1.59,,3.94,,0.0,,69.64,,5.67,,13.92,,0.0,
17-2199.11,Solar Energy Systems Engineers,category_6|category_3|category_5|category_2|category_4,,,3.7,,0.0,,0.0,,3.7,,7.41,,11.11,,7.41,,11.11,,55.56,,0.0,,0.0,,0.0,
17-3011.00,Architectural and Civil Drafters,,,category_6|category_5|category_3|category_7|category_8,,0.0,,0.0,,0.0,,0.0,,0.0,,12.14,,0.0,,25.56,,42.13,,10.08,,10.08,,0.0
17-3012.00,Electrical and Electronics Drafters,category_6|category_5|category_3|category_4|category_2,,,0.0,,0.0,,0.0,,0.0,,6.1,,21.07,,6.74,,23.56,,40.08,,0.0,,2.46,,0.0,
17-3013.00,Mechanical Drafters,,,category_2|category_5|category_6|category_3|category_1,,0.0,,0.0,,0.0,,1.07,,44.43,,12.03,,0.0,,23.03,,19.44,,0.0,,0.0,,0.0
17-3021.00,Aerospace Engineering and Operations Technologists and Technicians,category_3|category_5|category_2|category_6|category_1,,,0.0,,0.0,,0.0,,0.0,,19.69,,39.23,,0.0,,33.16,,7.92,,0.0,,0.0,,0.0,
17-3022.00,Civil Engineering Technologists and Technicians,category_3|category_4|category_5|category_6|category_2,,,0.0,,0.0,,0.0,,0.0,,2.65,,29.77,,28.09,,21.15,,18.34,,0.0,,0.0,,0.0,
17-3023.00,Electrical and Electronic Engineering Technologists and Technicians,,,category_5|category_4|category_2|category_6|category_3,,0.0,,0.0,,0.0,,0.0,,16.31,,13.49,,21.49,,33.95,,14.75,,0.0,,0.0,,0.0
17-3024.00,Electro-Mechanical and Mechatronics Technologists and Technicians,category_3|category_5|category_6|category_2|category_4,,,0.0,,3.72,,0.0,,0.97,,9.86,,31.72,,7.33,,29.83,,10.97,,0.0,,5.59,,0.0,
17-3024.01,Robotics Technicians,category_5|category_3|category_6|category_2|category_7,,,0.0,,0.0,,0.0,,0.0,,9.09,,22.73,,0.0,,45.45,,18.18,,4.55,,0.0,,0.0,
17-3025.00,Environmental Engineering Technologists and Technicians,category_6|category_2|category_3|category_4|category_7,,,0.0,,0.0,,0.0,,0.0,,10.79,,8.19,,6.64,,1.46,,67.31,,4.74,,0.88,,0.0,
17-3026.00,Industrial Engineering Technologists and Technicians,,,category_6|category_5|category_8|category_4|category_1,,0.0,,0.0,,0.0,,0.0,,0.0,,0.0,,8.01,,28.97,,52.52,,0.0,,10.51,,0.0
17-3026.01,Nanotechnology Engineering Technologists and Technicians,category_11|category_6|category_8|category_12|category_3,,,0.0,,40.0,,10.0,,0.0,,0.0,,5.0,,0.0,,5.0,,30.0,,0.0,,10.0,,0.0,
17-3027.00,Mechanical Engineering Technologists and Technicians,category_6|category_3|category_5|category_4|category_2,,,0.0,,0.0,,0.0,,0.0,,7.8,,32.84,,8.76,,14.09,,36.52,,0.0,,0.0,,0.0,
17-3027.01,Automotive Engineering Technicians,category_5|category_6|category_3|category_8|category_2,,,0.0,,0.0,,0.0,,0.0,,3.7,,14.81,,3.7,,37.04,,29.63,,0.0,,11.11,,0.0,
17-3029.01,Non-Destructive Testing Specialists,category_2|category_4|category_5|category_3|category_6,,,0.0,,0.0,,0.0,,0.0,,68.18,,4.55,,9.09,,9.09,,4.55,,4.55,,0.0,,0.0,
17-3029.08,Photonics Technicians,category_5|category_2|category_6|category_3|category_4,,,0.0,,0.0,,0.0,,0.0,,27.27,,9.09,,4.55,,40.91,,13.64,,0.0,,4.55,,0.0,
17-3031.00,Surveying and Mapping Technicians,,,category_2|category_5|category_8|category_6|category_3,,0.0,,0.0,,0.0,,2.9,,32.74,,4.93,,0.0,,23.55,,8.09,,4.77,,18.2,,4.82
19-1011.00,Animal Scientists,category_11|category_8|category_6|category_12|category_3,,,0.0,,43.48,,13.04,,0.0,,0.0,,4.35,,0.0,,4.35,,13.04,,0.0,,21.74,,0.0,
19-1012.00,Food Scientists and Technologists,category_6|category_3|category_5|category_8|category_1,,,0.0,,0.0,,0.0,,0.0,,0.0,,9.09,,0.0,,4.55,,81.82,,0.0,,4.55,,0.0,
19-1013.00,Soil and Plant Scientists,category_8|category_6|category_11|category_3|category_5,,,4.76,,19.05,,4.76,,0.0,,0.0,,4.76,,0.0,,4.76,,23.81,,4.76,,28.57,,4.76,
19-1021.00,Biochemists and Biophysicists,category_12|category_6|category_11|category_10|category_1,,,10.0,,25.0,,40.0,,0.0,,0.0,,0.0,,0.0,,0.0,,25.0,,0.0,,0.0,,0.0,
19-1022.00,Microbiologists,category_6|category_8|category_5|category_7|category_12,,,0.0,,0.0,,4.55,,0.0,,0.0,,0.0,,0.0,,9.09,,63.64,,9.09,,13.64,,0.0,
19-1023.00,Zoologists and Wildlife Biologists,,,category_6|category_8|category_1|category_2|category_3,,0.0,,0.0,,0.0,,0.0,,0.0,,0.0,,0.0,,0.0,,72.41,,0.0,,27.59,,0.0
19-1029.01,Bioinformatics Scientists,category_8|category_11|category_12|category_6|category_1,,,0.0,,28.04,,23.36,,0.0,,0.0,,0.0,,0.0,,0.0,,6.5,,0.0,,42.1,,0.0,
19-1029.02,Molecular and Cellular Biologists,category_6|category_12|category_11|category_8|category_1,,,0.0,,23.08,,34.62,,0.0,,0.0,,0.0,,0.0,,0.0,,34.62,,0.0,,7.69,,0.0,
19-1029.03,Geneticists,category_12|category_8|category_11|category_6|category_7,,,0.0,,20.0,,36.0,,0.0,,0.0,,0.0,,0.0,,0.0,,4.0,,4.0,,32.0,,4.0,
19-1029.04,Biologists,category_8|category_6|category_12|category_1|category_2,,,0.0,,0.0,,21.61,,0.0,,0.0,,0.0,,0.0,,0.0,,23.4,,0.0,,54.99,,0.0,
19-1031.00,Conservation Scientists,category_6|category_8|category_7|category_3|category_11,,,0.0,,4.35,,0.0,,0.0,,0.0,,4.35,,0.0,,0.0,,69.57,,8.7,,13.04,,0.0,
19-1031.02,Range Managers,category_6|category_5|category_8|category_2|category_11,,,0.0,,4.17,,0.0,,0.0,,4.17,,0.0,,0.0,,8.33,,75.0,,0.0,,8.33,,0.0,
19-1031.03,Park Naturalists,,,category_6|category_2|category_8|category_4|category_5,,0.0,,0.0,,0.0,,0.0,,10.71,,0.0,,3.57,,3.57,,75.0,,0.0,,7.14,,0.0
19-1032.00,Foresters,,,category_6|category_5|category_2|category_8|category_3,,0.0,,0.0,,0.0,,0.0,,4.17,,2.08,,0.0,,16.67,,72.92,,0.0,,4.17,,0.0
19-1041.00,Epidemiologists,category_8|category_12|category_11|category_1|category_2,,,0.0,,11.11,,22.22,,0.0,,0.0,,0.0,,0.0,,0.0,,0.0,,0.0,,66.67,,0.0,
19-1042.00,"Medical Scientists, Except Epidemiologists",category_11|category_12|category_8|category_6|category_9,,,0.0,,35.91,,24.7,,0.0,,0.0,,0.0,,0.0,,0.0,,7.95,,0.0,,24.59,,6.85,
19-2011.00,Astronomers,category_11|category_12|category_8|category_1|category_2,,,0.0,,65.22,,26.09,,0.0,,0.0,,0.0,,0.0,,0.0,,0.0,,0.0,,8.7,,0.0,
19-2012.00,Physicists,category_11|category_12|category_9|category_6|category_1,,,0.0,,49.04,,39.06,,0.0,,0.0,,0.0,,0.0,,0.0,,3.77,,0.0,,0.0,,8.14,
19-2021.00,Atmospheric and Space Scientists,category_6|category_8|category_11|category_12|category_1,,,0.0,,15.0,,5.0,,0.0,,0.0,,0.0,,0.0,,0.0,,60.0,,0.0,,20.0,,0.0,
19-2031.00,Chemists,category_6|category_11|category_8|category_7|category_1,,,0.0,,30.02,,0.0,,0.0,,0.0,,0.0,,0.0,,0.0,,55.91,,4.16,,9.91,,0.0,
19-2032.00,Materials Scientists,category_6|category_11|category_8|category_5|category_7,,,0.0,,14.29,,4.76,,0.0,,0.0,,0.0,,0.0,,4.76,,61.9,,4.76,,9.52,,0.0,
19-2041.00,"Environmental Scientists and Specialists, Including Health",category_6|category_2|category_8|category_7|category_11,,,0.0,,3.99,,0.0,,0.0,,21.32,,0.0,,0.76,,0.0,,47.49,,12.66,,13.78,,0.0,
19-2041.01,Climate Change Policy Analysts,category_8|category_6|category_11|category_7|category_10,,,4.35,,13.04,,4.35,,0.0,,0.0,,0.0,,0.0,,0.0,,13.04,,4.35,,60.87,,0.0,
19-2041.02,Environmental Restoration Planners,category_6|category_8|category_7|category_1|category_2,,,0.0,,0.0,,0.0,,0.0,,0.0,,0.0,,0.0,,0.0,,50.0,,9.09,,40.91,,0.0,
19-2041.03,Industrial Ecologists,category_8|category_6|category_11|category_7|category_1,,,0.0,,8.7,,0.0,,0.0,,0.0,,0.0,,0.0,,0.0,,21.74,,4.35,,65.22,,0.0,
19-2042.00,"Geoscientists, Except Hydrologists and Geographers",category_6|category_8|category_11|category_7|category_12,,,0.0,,7.41,,3.7,,0.0,,0.0,,0.0,,0.0,,0.0,,48.15,,3.7,,37.04,,0.0,
19-2043.00,Hydrologists,,,category_6|category_8|category_1|category_2|category_3,,0.0,,0.0,,0.0,,0.0,,0.0,,0.0,,0.0,,0.0,,63.64,,0.0,,36.36,,0.0
19-2099.01,Remote Sensing Scientists and Technologists,category_6|category_8|category_7|category_5|category_1,,,0.0,,0.0,,0.0,,0.0,,0.0,,0.0,,0.0,,4.0,,60.0,,16.0,,20.0,,0.0,
19-3011.00,Economists,category_8|category_11|category_6|category_12|category_1,,,0.0,,25.0,,4.17,,0.0,,0.0,,0.0,,0.0,,0.0,,20.83,,0.0,,50.0,,0.0,
19-3011.01,Environmental Economists,category_11|category_8|category_6|category_12|category_1,,,0.0,,44.44,,3.7,,0.0,,0.0,,0.0,,0.0,,0.0,,11.11,,0.0,,40.74,,0.0,
19-3022.00,Survey Researchers,category_6|category_8|category_9|category_10|category_11,,,3.85,,3.85,,0.0,,0.0,,0.0,,0.0,,0.0,,0.0,,50.0,,0.0,,38.46,,3.85,
19-3032.00,Industrial-Organizational Psychologists,category_8|category_11|category_4|category_5|category_6,,,0.0,,30.77,,0.0,,0.0,,0.0,,0.0,,3.85,,3.85,,3.85,,0.0,,57.69,,0.0,
19-3033.00,Clinical and Counseling Psychologists,category_12|category_11|category_8|category_1|category_2,,,0.0,,44.0,,48.0,,0.0,,0.0,,0.0,,0.0,,0.0,,0.0,,0.0,,8.0,,0.0,
19-3034.00,School Psychologists,category_9|category_8|category_10|category_11|category_1,,,15.38,,3.85,,0.0,,0.0,,0.0,,0.0,,0.0,,0.0,,0.0,,0.0,,23.08,,57.69,
19-3039.02,Neuropsychologists,category_12|category_11|category_1|category_2|category_3,,,0.0,,16.0,,84.0,,0.0,,0.0,,0.0,,0.0,,0.0,,0.0,,0.0,,0.0,,0.0,
19-3039.03,Clinical Neuropsychologists,category_12|category_11|category_1|category_2|category_3,,,0.0,,8.33,,91.67,,0.0,,0.0,,0.0,,0.0,,0.0,,0.0,,0.0,,0.0,,0.0,
19-3041.00,Sociologists,category_11|category_8|category_6|category_12|category_1,,,0.0,,50.0,,10.0,,0.0,,0.0,,0.0,,0.0,,0.0,,10.0,,0.0,,30.0,,0.0,
19-3051.00,Urban and Regional Planners,category_8|category_6|category_10|category_1|category_2,,,4.0,,0.0,,0.0,,0.0,,0.0,,0.0,,0.0,,0.0,,40.0,,0.0,,56.0,,0.0,
19-3091.00,Anthropologists and Archeologists,category_11|category_8|category_6|category_4|category_5,,,0.0,,40.0,,0.0,,0.0,,0.0,,0.0,,5.0,,5.0,,20.0,,0.0,,30.0,,0.0,
19-3092.00,Geographers,category_6|category_11|category_8|category_5|category_12,,,0.0,,25.0,,5.0,,0.0,,0.0,,0.0,,0.0,,5.0,,45.0,,0.0,,20.0,,0.0,
19-3093.00,Historians,category_8|category_6|category_1|category_4|category_11,,,0.0,,6.52,,0.0,,9.39,,0.79,,0.46,,8.17,,0.0,,10.19,,0.0,,64.48,,0.0,
19-3094.00,Political Scientists,category_11|category_8|category_12|category_1|category_2,,,0.0,,88.46,,3.85,,0.0,,0.0,,0.0,,0.0,,0.0,,0.0,,0.0,,7.69,,0.0,
19-3099.01,Transportation Planners,category_6|category_8|category_1|category_2|category_3,,,0.0,,0.0,,0.0,,0.0,,0.0,,0.0,,0.0,,0.0,,55.0,,0.0,,45.0,,0.0,
19-4012.00,Agricultural Technicians,category_2|category_6|category_5|category_11|category_7,,,0.0,,7.2,,0.0,,3.19,,41.34,,0.0,,5.47,,13.19,,18.19,,5.96,,5.47,,0.0,
19-4012.01,Precision Agriculture Technicians,category_6|category_5|category_3|category_2|category_4,,,0.0,,0.0,,0.0,,0.0,,8.7,,17.39,,4.35,,30.43,,34.78,,0.0,,4.35,,0.0,
19-4013.00,Food Science Technicians,category_6|category_5|category_2|category_8|category_4,,,0.0,,1.19,,1.19,,0.61,,16.5,,0.0,,12.35,,23.04,,32.33,,0.0,,12.78,,0.0,
19-4021.00,Biological Technicians,category_6|category_2|category_4|category_12|category_3,,,0.0,,0.21,,5.59,,0.0,,14.46,,2.45,,14.46,,0.0,,62.82,,0.0,,0.0,,0.0,
19-4031.00,Chemical Technicians,category_6|category_2|category_4|category_5|category_1,,,0.0,,0.0,,0.0,,0.0,,33.34,,0.0,,22.42,,0.5,,43.74,,0.0,,0.0,,0.0,
19-4042.00,"Environmental Science and Protection Technicians, Including Health",category_6|category_5|category_2|category_3|category_1,,,0.0,,0.0,,0.0,,0.0,,4.55,,4.55,,0.0,,22.73,,68.18,,0.0,,0.0,,0.0,
19-4051.02,Nuclear Monitoring Technicians,category_5|category_2|category_3|category_6|category_4,,,0.0,,0.0,,0.0,,0.0,,27.15,,16.59,,11.06,,29.35,,15.86,,0.0,,0.0,,0.0,
19-4061.00,Social Science Research Assistants,category_6|category_8|category_4|category_7|category_11,,,0.0,,0.36,,0.0,,0.0,,0.0,,0.0,,8.61,,0.0,,52.73,,1.59,,36.7,,0.0,
19-4071.00,Forest and Conservation Technicians,category_2|category_5|category_6|category_4|category_3,,,0.0,,0.0,,0.0,,0.0,,35.31,,4.57,,10.42,,34.89,,13.99,,0.83,,0.0,,0.0,
19-4092.00,Forensic Science Technicians,category_3|category_2|category_7|category_6|category_8,,,0.0,,0.0,,0.0,,0.0,,29.31,,36.29,,0.0,,0.0,,15.3,,17.06,,2.05,,0.0,
19-4099.01,Quality Control Analysts,category_2|category_6|category_5|category_3|category_4,,,0.0,,0.0,,0.0,,5.65,,37.77,,9.62,,8.82,,10.24,,27.9,,0.0,,0.0,,0.0,
19-4099.03,Remote Sensing Technicians,category_6|category_2|category_5|category_7|category_4,,,0.0,,0.0,,0.0,,0.0,,9.49,,4.5,,6.04,,9.2,,62.04,,8.41,,0.32,,0.0,
19-5011.00,Occupational Health and Safety Specialists,category_6|category_7|category_8|category_3|category_5,,,0.0,,0.0,,0.0,,0.0,,0.0,,4.35,,0.0,,4.35,,73.91,,8.7,,8.7,,0.0,
19-5012.00,Occupational Health and Safety Technicians,category_6|category_5|category_2|category_4|category_3,,,0.0,,0.0,,0.0,,0.0,,9.52,,4.76,,9.52,,19.05,,47.62,,4.76,,4.76,,0.0,
21-1011.00,Substance Abuse and Behavioral Disorder Counselors,,,category_8|category_4|category_5|category_6|category_2,,0.0,,0.0,,0.0,,0.0,,8.33,,0.0,,20.83,,20.83,,12.5,,4.17,,33.33,,0.0
21-1012.00,"Educational, Guidance, and Career Counselors and Advisors",category_6|category_8|category_5|category_9|category_1,,,0.0,,0.0,,0.0,,0.0,,0.0,,0.0,,0.0,,2.51,,56.31,,0.0,,40.69,,0.5,
21-1013.00,Marriage and Family Therapists,,,category_8|category_9|category_11|category_1|category_2,,0.0,,3.33,,0.0,,0.0,,0.0,,0.0,,0.0,,0.0,,0.0,,0.0,,86.67,,10.0
21-1014.00,Mental Health Counselors,category_8|category_9|category_10|category_1|category_2,,,3.57,,0.0,,0.0,,0.0,,0.0,,0.0,,0.0,,0.0,,0.0,,0.0,,89.29,,7.14,
21-1015.00,Rehabilitation Counselors,,,category_8|category_6|category_9|category_1|category_2,,0.0,,0.0,,0.0,,0.0,,0.0,,0.0,,0.0,,0.0,,14.71,,0.0,,82.35,,2.94
21-1021.00,"Child, Family, and School Social Workers",category_6|category_8|category_5|category_1|category_2,,,0.0,,0.0,,0.0,,0.0,,0.0,,0.0,,0.0,,5.51,,68.66,,0.0,,25.83,,0.0,
21-1022.00,Healthcare Social Workers,category_8|category_6|category_9|category_10|category_1,,,3.7,,0.0,,0.0,,0.0,,0.0,,0.0,,0.0,,0.0,,14.81,,0.0,,70.37,,11.11,
21-1023.00,Mental Health and Substance Abuse Social Workers,category_8|category_6|category_9|category_1|category_2,,,0.0,,0.0,,0.0,,0.0,,0.0,,0.0,,0.0,,0.0,,18.78,,0.0,,77.18,,4.04,
21-1091.00,Health Education Specialists,category_5|category_6|category_8|category_2|category_11,,,0.0,,0.86,,0.0,,0.0,,2.6,,0.0,,0.0,,62.17,,30.93,,0.0,,3.44,,0.0,
21-1092.00,Probation Officers and Correctional Treatment Specialists,category_6|category_5|category_8|category_3|category_4,,,0.0,,0.0,,0.0,,0.0,,0.85,,1.67,,1.67,,5.34,,88.03,,0.0,,2.44,,0.0,
21-1093.00,Social and Human Service Assistants,category_6|category_5|category_4|category_2|category_8,,,0.0,,3.77,,0.0,,0.0,,10.41,,0.0,,16.21,,17.99,,39.39,,1.07,,7.39,,3.77,
21-1094.00,Community Health Workers,,,category_6|category_5|category_7|category_8|category_1,,0.0,,0.0,,0.0,,0.31,,0.0,,0.0,,0.0,,17.78,,55.96,,12.98,,12.98,,0.0
21-2011.00,Clergy,category_8|category_6|category_4|category_2|category_11,,,1.34,,5.14,,0.0,,0.0,,12.16,,0.0,,15.21,,0.0,,18.32,,0.0,,47.82,,0.0,
21-2021.00,"Directors, Religious Activities and Education",category_6|category_3|category_5|category_8|category_2,,,0.0,,0.0,,0.0,,0.0,,0.91,,21.13,,0.28,,14.36,,53.58,,0.55,,9.2,,0.0,
23-1011.00,Lawyers,category_11|category_10|category_1|category_2|category_3,,,22.81,,77.19,,0.0,,0.0,,0.0,,0.0,,0.0,,0.0,,0.0,,0.0,,0.0,,0.0,
23-1012.00,Judicial Law Clerks,category_11|category_12|category_10|category_2|category_3,,,16.52,,51.87,,20.21,,0.0,,7.16,,2.18,,0.0,,0.0,,0.0,,0.0,,2.05,,0.0,
23-1021.00,"Administrative Law Judges, Adjudicators, and Hearing Officers",category_11|category_6|category_10|category_4|category_5,,,13.76,,37.34,,5.08,,0.0,,0.0,,0.0,,11.22,,11.22,,19.95,,0.0,,1.43,,0.0,
23-1022.00,"Arbitrators, Mediators, and Conciliators",category_10|category_6|category_7|category_8|category_9,,,36.84,,5.26,,0.0,,5.26,,0.0,,0.0,,0.0,,5.26,,15.79,,10.53,,10.53,,10.53,
23-1023.00,"Judges, Magistrate Judges, and Magistrates",category_11|category_10|category_12|category_3|category_4,,,23.29,,66.47,,9.77,,0.0,,0.0,,0.16,,0.16,,0.16,,0.0,,0.0,,0.0,,0.0,
23-2011.00,Paralegals and Legal Assistants,category_6|category_5|category_2|category_11|category_7,,,0.0,,10.03,,0.0,,0.0,,18.62,,2.43,,2.34,,20.08,,36.94,,9.56,,0.0,,0.0,
23-2093.00,"Title Examiners, Abstractors, and Searchers",category_2|category_6|category_4|category_3|category_10,,,3.98,,0.0,,0.0,,3.53,,54.52,,10.21,,13.42,,0.75,,13.58,,0.0,,0.0,,0.0,
25-1011.00,"Business Teachers, Postsecondary",category_11|category_8|category_6|category_7|category_10,,,0.52,,72.77,,0.0,,0.0,,0.0,,0.0,,0.0,,0.0,,5.39,,0.6,,20.39,,0.34,
25-1021.00,"Computer Science Teachers, Postsecondary",category_8|category_11|category_6|category_1|category_2,,,0.0,,41.65,,0.0,,0.0,,0.0,,0.0,,0.0,,0.0,,11.0,,0.0,,47.35,,0.0,
25-1022.00,"Mathematical Science Teachers, Postsecondary",category_8|category_11|category_12|category_6|category_7,,,0.0,,36.75,,10.37,,0.0,,0.0,,0.0,,0.0,,0.0,,9.32,,0.56,,43.0,,0.0,
25-1031.00,"Architecture Teachers, Postsecondary",category_11|category_10|category_6|category_8|category_5,,,20.29,,44.63,,0.0,,0.0,,0.0,,0.0,,0.0,,9.32,,14.38,,1.17,,10.2,,0.0,
25-1032.00,"Engineering Teachers, Postsecondary",category_11|category_9|category_12|category_8|category_6,,,0.0,,58.61,,17.34,,0.0,,0.0,,0.0,,0.0,,0.0,,0.82,,0.82,,5.09,,17.34,
25-1041.00,"Agricultural Sciences Teachers, Postsecondary",category_11|category_12|category_8|category_6|category_5,,,0.0,,55.31,,27.0,,0.0,,0.0,,0.0,,0.0,,1.4,,1.41,,0.0,,14.04,,0.84,
25-1042.00,"Biological Science Teachers, Postsecondary",category_11|category_12|category_8|category_5|category_6,,,0.0,,48.44,,38.37,,0.0,,0.0,,0.0,,0.0,,1.27,,0.2,,0.0,,11.73,,0.0,
25-1043.00,"Forestry and Conservation Science Teachers, Postsecondary",category_11|category_12|category_8|category_1|category_2,,,0.0,,62.72,,22.15,,0.0,,0.0,,0.0,,0.0,,0.0,,0.0,,0.0,,15.13,,0.0,
25-1051.00,"Atmospheric, Earth, Marine, and Space Sciences Teachers, Postsecondary",category_8|category_11|category_12|category_7|category_9,,,0.0,,28.9,,16.25,,0.0,,0.0,,0.0,,0.0,,0.0,,0.0,,5.07,,46.48,,3.3,
25-1052.00,"Chemistry Teachers, Postsecondary",category_8|category_12|category_11|category_7|category_6,,,0.0,,25.19,,31.37,,0.0,,0.0,,0.0,,0.3,,0.0,,2.1,,5.77,,35.27,,0.0,
25-1053.00,"Environmental Science Teachers, Postsecondary",category_11|category_12|category_8|category_9|category_1,,,0.0,,52.49,,29.67,,0.0,,0.0,,0.0,,0.0,,0.0,,0.0,,0.0,,17.5,,0.34,
25-1054.00,"Physics Teachers, Postsecondary",category_11|category_8|category_12|category_9|category_1,,,0.0,,53.82,,20.74,,0.0,,0.0,,0.0,,0.0,,0.0,,0.0,,0.0,,25.03,,0.41,
25-1061.00,"Anthropology and Archeology Teachers, Postsecondary",category_11|category_8|category_6|category_9|category_10,,,4.55,,68.18,,0.0,,0.0,,0.0,,0.0,,0.0,,0.0,,4.55,,0.0,,18.18,,4.55,
25-1062.00,"Area, Ethnic, and Cultural Studies Teachers, Postsecondary",category_11|category_8|category_12|category_9|category_10,,,1.12,,60.52,,3.97,,0.0,,0.17,,0.0,,0.0,,0.0,,0.0,,0.0,,30.98,,3.24,
25-1063.00,"Economics Teachers, Postsecondary",category_11|category_9|category_8|category_6|category_1,,,0.0,,80.8,,0.0,,0.0,,0.0,,0.0,,0.0,,0.0,,2.15,,0.0,,7.37,,9.68,
25-1064.00,"Geography Teachers, Postsecondary",category_11|category_9|category_8|category_12|category_1,,,0.0,,80.29,,0.45,,0.0,,0.0,,0.0,,0.0,,0.0,,0.0,,0.0,,9.51,,9.75,
25-1065.00,"Political Science Teachers, Postsecondary",category_11|category_8|category_1|category_2|category_3,,,0.0,,96.54,,0.0,,0.0,,0.0,,0.0,,0.0,,0.0,,0.0,,0.0,,3.46,,0.0,
25-1066.00,"Psychology Teachers, Postsecondary",category_11|category_12|category_8|category_1|category_2,,,0.0,,54.58,,30.67,,0.0,,0.0,,0.0,,0.0,,0.0,,0.0,,0.0,,14.76,,0.0,
25-1067.00,"Sociology Teachers, Postsecondary",category_11|category_8|category_9|category_1|category_2,,,0.0,,76.68,,0.0,,0.0,,0.0,,0.0,,0.0,,0.0,,0.0,,0.0,,22.84,,0.48,
25-1071.00,"Health Specialties Teachers, Postsecondary",category_8|category_11|category_12|category_6|category_5,,,0.0,,24.91,,19.14,,0.0,,0.0,,2.9,,0.0,,4.63,,12.49,,0.0,,35.94,,0.0,
25-1072.00,"Nursing Instructors and Teachers, Postsecondary",category_8|category_11|category_12|category_6|category_9,,,0.0,,36.11,,6.73,,0.0,,0.0,,0.0,,0.0,,0.0,,5.05,,0.0,,50.08,,2.03,
25-1081.00,"Education Teachers, Postsecondary",category_11|category_8|category_6|category_9|category_12,,,0.0,,89.76,,0.1,,0.0,,0.0,,0.0,,0.0,,0.0,,0.63,,0.0,,9.41,,0.1,
25-1082.00,"Library Science Teachers, Postsecondary",category_11|category_8|category_12|category_5|category_6,,,0.0,,65.24,,8.32,,0.0,,0.0,,0.0,,0.0,,0.93,,0.93,,0.0,,24.57,,0.0,
25-1111.00,"Criminal Justice and Law Enforcement Teachers, Postsecondary",category_8|category_11|category_3|category_9|category_5,,,1.62,,25.6,,0.0,,0.0,,1.62,,10.9,,0.0,,8.41,,4.34,,0.0,,38.89,,8.61,
25-1112.00,"Law Teachers, Postsecondary",category_10|category_11|category_8|category_9|category_5,,,46.18,,35.26,,0.0,,0.0,,0.0,,0.0,,0.0,,1.07,,0.0,,0.0,,15.44,,2.06,
25-1113.00,"Social Work Teachers, Postsecondary",category_11|category_8|category_10|category_12|category_1,,,6.03,,60.7,,4.53,,0.0,,0.0,,0.0,,0.0,,0.0,,0.0,,0.0,,28.73,,0.0,
25-1121.00,"Art, Drama, and Music Teachers, Postsecondary",category_8|category_11|category_6|category_9|category_5,,,0.0,,31.67,,0.0,,0.0,,0.0,,0.0,,0.0,,1.44,,13.89,,0.7,,50.68,,1.61,
25-1122.00,"Communications Teachers, Postsecondary",category_8|category_11|category_12|category_9|category_1,,,0.0,,17.38,,10.79,,0.0,,0.0,,0.0,,0.0,,0.0,,0.0,,0.0,,70.85,,0.97,
25-1123.00,"English Language and Literature Teachers, Postsecondary",category_11|category_8|category_1|category_9|category_12,,,0.0,,58.38,,0.32,,9.61,,0.0,,0.0,,0.0,,0.0,,0.0,,0.0,,30.42,,1.26,
25-1124.00,"Foreign Language and Literature Teachers, Postsecondary",category_11|category_8|category_6|category_1|category_2,,,0.0,,73.42,,0.0,,0.0,,0.0,,0.0,,0.0,,0.0,,8.74,,0.0,,17.84,,0.0,
25-1125.00,"History Teachers, Postsecondary",category_11|category_8|category_1|category_2|category_3,,,0.0,,69.64,,0.0,,0.0,,0.0,,0.0,,0.0,,0.0,,0.0,,0.0,,30.36,,0.0,
25-1126.00,"Philosophy and Religion Teachers, Postsecondary",category_11|category_8|category_12|category_9|category_1,,,0.0,,73.83,,12.49,,0.0,,0.0,,0.0,,0.0,,0.0,,0.0,,0.0,,13.07,,0.6,
25-1192.00,"Family and Consumer Sciences Teachers, Postsecondary",category_11|category_8|category_7|category_6|category_3,,,0.32,,48.02,,0.8,,0.0,,0.0,,1.9,,0.96,,0.0,,3.66,,7.89,,36.45,,0.0,
25-1193.00,"Recreation and Fitness Studies Teachers, Postsecondary",category_11|category_8|category_6|category_1|category_2,,,0.0,,74.16,,0.0,,0.0,,0.0,,0.0,,0.0,,0.0,,5.04,,0.0,,20.8,,0.0,
25-1194.00,"Career/Technical Education Teachers, Postsecondary",category_5|category_6|category_3|category_8|category_4,,,0.0,,4.67,,0.0,,0.0,,2.17,,16.22,,6.87,,42.29,,20.21,,0.0,,7.58,,0.0,
25-2011.00,"Preschool Teachers, Except Special Education",category_2|category_6|category_4|category_8|category_5,,,0.0,,0.0,,0.0,,0.0,,28.75,,10.34,,12.17,,11.55,,17.23,,7.91,,12.04,,0.0,
25-2012.00,"Kindergarten Teachers, Except Special Education",category_6|category_8|category_7|category_1|category_2,,,0.0,,0.0,,0.0,,0.0,,0.0,,0.0,,0.0,,0.0,,75.66,,10.54,,13.8,,0.0,
25-2021.00,"Elementary School Teachers, Except Special Education",category_6|category_8|category_1|category_2|category_3,,,0.0,,0.0,,0.0,,0.0,,0.0,,0.0,,0.0,,0.0,,78.17,,0.0,,21.83,,0.0,
25-2022.00,"Middle School Teachers, Except Special and Career/Technical Education",category_6|category_7|category_1|category_8|category_2,,,0.0,,0.0,,0.0,,9.58,,0.0,,0.0,,0.0,,0.0,,66.94,,21.3,,2.18,,0.0,
25-2023.00,"Career/Technical Education Teachers, Middle School",,,category_6|category_2|category_7|category_8|category_5,,0.0,,0.0,,0.0,,0.0,,6.45,,0.0,,0.0,,2.23,,85.76,,2.9,,2.66,,0.0
25-2031.00,"Secondary School Teachers, Except Special and Career/Technical Education",category_6|category_7|category_9|category_5|category_8,,,0.0,,0.0,,0.0,,0.0,,0.0,,0.0,,0.0,,3.99,,76.97,,7.76,,3.53,,7.76,
25-2032.00,"Career/Technical Education Teachers, Secondary School",category_6|category_8|category_5|category_3|category_2,,,0.31,,0.0,,0.0,,0.0,,7.41,,8.11,,4.1,,13.09,,40.12,,4.3,,22.57,,0.0,
25-2051.00,"Special Education Teachers, Preschool",,,category_6|category_5|category_4|category_8|category_7,,0.0,,0.0,,0.0,,0.0,,1.89,,0.0,,15.1,,18.3,,44.19,,5.5,,11.82,,3.2
25-2055.00,"Special Education Teachers, Kindergarten",,,category_6|category_7|category_5|category_8|category_1,,0.0,,0.0,,0.0,,0.0,,0.0,,0.0,,0.0,,11.46,,56.08,,23.18,,9.28,,0.0
25-2056.00,"Special Education Teachers, Elementary School",category_6|category_8|category_2|category_5|category_7,,,0.0,,0.0,,0.0,,0.0,,10.31,,0.0,,0.0,,0.31,,51.39,,0.19,,37.67,,0.14,
25-2057.00,"Special Education Teachers, Middle School",category_6|category_8|category_7|category_10|category_4,,,0.43,,0.0,,0.0,,0.0,,0.0,,0.0,,0.34,,0.0,,82.52,,1.26,,15.45,,0.0,
25-2058.00,"Special Education Teachers, Secondary School",category_6|category_8|category_7|category_5|category_9,,,0.0,,0.0,,0.0,,0.0,,0.0,,0.0,,0.0,,0.24,,42.35,,15.0,,42.17,,0.24,
25-2059.01,Adapted Physical Education Specialists,,,category_6|category_8|category_7|category_11|category_1,,0.0,,4.55,,0.0,,0.0,,0.0,,0.0,,0.0,,0.0,,45.45,,22.73,,27.27,,0.0
25-3011.00,"Adult Basic Education, Adult Secondary Education, and English as a Second Language Instructors",category_6|category_8|category_2|category_5|category_7,,,0.0,,0.0,,0.0,,0.0,,11.38,,0.0,,3.28,,11.38,,40.84,,11.38,,19.76,,1.99,
25-3021.00,Self-Enrichment Teachers,category_8|category_3|category_6|category_2|category_5,,,0.0,,0.0,,0.76,,0.0,,13.51,,18.48,,0.26,,13.51,,18.09,,0.69,,34.69,,0.0,
25-3031.00,"Substitute Teachers, Short-Term",category_6|category_5|category_4|category_2|category_8,,,0.0,,0.0,,0.0,,0.0,,10.05,,0.14,,10.42,,34.6,,39.66,,0.49,,4.63,,0.0,
25-3041.00,Tutors,category_6|category_4|category_2|category_5|category_8,,,0.0,,0.0,,0.0,,0.0,,9.09,,0.0,,36.36,,9.09,,40.91,,0.0,,4.55,,0.0,
25-4011.00,Archivists,category_8|category_6|category_9|category_7|category_1,,,0.0,,0.0,,0.0,,0.0,,0.0,,0.0,,0.0,,0.0,,6.45,,3.23,,83.87,,6.45,
25-4012.00,Curators,category_8|category_11|category_7|category_6|category_4,,,0.0,,34.75,,2.12,,0.0,,0.0,,0.0,,3.37,,1.48,,6.13,,8.09,,44.05,,0.0,
25-4013.00,Museum Technicians and Conservators,,,category_8|category_6|category_7|category_9|category_1,,0.0,,0.0,,0.0,,0.0,,0.0,,0.0,,0.0,,0.0,,11.54,,7.69,,73.08,,7.69
25-4022.00,Librarians and Media Collections Specialists,,,category_8|category_6|category_1|category_2|category_3,,0.0,,0.0,,0.0,,0.0,,0.0,,0.0,,0.0,,0.0,,3.7,,0.0,,96.3,,0.0
25-4031.00,Library Technicians,category_6|category_5|category_3|category_2|category_4,,,0.0,,0.0,,0.0,,0.0,,15.02,,17.05,,8.85,,27.66,,29.62,,0.0,,1.81,,0.0,
25-9021.00,Farm and Home Management Educators,category_8|category_6|category_1|category_3|category_7,,,0.0,,3.7,,0.0,,3.7,,0.0,,3.7,,0.0,,0.0,,14.81,,3.7,,70.37,,0.0,
25-9031.00,Instructional Coordinators,category_8|category_6|category_9|category_10|category_7,,,4.21,,0.14,,0.0,,0.0,,0.0,,0.0,,0.0,,0.0,,24.83,,0.14,,59.84,,10.85,
25-9042.00,"Teaching Assistants, Preschool, Elementary, Middle, and Secondary School, Except Special Education",category_2|category_3|category_4|category_6|category_8,,,0.0,,0.0,,0.0,,1.24,,27.1,,19.89,,17.12,,3.24,,16.28,,0.0,,15.14,,0.0,
25-9043.00,"Teaching Assistants, Special Education",category_6|category_2|category_4|category_5|category_8,,,0.0,,0.0,,0.0,,0.0,,24.61,,0.0,,18.2,,14.48,,39.16,,0.0,,3.55,,0.0,
25-9044.00,"Teaching Assistants, Postsecondary",category_6|category_8|category_11|category_4|category_9,,,0.0,,3.73,,0.0,,0.0,,0.0,,0.0,,1.48,,0.0,,57.32,,0.0,,37.26,,0.2,
27-1011.00,Art Directors,category_6|category_2|category_8|category_4|category_5,,,0.0,,0.0,,0.0,,0.0,,9.69,,0.0,,5.7,,5.37,,68.02,,3.52,,7.69,,0.0,
27-1012.00,Craft Artists,category_2|category_3|category_1|category_4|category_6,,,0.0,,0.0,,0.0,,17.39,,26.09,,26.09,,17.39,,0.0,,8.7,,4.35,,0.0,,0.0,
27-1013.00,"Fine Artists, Including Painters, Sculptors, and Illustrators",category_4|category_6|category_2|category_3|category_10,,,0.26,,0.0,,0.0,,0.0,,27.33,,0.26,,37.03,,0.0,,35.12,,0.0,,0.0,,0.0,
27-1014.00,Special Effects Artists and Animators,category_6|category_4|category_2|category_5|category_8,,,0.0,,0.0,,0.0,,0.13,,5.4,,0.0,,39.68,,1.7,,52.75,,0.0,,0.34,,0.0,
27-1021.00,Commercial and Industrial Designers,category_6|category_4|category_5|category_2|category_3,,,0.0,,0.0,,0.0,,0.0,,4.3,,0.29,,15.23,,12.26,,67.92,,0.0,,0.0,,0.0,
27-1022.00,Fashion Designers,category_6|category_5|category_2|category_4|category_1,,,0.0,,0.0,,0.0,,0.63,,3.62,,0.0,,1.07,,44.02,,50.67,,0.0,,0.0,,0.0,
27-1023.00,Floral Designers,,,category_2|category_1|category_3|category_4|category_5,,0.0,,0.0,,0.0,,23.81,,71.43,,4.76,,0.0,,0.0,,0.0,,0.0,,0.0,,0.0
27-1024.00,Graphic Designers,category_6|category_2|category_8|category_4|category_5,,,0.0,,0.0,,0.0,,0.0,,15.0,,0.0,,5.0,,5.0,,65.0,,0.0,,10.0,,0.0,
27-1025.00,Interior Designers,category_6|category_4|category_5|category_8|category_10,,,4.0,,0.0,,0.0,,0.0,,0.0,,0.0,,4.0,,4.0,,84.0,,0.0,,4.0,,0.0,
27-1026.00,Merchandise Displayers and Window Trimmers,category_2|category_4|category_6|category_5|category_3,,,0.0,,0.0,,0.0,,0.0,,39.46,,8.7,,19.52,,14.68,,17.64,,0.0,,0.0,,0.0,
27-1027.00,Set and Exhibit Designers,category_6|category_8|category_4|category_9|category_5,,,4.76,,4.76,,0.0,,0.0,,0.0,,0.0,,9.52,,4.76,,33.33,,0.0,,33.33,,9.52,
27-2011.00,Actors,,,category_1|category_2|category_4|category_5|category_3,,0.0,,0.0,,0.0,,65.71,,20.0,,2.86,,5.71,,5.71,,0.0,,0.0,,0.0,,0.0
27-2012.00,Producers and Directors,category_6|category_2|category_5|category_3|category_4,,,0.0,,0.0,,0.0,,0.0,,15.22,,10.58,,4.61,,12.89,,56.67,,0.0,,0.04,,0.0,
27-2012.03,Media Programming Directors,category_6|category_2|category_4|category_5|category_1,,,0.0,,0.0,,0.0,,0.0,,31.19,,0.0,,14.99,,1.82,,52.0,,0.0,,0.0,,0.0,
27-2012.04,Talent Directors,category_6|category_5|category_8|category_4|category_7,,,7.49,,0.0,,0.0,,0.0,,1.34,,0.4,,10.24,,18.77,,42.31,,8.55,,10.89,,0.0,
27-2012.05,Media Technical Directors/Managers,category_6|category_2|category_3|category_5|category_4,,,0.0,,0.0,,0.0,,0.0,,4.17,,1.49,,0.42,,1.43,,92.07,,0.0,,0.42,,0.0,
27-2021.00,Athletes and Sports Competitors,category_1|category_6|category_2|category_5|category_3,,,0.0,,0.0,,0.0,,34.8,,23.33,,5.46,,3.25,,8.7,,24.46,,0.0,,0.0,,0.0,
27-2022.00,Coaches and Scouts,category_6|category_8|category_5|category_2|category_1,,,0.0,,1.81,,0.0,,3.65,,8.86,,0.0,,0.0,,17.41,,48.89,,0.0,,19.37,,0.0,
27-2023.00,"Umpires, Referees, and Other Sports Officials",category_2|category_1|category_6|category_3|category_5,,,0.0,,4.76,,0.0,,23.81,,42.86,,9.52,,0.0,,4.76,,14.29,,0.0,,0.0,,0.0,
27-2031.00,Dancers,category_2|category_1|category_3|category_4|category_5,,,0.0,,0.0,,0.0,,34.17,,45.06,,13.54,,7.24,,0.0,,0.0,,0.0,,0.0,,0.0,
27-2032.00,Choreographers,category_2|category_3|category_6|category_1|category_5,,,0.0,,0.0,,0.0,,9.52,,33.33,,19.05,,4.76,,9.52,,19.05,,0.0,,4.76,,0.0,
27-2041.00,Music Directors and Composers,category_8|category_6|category_11|category_5|category_4,,,0.0,,20.62,,0.0,,5.11,,3.8,,0.0,,6.2,,7.89,,24.02,,2.21,,28.21,,1.93,
27-2042.00,Musicians and Singers,,,category_6|category_1|category_7|category_2|category_8,,0.0,,0.0,,0.0,,28.18,,9.92,,0.0,,0.0,,0.0,,37.08,,14.9,,9.92,,0.0
27-2091.00,"Disc Jockeys, Except Radio",,,category_2|category_1|category_4|category_5|category_6,,0.0,,0.0,,0.0,,36.0,,52.0,,0.0,,4.0,,4.0,,4.0,,0.0,,0.0,,0.0
27-3011.00,Broadcast Announcers and Radio Disc Jockeys,category_6|category_4|category_2|category_8|category_5,,,0.0,,0.0,,0.0,,0.0,,26.83,,0.0,,30.3,,2.5,,35.18,,0.0,,5.19,,0.0,
27-3023.00,"News Analysts, Reporters, and Journalists",,,category_6|category_2|category_5|category_1|category_3,,0.0,,0.0,,0.0,,0.0,,15.43,,0.0,,0.0,,1.0,,83.57,,0.0,,0.0,,0.0
27-3031.00,Public Relations Specialists,category_6|category_8|category_1|category_2|category_3,,,0.0,,0.0,,0.0,,0.0,,0.0,,0.0,,0.0,,0.0,,90.91,,0.0,,9.09,,0.0,
27-3041.00,Editors,,,category_6|category_4|category_5|category_2|category_1,,0.0,,0.0,,0.0,,0.0,,3.62,,0.0,,15.77,,11.85,,68.76,,0.0,,0.0,,0.0
27-3042.00,Technical Writers,category_5|category_6|category_4|category_3|category_8,,,0.0,,0.99,,0.0,,0.0,,0.0,,6.9,,15.89,,35.25,,33.02,,2.5,,5.46,,0.0,
27-3043.00,Writers and Authors,,,category_6|category_1|category_2|category_5|category_8,,0.0,,5.26,,0.0,,5.26,,5.26,,0.0,,0.0,,5.26,,73.68,,0.0,,5.26,,0.0
27-3043.05,"Poets, Lyricists and Creative Writers",category_6|category_4|category_1|category_2|category_8,,,9.09,,0.0,,0.0,,13.64,,9.09,,0.0,,27.27,,0.0,,31.82,,0.0,,9.09,,0.0,
27-3091.00,Interpreters and Translators,category_6|category_8|category_2|category_5|category_9,,,0.0,,0.0,,0.0,,0.0,,8.02,,1.27,,0.0,,4.42,,54.72,,0.0,,27.88,,3.69,
27-3092.00,Court Reporters and Simultaneous Captioners,,,category_5|category_3|category_4|category_1|category_2,,0.0,,0.0,,0.0,,0.0,,0.0,,43.48,,8.7,,47.83,,0.0,,0.0,,0.0,,0.0
27-4011.00,Audio and Video Technicians,category_6|category_2|category_3|category_5|category_4,,,0.0,,0.0,,0.0,,0.0,,25.07,,19.87,,1.19,,11.19,,42.67,,0.0,,0.0,,0.0,
27-4012.00,Broadcast Technicians,,,category_6|category_5|category_2|category_1|category_3,,0.0,,0.0,,0.0,,0.0,,14.71,,0.0,,0.0,,20.54,,64.75,,0.0,,0.0,,0.0
27-4014.00,Sound Engineering Technicians,category_2|category_3|category_6|category_5|category_4,,,4.0,,0.0,,0.0,,0.0,,32.0,,20.0,,8.0,,12.0,,20.0,,0.0,,0.0,,4.0,
27-4021.00,Photographers,category_4|category_2|category_3|category_5|category_6,,,0.0,,0.0,,0.0,,9.09,,18.18,,13.64,,27.27,,13.64,,13.64,,4.55,,0.0,,0.0,
27-4031.00,"Camera Operators, Television, Video, and Film",category_5|category_2|category_4|category_6|category_1,,,0.0,,0.0,,0.0,,0.0,,17.82,,0.0,,14.58,,60.7,,6.9,,0.0,,0.0,,0.0,
27-4032.00,Film and Video Editors,category_6|category_5|category_2|category_4|category_8,,,0.0,,0.0,,0.0,,0.0,,16.28,,0.0,,1.18,,16.85,,65.1,,0.0,,0.59,,0.0,
29-1011.00,Chiropractors,category_11|category_10|category_3|category_2|category_1,,,7.53,,82.14,,0.0,,0.0,,3.58,,6.75,,0.0,,0.0,,0.0,,0.0,,0.0,,0.0,
29-1021.00,"Dentists, General",category_11|category_12|category_1|category_2|category_3,,,0.0,,61.86,,38.14,,0.0,,0.0,,0.0,,0.0,,0.0,,0.0,,0.0,,0.0,,0.0,
29-1022.00,Oral and Maxillofacial Surgeons,category_12|category_11|category_10|category_1|category_2,,,7.96,,19.84,,72.2,,0.0,,0.0,,0.0,,0.0,,0.0,,0.0,,0.0,,0.0,,0.0,
29-1023.00,Orthodontists,category_12|category_11|category_3|category_10|category_6,,,7.08,,12.09,,68.94,,0.0,,1.51,,7.73,,0.0,,0.0,,2.66,,0.0,,0.0,,0.0,
29-1024.00,Prosthodontists,category_12|category_11|category_3|category_1|category_2,,,0.0,,36.06,,61.03,,0.0,,0.0,,2.91,,0.0,,0.0,,0.0,,0.0,,0.0,,0.0,
29-1031.00,Dietitians and Nutritionists,category_7|category_8|category_6|category_5|category_1,,,0.0,,0.0,,0.0,,0.0,,0.0,,0.0,,0.0,,3.33,,10.0,,53.33,,33.33,,0.0,
29-1041.00,Optometrists,category_11|category_10|category_1|category_2|category_3,,,4.76,,95.24,,0.0,,0.0,,0.0,,0.0,,0.0,,0.0,,0.0,,0.0,,0.0,,0.0,
29-1051.00,Pharmacists,category_11|category_6|category_12|category_10|category_2,,,3.36,,78.36,,5.06,,0.0,,1.75,,0.0,,0.0,,0.0,,11.47,,0.0,,0.0,,0.0,
29-1071.00,Physician Assistants,category_8|category_10|category_6|category_1|category_2,,,13.51,,0.0,,0.0,,0.0,,0.0,,0.0,,0.0,,0.0,,5.41,,0.0,,81.08,,0.0,
29-1071.01,Anesthesiologist Assistants,,,category_8|category_9|category_1|category_2|category_3,,0.0,,0.0,,0.0,,0.0,,0.0,,0.0,,0.0,,0.0,,0.0,,0.0,,96.3,,3.7
29-1081.00,Podiatrists,category_11|category_12|category_10|category_2|category_1,,,14.09,,52.89,,32.36,,0.0,,0.66,,0.0,,0.0,,0.0,,0.0,,0.0,,0.0,,0.0,
29-1122.00,Occupational Therapists,category_8|category_6|category_1|category_2|category_3,,,0.0,,0.0,,0.0,,0.0,,0.0,,0.0,,0.0,,0.0,,13.64,,0.0,,86.36,,0.0,
29-1122.01,"Low Vision Therapists, Orientation and Mobility Specialists, and Vision Rehabilitation Therapists",category_8|category_7|category_6|category_9|category_1,,,0.0,,0.0,,0.0,,0.0,,0.0,,0.0,,0.0,,0.0,,17.39,,21.74,,56.52,,4.35,
29-1123.00,Physical Therapists,category_11|category_8|category_6|category_5|category_1,,,0.0,,47.13,,0.0,,0.0,,0.0,,0.0,,0.0,,6.26,,8.31,,0.0,,38.3,,0.0,
29-1124.00,Radiation Therapists,category_5|category_6|category_3|category_4|category_1,,,0.0,,0.0,,0.0,,0.0,,0.0,,8.87,,3.45,,50.14,,37.54,,0.0,,0.0,,0.0,
29-1125.00,Recreational Therapists,category_6|category_7|category_8|category_1|category_2,,,0.0,,0.0,,0.0,,0.0,,0.0,,0.0,,0.0,,0.0,,91.89,,5.41,,2.7,,0.0,
29-1126.00,Respiratory Therapists,,,category_5|category_6|category_1|category_2|category_3,,0.0,,0.0,,0.0,,0.0,,0.0,,0.0,,0.0,,99.18,,0.82,,0.0,,0.0,,0.0
29-1127.00,Speech-Language Pathologists,category_8|category_9|category_1|category_2|category_3,,,0.0,,0.0,,0.0,,0.0,,0.0,,0.0,,0.0,,0.0,,0.0,,0.0,,88.52,,11.48,
29-1128.00,Exercise Physiologists,,,category_6|category_8|category_3|category_9|category_1,,0.0,,0.0,,0.0,,0.0,,0.0,,4.17,,0.0,,0.0,,50.0,,0.0,,41.67,,4.17
29-1129.01,Art Therapists,,,category_8|category_9|category_1|category_2|category_3,,0.0,,0.0,,0.0,,0.0,,0.0,,0.0,,0.0,,0.0,,0.0,,0.0,,97.14,,2.86
29-1129.02,Music Therapists,category_6|category_8|category_7|category_1|category_2,,,0.0,,0.0,,0.0,,0.0,,0.0,,0.0,,0.0,,0.0,,73.08,,11.54,,15.38,,0.0,
29-1131.00,Veterinarians,category_11|category_12|category_10|category_1|category_2,,,9.1,,79.16,,11.74,,0.0,,0.0,,0.0,,0.0,,0.0,,0.0,,0.0,,0.0,,0.0,
29-1141.00,Registered Nurses,category_6|category_3|category_5|category_8|category_2,,,0.0,,0.0,,0.0,,0.0,,0.76,,22.5,,0.0,,19.39,,55.92,,0.0,,1.43,,0.0,
29-1141.01,Acute Care Nurses,category_6|category_5|category_7|category_8|category_9,,,0.0,,4.76,,0.0,,0.0,,0.0,,0.0,,0.0,,19.05,,57.14,,9.52,,4.76,,4.76,
29-1141.02,Advanced Practice Psychiatric Nurses,category_8|category_11|category_10|category_1|category_2,,,4.35,,8.7,,0.0,,0.0,,0.0,,0.0,,0.0,,0.0,,0.0,,0.0,,86.96,,0.0,
29-1141.03,Critical Care Nurses,category_6|category_5|category_8|category_9|category_1,,,0.0,,0.0,,0.0,,0.0,,0.0,,0.0,,0.0,,35.71,,50.0,,0.0,,10.71,,3.57,
29-1141.04,Clinical Nurse Specialists,category_8|category_9|category_10|category_11|category_1,,,4.76,,4.76,,0.0,,0.0,,0.0,,0.0,,0.0,,0.0,,0.0,,0.0,,85.71,,4.76,
29-1151.00,Nurse Anesthetists,category_11|category_8|category_10|category_1|category_2,,,3.7,,55.56,,0.0,,0.0,,0.0,,0.0,,0.0,,0.0,,0.0,,0.0,,40.74,,0.0,
29-1161.00,Nurse Midwives,category_8|category_9|category_7|category_1|category_2,,,0.0,,0.0,,0.0,,0.0,,0.0,,0.0,,0.0,,0.0,,0.0,,3.12,,81.25,,15.62,
29-1171.00,Nurse Practitioners,category_8|category_11|category_6|category_12|category_1,,,0.0,,26.09,,4.35,,0.0,,0.0,,0.0,,0.0,,0.0,,4.35,,0.0,,65.22,,0.0,
29-1181.00,Audiologists,category_11|category_12|category_1|category_2|category_3,,,0.0,,95.45,,4.55,,0.0,,0.0,,0.0,,0.0,,0.0,,0.0,,0.0,,0.0,,0.0,
29-1211.00,Anesthesiologists,category_12|category_11|category_10|category_8|category_1,,,4.85,,24.71,,69.18,,0.0,,0.0,,0.0,,0.0,,0.0,,0.0,,0.0,,1.26,,0.0,
29-1213.00,Dermatologists,category_11|category_12|category_5|category_8|category_10,,,1.49,,56.38,,30.57,,0.0,,0.0,,0.74,,0.0,,6.11,,0.0,,0.0,,4.71,,0.0,
29-1214.00,Emergency Medicine Physicians,category_12|category_11|category_10|category_1|category_2,,,3.45,,34.48,,62.07,,0.0,,0.0,,0.0,,0.0,,0.0,,0.0,,0.0,,0.0,,0.0,
29-1215.00,Family Medicine Physicians,category_11|category_12|category_8|category_6|category_4,,,0.0,,59.06,,28.89,,0.0,,0.0,,0.0,,0.31,,0.0,,2.25,,0.0,,9.48,,0.0,
29-1216.00,General Internal Medicine Physicians,category_12|category_11|category_1|category_2|category_3,,,0.0,,46.99,,53.01,,0.0,,0.0,,0.0,,0.0,,0.0,,0.0,,0.0,,0.0,,0.0,
29-1217.00,Neurologists,category_12|category_11|category_8|category_2|category_1,,,0.0,,29.18,,63.66,,0.0,,2.4,,0.0,,0.0,,0.0,,0.0,,0.0,,4.77,,0.0,
29-1218.00,Obstetricians and Gynecologists,category_12|category_11|category_10|category_1|category_2,,,3.45,,22.54,,74.01,,0.0,,0.0,,0.0,,0.0,,0.0,,0.0,,0.0,,0.0,,0.0,
29-1221.00,"Pediatricians, General",category_12|category_11|category_10|category_1|category_2,,,1.27,,20.43,,78.3,,0.0,,0.0,,0.0,,0.0,,0.0,,0.0,,0.0,,0.0,,0.0,
29-1222.00,"Physicians, Pathologists",category_12|category_11|category_8|category_10|category_1,,,2.74,,29.22,,62.04,,0.0,,0.0,,0.0,,0.0,,0.0,,0.0,,0.0,,6.0,,0.0,
29-1223.00,Psychiatrists,category_12|category_11|category_8|category_10|category_2,,,1.8,,34.18,,58.53,,0.0,,0.47,,0.0,,0.0,,0.0,,0.0,,0.0,,5.03,,0.0,
29-1224.00,Radiologists,category_12|category_11|category_5|category_3|category_1,,,0.0,,28.02,,57.86,,0.0,,0.0,,3.04,,0.0,,11.08,,0.0,,0.0,,0.0,,0.0,
29-1229.01,Allergists and Immunologists,category_12|category_11|category_8|category_2|category_4,,,0.0,,21.48,,52.95,,0.0,,6.92,,0.0,,3.53,,2.36,,0.0,,0.0,,12.76,,0.0,
29-1229.02,Hospitalists,category_12|category_11|category_10|category_6|category_1,,,8.0,,40.0,,48.0,,0.0,,0.0,,0.0,,0.0,,0.0,,4.0,,0.0,,0.0,,0.0,
29-1229.03,Urologists,category_12|category_11|category_10|category_1|category_2,,,2.21,,33.37,,64.43,,0.0,,0.0,,0.0,,0.0,,0.0,,0.0,,0.0,,0.0,,0.0,
29-1229.04,Physical Medicine and Rehabilitation Physicians,category_11|category_12|category_10|category_6|category_1,,,1.25,,54.89,,43.05,,0.0,,0.0,,0.0,,0.0,,0.0,,0.81,,0.0,,0.0,,0.0,
29-1229.05,Preventive Medicine Physicians,category_12|category_11|category_1|category_2|category_3,,,0.0,,26.32,,73.68,,0.0,,0.0,,0.0,,0.0,,0.0,,0.0,,0.0,,0.0,,0.0,
29-1229.06,Sports Medicine Physicians,category_11|category_12|category_1|category_2|category_3,,,0.0,,50.95,,49.05,,0.0,,0.0,,0.0,,0.0,,0.0,,0.0,,0.0,,0.0,,0.0,
29-1241.00,"Ophthalmologists, Except Pediatric",category_12|category_11|category_7|category_10|category_3,,,13.96,,20.03,,42.13,,0.0,,0.0,,9.91,,0.0,,0.0,,0.0,,13.96,,0.0,,0.0,
29-1291.00,Acupuncturists,category_8|category_11|category_3|category_10|category_6,,,7.14,,14.29,,0.0,,0.0,,0.0,,7.14,,0.0,,0.0,,3.57,,0.0,,67.86,,0.0,
29-1292.00,Dental Hygienists,category_5|category_10|category_7|category_6|category_1,,,12.74,,0.0,,0.0,,0.0,,0.0,,0.0,,0.0,,75.18,,3.08,,9.0,,0.0,,0.0,
29-1299.01,Naturopathic Physicians,category_11|category_12|category_1|category_2|category_3,,,0.0,,96.0,,4.0,,0.0,,0.0,,0.0,,0.0,,0.0,,0.0,,0.0,,0.0,,0.0,
29-1299.02,Orthoptists,,,category_7|category_6|category_8|category_9|category_1,,0.0,,0.0,,0.0,,0.0,,0.0,,0.0,,0.0,,0.0,,15.15,,66.67,,15.15,,3.03
29-2011.00,Medical and Clinical Laboratory Technologists,category_6|category_5|category_7|category_4|category_1,,,0.0,,0.0,,0.0,,0.0,,0.0,,0.0,,1.54,,32.4,,52.12,,13.95,,0.0,,0.0,
29-2011.01,Cytogenetic Technologists,,,category_6|category_1|category_2|category_3|category_4,,0.0,,0.0,,0.0,,0.0,,0.0,,0.0,,0.0,,0.0,,100.0,,0.0,,0.0,,0.0
29-2011.02,Cytotechnologists,category_6|category_7|category_8|category_1|category_2,,,0.0,,0.0,,0.0,,0.0,,0.0,,0.0,,0.0,,0.0,,50.0,,36.36,,13.64,,0.0,
29-2011.04,Histotechnologists,category_6|category_5|category_3|category_8|category_2,,,0.0,,0.0,,0.0,,0.0,,4.76,,14.29,,4.76,,19.05,,42.86,,4.76,,9.52,,0.0,
29-2012.00,Medical and Clinical Laboratory Technicians,,,category_5|category_6|category_2|category_3|category_1,,0.0,,0.0,,0.0,,0.0,,3.49,,3.09,,0.0,,62.69,,30.73,,0.0,,0.0,,0.0
29-2012.01,Histology Technicians,category_5|category_3|category_2|category_4|category_6,,,4.0,,4.0,,0.0,,0.0,,12.0,,16.0,,12.0,,48.0,,4.0,,0.0,,0.0,,0.0,
29-2031.00,Cardiovascular Technologists and Technicians,category_5|category_3|category_2|category_4|category_10,,,3.81,,0.0,,0.0,,0.0,,9.85,,12.85,,7.82,,62.9,,2.77,,0.0,,0.0,,0.0,
29-2032.00,Diagnostic Medical Sonographers,,,category_5|category_6|category_4|category_3|category_7,,0.0,,0.0,,0.0,,0.0,,0.0,,1.54,,6.08,,67.07,,24.97,,0.34,,0.0,,0.0
29-2033.00,Nuclear Medicine Technologists,category_5|category_6|category_7|category_3|category_10,,,4.07,,0.0,,0.0,,0.0,,0.0,,4.24,,1.81,,62.63,,21.5,,5.76,,0.0,,0.0,
29-2034.00,Radiologic Technologists and Technicians,,,category_5|category_6|category_2|category_7|category_1,,0.0,,0.0,,0.0,,0.0,,3.57,,0.0,,0.0,,60.71,,32.14,,3.57,,0.0,,0.0
29-2035.00,Magnetic Resonance Imaging Technologists,category_5|category_3|category_6|category_2|category_4,,,0.0,,0.0,,0.0,,0.0,,4.35,,13.04,,4.35,,65.22,,8.7,,4.35,,0.0,,0.0,
29-2036.00,Medical Dosimetrists,category_6|category_7|category_8|category_3|category_10,,,5.0,,0.0,,0.0,,0.0,,0.0,,5.0,,0.0,,0.0,,40.0,,35.0,,15.0,,0.0,
29-2043.00,Paramedics,,,category_3|category_5|category_2|category_4|category_1,,0.0,,0.0,,0.0,,0.0,,16.13,,41.94,,16.13,,25.81,,0.0,,0.0,,0.0,,0.0
29-2051.00,Dietetic Technicians,category_5|category_3|category_4|category_1|category_2,,,0.0,,0.0,,0.0,,9.69,,7.54,,26.85,,14.64,,34.57,,6.71,,0.0,,0.0,,0.0,
29-2052.00,Pharmacy Technicians,category_3|category_2|category_4|category_6|category_5,,,0.0,,0.0,,0.0,,0.0,,35.73,,41.97,,14.63,,3.83,,3.84,,0.0,,0.0,,0.0,
29-2053.00,Psychiatric Technicians,category_4|category_6|category_2|category_3|category_5,,,0.0,,0.0,,0.0,,0.0,,19.77,,5.02,,40.12,,3.18,,29.78,,0.0,,2.13,,0.0,
29-2055.00,Surgical Technologists,,,category_3|category_5|category_2|category_4|category_1,,0.0,,0.0,,0.0,,0.0,,14.19,,41.2,,9.86,,34.74,,0.0,,0.0,,0.0,,0.0
29-2056.00,Veterinary Technologists and Technicians,category_2|category_5|category_3|category_4|category_11,,,0.0,,5.54,,0.0,,0.0,,41.25,,14.63,,7.37,,26.35,,4.86,,0.0,,0.0,,0.0,
29-2057.00,Ophthalmic Medical Technicians,category_2|category_3|category_5|category_4|category_1,,,0.0,,0.0,,0.0,,0.0,,59.09,,27.27,,4.55,,9.09,,0.0,,0.0,,0.0,,0.0,
29-2061.00,Licensed Practical and Licensed Vocational Nurses,category_4|category_3|category_5|category_6|category_1,,,0.0,,0.0,,0.0,,0.0,,0.0,,34.77,,38.24,,15.9,,11.09,,0.0,,0.0,,0.0,
29-2072.00,Medical Records Specialists,,,category_2|category_3|category_4|category_6|category_5,,0.0,,0.0,,0.0,,0.0,,52.37,,21.83,,13.26,,1.17,,11.37,,0.0,,0.0,,0.0
29-2081.00,"Opticians, Dispensing",category_2|category_3|category_5|category_4|category_1,,,0.0,,0.0,,0.0,,0.0,,45.83,,25.0,,4.17,,25.0,,0.0,,0.0,,0.0,,0.0,
29-2091.00,Orthotists and Prosthetists,category_8|category_6|category_7|category_1|category_2,,,0.0,,0.0,,0.0,,0.0,,0.0,,0.0,,0.0,,0.0,,5.0,,5.0,,90.0,,0.0,
29-2092.00,Hearing Aid Specialists,category_11|category_2|category_3|category_7|category_5,,,0.0,,43.99,,0.0,,0.0,,22.13,,11.96,,0.0,,9.17,,0.44,,11.92,,0.4,,0.0,
29-2099.01,Neurodiagnostic Technologists,category_5|category_3|category_6|category_1|category_2,,,0.0,,0.0,,0.0,,0.0,,0.0,,35.48,,0.0,,48.39,,16.13,,0.0,,0.0,,0.0,
29-2099.05,Ophthalmic Medical Technologists,category_2|category_3|category_6|category_4|category_5,,,0.0,,0.0,,0.0,,0.0,,30.0,,25.0,,10.0,,10.0,,15.0,,10.0,,0.0,,0.0,
29-2099.08,Patient Representatives,,,category_6|category_5|category_8|category_7|category_1,,0.0,,0.0,,0.0,,0.0,,0.0,,0.0,,0.0,,23.08,,57.69,,3.85,,15.38,,0.0
29-9091.00,Athletic Trainers,category_8|category_6|category_2|category_1|category_3,,,0.0,,0.0,,0.0,,0.0,,8.28,,0.0,,0.0,,0.0,,37.39,,0.0,,54.33,,0.0,
29-9092.00,Genetic Counselors,category_8|category_9|category_10|category_1|category_2,,,4.76,,0.0,,0.0,,0.0,,0.0,,0.0,,0.0,,0.0,,0.0,,0.0,,90.48,,4.76,
29-9093.00,Surgical Assistants,,,category_3|category_5|category_4|category_7|category_1,,0.0,,0.0,,0.0,,0.0,,0.0,,55.16,,10.42,,31.54,,0.0,,2.88,,0.0,,0.0
29-9099.01,Midwives,category_3|category_8|category_7|category_6|category_4,,,0.0,,0.0,,0.0,,0.0,,0.0,,32.75,,8.83,,0.0,,12.19,,15.93,,28.79,,1.51,
31-1121.00,Home Health Aides,,,category_3|category_4|category_12|category_2|category_1,,0.0,,0.0,,20.07,,0.0,,19.49,,31.8,,28.64,,0.0,,0.0,,0.0,,0.0,,0.0
31-1122.00,Personal Care Aides,category_2|category_5|category_1|category_3|category_4,,,0.0,,0.0,,0.0,,17.53,,47.76,,6.24,,5.99,,22.48,,0.0,,0.0,,0.0,,0.0,
31-1131.00,Nursing Assistants,category_2|category_3|category_4|category_5|category_6,,,3.79,,0.0,,0.0,,2.67,,38.69,,23.98,,12.2,,9.82,,6.1,,0.0,,2.76,,0.0,
31-1132.00,Orderlies,category_2|category_1|category_3|category_4|category_5,,,0.0,,0.0,,0.0,,6.55,,89.32,,4.13,,0.0,,0.0,,0.0,,0.0,,0.0,,0.0,
31-1133.00,Psychiatric Aides,category_4|category_2|category_3|category_5|category_6,,,0.0,,0.0,,0.0,,0.0,,24.17,,16.49,,45.7,,9.56,,4.08,,0.0,,0.0,,0.0,
31-2011.00,Occupational Therapy Assistants,category_5|category_4|category_6|category_7|category_1,,,0.0,,0.0,,0.0,,0.0,,0.0,,0.0,,5.07,,91.74,,2.74,,0.45,,0.0,,0.0,
31-2012.00,Occupational Therapy Aides,category_2|category_5|category_4|category_3|category_10,,,1.8,,0.0,,0.0,,0.0,,36.76,,8.72,,24.32,,28.4,,0.0,,0.0,,0.0,,0.0,
31-2021.00,Physical Therapist Assistants,category_5|category_6|category_10|category_1|category_2,,,0.97,,0.0,,0.0,,0.0,,0.0,,0.0,,0.0,,84.16,,14.88,,0.0,,0.0,,0.0,
31-2022.00,Physical Therapist Aides,category_2|category_5|category_1|category_11|category_4,,,0.0,,10.09,,0.0,,10.09,,34.41,,2.09,,9.61,,25.1,,8.62,,0.0,,0.0,,0.0,
31-9011.00,Massage Therapists,,,category_3|category_2|category_5|category_1|category_4,,0.0,,0.0,,0.0,,11.11,,18.52,,48.15,,7.41,,14.81,,0.0,,0.0,,0.0,,0.0
31-9091.00,Dental Assistants,category_3|category_2|category_4|category_5|category_1,,,0.0,,0.0,,0.0,,0.0,,28.61,,46.04,,17.06,,8.29,,0.0,,0.0,,0.0,,0.0,
31-9092.00,Medical Assistants,category_3|category_2|category_6|category_4|category_5,,,0.0,,0.0,,0.0,,0.0,,20.54,,44.74,,17.2,,0.05,,17.47,,0.0,,0.0,,0.0,
31-9093.00,Medical Equipment Preparers,category_2|category_3|category_6|category_4|category_5,,,0.0,,0.0,,0.0,,0.0,,43.76,,31.22,,4.42,,3.52,,15.3,,0.0,,1.78,,0.0,
31-9094.00,Medical Transcriptionists,category_3|category_4|category_2|category_5|category_1,,,0.0,,0.0,,0.0,,0.0,,16.73,,38.89,,33.65,,10.73,,0.0,,0.0,,0.0,,0.0,
31-9095.00,Pharmacy Aides,category_2|category_3|category_1|category_4|category_5,,,0.0,,0.0,,0.0,,15.04,,61.19,,18.21,,5.56,,0.0,,0.0,,0.0,,0.0,,0.0,
31-9096.00,Veterinary Assistants and Laboratory Animal Caretakers,category_2|category_3|category_1|category_4|category_7,,,0.0,,0.0,,0.0,,6.44,,78.23,,10.89,,3.67,,0.31,,0.0,,0.45,,0.0,,0.0,
31-9097.00,Phlebotomists,,,category_2|category_3|category_4|category_8|category_1,,0.0,,0.0,,0.0,,0.0,,40.0,,40.0,,16.0,,0.0,,0.0,,0.0,,4.0,,0.0
31-9099.01,Speech-Language Pathology Assistants,category_5|category_6|category_7|category_8|category_1,,,0.0,,0.0,,0.0,,0.0,,0.0,,0.0,,0.0,,57.73,,23.34,,14.12,,4.81,,0.0,
31-9099.02,Endoscopy Technicians,category_2|category_3|category_5|category_4|category_1,,,0.0,,0.0,,0.0,,0.0,,53.85,,30.77,,3.85,,11.54,,0.0,,0.0,,0.0,,0.0,
33-1011.00,First-Line Supervisors of Correctional Officers,category_2|category_5|category_6|category_3|category_4,,,0.0,,0.0,,0.0,,0.0,,58.99,,5.15,,2.28,,22.88,,10.69,,0.0,,0.0,,0.0,
33-1012.00,First-Line Supervisors of Police and Detectives,category_2|category_4|category_6|category_5|category_3,,,0.0,,0.0,,0.0,,0.0,,56.42,,0.92,,19.62,,3.62,,19.42,,0.0,,0.0,,0.0,
33-1021.00,First-Line Supervisors of Firefighting and Prevention Workers,,,category_2|category_3|category_5|category_1|category_6,,0.0,,0.0,,0.0,,3.05,,38.19,,34.51,,0.39,,21.51,,2.35,,0.0,,0.0,,0.0
33-1091.00,First-Line Supervisors of Security Workers,category_5|category_2|category_4|category_6|category_3,,,0.0,,0.0,,0.0,,0.0,,27.72,,4.99,,26.12,,29.75,,11.43,,0.0,,0.0,,0.0,
33-2011.00,Firefighters,,,category_2|category_3|category_1|category_5|category_4,,0.0,,0.0,,0.0,,11.12,,69.53,,11.57,,0.41,,7.18,,0.19,,0.0,,0.0,,0.0
33-2021.00,Fire Inspectors and Investigators,category_3|category_4|category_2|category_5|category_1,,,0.0,,0.0,,0.0,,6.8,,22.64,,27.49,,26.01,,12.82,,1.63,,0.56,,2.04,,0.0,
33-2022.00,Forest Fire Inspectors and Prevention Specialists,category_2|category_6|category_5|category_4|category_3,,,0.0,,0.0,,0.0,,0.0,,31.63,,8.92,,17.52,,17.9,,24.03,,0.0,,0.0,,0.0,
33-3011.00,Bailiffs,category_2|category_5|category_3|category_1|category_4,,,0.0,,0.0,,0.0,,5.94,,39.86,,20.84,,0.0,,33.35,,0.0,,0.0,,0.0,,0.0,
33-3012.00,Correctional Officers and Jailers,category_2|category_5|category_1|category_3|category_4,,,0.0,,0.0,,0.0,,0.0,,92.43,,0.0,,0.0,,7.57,,0.0,,0.0,,0.0,,0.0,
33-3021.00,Detectives and Criminal Investigators,,,category_3|category_2|category_4|category_6|category_5,,0.0,,0.0,,0.0,,0.0,,22.98,,25.75,,20.01,,11.99,,19.27,,0.0,,0.0,,0.0
33-3021.02,Police Identification and Records Officers,category_2|category_4|category_6|category_5|category_3,,,0.0,,0.0,,0.0,,0.0,,34.62,,1.22,,28.5,,10.8,,24.86,,0.0,,0.0,,0.0,
33-3021.06,Intelligence Analysts,category_6|category_8|category_5|category_7|category_4,,,0.0,,0.0,,0.0,,0.0,,0.0,,0.0,,4.35,,8.7,,65.22,,8.7,,13.04,,0.0,
33-3031.00,Fish and Game Wardens,,,category_6|category_2|category_3|category_5|category_1,,0.0,,0.0,,0.0,,0.0,,34.6,,26.07,,0.0,,0.5,,38.84,,0.0,,0.0,,0.0
33-3041.00,Parking Enforcement Workers,,,category_2|category_5|category_6|category_4|category_1,,0.0,,0.0,,0.0,,0.0,,80.12,,0.0,,0.21,,11.4,,8.27,,0.0,,0.0,,0.0
33-3051.00,Police and Sheriff's Patrol Officers,,,category_2|category_5|category_3|category_6|category_1,,0.0,,0.0,,0.0,,1.55,,42.17,,17.7,,1.02,,32.67,,4.89,,0.0,,0.0,,0.0
33-3051.04,Customs and Border Protection Officers,category_2|category_6|category_4|category_3|category_5,,,0.0,,0.0,,0.0,,0.0,,39.01,,10.12,,14.2,,7.33,,27.15,,2.18,,0.0,,0.0,
33-3052.00,Transit and Railroad Police,category_6|category_4|category_2|category_3|category_5,,,1.38,,0.0,,0.0,,0.0,,20.57,,13.78,,25.93,,5.39,,28.41,,0.0,,4.55,,0.0,
33-9011.00,Animal Control Workers,category_2|category_3|category_5|category_6|category_1,,,0.0,,0.0,,0.0,,0.0,,65.38,,19.23,,0.0,,11.54,,3.85,,0.0,,0.0,,0.0,
33-9021.00,Private Detectives and Investigators,category_6|category_2|category_5|category_4|category_7,,,0.0,,0.0,,0.0,,0.0,,25.11,,4.25,,12.07,,16.41,,37.69,,4.46,,0.0,,0.0,
33-9031.00,Gambling Surveillance Officers and Gambling Investigators,category_2|category_3|category_5|category_4|category_1,,,0.0,,0.0,,0.0,,2.24,,84.07,,5.87,,2.72,,5.1,,0.0,,0.0,,0.0,,0.0,
33-9032.00,Security Guards,category_2|category_4|category_5|category_3|category_6,,,0.0,,0.0,,0.0,,0.0,,79.26,,4.16,,9.56,,5.06,,1.96,,0.0,,0.0,,0.0,
33-9091.00,Crossing Guards and Flaggers,category_2|category_1|category_4|category_3|category_5,,,0.0,,0.0,,0.0,,17.95,,72.8,,3.21,,6.04,,0.0,,0.0,,0.0,,0.0,,0.0,
33-9092.00,"Lifeguards, Ski Patrol, and Other Recreational Protective Service Workers",category_1|category_2|category_3|category_5|category_4,,,0.0,,0.0,,0.0,,39.22,,21.13,,17.28,,5.05,,16.1,,1.22,,0.0,,0.0,,0.0,
33-9093.00,Transportation Security Screeners,category_2|category_4|category_1|category_3|category_5,,,0.0,,0.0,,0.0,,3.7,,85.19,,0.0,,11.11,,0.0,,0.0,,0.0,,0.0,,0.0,
33-9094.00,School Bus Monitors,,,category_2|category_4|category_3|category_1|category_6,,0.0,,0.0,,0.0,,3.62,,56.46,,14.76,,22.15,,0.0,,3.01,,0.0,,0.0,,0.0
33-9099.02,Retail Loss Prevention Specialists,category_2|category_5|category_6|category_1|category_3,,,0.0,,0.0,,0.0,,5.15,,68.63,,4.29,,0.0,,11.43,,10.5,,0.0,,0.0,,0.0,
35-1011.00,Chefs and Head Cooks,category_5|category_3|category_2|category_4|category_6,,,0.0,,0.0,,0.0,,0.0,,12.5,,16.67,,8.33,,54.17,,8.33,,0.0,,0.0,,0.0,
35-1012.00,First-Line Supervisors of Food Preparation and Serving Workers,category_2|category_1|category_3|category_4|category_5,,,0.0,,0.0,,0.0,,27.15,,69.59,,1.86,,1.35,,0.05,,0.0,,0.0,,0.0,,0.0,
35-2011.00,"Cooks, Fast Food",,,category_1|category_2|category_4|category_5|category_3,,0.0,,0.0,,0.0,,62.89,,21.12,,0.0,,12.4,,3.59,,0.0,,0.0,,0.0,,0.0
35-2012.00,"Cooks, Institution and Cafeteria",category_2|category_3|category_6|category_4|category_1,,,0.0,,0.0,,0.0,,1.94,,71.14,,14.21,,5.85,,0.08,,6.78,,0.0,,0.0,,0.0,
35-2013.00,"Cooks, Private Household",category_3|category_2|category_1|category_5|category_4,,,0.0,,0.0,,0.0,,15.38,,30.77,,38.46,,3.85,,11.54,,0.0,,0.0,,0.0,,0.0,
35-2014.00,"Cooks, Restaurant",category_2|category_1|category_5|category_4|category_3,,,0.0,,0.0,,0.0,,34.43,,47.33,,0.07,,6.37,,11.79,,0.0,,0.0,,0.0,,0.0,
35-2015.00,"Cooks, Short Order",category_2|category_1|category_4|category_3|category_5,,,0.0,,0.0,,0.0,,14.43,,66.35,,7.38,,9.47,,2.38,,0.0,,0.0,,0.0,,0.0,
35-2021.00,Food Preparation Workers,category_2|category_4|category_11|category_1|category_3,,,0.0,,4.15,,0.0,,2.73,,69.48,,1.2,,22.44,,0.0,,0.0,,0.0,,0.0,,0.0,
35-3011.00,Bartenders,category_2|category_1|category_4|category_3|category_6,,,0.0,,0.0,,0.0,,36.98,,42.96,,2.57,,16.37,,0.0,,1.12,,0.0,,0.0,,0.0,
35-3023.00,Fast Food and Counter Workers,category_1|category_2|category_4|category_3|category_6,,,0.0,,0.0,,0.0,,56.28,,23.96,,2.55,,17.17,,0.0,,0.05,,0.0,,0.0,,0.0,
35-3023.01,Baristas,,,category_1|category_2|category_3|category_4|category_6,,0.0,,0.0,,0.0,,63.86,,28.98,,2.39,,2.39,,0.0,,2.39,,0.0,,0.0,,0.0
35-3031.00,Waiters and Waitresses,category_2|category_1|category_3|category_4|category_5,,,0.0,,0.0,,0.0,,32.33,,57.57,,8.29,,1.14,,0.67,,0.0,,0.0,,0.0,,0.0,
35-3041.00,"Food Servers, Nonrestaurant",category_2|category_1|category_4|category_12|category_6,,,0.0,,0.0,,6.64,,27.09,,48.08,,1.37,,8.64,,2.0,,6.18,,0.0,,0.0,,0.0,
35-9011.00,Dining Room and Cafeteria Attendants and Bartender Helpers,category_2|category_1|category_3|category_5|category_4,,,0.0,,0.0,,0.0,,22.43,,74.01,,2.49,,0.0,,1.07,,0.0,,0.0,,0.0,,0.0,
35-9021.00,Dishwashers,category_2|category_1|category_4|category_3|category_5,,,0.0,,0.0,,0.0,,43.39,,55.87,,0.0,,0.74,,0.0,,0.0,,0.0,,0.0,,0.0,
35-9031.00,"Hosts and Hostesses, Restaurant, Lounge, and Coffee Shop",category_1|category_2|category_4|category_6|category_3,,,0.0,,0.0,,0.0,,41.98,,29.2,,0.0,,15.7,,0.0,,13.12,,0.0,,0.0,,0.0,
37-1011.00,First-Line Supervisors of Housekeeping and Janitorial Workers,category_2|category_4|category_5|category_6|category_3,,,0.0,,0.0,,0.0,,3.07,,43.26,,7.78,,19.19,,14.45,,12.25,,0.0,,0.0,,0.0,
37-1012.00,"First-Line Supervisors of Landscaping, Lawn Service, and Groundskeeping Workers",category_6|category_2|category_5|category_3|category_4,,,0.0,,0.0,,0.0,,4.22,,19.95,,13.23,,10.38,,13.55,,32.32,,0.0,,0.0,,6.34,
37-2011.00,"Janitors and Cleaners, Except Maids and Housekeeping Cleaners",category_2|category_6|category_1|category_12|category_3,,,0.0,,0.0,,0.6,,13.51,,62.41,,0.0,,0.0,,0.0,,23.48,,0.0,,0.0,,0.0,
37-2012.00,Maids and Housekeeping Cleaners,category_1|category_2|category_3|category_6|category_12,,,0.0,,0.0,,4.97,,44.6,,35.51,,6.67,,2.37,,0.0,,5.88,,0.0,,0.0,,0.0,
37-2021.00,Pest Control Workers,,,category_2|category_3|category_5|category_1|category_4,,0.0,,0.0,,0.0,,0.0,,85.3,,14.25,,0.0,,0.44,,0.0,,0.0,,0.0,,0.0
37-3011.00,Landscaping and Groundskeeping Workers,,,category_1|category_2|category_3|category_4|category_6,,0.0,,0.0,,0.0,,58.5,,35.4,,5.01,,1.05,,0.0,,0.04,,0.0,,0.0,,0.0
37-3012.00,"Pesticide Handlers, Sprayers, and Applicators, Vegetation",,,category_2|category_3|category_4|category_1|category_5,,0.0,,0.0,,0.0,,1.45,,82.55,,13.19,,1.83,,0.99,,0.0,,0.0,,0.0,,0.0
37-3013.00,Tree Trimmers and Pruners,category_1|category_2|category_4|category_3|category_5,,,0.0,,0.0,,0.0,,56.81,,37.13,,2.23,,3.83,,0.0,,0.0,,0.0,,0.0,,0.0,
39-1013.00,First-Line Supervisors of Gambling Services Workers,category_2|category_4|category_3|category_5|category_6,,,0.0,,0.0,,0.0,,6.09,,47.7,,11.93,,17.22,,10.6,,6.45,,0.0,,0.0,,0.0,
39-1014.00,"First-Line Supervisors of Entertainment and Recreation Workers, Except Gambling Services",,,category_2|category_6|category_5|category_4|category_3,,0.0,,0.0,,0.0,,0.0,,38.74,,1.62,,11.04,,19.48,,29.13,,0.0,,0.0,,0.0
39-1022.00,First-Line Supervisors of Personal Service Workers,category_5|category_4|category_2|category_6|category_1,,,0.0,,0.0,,0.0,,3.02,,14.93,,0.0,,23.89,,47.77,,7.54,,0.0,,2.85,,0.0,
39-2011.00,Animal Trainers,category_2|category_1|category_4|category_3|category_5,,,0.0,,0.0,,0.0,,22.64,,44.38,,7.85,,16.56,,6.82,,1.75,,0.0,,0.0,,0.0,
39-2021.00,Animal Caretakers,category_2|category_5|category_6|category_1|category_3,,,0.0,,0.0,,0.0,,9.5,,63.55,,0.0,,0.0,,13.58,,13.37,,0.0,,0.0,,0.0,
39-3011.00,Gambling Dealers,category_2|category_1|category_4|category_3|category_5,,,0.0,,0.0,,0.0,,15.26,,69.02,,4.82,,6.14,,4.76,,0.0,,0.0,,0.0,,0.0,
39-3012.00,Gambling and Sports Book Writers and Runners,category_2|category_4|category_5|category_3|category_1,,,0.0,,0.0,,0.0,,1.63,,87.07,,1.98,,6.58,,2.75,,0.0,,0.0,,0.0,,0.0,
39-3021.00,Motion Picture Projectionists,category_2|category_1|category_6|category_4|category_3,,,0.0,,0.0,,0.0,,19.85,,61.11,,0.0,,8.94,,0.0,,10.09,,0.0,,0.0,,0.0,
39-3031.00,"Ushers, Lobby Attendants, and Ticket Takers",,,category_1|category_2|category_3|category_6|category_4,,0.0,,0.0,,0.0,,53.0,,37.08,,7.2,,0.0,,0.0,,2.72,,0.0,,0.0,,0.0
39-3091.00,Amusement and Recreation Attendants,category_1|category_2|category_5|category_6|category_3,,,0.0,,0.0,,0.0,,64.17,,31.89,,0.0,,0.0,,2.51,,1.43,,0.0,,0.0,,0.0,
39-3092.00,Costume Attendants,category_2|category_6|category_4|category_1|category_3,,,0.0,,0.0,,0.0,,10.39,,32.24,,7.52,,14.85,,3.86,,29.6,,0.0,,1.54,,0.0,
39-3093.00,"Locker Room, Coatroom, and Dressing Room Attendants",category_2|category_1|category_11|category_5|category_4,,,0.0,,10.78,,0.0,,20.02,,64.15,,0.0,,1.43,,3.63,,0.0,,0.0,,0.0,,0.0,
39-4011.00,Embalmers,category_5|category_6|category_1|category_2|category_3,,,0.0,,0.0,,0.0,,0.0,,0.0,,0.0,,0.0,,86.37,,13.63,,0.0,,0.0,,0.0,
39-4021.00,Funeral Attendants,category_2|category_5|category_4|category_6|category_1,,,1.73,,0.0,,0.0,,6.82,,47.04,,0.0,,12.63,,22.48,,9.29,,0.0,,0.0,,0.0,
39-4031.00,"Morticians, Undertakers, and Funeral Arrangers",category_5|category_2|category_6|category_4|category_1,,,0.0,,0.0,,0.0,,0.0,,15.28,,0.0,,0.25,,73.23,,11.24,,0.0,,0.0,,0.0,
39-5011.00,Barbers,,,category_2|category_3|category_1|category_4|category_5,,0.0,,0.0,,0.0,,12.12,,45.45,,39.39,,3.03,,0.0,,0.0,,0.0,,0.0,,0.0
39-5012.00,"Hairdressers, Hairstylists, and Cosmetologists",,,category_3|category_2|category_4|category_1|category_5,,0.0,,0.0,,0.0,,2.71,,16.57,,67.95,,12.77,,0.0,,0.0,,0.0,,0.0,,0.0
39-5091.00,"Makeup Artists, Theatrical and Performance",category_2|category_3|category_1|category_4|category_6,,,4.76,,0.0,,0.0,,9.52,,33.33,,28.57,,9.52,,4.76,,9.52,,0.0,,0.0,,0.0,
39-5092.00,Manicurists and Pedicurists,category_2|category_1|category_3|category_4|category_5,,,0.0,,0.0,,0.0,,35.8,,49.16,,14.77,,0.27,,0.0,,0.0,,0.0,,0.0,,0.0,
39-5093.00,Shampooers,category_3|category_2|category_1|category_4|category_5,,,0.0,,0.0,,0.0,,13.05,,18.35,,67.55,,1.05,,0.0,,0.0,,0.0,,0.0,,0.0,
39-5094.00,Skincare Specialists,category_2|category_3|category_8|category_4|category_12,,,0.0,,0.0,,2.65,,0.0,,39.15,,30.24,,8.76,,0.0,,0.0,,0.0,,19.21,,0.0,
39-6011.00,Baggage Porters and Bellhops,category_1|category_2|category_4|category_3|category_5,,,0.0,,0.0,,0.0,,41.75,,41.28,,7.51,,9.47,,0.0,,0.0,,0.0,,0.0,,0.0,
39-6012.00,Concierges,category_2|category_4|category_3|category_6|category_1,,,0.0,,0.0,,0.0,,4.55,,45.45,,9.09,,27.27,,4.55,,9.09,,0.0,,0.0,,0.0,
39-7011.00,Tour Guides and Escorts,category_5|category_6|category_2|category_3|category_1,,,0.0,,0.0,,0.0,,4.08,,21.82,,7.74,,1.52,,30.96,,30.03,,1.71,,2.14,,0.0,
39-7012.00,Travel Guides,category_2|category_4|category_1|category_3|category_6,,,0.0,,0.0,,0.0,,17.65,,45.84,,8.77,,21.25,,0.78,,5.7,,0.0,,0.0,,0.0,
39-9011.00,Childcare Workers,category_2|category_5|category_1|category_4|category_6,,,0.0,,0.0,,0.0,,14.28,,38.54,,5.59,,10.17,,22.71,,8.71,,0.0,,0.0,,0.0,
39-9011.01,Nannies,category_2|category_4|category_3|category_5|category_1,,,0.0,,0.0,,0.0,,4.0,,60.0,,8.0,,16.0,,8.0,,4.0,,0.0,,0.0,,0.0,
39-9031.00,Exercise Trainers and Group Fitness Instructors,category_3|category_7|category_1|category_2|category_6,,,0.0,,0.0,,0.0,,14.29,,9.52,,38.1,,0.0,,0.0,,9.52,,19.05,,9.52,,0.0,
39-9032.00,Recreation Workers,category_6|category_2|category_5|category_3|category_1,,,0.0,,0.0,,0.0,,0.65,,25.48,,3.22,,0.45,,8.1,,61.96,,0.0,,0.14,,0.0,
39-9041.00,Residential Advisors,category_4|category_6|category_1|category_11|category_8,,,0.0,,6.34,,0.0,,7.32,,1.45,,0.0,,50.25,,0.0,,31.29,,0.0,,3.35,,0.0,
41-1011.00,First-Line Supervisors of Retail Sales Workers,category_2|category_5|category_1|category_3|category_4,,,0.0,,0.0,,0.0,,14.08,,51.67,,8.92,,6.05,,18.86,,0.42,,0.0,,0.0,,0.0,
41-1012.00,First-Line Supervisors of Non-Retail Sales Workers,category_6|category_4|category_2|category_8|category_5,,,0.0,,0.0,,0.0,,0.0,,16.0,,0.0,,16.49,,9.58,,44.97,,0.0,,12.96,,0.0,
41-2011.00,Cashiers,category_2|category_1|category_3|category_4|category_5,,,0.0,,0.0,,0.0,,37.34,,44.32,,9.17,,9.17,,0.0,,0.0,,0.0,,0.0,,0.0,
41-2012.00,Gambling Change Persons and Booth Cashiers,category_2|category_4|category_3|category_1|category_5,,,0.0,,0.0,,0.0,,0.0,,96.45,,1.19,,2.36,,0.0,,0.0,,0.0,,0.0,,0.0,
41-2021.00,Counter and Rental Clerks,category_2|category_6|category_4|category_5|category_1,,,0.0,,0.0,,0.0,,0.78,,55.86,,0.43,,13.21,,9.47,,20.25,,0.0,,0.0,,0.0,
41-2022.00,Parts Salespersons,category_2|category_4|category_6|category_5|category_3,,,0.0,,0.0,,0.0,,0.0,,46.85,,4.98,,25.22,,9.33,,13.61,,0.0,,0.0,,0.0,
41-2031.00,Retail Salespersons,category_2|category_1|category_5|category_6|category_3,,,0.0,,0.0,,0.0,,19.32,,63.45,,2.02,,1.42,,9.79,,4.01,,0.0,,0.0,,0.0,
41-3011.00,Advertising Sales Agents,,,category_2|category_6|category_4|category_5|category_3,,0.0,,0.0,,0.67,,0.0,,39.49,,6.98,,18.48,,13.12,,21.27,,0.0,,0.0,,0.0
41-3021.00,Insurance Sales Agents,category_6|category_5|category_2|category_3|category_4,,,0.0,,0.0,,0.0,,0.0,,14.79,,14.5,,8.05,,15.76,,39.47,,7.43,,0.0,,0.0,
41-3031.00,"Securities, Commodities, and Financial Services Sales Agents",category_6|category_2|category_7|category_4|category_8,,,0.0,,0.0,,0.0,,0.0,,26.83,,1.09,,5.83,,1.1,,55.3,,6.03,,3.8,,0.0,
41-3041.00,Travel Agents,category_5|category_2|category_6|category_3|category_4,,,0.0,,0.0,,0.0,,0.0,,30.8,,11.49,,6.11,,37.25,,14.36,,0.0,,0.0,,0.0,
41-3091.00,"Sales Representatives of Services, Except Advertising, Insurance, Financial Services, and Travel",,,category_6|category_4|category_5|category_2|category_8,,0.0,,0.0,,0.0,,0.0,,2.11,,0.0,,20.01,,4.17,,71.63,,0.0,,2.08,,0.0
41-4011.00,"Sales Representatives, Wholesale and Manufacturing, Technical and Scientific Products",category_6|category_4|category_2|category_3|category_7,,,0.0,,0.31,,0.0,,0.0,,14.41,,13.75,,30.47,,0.0,,39.48,,1.59,,0.0,,0.0,
41-4011.07,Solar Sales Representatives and Assessors,category_5|category_6|category_3|category_2|category_7,,,0.0,,0.0,,0.0,,0.0,,9.44,,10.22,,2.42,,44.93,,21.63,,7.0,,4.38,,0.0,
41-4012.00,"Sales Representatives, Wholesale and Manufacturing, Except Technical and Scientific Products",category_2|category_6|category_4|category_5|category_1,,,0.0,,0.0,,0.0,,0.0,,47.98,,0.0,,14.18,,3.96,,33.89,,0.0,,0.0,,0.0,
41-9011.00,Demonstrators and Product Promoters,category_2|category_1|category_8|category_3|category_4,,,0.0,,0.0,,0.0,,34.99,,64.35,,0.0,,0.0,,0.0,,0.0,,0.0,,0.65,,0.0,
41-9012.00,Models,category_2|category_1|category_6|category_4|category_3,,,0.0,,0.0,,0.0,,17.41,,76.3,,0.0,,2.35,,0.0,,3.94,,0.0,,0.0,,0.0,
41-9021.00,Real Estate Brokers,,,category_6|category_1|category_3|category_7|category_2,,0.0,,0.0,,0.0,,21.41,,6.05,,21.18,,6.05,,0.0,,25.6,,19.72,,0.0,,0.0
41-9022.00,Real Estate Sales Agents,,,category_2|category_1|category_3|category_4|category_5,,0.0,,0.0,,0.0,,21.74,,52.17,,13.04,,13.04,,0.0,,0.0,,0.0,,0.0,,0.0
41-9031.00,Sales Engineers,category_6|category_8|category_5|category_4|category_1,,,0.0,,0.0,,0.0,,0.0,,0.0,,0.0,,6.0,,11.51,,57.33,,0.0,,25.17,,0.0,
41-9041.00,Telemarketers,category_2|category_4|category_1|category_5|category_3,,,0.0,,0.0,,0.0,,19.76,,39.46,,0.0,,37.31,,3.47,,0.0,,0.0,,0.0,,0.0,
41-9091.00,"Door-to-Door Sales Workers, News and Street Vendors, and Related Workers",category_1|category_2|category_3|category_4|category_5,,,0.0,,0.0,,0.0,,56.52,,43.48,,0.0,,0.0,,0.0,,0.0,,0.0,,0.0,,0.0,
43-1011.00,First-Line Supervisors of Office and Administrative Support Workers,category_6|category_2|category_4|category_5|category_8,,,0.0,,0.0,,0.0,,0.0,,23.18,,0.62,,20.03,,9.62,,45.22,,0.0,,1.33,,0.0,
43-2011.00,"Switchboard Operators, Including Answering Service",category_2|category_3|category_7|category_4|category_1,,,0.0,,0.0,,0.0,,0.64,,88.55,,5.14,,2.05,,0.58,,0.0,,3.04,,0.0,,0.0,
43-2021.00,Telephone Operators,category_2|category_5|category_4|category_1|category_3,,,0.0,,0.0,,0.0,,0.0,,97.83,,0.0,,0.24,,1.93,,0.0,,0.0,,0.0,,0.0,
43-3011.00,Bill and Account Collectors,category_2|category_4|category_6|category_1|category_3,,,0.0,,0.0,,0.0,,2.3,,48.15,,1.06,,27.37,,0.0,,21.12,,0.0,,0.0,,0.0,
43-3021.00,Billing and Posting Clerks,,,category_6|category_2|category_5|category_4|category_1,,0.0,,0.0,,0.0,,0.0,,24.69,,0.0,,19.93,,22.29,,33.1,,0.0,,0.0,,0.0
43-3031.00,"Bookkeeping, Accounting, and Auditing Clerks",category_2|category_3|category_6|category_5|category_8,,,0.0,,0.0,,0.0,,6.35,,40.89,,20.79,,4.72,,8.54,,12.19,,0.0,,6.52,,0.0,
43-3041.00,Gambling Cage Workers,category_2|category_4|category_5|category_1|category_3,,,0.0,,0.0,,0.0,,0.0,,84.85,,0.0,,13.71,,1.44,,0.0,,0.0,,0.0,,0.0,
43-3051.00,Payroll and Timekeeping Clerks,category_6|category_4|category_2|category_5|category_1,,,0.0,,0.0,,0.0,,0.0,,20.55,,0.0,,30.35,,17.26,,31.84,,0.0,,0.0,,0.0,
43-3061.00,Procurement Clerks,category_2|category_6|category_4|category_5|category_1,,,0.0,,0.0,,0.0,,0.0,,48.23,,0.0,,16.79,,2.25,,32.73,,0.0,,0.0,,0.0,
43-3071.00,Tellers,category_2|category_4|category_6|category_5|category_3,,,0.0,,0.0,,0.0,,1.67,,72.95,,2.69,,8.97,,5.4,,8.32,,0.0,,0.0,,0.0,
43-4011.00,Brokerage Clerks,category_6|category_2|category_4|category_5|category_1,,,0.0,,0.0,,0.0,,0.0,,29.13,,0.0,,19.95,,12.69,,38.23,,0.0,,0.0,,0.0,
43-4021.00,Correspondence Clerks,category_2|category_5|category_4|category_6|category_1,,,0.0,,0.0,,0.0,,0.0,,42.91,,0.0,,17.41,,28.07,,11.61,,0.0,,0.0,,0.0,
43-4031.00,"Court, Municipal, and License Clerks",,,category_2|category_5|category_4|category_6|category_8,,0.0,,0.0,,0.0,,0.0,,50.42,,0.18,,10.13,,19.55,,9.95,,0.0,,9.77,,0.0
43-4051.00,Customer Service Representatives,category_2|category_4|category_6|category_5|category_1,,,0.0,,0.0,,0.0,,0.0,,54.76,,0.0,,17.36,,13.67,,14.22,,0.0,,0.0,,0.0,
43-4061.00,"Eligibility Interviewers, Government Programs",category_2|category_6|category_5|category_4|category_8,,,0.0,,0.0,,0.0,,0.0,,25.6,,0.0,,19.44,,23.58,,24.22,,0.0,,7.15,,0.0,
43-4071.00,File Clerks,category_5|category_2|category_4|category_6|category_1,,,0.0,,0.0,,0.0,,0.0,,30.14,,0.0,,23.17,,38.41,,8.28,,0.0,,0.0,,0.0,
43-4081.00,"Hotel, Motel, and Resort Desk Clerks",category_2|category_4|category_5|category_6|category_3,,,0.0,,0.0,,0.0,,1.0,,75.03,,2.42,,10.79,,6.17,,4.6,,0.0,,0.0,,0.0,
43-4111.00,"Interviewers, Except Eligibility and Loan",category_2|category_5|category_3|category_4|category_6,,,0.0,,0.0,,0.0,,0.0,,42.42,,17.08,,5.87,,33.47,,0.94,,0.0,,0.23,,0.0,
43-4121.00,"Library Assistants, Clerical",category_2|category_4|category_5|category_3|category_1,,,0.0,,0.0,,0.0,,8.6,,49.83,,10.74,,14.14,,12.12,,4.56,,0.0,,0.0,,0.0,
43-4131.00,Loan Interviewers and Clerks,category_2|category_6|category_3|category_5|category_4,,,0.0,,0.0,,0.0,,0.0,,42.85,,12.12,,0.09,,6.69,,38.26,,0.0,,0.0,,0.0,
43-4141.00,New Accounts Clerks,category_2|category_4|category_3|category_5|category_1,,,0.0,,0.0,,0.0,,0.0,,45.6,,15.45,,28.22,,10.73,,0.0,,0.0,,0.0,,0.0,
43-4151.00,Order Clerks,category_2|category_3|category_6|category_4|category_1,,,0.0,,0.0,,0.0,,0.0,,63.04,,24.17,,0.72,,0.0,,12.07,,0.0,,0.0,,0.0,
43-4161.00,"Human Resources Assistants, Except Payroll and Timekeeping",category_6|category_5|category_2|category_4|category_3,,,0.0,,0.0,,0.0,,0.0,,21.12,,5.71,,11.22,,27.35,,33.81,,0.0,,0.8,,0.0,
43-4171.00,Receptionists and Information Clerks,category_2|category_4|category_3|category_5|category_1,,,0.0,,0.0,,0.0,,0.32,,49.48,,20.86,,25.66,,3.68,,0.0,,0.0,,0.0,,0.0,
43-4181.00,Reservation and Transportation Ticket Agents and Travel Clerks,category_2|category_4|category_1|category_5|category_3,,,0.0,,0.0,,0.0,,9.29,,75.21,,0.59,,12.15,,2.18,,0.59,,0.0,,0.0,,0.0,
43-5011.00,Cargo and Freight Agents,category_6|category_4|category_3|category_5|category_2,,,0.0,,0.0,,0.0,,1.74,,12.2,,18.08,,19.15,,18.08,,30.75,,0.0,,0.0,,0.0,
43-5011.01,Freight Forwarders,category_6|category_2|category_5|category_8|category_4,,,0.0,,0.0,,0.0,,0.0,,25.38,,0.0,,0.39,,16.15,,43.66,,0.0,,14.42,,0.0,
43-5021.00,Couriers and Messengers,,,category_2|category_4|category_1|category_3|category_5,,0.0,,0.0,,0.0,,6.7,,80.28,,0.0,,13.02,,0.0,,0.0,,0.0,,0.0,,0.0
43-5031.00,Public Safety Telecommunicators,category_2|category_4|category_3|category_5|category_6,,,0.0,,0.0,,0.0,,0.0,,63.35,,10.64,,11.0,,10.27,,4.74,,0.0,,0.0,,0.0,
43-5032.00,"Dispatchers, Except Police, Fire, and Ambulance",category_2|category_4|category_5|category_3|category_6,,,0.0,,0.0,,0.0,,5.04,,47.36,,7.05,,25.63,,7.9,,7.01,,0.0,,0.0,,0.0,
43-5041.00,"Meter Readers, Utilities",,,category_2|category_3|category_4|category_5|category_8,,0.0,,0.0,,0.0,,0.0,,94.23,,2.17,,1.7,,1.58,,0.0,,0.0,,0.32,,0.0
43-5051.00,Postal Service Clerks,category_2|category_4|category_1|category_3|category_5,,,0.0,,0.0,,0.0,,7.76,,67.56,,6.8,,17.88,,0.0,,0.0,,0.0,,0.0,,0.0,
43-5052.00,Postal Service Mail Carriers,category_2|category_1|category_4|category_3|category_5,,,0.0,,0.0,,0.0,,14.57,,78.21,,0.0,,7.22,,0.0,,0.0,,0.0,,0.0,,0.0,
43-5053.00,"Postal Service Mail Sorters, Processors, and Processing Machine Operators",category_2|category_1|category_4|category_3|category_5,,,0.0,,0.0,,0.0,,12.48,,81.39,,0.0,,6.14,,0.0,,0.0,,0.0,,0.0,,0.0,
43-5061.00,"Production, Planning, and Expediting Clerks",category_2|category_4|category_1|category_5|category_3,,,0.0,,0.0,,0.0,,19.48,,36.75,,9.4,,21.17,,13.21,,0.0,,0.0,,0.0,,0.0,
43-5071.00,"Shipping, Receiving, and Inventory Clerks",category_2|category_5|category_6|category_4|category_3,,,0.0,,0.0,,0.0,,0.0,,74.91,,0.52,,1.88,,11.94,,10.76,,0.0,,0.0,,0.0,
43-5111.00,"Weighers, Measurers, Checkers, and Samplers, Recordkeeping",category_2|category_1|category_4|category_5|category_3,,,0.0,,0.0,,0.0,,21.5,,49.95,,3.56,,19.49,,4.99,,0.51,,0.0,,0.0,,0.0,
43-6011.00,Executive Secretaries and Executive Administrative Assistants,category_5|category_2|category_4|category_6|category_9,,,2.88,,0.0,,0.0,,0.0,,24.2,,1.27,,20.91,,33.77,,11.87,,0.0,,1.72,,3.38,
43-6012.00,Legal Secretaries and Administrative Assistants,category_5|category_2|category_3|category_4|category_6,,,0.0,,0.0,,0.0,,0.0,,17.31,,14.32,,13.23,,48.14,,7.0,,0.0,,0.0,,0.0,
43-6013.00,Medical Secretaries and Administrative Assistants,category_2|category_5|category_3|category_1|category_4,,,0.0,,0.0,,0.0,,5.33,,47.63,,19.88,,1.18,,25.97,,0.0,,0.0,,0.0,,0.0,
43-6014.00,"Secretaries and Administrative Assistants, Except Legal, Medical, and Executive",category_2|category_5|category_6|category_4|category_3,,,0.0,,0.0,,0.0,,0.0,,49.9,,6.51,,10.23,,22.37,,10.98,,0.0,,0.0,,0.0,
43-9021.00,Data Entry Keyers,category_2|category_4|category_5|category_1|category_3,,,0.0,,0.0,,0.0,,0.0,,58.68,,0.0,,30.18,,11.14,,0.0,,0.0,,0.0,,0.0,
43-9022.00,Word Processors and Typists,,,category_2|category_6|category_3|category_5|category_7,,0.0,,0.0,,0.0,,0.0,,65.88,,6.53,,1.89,,4.66,,18.04,,3.0,,0.0,,0.0
43-9031.00,Desktop Publishers,category_2|category_6|category_5|category_3|category_4,,,0.0,,0.0,,0.0,,0.0,,44.3,,4.86,,1.0,,11.14,,38.7,,0.0,,0.0,,0.0,
43-9041.00,Insurance Claims and Policy Processing Clerks,category_2|category_5|category_4|category_3|category_6,,,0.0,,0.0,,0.0,,0.46,,54.85,,7.64,,9.33,,21.13,,6.58,,0.0,,0.0,,0.0,
43-9051.00,"Mail Clerks and Mail Machine Operators, Except Postal Service",category_2|category_1|category_5|category_3|category_4,,,0.0,,0.0,,0.0,,45.39,,48.44,,0.0,,0.0,,6.17,,0.0,,0.0,,0.0,,0.0,
43-9061.00,"Office Clerks, General",category_2|category_5|category_4|category_3|category_1,,,0.0,,0.0,,0.0,,1.5,,40.59,,6.52,,14.74,,36.41,,0.24,,0.0,,0.0,,0.0,
43-9071.00,"Office Machine Operators, Except Computer",category_2|category_6|category_3|category_5|category_1,,,0.0,,0.0,,0.0,,0.0,,67.73,,9.03,,0.0,,5.81,,17.43,,0.0,,0.0,,0.0,
43-9081.00,Proofreaders and Copy Markers,category_6|category_5|category_4|category_2|category_3,,,0.0,,0.0,,0.0,,0.0,,11.21,,6.24,,12.04,,23.2,,47.3,,0.0,,0.0,,0.0,
43-9111.00,Statistical Assistants,,,category_6|category_8|category_2|category_1|category_3,,0.0,,0.0,,0.0,,0.0,,1.88,,0.0,,0.0,,0.0,,88.02,,0.0,,10.1,,0.0
45-1011.00,"First-Line Supervisors of Farming, Fishing, and Forestry Workers",category_6|category_2|category_3|category_1|category_4,,,0.0,,0.0,,0.0,,9.72,,31.52,,13.7,,6.1,,4.06,,32.89,,0.0,,2.01,,0.0,
45-2011.00,Agricultural Inspectors,category_2|category_4|category_5|category_6|category_1,,,1.79,,0.0,,0.0,,7.0,,56.17,,0.0,,12.48,,12.23,,10.33,,0.0,,0.0,,0.0,
45-2021.00,Animal Breeders,category_2|category_3|category_4|category_6|category_7,,,0.0,,0.0,,0.0,,0.0,,85.74,,5.74,,4.46,,0.0,,3.43,,0.63,,0.0,,0.0,
45-2041.00,"Graders and Sorters, Agricultural Products",category_1|category_2|category_5|category_3|category_4,,,0.0,,0.0,,0.0,,63.8,,26.69,,4.65,,0.0,,4.86,,0.0,,0.0,,0.0,,0.0,
45-2091.00,Agricultural Equipment Operators,category_1|category_2|category_3|category_4|category_5,,,0.0,,0.0,,0.0,,56.78,,19.13,,14.41,,9.53,,0.14,,0.0,,0.0,,0.0,,0.0,
45-2092.00,"Farmworkers and Laborers, Crop, Nursery, and Greenhouse",category_1|category_2|category_6|category_4|category_8,,,2.95,,0.0,,0.0,,38.96,,28.54,,0.32,,5.32,,2.0,,15.33,,1.47,,5.12,,0.0,
45-2093.00,"Farmworkers, Farm, Ranch, and Aquacultural Animals",category_4|category_2|category_1|category_5|category_3,,,0.0,,0.0,,0.0,,18.0,,24.97,,8.47,,39.39,,8.94,,0.23,,0.0,,0.0,,0.0,
45-3031.00,Fishing and Hunting Workers,category_1|category_2|category_4|category_3|category_6,,,0.0,,0.0,,0.0,,45.0,,30.0,,5.0,,15.0,,0.0,,5.0,,0.0,,0.0,,0.0,
45-4011.00,Forest and Conservation Workers,category_2|category_6|category_8|category_4|category_1,,,0.0,,0.0,,0.0,,3.43,,43.63,,1.87,,6.5,,1.77,,22.55,,0.0,,20.25,,0.0,
45-4021.00,Fallers,,,category_2|category_1|category_3|category_4|category_5,,0.0,,0.0,,0.0,,40.31,,56.88,,2.81,,0.0,,0.0,,0.0,,0.0,,0.0,,0.0
45-4022.00,Logging Equipment Operators,category_1|category_2|category_3|category_4|category_5,,,0.0,,0.0,,0.0,,55.42,,43.69,,0.89,,0.0,,0.0,,0.0,,0.0,,0.0,,0.0,
45-4023.00,Log Graders and Scalers,category_2|category_4|category_1|category_3|category_5,,,0.0,,0.0,,0.0,,11.18,,64.23,,10.99,,11.64,,1.96,,0.0,,0.0,,0.0,,0.0,
47-1011.00,First-Line Supervisors of Construction Trades and Extraction Workers,category_3|category_1|category_2|category_5|category_6,,,0.0,,0.0,,0.0,,21.95,,20.79,,27.04,,7.84,,11.88,,10.49,,0.0,,0.0,,0.0,
47-1011.03,Solar Energy Installation Managers,category_2|category_1|category_4|category_5|category_6,,,0.0,,0.0,,0.0,,18.71,,52.86,,2.74,,10.03,,9.36,,6.29,,0.0,,0.0,,0.0,
47-2011.00,Boilermakers,category_2|category_3|category_4|category_1|category_5,,,0.0,,0.0,,0.0,,0.0,,52.0,,32.08,,15.93,,0.0,,0.0,,0.0,,0.0,,0.0,
47-2021.00,Brickmasons and Blockmasons,category_2|category_1|category_4|category_5|category_3,,,0.0,,0.0,,0.0,,13.48,,70.42,,0.0,,13.38,,2.71,,0.0,,0.0,,0.0,,0.0,
47-2022.00,Stonemasons,category_2|category_1|category_3|category_4|category_5,,,0.0,,0.0,,0.0,,42.08,,57.92,,0.0,,0.0,,0.0,,0.0,,0.0,,0.0,,0.0,
47-2031.00,Carpenters,category_2|category_3|category_1|category_4|category_5,,,0.0,,0.0,,0.0,,17.73,,52.4,,21.46,,8.41,,0.0,,0.0,,0.0,,0.0,,0.0,
47-2041.00,Carpet Installers,category_2|category_1|category_4|category_3|category_5,,,0.0,,0.0,,0.0,,22.34,,69.22,,1.26,,7.18,,0.0,,0.0,,0.0,,0.0,,0.0,
47-2042.00,"Floor Layers, Except Carpet, Wood, and Hard Tiles",category_2|category_1|category_3|category_4|category_5,,,0.0,,0.0,,0.0,,5.71,,89.53,,4.4,,0.35,,0.0,,0.0,,0.0,,0.0,,0.0,
47-2043.00,Floor Sanders and Finishers,category_1|category_2|category_3|category_4|category_5,,,0.0,,0.0,,0.0,,46.62,,34.6,,16.44,,2.34,,0.0,,0.0,,0.0,,0.0,,0.0,
47-2044.00,Tile and Stone Setters,category_2|category_1|category_4|category_3|category_5,,,0.0,,0.0,,0.0,,36.88,,47.98,,4.41,,10.73,,0.0,,0.0,,0.0,,0.0,,0.0,
47-2051.00,Cement Masons and Concrete Finishers,category_1|category_2|category_3|category_5|category_4,,,0.0,,0.0,,0.0,,51.7,,35.02,,12.65,,0.0,,0.62,,0.0,,0.0,,0.0,,0.0,
47-2053.00,Terrazzo Workers and Finishers,category_2|category_1|category_3|category_4|category_5,,,0.0,,0.0,,0.0,,14.2,,69.89,,9.56,,6.36,,0.0,,0.0,,0.0,,0.0,,0.0,
47-2061.00,Construction Laborers,category_2|category_1|category_3|category_5|category_4,,,0.0,,0.0,,0.0,,32.53,,34.9,,27.98,,0.0,,4.59,,0.0,,0.0,,0.0,,0.0,
47-2071.00,"Paving, Surfacing, and Tamping Equipment Operators",category_1|category_2|category_3|category_4|category_5,,,0.0,,0.0,,0.0,,40.99,,38.42,,20.59,,0.0,,0.0,,0.0,,0.0,,0.0,,0.0,
47-2072.00,Pile Driver Operators,category_2|category_3|category_1|category_4|category_5,,,0.0,,0.0,,0.0,,18.59,,52.59,,20.95,,7.88,,0.0,,0.0,,0.0,,0.0,,0.0,
47-2073.00,Operating Engineers and Other Construction Equipment Operators,category_2|category_4|category_1|category_3|category_5,,,0.0,,0.0,,0.0,,1.39,,81.72,,0.55,,16.34,,0.0,,0.0,,0.0,,0.0,,0.0,
47-2081.00,Drywall and Ceiling Tile Installers,category_1|category_2|category_3|category_4|category_6,,,0.0,,0.0,,0.0,,41.87,,24.36,,19.3,,9.65,,0.0,,4.82,,0.0,,0.0,,0.0,
47-2082.00,Tapers,,,category_2|category_1|category_3|category_4|category_5,,0.0,,0.0,,0.0,,25.27,,58.79,,15.94,,0.0,,0.0,,0.0,,0.0,,0.0,,0.0
47-2111.00,Electricians,category_3|category_2|category_1|category_4|category_5,,,1.31,,0.0,,0.0,,2.31,,30.58,,61.71,,2.31,,1.79,,0.0,,0.0,,0.0,,0.0,
47-2121.00,Glaziers,category_2|category_1|category_3|category_4|category_5,,,0.0,,0.0,,0.0,,35.77,,44.16,,12.0,,8.08,,0.0,,0.0,,0.0,,0.0,,0.0,
47-2131.00,"Insulation Workers, Floor, Ceiling, and Wall",category_2|category_1|category_3|category_4|category_5,,,0.0,,0.0,,0.0,,29.37,,68.21,,2.42,,0.0,,0.0,,0.0,,0.0,,0.0,,0.0,
47-2132.00,"Insulation Workers, Mechanical",category_2|category_3|category_1|category_4|category_5,,,0.0,,0.0,,0.0,,7.52,,71.69,,20.8,,0.0,,0.0,,0.0,,0.0,,0.0,,0.0,
47-2141.00,"Painters, Construction and Maintenance",category_2|category_3|category_1|category_12|category_4,,,0.0,,0.0,,1.85,,16.28,,48.73,,33.14,,0.0,,0.0,,0.0,,0.0,,0.0,,0.0,
47-2142.00,Paperhangers,category_2|category_1|category_4|category_3|category_5,,,0.0,,0.0,,0.0,,24.07,,54.08,,3.36,,18.49,,0.0,,0.0,,0.0,,0.0,,0.0,
47-2151.00,Pipelayers,category_1|category_2|category_3|category_4|category_5,,,0.0,,0.0,,0.0,,65.4,,32.88,,1.72,,0.0,,0.0,,0.0,,0.0,,0.0,,0.0,
47-2152.00,"Plumbers, Pipefitters, and Steamfitters",category_3|category_2|category_5|category_1|category_4,,,0.0,,0.0,,0.0,,7.94,,34.84,,43.26,,4.63,,9.34,,0.0,,0.0,,0.0,,0.0,
47-2152.04,Solar Thermal Installers and Technicians,category_2|category_4|category_6|category_7|category_3,,,0.0,,0.0,,0.0,,0.0,,43.24,,7.52,,24.9,,1.88,,11.23,,11.23,,0.0,,0.0,
47-2161.00,Plasterers and Stucco Masons,category_1|category_2|category_3|category_5|category_4,,,0.0,,0.0,,0.0,,67.95,,27.89,,2.8,,0.0,,1.36,,0.0,,0.0,,0.0,,0.0,
47-2171.00,Reinforcing Iron and Rebar Workers,,,category_2|category_1|category_4|category_8|category_3,,0.0,,0.0,,0.0,,25.28,,45.05,,2.39,,15.68,,0.0,,0.0,,0.0,,11.6,,0.0
47-2181.00,Roofers,,,category_2|category_1|category_4|category_3|category_5,,0.0,,0.0,,0.0,,36.03,,58.38,,0.0,,5.59,,0.0,,0.0,,0.0,,0.0,,0.0
47-2211.00,Sheet Metal Workers,category_2|category_3|category_1|category_4|category_5,,,0.0,,0.0,,0.0,,7.2,,49.0,,43.81,,0.0,,0.0,,0.0,,0.0,,0.0,,0.0,
47-2221.00,Structural Iron and Steel Workers,,,category_2|category_1|category_6|category_3|category_4,,0.0,,0.0,,0.0,,37.92,,48.45,,3.23,,3.23,,0.0,,7.17,,0.0,,0.0,,0.0
47-2231.00,Solar Photovoltaic Installers,category_3|category_2|category_6|category_1|category_5,,,0.0,,0.0,,0.0,,10.97,,33.71,,36.91,,0.0,,3.38,,13.94,,0.0,,1.1,,0.0,
47-3011.00,"Helpers--Brickmasons, Blockmasons, Stonemasons, and Tile and Marble Setters",category_2|category_1|category_3|category_10|category_4,,,6.23,,0.0,,0.0,,24.19,,58.01,,11.57,,0.0,,0.0,,0.0,,0.0,,0.0,,0.0,
47-3012.00,Helpers--Carpenters,,,category_2|category_1|category_3|category_5|category_4,,0.0,,0.0,,0.0,,30.92,,60.75,,6.74,,0.0,,1.59,,0.0,,0.0,,0.0,,0.0
47-3013.00,Helpers--Electricians,category_2|category_3|category_1|category_4|category_5,,,0.0,,0.0,,0.0,,10.71,,70.79,,13.03,,2.84,,1.33,,1.3,,0.0,,0.0,,0.0,
47-3014.00,"Helpers--Painters, Paperhangers, Plasterers, and Stucco Masons",category_1|category_2|category_3|category_5|category_4,,,0.0,,0.0,,0.0,,68.24,,26.19,,3.68,,0.49,,1.4,,0.0,,0.0,,0.0,,0.0,
47-3015.00,"Helpers--Pipelayers, Plumbers, Pipefitters, and Steamfitters",category_2|category_3|category_8|category_4|category_1,,,0.0,,0.0,,0.0,,5.6,,48.69,,26.83,,9.18,,0.0,,0.0,,0.0,,9.69,,0.0,
47-3016.00,Helpers--Roofers,,,category_2|category_1|category_4|category_3|category_5,,0.0,,0.0,,0.0,,29.96,,46.14,,11.82,,12.08,,0.0,,0.0,,0.0,,0.0,,0.0
47-4011.00,Construction and Building Inspectors,category_2|category_3|category_6|category_4|category_5,,,0.0,,0.0,,0.0,,0.0,,36.0,,36.0,,4.0,,4.0,,16.0,,0.0,,4.0,,0.0,
47-4011.01,Energy Auditors,category_2|category_3|category_6|category_1|category_5,,,0.0,,0.0,,0.0,,6.9,,34.48,,31.03,,0.0,,3.45,,20.69,,0.0,,3.45,,0.0,
47-4021.00,Elevator and Escalator Installers and Repairers,category_2|category_3|category_5|category_4|category_6,,,0.0,,0.0,,0.0,,0.0,,47.49,,47.14,,0.49,,4.54,,0.34,,0.0,,0.0,,0.0,
47-4031.00,Fence Erectors,category_2|category_1|category_4|category_3|category_5,,,0.0,,0.0,,0.0,,29.4,,47.51,,1.01,,22.07,,0.0,,0.0,,0.0,,0.0,,0.0,
47-4041.00,Hazardous Materials Removal Workers,,,category_1|category_2|category_4|category_6|category_3,,0.0,,0.0,,0.0,,45.82,,33.26,,3.55,,12.71,,0.0,,4.65,,0.0,,0.0,,0.0
47-4051.00,Highway Maintenance Workers,category_2|category_1|category_5|category_3|category_4,,,0.0,,0.0,,0.0,,5.21,,88.29,,1.43,,0.0,,5.07,,0.0,,0.0,,0.0,,0.0,
47-4061.00,Rail-Track Laying and Maintenance Equipment Operators,,,category_2|category_1|category_5|category_6|category_3,,0.0,,0.0,,0.0,,26.16,,67.84,,0.85,,0.0,,2.58,,2.57,,0.0,,0.0,,0.0
47-4071.00,Septic Tank Servicers and Sewer Pipe Cleaners,category_2|category_1|category_3|category_4|category_5,,,0.0,,0.0,,0.0,,37.08,,40.44,,22.13,,0.34,,0.0,,0.0,,0.0,,0.0,,0.0,
47-4091.00,Segmental Pavers,category_2|category_3|category_1|category_4|category_5,,,0.0,,0.0,,0.0,,6.57,,58.91,,30.89,,2.83,,0.8,,0.0,,0.0,,0.0,,0.0,
47-4099.03,Weatherization Installers and Technicians,category_2|category_3|category_4|category_1|category_5,,,0.0,,0.0,,0.0,,0.0,,60.87,,30.43,,8.7,,0.0,,0.0,,0.0,,0.0,,0.0,
47-5011.00,"Derrick Operators, Oil and Gas",category_1|category_2|category_3|category_5|category_4,,,0.0,,0.0,,0.0,,68.54,,22.91,,4.94,,0.0,,3.6,,0.0,,0.0,,0.0,,0.0,
47-5012.00,"Rotary Drill Operators, Oil and Gas",category_1|category_2|category_4|category_3|category_6,,,0.0,,0.0,,0.0,,31.11,,28.74,,9.08,,22.15,,0.0,,8.91,,0.0,,0.0,,0.0,
47-5013.00,"Service Unit Operators, Oil and Gas",category_2|category_1|category_3|category_4|category_5,,,0.0,,0.0,,0.0,,37.0,,63.0,,0.0,,0.0,,0.0,,0.0,,0.0,,0.0,,0.0,
47-5022.00,"Excavating and Loading Machine and Dragline Operators, Surface Mining",category_2|category_1|category_3|category_4|category_5,,,0.0,,0.0,,0.0,,23.17,,71.12,,5.71,,0.0,,0.0,,0.0,,0.0,,0.0,,0.0,
47-5023.00,"Earth Drillers, Except Oil and Gas",category_2|category_1|category_3|category_4|category_5,,,0.0,,0.0,,0.0,,15.07,,72.77,,12.15,,0.0,,0.0,,0.0,,0.0,,0.0,,0.0,
47-5032.00,"Explosives Workers, Ordnance Handling Experts, and Blasters",category_2|category_3|category_4|category_1|category_5,,,0.0,,0.0,,0.0,,4.17,,62.5,,20.83,,8.33,,4.17,,0.0,,0.0,,0.0,,0.0,
47-5041.00,Continuous Mining Machine Operators,category_2|category_3|category_4|category_1|category_5,,,0.0,,0.0,,0.0,,3.96,,81.27,,9.64,,5.13,,0.0,,0.0,,0.0,,0.0,,0.0,
47-5043.00,"Roof Bolters, Mining",category_2|category_1|category_3|category_4|category_5,,,0.0,,0.0,,0.0,,13.29,,86.71,,0.0,,0.0,,0.0,,0.0,,0.0,,0.0,,0.0,
47-5044.00,"Loading and Moving Machine Operators, Underground Mining",category_2|category_1|category_3|category_5|category_4,,,0.0,,0.0,,0.0,,39.96,,52.59,,6.15,,0.0,,1.3,,0.0,,0.0,,0.0,,0.0,
47-5051.00,"Rock Splitters, Quarry",category_1|category_2|category_10|category_3|category_4,,,18.98,,0.0,,0.0,,49.54,,31.48,,0.0,,0.0,,0.0,,0.0,,0.0,,0.0,,0.0,
47-5071.00,"Roustabouts, Oil and Gas",category_1|category_2|category_5|category_3|category_4,,,0.0,,0.0,,0.0,,64.13,,35.49,,0.0,,0.0,,0.38,,0.0,,0.0,,0.0,,0.0,
47-5081.00,Helpers--Extraction Workers,category_2|category_3|category_5|category_1|category_4,,,0.0,,0.0,,0.0,,0.0,,96.59,,1.71,,0.0,,1.71,,0.0,,0.0,,0.0,,0.0,
49-1011.00,"First-Line Supervisors of Mechanics, Installers, and Repairers",category_2|category_4|category_3|category_6|category_5,,,0.0,,2.05,,0.0,,3.05,,54.15,,13.08,,16.91,,3.2,,7.57,,0.0,,0.0,,0.0,
49-2011.00,"Computer, Automated Teller, and Office Machine Repairers",,,category_2|category_3|category_8|category_5|category_1,,0.0,,0.0,,0.0,,0.0,,46.46,,25.58,,0.0,,10.61,,0.0,,0.0,,17.35,,0.0
49-2021.00,"Radio, Cellular, and Tower Equipment Installers and Repairers",category_2|category_3|category_4|category_5|category_6,,,0.0,,0.0,,0.0,,4.17,,30.71,,21.68,,18.01,,15.67,,9.75,,0.0,,0.0,,0.0,
49-2022.00,"Telecommunications Equipment Installers and Repairers, Except Line Installers",,,category_3|category_2|category_5|category_6|category_4,,0.0,,0.0,,0.0,,0.0,,39.42,,41.27,,0.9,,9.47,,8.93,,0.0,,0.0,,0.0
49-2091.00,Avionics Technicians,category_3|category_2|category_5|category_4|category_6,,,0.0,,0.0,,0.0,,0.0,,18.2,,49.95,,12.21,,16.31,,3.33,,0.0,,0.0,,0.0,
49-2092.00,"Electric Motor, Power Tool, and Related Repairers",category_3|category_2|category_5|category_4|category_1,,,0.0,,0.0,,0.0,,1.86,,30.93,,39.17,,8.28,,19.77,,0.0,,0.0,,0.0,,0.0,
49-2093.00,"Electrical and Electronics Installers and Repairers, Transportation Equipment",category_3|category_2|category_7|category_5|category_1,,,0.0,,0.0,,0.0,,0.0,,28.33,,47.69,,0.0,,9.63,,0.0,,14.35,,0.0,,0.0,
49-2094.00,"Electrical and Electronics Repairers, Commercial and Industrial Equipment",category_5|category_3|category_2|category_1|category_4,,,0.0,,0.0,,0.0,,0.0,,22.02,,32.27,,0.0,,45.71,,0.0,,0.0,,0.0,,0.0,
49-2095.00,"Electrical and Electronics Repairers, Powerhouse, Substation, and Relay",category_3|category_5|category_4|category_2|category_6,,,0.0,,0.0,,0.0,,0.0,,8.18,,50.33,,11.19,,27.91,,2.39,,0.0,,0.0,,0.0,
49-2096.00,"Electronic Equipment Installers and Repairers, Motor Vehicles",category_3|category_2|category_5|category_1|category_4,,,0.0,,0.0,,0.0,,2.39,,44.78,,47.4,,1.12,,4.31,,0.0,,0.0,,0.0,,0.0,
49-2097.00,Audiovisual Equipment Installers and Repairers,category_2|category_4|category_5|category_1|category_6,,,0.0,,0.0,,0.0,,12.18,,38.35,,2.27,,27.55,,14.43,,5.23,,0.0,,0.0,,0.0,
49-2098.00,Security and Fire Alarm Systems Installers,category_3|category_2|category_4|category_5|category_1,,,0.0,,0.0,,0.0,,0.0,,41.41,,48.58,,8.41,,1.6,,0.0,,0.0,,0.0,,0.0,
49-3011.00,Aircraft Mechanics and Service Technicians,category_3|category_5|category_2|category_4|category_6,,,0.0,,0.0,,0.0,,0.0,,10.02,,66.17,,8.12,,15.06,,0.63,,0.0,,0.0,,0.0,
49-3021.00,Automotive Body and Related Repairers,category_2|category_3|category_1|category_4|category_5,,,0.0,,0.0,,0.0,,23.35,,41.99,,34.65,,0.0,,0.0,,0.0,,0.0,,0.0,,0.0,
49-3022.00,Automotive Glass Installers and Repairers,category_2|category_1|category_3|category_4|category_5,,,0.0,,0.0,,0.0,,9.12,,89.5,,1.37,,0.0,,0.0,,0.0,,0.0,,0.0,,0.0,
49-3023.00,Automotive Service Technicians and Mechanics,,,category_3|category_1|category_2|category_4|category_5,,0.0,,0.0,,0.0,,30.48,,26.36,,32.38,,10.78,,0.0,,0.0,,0.0,,0.0,,0.0
49-3031.00,Bus and Truck Mechanics and Diesel Engine Specialists,category_3|category_2|category_4|category_1|category_5,,,0.0,,0.0,,0.0,,1.0,,36.89,,39.49,,21.94,,0.67,,0.0,,0.0,,0.0,,0.0,
49-3041.00,Farm Equipment Mechanics and Service Technicians,category_3|category_2|category_5|category_4|category_1,,,0.0,,0.0,,0.0,,0.52,,43.29,,51.53,,1.65,,3.01,,0.0,,0.0,,0.0,,0.0,
49-3042.00,"Mobile Heavy Equipment Mechanics, Except Engines",category_3|category_2|category_4|category_5|category_1,,,0.0,,0.0,,0.0,,2.65,,29.63,,54.58,,7.87,,5.28,,0.0,,0.0,,0.0,,0.0,
49-3043.00,Rail Car Repairers,category_2|category_3|category_5|category_1|category_4,,,0.0,,0.0,,0.0,,0.0,,61.41,,37.62,,0.0,,0.96,,0.0,,0.0,,0.0,,0.0,
49-3051.00,Motorboat Mechanics and Service Technicians,category_3|category_2|category_4|category_1|category_5,,,0.0,,0.0,,0.0,,6.61,,23.62,,53.7,,11.53,,4.54,,0.0,,0.0,,0.0,,0.0,
49-3052.00,Motorcycle Mechanics,category_3|category_2|category_6|category_5|category_10,,,1.27,,0.0,,0.0,,0.0,,25.73,,59.58,,0.0,,3.95,,9.47,,0.0,,0.0,,0.0,
49-3053.00,Outdoor Power Equipment and Other Small Engine Mechanics,category_2|category_4|category_3|category_1|category_5,,,0.0,,0.0,,0.0,,12.22,,48.05,,12.46,,27.27,,0.0,,0.0,,0.0,,0.0,,0.0,
49-3091.00,Bicycle Repairers,,,category_2|category_4|category_1|category_5|category_3,,0.0,,0.0,,0.0,,11.38,,67.93,,0.0,,18.55,,2.14,,0.0,,0.0,,0.0,,0.0
49-3092.00,Recreational Vehicle Service Technicians,category_1|category_2|category_3|category_4|category_5,,,0.0,,0.0,,0.0,,46.26,,31.61,,20.58,,1.55,,0.0,,0.0,,0.0,,0.0,,0.0,
49-3093.00,Tire Repairers and Changers,,,category_2|category_1|category_3|category_4|category_5,,0.0,,0.0,,0.0,,26.25,,47.91,,20.29,,5.56,,0.0,,0.0,,0.0,,0.0,,0.0
49-9011.00,Mechanical Door Repairers,,,category_2|category_1|category_5|category_3|category_4,,0.0,,0.0,,0.0,,19.24,,80.11,,0.0,,0.0,,0.65,,0.0,,0.0,,0.0,,0.0
49-9012.00,"Control and Valve Installers and Repairers, Except Mechanical Door",category_2|category_3|category_5|category_4|category_6,,,0.0,,0.0,,0.0,,0.0,,46.98,,41.84,,2.99,,6.75,,1.44,,0.0,,0.0,,0.0,
49-9021.00,"Heating, Air Conditioning, and Refrigeration Mechanics and Installers",,,category_2|category_3|category_1|category_4|category_5,,0.0,,0.0,,0.0,,0.0,,54.26,,45.74,,0.0,,0.0,,0.0,,0.0,,0.0,,0.0
49-9031.00,Home Appliance Repairers,category_2|category_3|category_1|category_5|category_4,,,0.0,,0.0,,0.0,,7.62,,68.97,,20.34,,0.0,,3.08,,0.0,,0.0,,0.0,,0.0,
49-9041.00,Industrial Machinery Mechanics,category_3|category_2|category_5|category_1|category_4,,,0.0,,0.0,,0.0,,0.0,,39.09,,47.22,,0.0,,13.7,,0.0,,0.0,,0.0,,0.0,
49-9043.00,"Maintenance Workers, Machinery",category_3|category_2|category_5|category_7|category_1,,,0.0,,0.0,,0.0,,0.0,,40.73,,54.1,,0.0,,2.59,,0.0,,2.59,,0.0,,0.0,
49-9044.00,Millwrights,category_2|category_3|category_4|category_1|category_5,,,0.0,,0.0,,0.0,,4.55,,45.45,,36.36,,9.09,,4.55,,0.0,,0.0,,0.0,,0.0,
49-9045.00,"Refractory Materials Repairers, Except Brickmasons",category_2|category_3|category_4|category_1|category_5,,,0.0,,0.0,,0.0,,0.8,,74.85,,17.27,,7.08,,0.0,,0.0,,0.0,,0.0,,0.0,
49-9051.00,Electrical Power-Line Installers and Repairers,category_2|category_3|category_1|category_4|category_10,,,2.81,,0.0,,0.0,,18.08,,50.29,,18.88,,9.94,,0.0,,0.0,,0.0,,0.0,,0.0,
49-9052.00,Telecommunications Line Installers and Repairers,,,category_2|category_3|category_5|category_1|category_6,,0.0,,0.0,,0.0,,2.69,,78.28,,13.45,,0.0,,3.72,,1.86,,0.0,,0.0,,0.0
49-9061.00,Camera and Photographic Equipment Repairers,category_2|category_3|category_1|category_4|category_5,,,0.0,,0.0,,0.0,,13.33,,32.31,,28.48,,10.8,,7.99,,7.08,,0.0,,0.0,,0.0,
49-9062.00,Medical Equipment Repairers,category_5|category_2|category_3|category_4|category_1,,,0.0,,0.0,,0.0,,0.0,,34.72,,13.28,,12.67,,39.32,,0.0,,0.0,,0.0,,0.0,
49-9063.00,Musical Instrument Repairers and Tuners,category_3|category_1|category_2|category_6|category_4,,,0.0,,0.0,,0.0,,18.18,,9.09,,54.55,,4.55,,4.55,,9.09,,0.0,,0.0,,0.0,
49-9064.00,Watch and Clock Repairers,category_3|category_2|category_5|category_4|category_7,,,0.0,,0.0,,0.0,,1.22,,22.37,,45.76,,7.51,,21.45,,0.0,,1.68,,0.0,,0.0,
49-9071.00,"Maintenance and Repair Workers, General",category_3|category_2|category_4|category_5|category_8,,,0.0,,0.0,,0.0,,1.08,,24.94,,62.97,,6.62,,2.85,,0.35,,0.0,,1.17,,0.0,
49-9081.00,Wind Turbine Service Technicians,category_3|category_2|category_4|category_5|category_1,,,0.0,,0.0,,0.0,,0.0,,28.74,,34.42,,21.78,,15.07,,0.0,,0.0,,0.0,,0.0,
49-9091.00,"Coin, Vending, and Amusement Machine Servicers and Repairers",category_2|category_3|category_5|category_1|category_4,,,0.0,,0.0,,0.0,,0.0,,91.61,,7.58,,0.0,,0.81,,0.0,,0.0,,0.0,,0.0,
49-9092.00,Commercial Divers,,,category_3|category_5|category_4|category_2|category_1,,0.0,,0.0,,0.0,,0.0,,3.79,,67.81,,5.53,,22.87,,0.0,,0.0,,0.0,,0.0
49-9094.00,Locksmiths and Safe Repairers,category_2|category_3|category_1|category_4|category_6,,,3.85,,0.0,,0.0,,7.69,,61.54,,15.38,,7.69,,0.0,,3.85,,0.0,,0.0,,0.0,
49-9095.00,Manufactured Building and Mobile Home Installers,category_1|category_2|category_3|category_4|category_5,,,0.0,,0.0,,0.0,,59.23,,39.53,,1.24,,0.0,,0.0,,0.0,,0.0,,0.0,,0.0,
49-9096.00,Riggers,category_2|category_1|category_3|category_4|category_5,,,0.0,,0.0,,0.0,,21.17,,62.85,,15.98,,0.0,,0.0,,0.0,,0.0,,0.0,,0.0,
49-9097.00,Signal and Track Switch Repairers,category_1|category_2|category_3|category_4|category_5,,,0.0,,0.0,,0.0,,33.98,,28.74,,23.78,,9.63,,3.87,,0.0,,0.0,,0.0,,0.0,
49-9098.00,"Helpers--Installation, Maintenance, and Repair Workers",category_2|category_5|category_3|category_4|category_1,,,0.0,,0.0,,0.0,,2.29,,31.74,,23.48,,17.34,,25.12,,0.01,,0.0,,0.0,,0.0,
49-9099.01,Geothermal Technicians,category_2|category_3|category_4|category_5|category_1,,,0.0,,0.0,,0.0,,0.0,,65.75,,20.48,,12.25,,1.52,,0.0,,0.0,,0.0,,0.0,
51-1011.00,First-Line Supervisors of Production and Operating Workers,category_2|category_4|category_1|category_5|category_6,,,0.0,,0.0,,0.0,,14.17,,32.83,,11.6,,14.96,,13.62,,11.96,,0.0,,0.86,,0.0,
51-2011.00,"Aircraft Structure, Surfaces, Rigging, and Systems Assemblers",category_2|category_3|category_6|category_5|category_1,,,0.0,,0.0,,0.0,,3.23,,54.84,,15.66,,0.64,,9.98,,15.65,,0.0,,0.0,,0.0,
51-2021.00,"Coil Winders, Tapers, and Finishers",category_2|category_3|category_1|category_5|category_4,,,0.0,,0.0,,0.0,,1.64,,57.18,,40.87,,0.0,,0.3,,0.0,,0.0,,0.0,,0.0,
51-2022.00,Electrical and Electronic Equipment Assemblers,,,category_2|category_1|category_6|category_3|category_4,,0.0,,0.0,,0.0,,34.76,,45.95,,2.14,,0.49,,0.11,,16.55,,0.0,,0.0,,0.0
51-2023.00,Electromechanical Equipment Assemblers,category_2|category_5|category_4|category_3|category_11,,,0.0,,0.58,,0.0,,0.0,,52.73,,10.77,,16.88,,19.04,,0.0,,0.0,,0.0,,0.0,
51-2031.00,Engine and Other Machine Assemblers,category_2|category_3|category_1|category_8|category_4,,,0.0,,0.0,,0.0,,11.15,,64.05,,12.88,,4.72,,0.0,,0.0,,0.0,,7.2,,0.0,
51-2041.00,Structural Metal Fabricators and Fitters,category_2|category_1|category_3|category_5|category_4,,,0.0,,0.0,,0.0,,18.04,,76.67,,2.97,,0.0,,2.32,,0.0,,0.0,,0.0,,0.0,
51-2051.00,Fiberglass Laminators and Fabricators,category_2|category_1|category_4|category_6|category_3,,,0.0,,0.0,,0.0,,42.54,,45.8,,0.0,,11.02,,0.0,,0.63,,0.0,,0.0,,0.0,
51-2061.00,Timing Device Assemblers and Adjusters,category_2|category_10|category_1|category_3|category_4,,,4.16,,0.0,,0.0,,2.29,,91.37,,1.16,,1.02,,0.0,,0.0,,0.0,,0.0,,0.0,
51-2092.00,Team Assemblers,category_2|category_6|category_4|category_1|category_5,,,0.0,,0.0,,0.0,,3.78,,81.47,,0.47,,6.61,,0.94,,6.74,,0.0,,0.0,,0.0,
51-3011.00,Bakers,,,category_2|category_4|category_3|category_1|category_5,,0.0,,0.0,,0.0,,11.2,,56.94,,14.73,,17.13,,0.0,,0.0,,0.0,,0.0,,0.0
51-3021.00,Butchers and Meat Cutters,category_2|category_1|category_4|category_3|category_5,,,0.0,,0.0,,0.0,,20.36,,69.93,,2.44,,7.27,,0.0,,0.0,,0.0,,0.0,,0.0,
51-3022.00,"Meat, Poultry, and Fish Cutters and Trimmers",category_1|category_2|category_11|category_3|category_4,,,0.0,,1.3,,0.0,,62.44,,36.26,,0.0,,0.0,,0.0,,0.0,,0.0,,0.0,,0.0,
51-3023.00,Slaughterers and Meat Packers,category_2|category_1|category_4|category_3|category_5,,,0.0,,0.0,,0.0,,28.63,,60.8,,0.0,,10.57,,0.0,,0.0,,0.0,,0.0,,0.0,
51-3091.00,"Food and Tobacco Roasting, Baking, and Drying Machine Operators and Tenders",category_2|category_1|category_4|category_3|category_5,,,0.0,,0.0,,0.0,,22.77,,60.77,,5.65,,10.81,,0.0,,0.0,,0.0,,0.0,,0.0,
51-3092.00,Food Batchmakers,category_2|category_4|category_3|category_1|category_5,,,0.0,,0.0,,0.0,,13.91,,37.83,,21.51,,26.74,,0.0,,0.0,,0.0,,0.0,,0.0,
51-3093.00,Food Cooking Machine Operators and Tenders,category_2|category_3|category_1|category_4|category_5,,,0.0,,0.0,,0.0,,0.07,,85.92,,13.96,,0.05,,0.0,,0.0,,0.0,,0.0,,0.0,
51-4021.00,"Extruding and Drawing Machine Setters, Operators, and Tenders, Metal and Plastic",,,category_2|category_1|category_4|category_3|category_5,,0.0,,0.0,,0.0,,25.04,,61.18,,0.0,,13.79,,0.0,,0.0,,0.0,,0.0,,0.0
51-4022.00,"Forging Machine Setters, Operators, and Tenders, Metal and Plastic",,,category_2|category_4|category_1|category_5|category_3,,0.0,,0.0,,0.0,,3.84,,82.44,,0.0,,12.22,,1.51,,0.0,,0.0,,0.0,,0.0
51-4023.00,"Rolling Machine Setters, Operators, and Tenders, Metal and Plastic",category_2|category_1|category_4|category_3|category_5,,,0.0,,0.0,,0.0,,12.57,,74.21,,3.36,,9.86,,0.0,,0.0,,0.0,,0.0,,0.0,
51-4031.00,"Cutting, Punching, and Press Machine Setters, Operators, and Tenders, Metal and Plastic",category_2|category_3|category_1|category_4|category_5,,,0.0,,0.0,,0.0,,0.86,,63.43,,34.85,,0.86,,0.0,,0.0,,0.0,,0.0,,0.0,
51-4032.00,"Drilling and Boring Machine Tool Setters, Operators, and Tenders, Metal and Plastic",category_2|category_4|category_5|category_1|category_6,,,0.0,,0.0,,0.0,,9.76,,56.88,,1.94,,12.19,,12.11,,7.12,,0.0,,0.0,,0.0,
51-4033.00,"Grinding, Lapping, Polishing, and Buffing Machine Tool Setters, Operators, and Tenders, Metal and Plastic",,,category_2|category_5|category_3|category_4|category_1,,0.0,,0.0,,0.0,,0.0,,87.2,,3.18,,1.03,,8.59,,0.0,,0.0,,0.0,,0.0
51-4034.00,"Lathe and Turning Machine Tool Setters, Operators, and Tenders, Metal and Plastic",category_2|category_4|category_1|category_3|category_10,,,9.62,,0.0,,0.1,,18.19,,31.64,,11.58,,28.86,,0.0,,0.0,,0.0,,0.0,,0.0,
51-4035.00,"Milling and Planing Machine Setters, Operators, and Tenders, Metal and Plastic",category_2|category_6|category_3|category_1|category_4,,,0.0,,0.0,,0.0,,9.7,,47.3,,15.03,,9.13,,0.0,,18.83,,0.0,,0.0,,0.0,
51-4041.00,Machinists,category_2|category_3|category_4|category_1|category_5,,,0.0,,0.0,,0.0,,13.63,,35.91,,33.12,,17.34,,0.0,,0.0,,0.0,,0.0,,0.0,
51-4051.00,Metal-Refining Furnace Operators and Tenders,category_2|category_1|category_3|category_4|category_5,,,0.0,,0.0,,0.0,,35.86,,64.14,,0.0,,0.0,,0.0,,0.0,,0.0,,0.0,,0.0,
51-4052.00,"Pourers and Casters, Metal",category_2|category_1|category_3|category_4|category_5,,,0.0,,0.0,,0.0,,20.04,,79.96,,0.0,,0.0,,0.0,,0.0,,0.0,,0.0,,0.0,
51-4061.00,"Model Makers, Metal and Plastic",category_2|category_3|category_4|category_5|category_9,,,0.0,,0.0,,0.0,,0.0,,41.0,,37.73,,15.48,,4.96,,0.0,,0.0,,0.0,,0.83,
51-4062.00,"Patternmakers, Metal and Plastic",,,category_2|category_5|category_3|category_1|category_4,,0.0,,0.0,,0.0,,3.89,,33.31,,27.17,,3.5,,32.12,,0.0,,0.0,,0.0,,0.0
51-4071.00,Foundry Mold and Coremakers,category_2|category_1|category_3|category_4|category_5,,,0.0,,0.0,,0.0,,35.63,,64.37,,0.0,,0.0,,0.0,,0.0,,0.0,,0.0,,0.0,
51-4072.00,"Molding, Coremaking, and Casting Machine Setters, Operators, and Tenders, Metal and Plastic",category_2|category_1|category_3|category_4|category_5,,,0.0,,0.0,,0.0,,30.31,,56.98,,11.15,,1.56,,0.0,,0.0,,0.0,,0.0,,0.0,
51-4081.00,"Multiple Machine Tool Setters, Operators, and Tenders, Metal and Plastic",category_2|category_3|category_4|category_5|category_1,,,0.0,,0.0,,0.0,,1.13,,81.65,,7.64,,5.64,,3.94,,0.0,,0.0,,0.0,,0.0,
51-4111.00,Tool and Die Makers,category_3|category_2|category_5|category_1|category_4,,,0.0,,0.0,,0.0,,9.67,,39.61,,40.85,,0.0,,9.87,,0.0,,0.0,,0.0,,0.0,
51-4121.00,"Welders, Cutters, Solderers, and Brazers",category_2|category_1|category_3|category_4|category_5,,,0.0,,0.0,,0.0,,20.83,,53.55,,11.64,,11.28,,1.75,,0.94,,0.0,,0.0,,0.0,
51-4122.00,"Welding, Soldering, and Brazing Machine Setters, Operators, and Tenders",category_3|category_2|category_1|category_4|category_5,,,0.0,,0.0,,0.0,,21.79,,32.0,,35.82,,10.39,,0.0,,0.0,,0.0,,0.0,,0.0,
51-4191.00,"Heat Treating Equipment Setters, Operators, and Tenders, Metal and Plastic",category_2|category_1|category_3|category_5|category_4,,,0.0,,0.0,,0.0,,20.06,,69.85,,9.81,,0.0,,0.28,,0.0,,0.0,,0.0,,0.0,
51-4192.00,"Layout Workers, Metal and Plastic",category_2|category_4|category_3|category_5|category_1,,,0.0,,0.0,,0.0,,4.88,,60.01,,11.59,,14.54,,8.99,,0.0,,0.0,,0.0,,0.0,
51-4193.00,"Plating Machine Setters, Operators, and Tenders, Metal and Plastic",category_1|category_2|category_6|category_4|category_3,,,0.0,,0.0,,0.0,,49.2,,46.75,,0.0,,0.62,,0.0,,3.43,,0.0,,0.0,,0.0,
51-4194.00,"Tool Grinders, Filers, and Sharpeners",,,category_2|category_1|category_3|category_5|category_4,,0.0,,0.0,,0.0,,18.46,,64.12,,9.18,,1.52,,6.72,,0.0,,0.0,,0.0,,0.0
51-5111.00,Prepress Technicians and Workers,category_2|category_5|category_4|category_3|category_6,,,0.0,,0.0,,0.0,,2.14,,39.34,,9.47,,20.65,,23.19,,5.2,,0.0,,0.0,,0.0,
51-5112.00,Printing Press Operators,category_2|category_3|category_4|category_1|category_5,,,0.0,,0.0,,0.0,,1.22,,73.17,,19.46,,6.15,,0.0,,0.0,,0.0,,0.0,,0.0,
51-5113.00,Print Binding and Finishing Workers,category_2|category_1|category_3|category_5|category_4,,,0.0,,0.0,,0.0,,4.35,,87.93,,3.79,,1.16,,2.78,,0.0,,0.0,,0.0,,0.0,
51-6011.00,Laundry and Dry-Cleaning Workers,,,category_2|category_1|category_4|category_7|category_3,,0.0,,0.0,,0.0,,21.28,,73.52,,0.0,,3.81,,0.0,,0.0,,1.39,,0.0,,0.0
51-6021.00,"Pressers, Textile, Garment, and Related Materials",category_1|category_2|category_11|category_5|category_3,,,0.0,,14.15,,0.0,,59.18,,25.62,,0.0,,0.0,,1.05,,0.0,,0.0,,0.0,,0.0,
51-6031.00,Sewing Machine Operators,category_1|category_2|category_5|category_3|category_4,,,0.0,,0.0,,0.0,,52.93,,41.37,,0.72,,0.0,,4.97,,0.0,,0.0,,0.0,,0.0,
51-6041.00,Shoe and Leather Workers and Repairers,category_2|category_1|category_3|category_4|category_5,,,0.0,,0.0,,0.0,,43.61,,56.39,,0.0,,0.0,,0.0,,0.0,,0.0,,0.0,,0.0,
51-6042.00,Shoe Machine Operators and Tenders,category_1|category_2|category_4|category_5|category_3,,,0.0,,0.0,,0.0,,46.4,,38.0,,0.0,,15.31,,0.29,,0.0,,0.0,,0.0,,0.0,
51-6051.00,"Sewers, Hand",category_1|category_2|category_4|category_5|category_10,,,0.52,,0.0,,0.0,,82.18,,10.83,,0.38,,4.06,,2.03,,0.0,,0.0,,0.0,,0.0,
51-6052.00,"Tailors, Dressmakers, and Custom Sewers",category_2|category_1|category_3|category_6|category_4,,,0.0,,0.0,,0.0,,16.87,,57.66,,16.01,,0.0,,0.0,,9.46,,0.0,,0.0,,0.0,
51-6061.00,Textile Bleaching and Dyeing Machine Operators and Tenders,category_2|category_1|category_5|category_4|category_3,,,0.0,,0.0,,0.0,,35.33,,55.98,,0.0,,2.26,,6.44,,0.0,,0.0,,0.0,,0.0,
51-6062.00,"Textile Cutting Machine Setters, Operators, and Tenders",category_2|category_1|category_3|category_4|category_5,,,0.0,,0.0,,0.0,,32.31,,67.69,,0.0,,0.0,,0.0,,0.0,,0.0,,0.0,,0.0,
51-6063.00,"Textile Knitting and Weaving Machine Setters, Operators, and Tenders",category_2|category_1|category_3|category_4|category_5,,,0.0,,0.0,,0.0,,5.32,,94.68,,0.0,,0.0,,0.0,,0.0,,0.0,,0.0,,0.0,
51-6064.00,"Textile Winding, Twisting, and Drawing Out Machine Setters, Operators, and Tenders",category_1|category_2|category_3|category_4|category_5,,,0.0,,0.0,,0.0,,53.84,,46.16,,0.0,,0.0,,0.0,,0.0,,0.0,,0.0,,0.0,
51-6091.00,"Extruding and Forming Machine Setters, Operators, and Tenders, Synthetic and Glass Fibers",category_2|category_1|category_3|category_4|category_5,,,0.0,,0.0,,0.0,,19.43,,74.09,,6.48,,0.0,,0.0,,0.0,,0.0,,0.0,,0.0,
51-6092.00,Fabric and Apparel Patternmakers,category_2|category_6|category_4|category_3|category_1,,,0.0,,0.0,,0.0,,2.86,,40.66,,11.53,,18.58,,0.0,,26.36,,0.0,,0.0,,0.0,
51-6093.00,Upholsterers,category_2|category_1|category_3|category_4|category_5,,,0.0,,0.0,,0.0,,43.82,,56.18,,0.0,,0.0,,0.0,,0.0,,0.0,,0.0,,0.0,
51-7011.00,Cabinetmakers and Bench Carpenters,,,category_2|category_1|category_4|category_3|category_5,,0.0,,0.0,,0.0,,20.94,,76.39,,0.0,,2.68,,0.0,,0.0,,0.0,,0.0,,0.0
51-7021.00,Furniture Finishers,category_2|category_1|category_3|category_4|category_5,,,0.0,,0.0,,0.0,,35.54,,61.21,,3.25,,0.0,,0.0,,0.0,,0.0,,0.0,,0.0,
51-7031.00,"Model Makers, Wood",category_3|category_1|category_2|category_6|category_4,,,0.0,,0.0,,0.0,,30.21,,20.3,,30.84,,4.32,,0.0,,14.33,,0.0,,0.0,,0.0,
51-7032.00,"Patternmakers, Wood",category_2|category_3|category_4|category_1|category_5,,,0.0,,0.0,,0.0,,0.7,,57.25,,26.45,,15.6,,0.0,,0.0,,0.0,,0.0,,0.0,
51-7041.00,"Sawing Machine Setters, Operators, and Tenders, Wood",category_2|category_1|category_3|category_4|category_5,,,0.0,,0.0,,0.0,,21.75,,59.25,,9.5,,9.5,,0.0,,0.0,,0.0,,0.0,,0.0,
51-7042.00,"Woodworking Machine Setters, Operators, and Tenders, Except Sawing",category_2|category_1|category_3|category_6|category_4,,,0.0,,0.0,,0.0,,20.67,,73.06,,4.55,,0.0,,0.0,,1.72,,0.0,,0.0,,0.0,
51-8011.00,Nuclear Power Reactor Operators,category_2|category_3|category_6|category_5|category_4,,,0.0,,0.0,,0.0,,0.0,,50.09,,15.73,,6.22,,12.63,,15.32,,0.0,,0.0,,0.0,
51-8012.00,Power Distributors and Dispatchers,category_3|category_5|category_2|category_4|category_6,,,0.0,,0.0,,0.0,,0.0,,21.55,,40.32,,8.44,,24.05,,5.64,,0.0,,0.0,,0.0,
51-8013.00,Power Plant Operators,category_2|category_5|category_6|category_3|category_1,,,0.0,,0.0,,0.0,,3.46,,59.81,,8.16,,1.74,,14.29,,12.54,,0.0,,0.0,,0.0,
51-8013.03,Biomass Plant Technicians,category_2|category_3|category_6|category_4|category_1,,,0.0,,0.0,,0.0,,6.56,,46.51,,21.85,,9.54,,5.82,,9.72,,0.0,,0.0,,0.0,
51-8013.04,Hydroelectric Plant Technicians,category_5|category_3|category_4|category_6|category_2,,,0.0,,0.0,,0.0,,0.0,,2.75,,33.97,,22.39,,34.02,,6.88,,0.0,,0.0,,0.0,
51-8021.00,Stationary Engineers and Boiler Operators,category_3|category_2|category_5|category_4|category_1,,,0.0,,0.0,,0.0,,0.0,,37.8,,47.15,,4.53,,10.52,,0.0,,0.0,,0.0,,0.0,
51-8031.00,Water and Wastewater Treatment Plant and System Operators,category_2|category_3|category_4|category_5|category_1,,,0.0,,0.0,,0.0,,0.0,,50.0,,37.5,,8.33,,4.17,,0.0,,0.0,,0.0,,0.0,
51-8091.00,Chemical Plant and System Operators,,,category_2|category_3|category_5|category_6|category_1,,0.0,,0.0,,0.0,,0.0,,68.13,,30.42,,0.0,,0.93,,0.51,,0.0,,0.0,,0.0
51-8092.00,Gas Plant Operators,category_2|category_3|category_5|category_1|category_4,,,0.0,,0.0,,0.0,,0.0,,58.44,,31.05,,0.0,,10.51,,0.0,,0.0,,0.0,,0.0,
51-8093.00,"Petroleum Pump System Operators, Refinery Operators, and Gaugers",category_2|category_3|category_4|category_1|category_5,,,0.0,,0.0,,0.0,,0.0,,97.02,,1.69,,1.29,,0.0,,0.0,,0.0,,0.0,,0.0,
51-8099.01,Biofuels Processing Technicians,category_2|category_3|category_5|category_4|category_1,,,0.0,,0.0,,0.0,,1.85,,71.18,,18.07,,3.21,,5.69,,0.0,,0.0,,0.0,,0.0,
51-9011.00,Chemical Equipment Operators and Tenders,,,category_2|category_5|category_1|category_3|category_4,,0.0,,0.0,,0.0,,0.0,,88.9,,0.0,,0.0,,11.1,,0.0,,0.0,,0.0,,0.0
51-9012.00,"Separating, Filtering, Clarifying, Precipitating, and Still Machine Setters, Operators, and Tenders",,,category_2|category_1|category_3|category_4|category_5,,0.0,,0.0,,0.0,,8.28,,83.44,,8.28,,0.0,,0.0,,0.0,,0.0,,0.0,,0.0
51-9021.00,"Crushing, Grinding, and Polishing Machine Setters, Operators, and Tenders",category_2|category_1|category_4|category_3|category_5,,,0.0,,0.0,,0.0,,19.39,,61.72,,1.23,,17.66,,0.0,,0.0,,0.0,,0.0,,0.0,
51-9022.00,"Grinding and Polishing Workers, Hand",category_2|category_1|category_3|category_4|category_5,,,0.0,,0.0,,0.0,,26.74,,37.33,,24.03,,11.9,,0.0,,0.0,,0.0,,0.0,,0.0,
51-9023.00,"Mixing and Blending Machine Setters, Operators, and Tenders",category_2|category_3|category_4|category_1|category_5,,,0.0,,0.0,,0.0,,1.51,,80.32,,11.87,,6.3,,0.0,,0.0,,0.0,,0.0,,0.0,
51-9031.00,"Cutters and Trimmers, Hand",category_1|category_2|category_4|category_5|category_3,,,0.0,,0.0,,0.0,,72.8,,16.38,,0.0,,5.67,,5.15,,0.0,,0.0,,0.0,,0.0,
51-9032.00,"Cutting and Slicing Machine Setters, Operators, and Tenders",,,category_2|category_4|category_1|category_5|category_3,,0.0,,0.0,,0.0,,1.91,,91.95,,0.0,,5.18,,0.96,,0.0,,0.0,,0.0,,0.0
51-9041.00,"Extruding, Forming, Pressing, and Compacting Machine Setters, Operators, and Tenders",category_2|category_3|category_4|category_10|category_1,,,3.9,,0.0,,0.0,,0.72,,78.21,,9.07,,7.77,,0.33,,0.0,,0.0,,0.0,,0.0,
51-9051.00,"Furnace, Kiln, Oven, Drier, and Kettle Operators and Tenders",category_2|category_1|category_3|category_4|category_6,,,0.0,,0.0,,0.0,,21.43,,55.94,,15.92,,3.9,,0.97,,1.84,,0.0,,0.0,,0.0,
51-9061.00,"Inspectors, Testers, Sorters, Samplers, and Weighers",category_2|category_3|category_4|category_5|category_1,,,0.0,,0.0,,0.0,,0.0,,69.81,,26.89,,2.64,,0.66,,0.0,,0.0,,0.0,,0.0,
51-9071.00,Jewelers and Precious Stone and Metal Workers,category_2|category_3|category_4|category_5|category_6,,,0.0,,0.0,,0.0,,1.62,,25.34,,21.43,,19.45,,16.5,,8.79,,6.88,,0.0,,0.0,
51-9071.06,Gem and Diamond Workers,,,category_3|category_6|category_4|category_5|category_1,,0.0,,0.0,,5.03,,14.36,,4.39,,20.74,,18.17,,17.17,,20.15,,0.0,,0.0,,0.0
51-9081.00,Dental Laboratory Technicians,category_2|category_3|category_1|category_4|category_8,,,0.0,,0.0,,0.0,,13.23,,51.74,,18.16,,7.43,,1.89,,1.87,,0.0,,5.68,,0.0,
51-9082.00,Medical Appliance Technicians,,,category_2|category_3|category_8|category_6|category_1,,0.0,,0.0,,0.0,,0.0,,70.5,,18.52,,0.0,,0.0,,4.5,,0.0,,6.48,,0.0
51-9083.00,Ophthalmic Laboratory Technicians,category_2|category_4|category_3|category_5|category_1,,,1.43,,0.0,,0.0,,4.83,,56.4,,8.82,,14.58,,6.54,,3.73,,0.0,,3.66,,0.0,
51-9111.00,Packaging and Filling Machine Operators and Tenders,category_2|category_1|category_5|category_3|category_4,,,0.0,,0.0,,0.0,,17.27,,79.69,,0.82,,0.0,,2.22,,0.0,,0.0,,0.0,,0.0,
51-9123.00,"Painting, Coating, and Decorating Workers",category_1|category_2|category_4|category_3|category_5,,,0.0,,0.0,,0.0,,59.01,,21.21,,2.77,,17.01,,0.0,,0.0,,0.0,,0.0,,0.0,
51-9124.00,"Coating, Painting, and Spraying Machine Setters, Operators, and Tenders",category_2|category_1|category_3|category_4|category_5,,,0.0,,0.0,,0.0,,26.66,,62.67,,7.07,,3.6,,0.0,,0.0,,0.0,,0.0,,0.0,
51-9141.00,Semiconductor Processing Technicians,category_2|category_1|category_5|category_3|category_4,,,0.0,,0.0,,0.15,,11.72,,83.85,,1.32,,0.45,,2.34,,0.09,,0.0,,0.08,,0.0,
51-9151.00,Photographic Process Workers and Processing Machine Operators,category_2|category_4|category_6|category_3|category_5,,,0.0,,0.0,,0.0,,0.28,,84.07,,2.06,,7.66,,0.74,,5.2,,0.0,,0.0,,0.0,
51-9161.00,Computer Numerically Controlled Tool Operators,category_2|category_3|category_4|category_5|category_1,,,0.0,,0.0,,0.0,,3.5,,48.24,,21.16,,16.8,,7.08,,3.22,,0.0,,0.0,,0.0,
51-9162.00,Computer Numerically Controlled Tool Programmers,category_2|category_3|category_4|category_5|category_6,,,0.0,,0.0,,0.0,,0.0,,32.77,,31.39,,19.68,,14.3,,1.86,,0.0,,0.0,,0.0,
51-9191.00,Adhesive Bonding Machine Operators and Tenders,category_2|category_3|category_1|category_4|category_5,,,0.0,,0.0,,0.0,,10.21,,72.61,,16.74,,0.43,,0.0,,0.0,,0.0,,0.0,,0.0,
51-9192.00,"Cleaning, Washing, and Metal Pickling Equipment Operators and Tenders",category_2|category_1|category_4|category_5|category_3,,,0.0,,0.0,,0.0,,31.68,,59.82,,0.73,,3.89,,3.89,,0.0,,0.0,,0.0,,0.0,
51-9193.00,Cooling and Freezing Equipment Operators and Tenders,category_1|category_3|category_2|category_4|category_5,,,0.0,,0.0,,0.0,,51.44,,7.31,,40.77,,0.48,,0.0,,0.0,,0.0,,0.0,,0.0,
51-9194.00,Etchers and Engravers,category_2|category_1|category_5|category_3|category_4,,,0.0,,0.0,,0.0,,32.66,,53.86,,0.75,,0.0,,12.72,,0.0,,0.0,,0.0,,0.0,
51-9195.03,"Stone Cutters and Carvers, Manufacturing",category_2|category_1|category_3|category_5|category_11,,,0.0,,0.97,,0.0,,21.77,,65.55,,5.58,,0.73,,5.4,,0.0,,0.0,,0.0,,0.0,
51-9195.04,"Glass Blowers, Molders, Benders, and Finishers",,,category_2|category_1|category_5|category_3|category_4,,0.0,,0.0,,0.0,,22.73,,27.27,,9.09,,9.09,,22.73,,9.09,,0.0,,0.0,,0.0
51-9195.05,"Potters, Manufacturing",category_4|category_2|category_6|category_1|category_7,,,0.0,,0.0,,0.0,,16.01,,30.48,,0.0,,30.9,,0.0,,17.67,,4.94,,0.0,,0.0,
51-9196.00,"Paper Goods Machine Setters, Operators, and Tenders",category_2|category_1|category_4|category_5|category_3,,,0.0,,0.0,,0.0,,20.15,,69.35,,0.51,,9.39,,0.61,,0.0,,0.0,,0.0,,0.0,
51-9197.00,Tire Builders,category_2|category_1|category_3|category_12|category_4,,,0.0,,0.0,,0.53,,26.13,,66.45,,6.89,,0.0,,0.0,,0.0,,0.0,,0.0,,0.0,
51-9198.00,Helpers--Production Workers,category_1|category_2|category_3|category_10|category_4,,,7.62,,0.0,,0.0,,34.56,,31.86,,19.94,,6.02,,0.0,,0.0,,0.0,,0.0,,0.0,
53-1041.00,Aircraft Cargo Handling Supervisors,category_2|category_6|category_1|category_4|category_3,,,0.0,,0.0,,0.0,,10.19,,64.06,,2.55,,4.74,,0.0,,18.46,,0.0,,0.0,,0.0,
53-1042.00,"First-Line Supervisors of Helpers, Laborers, and Material Movers, Hand",category_2|category_4|category_3|category_6|category_5,,,0.0,,0.0,,0.0,,0.0,,35.2,,21.34,,30.77,,4.16,,8.52,,0.0,,0.0,,0.0,
53-1042.01,Recycling Coordinators,category_2|category_6|category_5|category_1|category_3,,,0.0,,0.0,,0.0,,0.0,,47.06,,0.0,,0.0,,22.84,,30.11,,0.0,,0.0,,0.0,
53-1043.00,First-Line Supervisors of Material-Moving Machine and Vehicle Operators,category_2|category_4|category_6|category_5|category_3,,,0.0,,0.0,,0.0,,0.0,,29.86,,2.56,,28.79,,13.57,,25.22,,0.0,,0.0,,0.0,
53-1044.00,First-Line Supervisors of Passenger Attendants,,,category_2|category_4|category_3|category_5|category_1,,0.0,,0.0,,0.0,,11.19,,32.89,,13.83,,27.72,,12.61,,1.75,,0.0,,0.0,,0.0
53-2011.00,"Airline Pilots, Copilots, and Flight Engineers",category_6|category_2|category_1|category_5|category_3,,,0.0,,0.0,,0.0,,8.0,,18.17,,5.08,,1.45,,6.29,,61.02,,0.0,,0.0,,0.0,
53-2012.00,Commercial Pilots,category_3|category_2|category_4|category_1|category_7,,,0.0,,0.0,,0.0,,15.11,,28.63,,36.44,,16.92,,1.09,,0.59,,1.22,,0.0,,0.0,
53-2021.00,Air Traffic Controllers,category_2|category_3|category_6|category_5|category_4,,,0.0,,0.0,,0.0,,1.36,,36.14,,20.79,,5.63,,14.13,,20.12,,1.82,,0.0,,0.0,
53-2022.00,Airfield Operations Specialists,category_6|category_2|category_4|category_5|category_1,,,0.0,,0.0,,0.0,,0.0,,33.83,,0.0,,14.7,,0.61,,50.86,,0.0,,0.0,,0.0,
53-2031.00,Flight Attendants,category_2|category_6|category_4|category_1|category_5,,,0.0,,0.0,,0.0,,3.48,,70.27,,0.84,,10.41,,2.65,,12.35,,0.0,,0.0,,0.0,
53-3011.00,"Ambulance Drivers and Attendants, Except Emergency Medical Technicians",,,category_3|category_2|category_1|category_5|category_4,,0.0,,0.0,,0.0,,14.9,,23.89,,36.47,,8.9,,12.73,,0.0,,0.0,,3.11,,0.0
53-3031.00,Driver/Sales Workers,category_2|category_1|category_3|category_4|category_5,,,0.0,,0.0,,0.0,,35.54,,64.02,,0.44,,0.0,,0.0,,0.0,,0.0,,0.0,,0.0,
53-3032.00,Heavy and Tractor-Trailer Truck Drivers,category_2|category_1|category_3|category_4|category_5,,,0.0,,0.0,,0.0,,25.9,,54.34,,18.51,,1.24,,0.0,,0.0,,0.0,,0.0,,0.0,
53-3033.00,Light Truck Drivers,category_2|category_1|category_5|category_4|category_3,,,0.0,,0.0,,0.0,,24.59,,73.97,,0.0,,0.27,,1.17,,0.0,,0.0,,0.0,,0.0,
53-3051.00,"Bus Drivers, School",category_2|category_1|category_3|category_4|category_5,,,0.0,,0.0,,0.0,,37.28,,59.27,,3.45,,0.0,,0.0,,0.0,,0.0,,0.0,,0.0,
53-3052.00,"Bus Drivers, Transit and Intercity",category_2|category_1|category_3|category_4|category_5,,,0.0,,0.0,,0.0,,13.01,,83.83,,1.66,,1.49,,0.0,,0.0,,0.0,,0.0,,0.0,
53-3053.00,Shuttle Drivers and Chauffeurs,category_2|category_4|category_1|category_3|category_8,,,0.0,,0.0,,0.0,,17.33,,56.23,,0.17,,26.1,,0.0,,0.0,,0.0,,0.17,,0.0,
53-4011.00,Locomotive Engineers,,,category_2|category_3|category_1|category_4|category_5,,0.0,,0.0,,0.0,,8.58,,64.24,,27.18,,0.0,,0.0,,0.0,,0.0,,0.0,,0.0
53-4013.00,"Rail Yard Engineers, Dinkey Operators, and Hostlers",category_2|category_3|category_1|category_4|category_5,,,0.0,,0.0,,0.0,,4.11,,82.54,,13.35,,0.0,,0.0,,0.0,,0.0,,0.0,,0.0,
53-4022.00,"Railroad Brake, Signal, and Switch Operators and Locomotive Firers",,,category_2|category_4|category_5|category_3|category_1,,0.0,,0.0,,0.0,,0.0,,86.98,,2.76,,5.13,,5.13,,0.0,,0.0,,0.0,,0.0
53-4031.00,Railroad Conductors and Yardmasters,category_2|category_3|category_5|category_1|category_4,,,0.0,,0.0,,0.0,,0.0,,85.64,,8.35,,0.0,,6.01,,0.0,,0.0,,0.0,,0.0,
53-4041.00,Subway and Streetcar Operators,category_2|category_3|category_4|category_1|category_5,,,0.0,,0.0,,0.0,,0.0,,86.52,,8.9,,4.58,,0.0,,0.0,,0.0,,0.0,,0.0,
53-5011.00,Sailors and Marine Oilers,,,category_2|category_1|category_6|category_3|category_4,,0.0,,0.0,,0.0,,24.63,,37.17,,13.26,,11.18,,0.0,,13.76,,0.0,,0.0,,0.0
53-5021.00,"Captains, Mates, and Pilots of Water Vessels",category_2|category_3|category_6|category_4|category_1,,,0.41,,0.0,,0.0,,4.46,,41.98,,36.61,,5.47,,2.16,,8.43,,0.0,,0.48,,0.0,
53-5022.00,Motorboat Operators,category_2|category_1|category_6|category_4|category_3,,,0.0,,0.0,,0.91,,34.64,,39.74,,2.15,,8.61,,0.0,,13.95,,0.0,,0.0,,0.0,
53-5031.00,Ship Engineers,category_2|category_3|category_7|category_6|category_4,,,0.0,,0.0,,0.0,,3.08,,47.95,,23.85,,6.15,,0.0,,8.18,,10.79,,0.0,,0.0,
53-6011.00,Bridge and Lock Tenders,category_2|category_3|category_1|category_4|category_5,,,0.0,,0.0,,0.0,,15.0,,65.0,,20.0,,0.0,,0.0,,0.0,,0.0,,0.0,,0.0,
53-6021.00,Parking Attendants,category_2|category_1|category_6|category_3|category_4,,,0.0,,0.0,,0.0,,38.29,,60.75,,0.0,,0.0,,0.0,,0.96,,0.0,,0.0,,0.0,
53-6031.00,Automotive and Watercraft Service Attendants,category_2|category_3|category_1|category_4|category_5,,,0.0,,0.0,,0.0,,16.3,,58.62,,22.65,,2.43,,0.0,,0.0,,0.0,,0.0,,0.0,
53-6032.00,Aircraft Service Attendants,,,category_2|category_3|category_4|category_1|category_5,,0.0,,0.0,,0.0,,1.55,,76.55,,10.95,,10.95,,0.0,,0.0,,0.0,,0.0,,0.0
53-6041.00,Traffic Technicians,category_2|category_4|category_5|category_6|category_3,,,0.0,,0.0,,0.0,,0.0,,42.94,,9.76,,23.16,,12.47,,11.66,,0.0,,0.0,,0.0,
53-6051.01,Aviation Inspectors,category_5|category_2|category_3|category_4|category_6,,,0.0,,0.0,,0.0,,0.0,,29.17,,19.72,,13.53,,33.65,,3.93,,0.0,,0.0,,0.0,
53-6051.07,"Transportation Vehicle, Equipment and Systems Inspectors, Except Aviation",category_2|category_1|category_3|category_4|category_5,,,0.0,,0.0,,0.0,,13.11,,57.78,,12.61,,10.13,,6.37,,0.0,,0.0,,0.0,,0.0,
53-6061.00,Passenger Attendants,,,category_2|category_1|category_3|category_4|category_5,,0.0,,0.0,,0.0,,42.25,,50.14,,7.61,,0.0,,0.0,,0.0,,0.0,,0.0,,0.0
53-7011.00,Conveyor Operators and Tenders,category_1|category_2|category_4|category_3|category_5,,,0.0,,0.0,,0.0,,70.04,,24.32,,0.54,,5.1,,0.0,,0.0,,0.0,,0.0,,0.0,
53-7021.00,Crane and Tower Operators,category_3|category_2|category_1|category_4|category_5,,,0.0,,0.0,,0.0,,7.84,,31.53,,60.63,,0.0,,0.0,,0.0,,0.0,,0.0,,0.0,
53-7031.00,Dredge Operators,category_2|category_3|category_1|category_4|category_5,,,0.0,,0.0,,0.0,,7.18,,79.97,,8.58,,4.27,,0.0,,0.0,,0.0,,0.0,,0.0,
53-7041.00,Hoist and Winch Operators,,,category_2|category_3|category_1|category_4|category_5,,0.0,,0.0,,0.0,,7.63,,65.41,,26.96,,0.0,,0.0,,0.0,,0.0,,0.0,,0.0
53-7051.00,Industrial Truck and Tractor Operators,category_2|category_1|category_4|category_3|category_5,,,0.0,,0.0,,0.0,,22.54,,73.41,,0.0,,4.05,,0.0,,0.0,,0.0,,0.0,,0.0,
53-7061.00,Cleaners of Vehicles and Equipment,category_2|category_1|category_4|category_3|category_5,,,0.0,,0.0,,0.0,,23.76,,54.02,,2.27,,19.94,,0.0,,0.0,,0.0,,0.0,,0.0,
53-7062.00,"Laborers and Freight, Stock, and Material Movers, Hand",category_2|category_1|category_4|category_3|category_5,,,0.0,,0.0,,0.0,,10.56,,88.86,,0.0,,0.58,,0.0,,0.0,,0.0,,0.0,,0.0,
53-7062.04,Recycling and Reclamation Workers,category_2|category_5|category_11|category_1|category_3,,,0.0,,8.01,,0.0,,1.87,,74.12,,1.45,,0.0,,14.55,,0.0,,0.0,,0.0,,0.0,
53-7063.00,Machine Feeders and Offbearers,category_2|category_1|category_3|category_5|category_4,,,0.0,,0.0,,0.0,,20.73,,72.98,,3.99,,0.0,,2.3,,0.0,,0.0,,0.0,,0.0,
53-7064.00,"Packers and Packagers, Hand",category_2|category_1|category_4|category_3|category_5,,,0.0,,0.0,,0.0,,32.52,,53.78,,0.0,,13.7,,0.0,,0.0,,0.0,,0.0,,0.0,
53-7065.00,Stockers and Order Fillers,,,category_2|category_1|category_3|category_4|category_5,,0.0,,0.0,,0.0,,17.16,,78.01,,4.83,,0.0,,0.0,,0.0,,0.0,,0.0,,0.0
53-7071.00,Gas Compressor and Gas Pumping Station Operators,category_2|category_5|category_4|category_3|category_1,,,0.0,,0.0,,0.0,,0.0,,64.6,,10.45,,11.06,,13.89,,0.0,,0.0,,0.0,,0.0,
53-7072.00,"Pump Operators, Except Wellhead Pumpers",category_2|category_6|category_4|category_3|category_5,,,0.0,,0.0,,0.0,,0.0,,60.86,,8.4,,8.48,,4.61,,17.64,,0.0,,0.0,,0.0,
53-7073.00,Wellhead Pumpers,category_2|category_3|category_5|category_1|category_4,,,0.0,,0.0,,0.0,,1.26,,80.46,,10.9,,0.0,,7.38,,0.0,,0.0,,0.0,,0.0,
53-7081.00,Refuse and Recyclable Material Collectors,category_2|category_5|category_3|category_1|category_4,,,0.0,,0.0,,0.0,,1.6,,81.47,,5.74,,0.0,,11.19,,0.0,,0.0,,0.0,,0.0,
53-7121.00,"Tank Car, Truck, and Ship Loaders",category_2|category_1|category_3|category_6|category_4,,,0.0,,0.0,,0.0,,12.01,,81.42,,3.89,,0.91,,0.0,,1.76,,0.0,,0.0,,0.0,
