O*NET-SOC Code,Title,training_and_experience_related_work_experience_ranked,training_and_experience_on_site_training_ranked,training_and_experience_on_the_job_training_ranked,training_and_experience_importance_ranked,training_and_experience_job_related_apprenticeship_importance_value,training_and_experience_on_site_or_in_plant_training_on_site_training_value,training_and_experience_on_the_job_training_on_the_job_training_value,training_and_experience_related_work_experience_related_work_experience_value
11-1011.00,Chief Executives,related_work_experience,on_site_or_in_plant_training,on_the_job_training,job_related_apprenticeship,2.2,10.22,4.57,0.0
11-1011.03,Chief Sustainability Officers,related_work_experience,on_site_or_in_plant_training,on_the_job_training,job_related_apprenticeship,1.81,40.74,25.93,0.0
11-1021.00,General and Operations Managers,related_work_experience,on_site_or_in_plant_training,on_the_job_training,job_related_apprenticeship,2.33,10.96,3.47,10.35
11-2011.00,Advertising and Promotions Managers,related_work_experience,on_site_or_in_plant_training,on_the_job_training,job_related_apprenticeship,2.47,1.45,1.21,0.0
11-2021.00,Marketing Managers,related_work_experience,on_site_or_in_plant_training,on_the_job_training,job_related_apprenticeship,1.3,5.12,26.93,3.95
11-2022.00,Sales Managers,related_work_experience,on_site_or_in_plant_training,on_the_job_training,job_related_apprenticeship,1.48,5.0,0.0,0.0
11-2032.00,Public Relations Managers,related_work_experience,on_site_or_in_plant_training,on_the_job_training,job_related_apprenticeship,2.5,31.43,16.67,0.0
11-2033.00,Fundraising Managers,related_work_experience,on_site_or_in_plant_training,on_the_job_training,job_related_apprenticeship,1.18,6.3,2.37,0.0
11-3012.00,Administrative Services Managers,related_work_experience,on_site_or_in_plant_training,on_the_job_training,,,13.82,1.13,3.21
11-3013.00,Facilities Managers,related_work_experience,on_site_or_in_plant_training,on_the_job_training,job_related_apprenticeship,2.36,5.23,6.26,2.13
11-3013.01,Security Managers,related_work_experience,on_site_or_in_plant_training,on_the_job_training,job_related_apprenticeship,1.8,0.0,5.0,0.0
11-3021.00,Computer and Information Systems Managers,related_work_experience,on_site_or_in_plant_training,on_the_job_training,,,16.82,0.76,0.0
11-3031.00,Financial Managers,related_work_experience,on_site_or_in_plant_training,on_the_job_training,job_related_apprenticeship,1.45,34.21,2.29,9.76
11-3031.01,Treasurers and Controllers,related_work_experience,on_site_or_in_plant_training,on_the_job_training,job_related_apprenticeship,1.42,20.0,13.04,0.0
11-3031.03,Investment Fund Managers,related_work_experience,on_site_or_in_plant_training,on_the_job_training,,,27.75,16.19,0.0
11-3051.00,Industrial Production Managers,related_work_experience,on_site_or_in_plant_training,on_the_job_training,job_related_apprenticeship,2.21,10.41,5.85,7.5
11-3051.01,Quality Control Systems Managers,related_work_experience,on_site_or_in_plant_training,on_the_job_training,job_related_apprenticeship,2.01,2.75,5.52,0.0
11-3051.02,Geothermal Production Managers,related_work_experience,on_site_or_in_plant_training,on_the_job_training,,,2.61,2.61,0.0
11-3051.03,Biofuels Production Managers,related_work_experience,on_site_or_in_plant_training,on_the_job_training,,,0.0,0.0,12.69
11-3051.04,Biomass Power Plant Managers,related_work_experience,on_site_or_in_plant_training,on_the_job_training,job_related_apprenticeship,2.57,1.76,13.65,0.0
11-3051.06,Hydroelectric Production Managers,related_work_experience,on_site_or_in_plant_training,on_the_job_training,,,4.48,0.0,3.03
11-3061.00,Purchasing Managers,related_work_experience,on_site_or_in_plant_training,on_the_job_training,job_related_apprenticeship,1.58,10.53,5.26,0.0
11-3071.04,Supply Chain Managers,related_work_experience,on_site_or_in_plant_training,on_the_job_training,,,9.52,4.76,0.0
11-3111.00,Compensation and Benefits Managers,related_work_experience,on_site_or_in_plant_training,on_the_job_training,job_related_apprenticeship,1.43,23.81,4.76,0.0
11-3121.00,Human Resources Managers,related_work_experience,on_site_or_in_plant_training,on_the_job_training,job_related_apprenticeship,1.68,4.55,13.64,0.0
11-3131.00,Training and Development Managers,related_work_experience,on_site_or_in_plant_training,on_the_job_training,job_related_apprenticeship,1.61,14.29,3.57,0.0
11-9021.00,Construction Managers,related_work_experience,on_site_or_in_plant_training,on_the_job_training,job_related_apprenticeship,2.35,20.0,15.0,10.0
11-9031.00,"Education and Childcare Administrators, Preschool and Daycare",related_work_experience,on_site_or_in_plant_training,on_the_job_training,job_related_apprenticeship,2.81,0.0,2.08,6.25
11-9032.00,"Education Administrators, Kindergarten through Secondary",related_work_experience,on_site_or_in_plant_training,on_the_job_training,job_related_apprenticeship,2.09,17.42,32.57,9.11
11-9033.00,"Education Administrators, Postsecondary",related_work_experience,on_site_or_in_plant_training,on_the_job_training,job_related_apprenticeship,1.53,32.56,16.34,0.0
11-9041.00,Architectural and Engineering Managers,related_work_experience,on_site_or_in_plant_training,on_the_job_training,job_related_apprenticeship,2.13,6.53,0.0,5.05
11-9041.01,Biofuels/Biodiesel Technology and Product Development Managers,related_work_experience,on_site_or_in_plant_training,on_the_job_training,,,17.45,1.1,1.33
11-9051.00,Food Service Managers,related_work_experience,on_site_or_in_plant_training,on_the_job_training,job_related_apprenticeship,2.3,8.37,8.39,15.46
11-9071.00,Gambling Managers,related_work_experience,on_site_or_in_plant_training,on_the_job_training,job_related_apprenticeship,2.01,3.44,0.0,0.0
11-9072.00,"Entertainment and Recreation Managers, Except Gambling",related_work_experience,on_site_or_in_plant_training,on_the_job_training,job_related_apprenticeship,1.81,0.0,0.0,16.87
11-9081.00,Lodging Managers,related_work_experience,on_site_or_in_plant_training,on_the_job_training,,,0.0,0.0,18.32
11-9111.00,Medical and Health Services Managers,related_work_experience,on_site_or_in_plant_training,on_the_job_training,job_related_apprenticeship,2.7,7.41,0.0,0.0
11-9121.00,Natural Sciences Managers,related_work_experience,on_site_or_in_plant_training,on_the_job_training,job_related_apprenticeship,1.73,9.68,2.41,3.32
11-9121.01,Clinical Research Coordinators,related_work_experience,on_site_or_in_plant_training,on_the_job_training,job_related_apprenticeship,1.87,9.16,0.0,0.0
11-9121.02,Water Resource Specialists,related_work_experience,on_site_or_in_plant_training,on_the_job_training,job_related_apprenticeship,1.82,40.91,18.18,18.18
11-9131.00,Postmasters and Mail Superintendents,related_work_experience,on_site_or_in_plant_training,on_the_job_training,,,6.69,6.86,27.12
11-9141.00,"Property, Real Estate, and Community Association Managers",related_work_experience,on_site_or_in_plant_training,on_the_job_training,job_related_apprenticeship,2.11,11.11,3.85,3.7
11-9151.00,Social and Community Service Managers,related_work_experience,on_site_or_in_plant_training,on_the_job_training,job_related_apprenticeship,2.02,16.12,0.0,0.0
11-9161.00,Emergency Management Directors,related_work_experience,on_site_or_in_plant_training,on_the_job_training,job_related_apprenticeship,2.36,9.09,4.55,0.0
11-9171.00,Funeral Home Managers,related_work_experience,on_site_or_in_plant_training,on_the_job_training,job_related_apprenticeship,3.47,0.0,0.0,28.09
11-9179.01,Fitness and Wellness Coordinators,related_work_experience,on_site_or_in_plant_training,on_the_job_training,job_related_apprenticeship,2.73,19.23,19.23,0.0
11-9179.02,Spa Managers,related_work_experience,on_site_or_in_plant_training,on_the_job_training,job_related_apprenticeship,1.37,0.86,0.35,0.0
11-9199.01,Regulatory Affairs Managers,related_work_experience,on_site_or_in_plant_training,on_the_job_training,job_related_apprenticeship,1.52,21.74,0.0,0.0
11-9199.02,Compliance Managers,related_work_experience,on_site_or_in_plant_training,on_the_job_training,job_related_apprenticeship,2.35,4.41,0.0,13.44
11-9199.08,Loss Prevention Managers,related_work_experience,on_site_or_in_plant_training,on_the_job_training,job_related_apprenticeship,1.43,4.76,0.0,0.0
11-9199.09,Wind Energy Operations Managers,related_work_experience,on_site_or_in_plant_training,on_the_job_training,job_related_apprenticeship,1.74,0.0,0.0,0.0
11-9199.10,Wind Energy Development Managers,related_work_experience,on_site_or_in_plant_training,on_the_job_training,,,11.34,6.14,0.0
11-9199.11,Brownfield Redevelopment Specialists and Site Managers,related_work_experience,on_site_or_in_plant_training,on_the_job_training,job_related_apprenticeship,1.55,36.36,4.55,4.55
13-1011.00,"Agents and Business Managers of Artists, Performers, and Athletes",related_work_experience,on_site_or_in_plant_training,on_the_job_training,,,32.29,0.0,0.0
13-1021.00,"Buyers and Purchasing Agents, Farm Products",related_work_experience,on_site_or_in_plant_training,on_the_job_training,job_related_apprenticeship,1.96,0.0,0.0,0.06
13-1022.00,"Wholesale and Retail Buyers, Except Farm Products",related_work_experience,on_site_or_in_plant_training,on_the_job_training,job_related_apprenticeship,2.13,3.79,8.15,9.12
13-1023.00,"Purchasing Agents, Except Wholesale, Retail, and Farm Products",related_work_experience,on_site_or_in_plant_training,on_the_job_training,job_related_apprenticeship,1.65,25.0,5.0,5.0
13-1031.00,"Claims Adjusters, Examiners, and Investigators",related_work_experience,on_site_or_in_plant_training,on_the_job_training,job_related_apprenticeship,2.38,7.14,7.14,7.41
13-1032.00,"Insurance Appraisers, Auto Damage",related_work_experience,on_site_or_in_plant_training,on_the_job_training,,,0.0,0.0,15.94
13-1041.01,Environmental Compliance Inspectors,related_work_experience,on_site_or_in_plant_training,on_the_job_training,job_related_apprenticeship,1.9,0.0,0.0,25.0
13-1041.03,Equal Opportunity Representatives and Officers,related_work_experience,on_site_or_in_plant_training,on_the_job_training,,,17.27,5.61,6.78
13-1041.04,Government Property Inspectors and Investigators,related_work_experience,on_site_or_in_plant_training,on_the_job_training,,,9.0,0.0,11.13
13-1041.06,Coroners,related_work_experience,on_site_or_in_plant_training,on_the_job_training,job_related_apprenticeship,2.6,0.0,0.0,15.0
13-1041.07,Regulatory Affairs Specialists,related_work_experience,on_site_or_in_plant_training,on_the_job_training,job_related_apprenticeship,1.85,11.11,3.7,3.7
13-1041.08,Customs Brokers,related_work_experience,on_site_or_in_plant_training,on_the_job_training,job_related_apprenticeship,2.3,20.0,0.0,20.0
13-1051.00,Cost Estimators,related_work_experience,on_site_or_in_plant_training,on_the_job_training,job_related_apprenticeship,2.36,4.55,0.0,13.64
13-1071.00,Human Resources Specialists,related_work_experience,on_site_or_in_plant_training,on_the_job_training,job_related_apprenticeship,1.91,32.29,1.36,1.62
13-1074.00,Farm Labor Contractors,related_work_experience,on_site_or_in_plant_training,on_the_job_training,job_related_apprenticeship,2.82,0.0,0.0,0.0
13-1075.00,Labor Relations Specialists,related_work_experience,on_site_or_in_plant_training,on_the_job_training,job_related_apprenticeship,2.05,14.29,0.0,0.0
13-1081.00,Logisticians,related_work_experience,on_site_or_in_plant_training,on_the_job_training,,,16.67,4.17,8.33
13-1081.01,Logistics Engineers,related_work_experience,on_site_or_in_plant_training,on_the_job_training,job_related_apprenticeship,1.91,4.35,0.0,8.7
13-1081.02,Logistics Analysts,related_work_experience,on_site_or_in_plant_training,on_the_job_training,job_related_apprenticeship,2.0,4.55,9.09,0.0
13-1082.00,Project Management Specialists,related_work_experience,on_site_or_in_plant_training,on_the_job_training,job_related_apprenticeship,2.61,15.15,6.06,0.0
13-1111.00,Management Analysts,related_work_experience,on_site_or_in_plant_training,on_the_job_training,job_related_apprenticeship,1.9,14.29,0.0,0.0
13-1121.00,"Meeting, Convention, and Event Planners",related_work_experience,on_site_or_in_plant_training,on_the_job_training,,,35.17,0.0,1.22
13-1131.00,Fundraisers,related_work_experience,on_site_or_in_plant_training,on_the_job_training,job_related_apprenticeship,1.67,33.33,14.29,0.0
13-1141.00,"Compensation, Benefits, and Job Analysis Specialists",related_work_experience,on_site_or_in_plant_training,on_the_job_training,job_related_apprenticeship,1.62,23.81,9.52,4.76
13-1151.00,Training and Development Specialists,related_work_experience,on_site_or_in_plant_training,on_the_job_training,job_related_apprenticeship,1.61,9.09,0.0,4.35
13-1161.00,Market Research Analysts and Marketing Specialists,related_work_experience,on_site_or_in_plant_training,on_the_job_training,job_related_apprenticeship,1.8,42.11,11.11,0.0
13-1161.01,Search Marketing Strategists,related_work_experience,on_site_or_in_plant_training,on_the_job_training,job_related_apprenticeship,1.52,21.74,8.7,0.0
13-1199.04,Business Continuity Planners,related_work_experience,on_site_or_in_plant_training,on_the_job_training,job_related_apprenticeship,2.13,17.39,0.0,0.0
13-1199.05,Sustainability Specialists,related_work_experience,on_site_or_in_plant_training,on_the_job_training,job_related_apprenticeship,2.04,30.43,13.04,4.35
13-1199.06,Online Merchants,related_work_experience,on_site_or_in_plant_training,on_the_job_training,,,16.61,0.0,16.67
13-1199.07,Security Management Specialists,related_work_experience,on_site_or_in_plant_training,on_the_job_training,job_related_apprenticeship,1.95,10.0,5.0,0.0
13-2011.00,Accountants and Auditors,related_work_experience,on_site_or_in_plant_training,on_the_job_training,job_related_apprenticeship,2.41,27.59,6.9,34.48
13-2022.00,Appraisers of Personal and Business Property,related_work_experience,on_site_or_in_plant_training,on_the_job_training,job_related_apprenticeship,3.04,13.04,4.35,8.7
13-2023.00,Appraisers and Assessors of Real Estate,related_work_experience,on_site_or_in_plant_training,on_the_job_training,job_related_apprenticeship,4.5,8.33,4.17,16.67
13-2031.00,Budget Analysts,related_work_experience,on_site_or_in_plant_training,on_the_job_training,job_related_apprenticeship,1.06,12.56,0.0,7.09
13-2041.00,Credit Analysts,related_work_experience,on_site_or_in_plant_training,on_the_job_training,job_related_apprenticeship,1.79,30.0,10.0,25.0
13-2052.00,Personal Financial Advisors,related_work_experience,on_site_or_in_plant_training,on_the_job_training,job_related_apprenticeship,2.6,23.08,0.0,15.38
13-2053.00,Insurance Underwriters,related_work_experience,on_site_or_in_plant_training,on_the_job_training,job_related_apprenticeship,1.8,26.67,0.0,40.0
13-2061.00,Financial Examiners,related_work_experience,on_site_or_in_plant_training,on_the_job_training,job_related_apprenticeship,2.0,0.0,0.0,39.13
13-2071.00,Credit Counselors,related_work_experience,on_site_or_in_plant_training,on_the_job_training,job_related_apprenticeship,2.93,6.67,3.33,20.69
13-2072.00,Loan Officers,related_work_experience,on_site_or_in_plant_training,on_the_job_training,job_related_apprenticeship,2.1,18.84,0.0,0.0
13-2081.00,"Tax Examiners and Collectors, and Revenue Agents",related_work_experience,on_site_or_in_plant_training,on_the_job_training,job_related_apprenticeship,1.94,24.52,3.14,0.59
13-2082.00,Tax Preparers,related_work_experience,on_site_or_in_plant_training,on_the_job_training,job_related_apprenticeship,2.1,14.29,4.76,28.57
13-2099.01,Financial Quantitative Analysts,related_work_experience,on_site_or_in_plant_training,on_the_job_training,job_related_apprenticeship,1.8,30.0,0.0,10.0
13-2099.04,"Fraud Examiners, Investigators and Analysts",related_work_experience,on_site_or_in_plant_training,on_the_job_training,job_related_apprenticeship,2.83,12.5,0.0,8.33
15-1211.00,Computer Systems Analysts,related_work_experience,on_site_or_in_plant_training,on_the_job_training,job_related_apprenticeship,1.39,48.76,4.48,0.0
15-1211.01,Health Informatics Specialists,related_work_experience,on_site_or_in_plant_training,on_the_job_training,job_related_apprenticeship,2.29,14.29,0.0,5.0
15-1212.00,Information Security Analysts,related_work_experience,on_site_or_in_plant_training,on_the_job_training,,,22.65,12.73,1.13
15-1221.00,Computer and Information Research Scientists,related_work_experience,on_site_or_in_plant_training,on_the_job_training,,,6.11,13.64,13.9
15-1231.00,Computer Network Support Specialists,related_work_experience,on_site_or_in_plant_training,on_the_job_training,,,6.19,0.0,0.0
15-1232.00,Computer User Support Specialists,related_work_experience,on_site_or_in_plant_training,on_the_job_training,job_related_apprenticeship,1.51,5.64,0.0,0.32
15-1241.00,Computer Network Architects,related_work_experience,on_site_or_in_plant_training,on_the_job_training,job_related_apprenticeship,2.05,5.0,5.26,0.0
15-1241.01,Telecommunications Engineering Specialists,related_work_experience,on_site_or_in_plant_training,on_the_job_training,job_related_apprenticeship,2.94,9.68,0.0,6.45
15-1242.00,Database Administrators,related_work_experience,on_site_or_in_plant_training,on_the_job_training,job_related_apprenticeship,2.3,29.41,0.0,1.29
15-1243.00,Database Architects,related_work_experience,on_site_or_in_plant_training,on_the_job_training,job_related_apprenticeship,2.05,33.33,9.52,0.0
15-1243.01,Data Warehousing Specialists,related_work_experience,on_site_or_in_plant_training,on_the_job_training,job_related_apprenticeship,1.68,26.09,17.39,0.0
15-1244.00,Network and Computer Systems Administrators,related_work_experience,on_site_or_in_plant_training,on_the_job_training,job_related_apprenticeship,2.79,10.0,3.33,0.0
15-1251.00,Computer Programmers,related_work_experience,on_site_or_in_plant_training,on_the_job_training,,,35.23,2.43,2.97
15-1252.00,Software Developers,related_work_experience,on_site_or_in_plant_training,on_the_job_training,job_related_apprenticeship,2.23,43.02,11.92,4.42
15-1253.00,Software Quality Assurance Analysts and Testers,related_work_experience,on_site_or_in_plant_training,on_the_job_training,job_related_apprenticeship,2.0,23.53,8.82,8.82
15-1254.00,Web Developers,related_work_experience,on_site_or_in_plant_training,on_the_job_training,job_related_apprenticeship,1.95,41.67,12.5,12.5
15-1255.00,Web and Digital Interface Designers,related_work_experience,on_site_or_in_plant_training,on_the_job_training,job_related_apprenticeship,2.42,7.08,2.94,0.0
15-1255.01,Video Game Designers,related_work_experience,on_site_or_in_plant_training,on_the_job_training,job_related_apprenticeship,2.15,45.0,5.0,10.0
15-1299.01,Web Administrators,related_work_experience,on_site_or_in_plant_training,on_the_job_training,job_related_apprenticeship,2.1,30.0,5.0,0.0
15-1299.02,Geographic Information Systems Technologists and Technicians,related_work_experience,on_site_or_in_plant_training,on_the_job_training,job_related_apprenticeship,2.32,16.43,0.0,6.26
15-1299.03,Document Management Specialists,related_work_experience,on_site_or_in_plant_training,on_the_job_training,job_related_apprenticeship,1.9,10.53,10.0,0.0
15-1299.04,Penetration Testers,related_work_experience,on_site_or_in_plant_training,on_the_job_training,job_related_apprenticeship,2.8,15.0,0.0,5.0
15-1299.05,Information Security Engineers,related_work_experience,on_site_or_in_plant_training,on_the_job_training,job_related_apprenticeship,1.74,26.32,5.26,10.53
15-1299.06,Digital Forensics Analysts,related_work_experience,on_site_or_in_plant_training,on_the_job_training,job_related_apprenticeship,2.81,11.11,3.7,11.11
15-1299.07,Blockchain Engineers,related_work_experience,on_site_or_in_plant_training,on_the_job_training,job_related_apprenticeship,2.56,6.25,6.25,6.25
15-1299.08,Computer Systems Engineers/Architects,related_work_experience,on_site_or_in_plant_training,on_the_job_training,job_related_apprenticeship,2.14,4.55,0.0,4.55
15-1299.09,Information Technology Project Managers,related_work_experience,on_site_or_in_plant_training,on_the_job_training,job_related_apprenticeship,2.38,4.76,0.0,0.0
15-2011.00,Actuaries,related_work_experience,on_site_or_in_plant_training,on_the_job_training,job_related_apprenticeship,2.72,50.0,0.0,44.12
15-2021.00,Mathematicians,related_work_experience,on_site_or_in_plant_training,on_the_job_training,job_related_apprenticeship,2.4,45.0,35.0,25.0
15-2031.00,Operations Research Analysts,related_work_experience,on_site_or_in_plant_training,on_the_job_training,job_related_apprenticeship,1.86,23.81,9.52,25.0
15-2041.00,Statisticians,related_work_experience,on_site_or_in_plant_training,on_the_job_training,job_related_apprenticeship,1.9,38.1,5.0,28.57
15-2041.01,Biostatisticians,related_work_experience,on_site_or_in_plant_training,on_the_job_training,job_related_apprenticeship,2.08,16.67,4.17,16.67
15-2051.00,Data Scientists,related_work_experience,on_site_or_in_plant_training,on_the_job_training,job_related_apprenticeship,1.64,44.0,12.5,28.0
15-2051.01,Business Intelligence Analysts,related_work_experience,on_site_or_in_plant_training,on_the_job_training,job_related_apprenticeship,1.82,27.27,13.64,0.0
15-2051.02,Clinical Data Managers,related_work_experience,on_site_or_in_plant_training,on_the_job_training,,,15.0,15.0,5.0
15-2099.01,Bioinformatics Technicians,related_work_experience,on_site_or_in_plant_training,on_the_job_training,,,36.31,3.91,2.86
17-1011.00,"Architects, Except Landscape and Naval",related_work_experience,on_site_or_in_plant_training,on_the_job_training,job_related_apprenticeship,3.39,21.74,8.7,13.04
17-1012.00,Landscape Architects,related_work_experience,on_site_or_in_plant_training,on_the_job_training,job_related_apprenticeship,3.15,36.84,5.0,5.26
17-1021.00,Cartographers and Photogrammetrists,related_work_experience,on_site_or_in_plant_training,on_the_job_training,,,24.9,0.0,35.73
17-1022.00,Surveyors,related_work_experience,on_site_or_in_plant_training,on_the_job_training,job_related_apprenticeship,3.5,20.0,5.0,20.0
17-1022.01,Geodetic Surveyors,related_work_experience,on_site_or_in_plant_training,on_the_job_training,job_related_apprenticeship,2.3,3.7,0.0,14.81
17-2011.00,Aerospace Engineers,related_work_experience,on_site_or_in_plant_training,on_the_job_training,job_related_apprenticeship,1.51,20.2,0.0,15.05
17-2021.00,Agricultural Engineers,related_work_experience,on_site_or_in_plant_training,on_the_job_training,job_related_apprenticeship,2.3,15.0,0.0,25.0
17-2031.00,Bioengineers and Biomedical Engineers,related_work_experience,on_site_or_in_plant_training,on_the_job_training,job_related_apprenticeship,2.43,17.39,4.35,26.09
17-2041.00,Chemical Engineers,related_work_experience,on_site_or_in_plant_training,on_the_job_training,job_related_apprenticeship,1.78,8.7,0.0,30.43
17-2051.00,Civil Engineers,related_work_experience,on_site_or_in_plant_training,on_the_job_training,job_related_apprenticeship,2.71,42.86,14.29,23.81
17-2051.01,Transportation Engineers,related_work_experience,on_site_or_in_plant_training,on_the_job_training,job_related_apprenticeship,2.41,31.82,4.55,36.36
17-2051.02,Water/Wastewater Engineers,related_work_experience,on_site_or_in_plant_training,on_the_job_training,job_related_apprenticeship,2.17,34.78,8.7,18.18
17-2061.00,Computer Hardware Engineers,related_work_experience,on_site_or_in_plant_training,on_the_job_training,job_related_apprenticeship,1.93,17.24,10.34,10.34
17-2071.00,Electrical Engineers,related_work_experience,on_site_or_in_plant_training,on_the_job_training,job_related_apprenticeship,1.62,9.03,1.11,0.0
17-2072.00,"Electronics Engineers, Except Computer",related_work_experience,on_site_or_in_plant_training,on_the_job_training,job_related_apprenticeship,1.62,4.69,2.11,11.05
17-2072.01,Radio Frequency Identification Device Specialists,related_work_experience,on_site_or_in_plant_training,on_the_job_training,,,9.16,0.0,0.0
17-2081.00,Environmental Engineers,related_work_experience,on_site_or_in_plant_training,on_the_job_training,job_related_apprenticeship,1.9,38.1,19.05,42.86
17-2111.02,Fire-Prevention and Protection Engineers,related_work_experience,on_site_or_in_plant_training,on_the_job_training,job_related_apprenticeship,2.38,34.62,7.69,30.77
17-2112.00,Industrial Engineers,related_work_experience,on_site_or_in_plant_training,on_the_job_training,,,10.69,0.0,0.0
17-2112.01,Human Factors Engineers and Ergonomists,related_work_experience,on_site_or_in_plant_training,on_the_job_training,job_related_apprenticeship,2.2,25.0,0.0,25.0
17-2112.02,Validation Engineers,related_work_experience,on_site_or_in_plant_training,on_the_job_training,job_related_apprenticeship,1.9,5.0,5.0,0.0
17-2112.03,Manufacturing Engineers,related_work_experience,on_site_or_in_plant_training,on_the_job_training,job_related_apprenticeship,2.27,19.23,11.54,15.38
17-2121.00,Marine Engineers and Naval Architects,related_work_experience,on_site_or_in_plant_training,on_the_job_training,job_related_apprenticeship,2.58,15.79,0.0,5.26
17-2131.00,Materials Engineers,related_work_experience,on_site_or_in_plant_training,on_the_job_training,job_related_apprenticeship,2.12,12.0,0.0,32.0
17-2141.00,Mechanical Engineers,related_work_experience,on_site_or_in_plant_training,on_the_job_training,job_related_apprenticeship,2.26,13.57,4.76,9.31
17-2141.01,Fuel Cell Engineers,related_work_experience,on_site_or_in_plant_training,on_the_job_training,job_related_apprenticeship,1.91,9.09,4.55,13.64
17-2141.02,Automotive Engineers,related_work_experience,on_site_or_in_plant_training,on_the_job_training,job_related_apprenticeship,2.05,0.0,0.0,23.81
17-2151.00,"Mining and Geological Engineers, Including Mining Safety Engineers",related_work_experience,on_site_or_in_plant_training,on_the_job_training,job_related_apprenticeship,1.83,9.37,1.24,9.08
17-2161.00,Nuclear Engineers,related_work_experience,on_site_or_in_plant_training,on_the_job_training,job_related_apprenticeship,1.76,0.0,4.76,14.29
17-2171.00,Petroleum Engineers,related_work_experience,on_site_or_in_plant_training,on_the_job_training,job_related_apprenticeship,1.76,0.78,5.41,5.8
17-2199.03,"Energy Engineers, Except Wind and Solar",related_work_experience,on_site_or_in_plant_training,on_the_job_training,job_related_apprenticeship,2.2,10.0,0.0,20.0
17-2199.05,Mechatronics Engineers,related_work_experience,on_site_or_in_plant_training,on_the_job_training,job_related_apprenticeship,1.45,26.52,0.0,26.52
17-2199.06,Microsystems Engineers,related_work_experience,on_site_or_in_plant_training,on_the_job_training,,,8.61,2.23,0.0
17-2199.07,Photonics Engineers,related_work_experience,on_site_or_in_plant_training,on_the_job_training,job_related_apprenticeship,1.74,17.39,4.35,26.09
17-2199.08,Robotics Engineers,related_work_experience,on_site_or_in_plant_training,on_the_job_training,job_related_apprenticeship,1.93,10.0,3.33,3.33
17-2199.09,Nanosystems Engineers,related_work_experience,on_site_or_in_plant_training,on_the_job_training,job_related_apprenticeship,2.1,9.52,0.0,19.05
17-2199.10,Wind Energy Engineers,related_work_experience,on_site_or_in_plant_training,on_the_job_training,,,11.96,2.75,2.86
17-2199.11,Solar Energy Systems Engineers,related_work_experience,on_site_or_in_plant_training,on_the_job_training,job_related_apprenticeship,2.36,14.29,0.0,10.71
17-3011.00,Architectural and Civil Drafters,related_work_experience,on_site_or_in_plant_training,on_the_job_training,job_related_apprenticeship,3.51,32.07,13.26,12.01
17-3012.00,Electrical and Electronics Drafters,related_work_experience,on_site_or_in_plant_training,on_the_job_training,,,14.22,1.05,12.68
17-3013.00,Mechanical Drafters,related_work_experience,on_site_or_in_plant_training,on_the_job_training,job_related_apprenticeship,2.1,12.03,0.0,21.16
17-3021.00,Aerospace Engineering and Operations Technologists and Technicians,related_work_experience,on_site_or_in_plant_training,on_the_job_training,,,6.18,0.0,7.92
17-3022.00,Civil Engineering Technologists and Technicians,related_work_experience,on_site_or_in_plant_training,on_the_job_training,,,2.99,0.0,1.1
17-3023.00,Electrical and Electronic Engineering Technologists and Technicians,related_work_experience,on_site_or_in_plant_training,on_the_job_training,job_related_apprenticeship,3.13,2.15,12.69,14.36
17-3024.00,Electro-Mechanical and Mechatronics Technologists and Technicians,related_work_experience,on_site_or_in_plant_training,on_the_job_training,,,4.88,0.0,1.83
17-3024.01,Robotics Technicians,related_work_experience,on_site_or_in_plant_training,on_the_job_training,job_related_apprenticeship,2.57,4.55,0.0,0.0
17-3025.00,Environmental Engineering Technologists and Technicians,related_work_experience,on_site_or_in_plant_training,on_the_job_training,,,11.49,11.49,10.95
17-3026.00,Industrial Engineering Technologists and Technicians,related_work_experience,on_site_or_in_plant_training,on_the_job_training,job_related_apprenticeship,2.23,0.0,0.0,5.57
17-3026.01,Nanotechnology Engineering Technologists and Technicians,related_work_experience,on_site_or_in_plant_training,on_the_job_training,job_related_apprenticeship,2.3,5.0,5.0,5.0
17-3027.00,Mechanical Engineering Technologists and Technicians,related_work_experience,on_site_or_in_plant_training,on_the_job_training,job_related_apprenticeship,1.6,4.55,0.0,3.47
17-3027.01,Automotive Engineering Technicians,related_work_experience,on_site_or_in_plant_training,on_the_job_training,,,7.41,3.7,11.11
17-3029.01,Non-Destructive Testing Specialists,related_work_experience,on_site_or_in_plant_training,on_the_job_training,job_related_apprenticeship,2.91,4.55,0.0,36.36
17-3029.08,Photonics Technicians,related_work_experience,on_site_or_in_plant_training,on_the_job_training,job_related_apprenticeship,2.14,4.55,0.0,13.64
17-3031.00,Surveying and Mapping Technicians,related_work_experience,on_site_or_in_plant_training,on_the_job_training,job_related_apprenticeship,2.17,6.06,0.0,7.88
19-1011.00,Animal Scientists,related_work_experience,on_site_or_in_plant_training,on_the_job_training,job_related_apprenticeship,2.26,17.39,13.04,8.7
19-1012.00,Food Scientists and Technologists,related_work_experience,on_site_or_in_plant_training,on_the_job_training,job_related_apprenticeship,2.32,9.09,0.0,31.82
19-1013.00,Soil and Plant Scientists,related_work_experience,on_site_or_in_plant_training,on_the_job_training,job_related_apprenticeship,2.19,9.52,0.0,9.52
19-1021.00,Biochemists and Biophysicists,related_work_experience,on_site_or_in_plant_training,on_the_job_training,job_related_apprenticeship,2.8,15.0,5.0,15.0
19-1022.00,Microbiologists,related_work_experience,on_site_or_in_plant_training,on_the_job_training,job_related_apprenticeship,2.41,13.64,0.0,4.55
19-1023.00,Zoologists and Wildlife Biologists,related_work_experience,on_site_or_in_plant_training,on_the_job_training,job_related_apprenticeship,2.86,6.9,3.45,3.45
19-1029.01,Bioinformatics Scientists,related_work_experience,on_site_or_in_plant_training,on_the_job_training,job_related_apprenticeship,3.01,2.41,0.39,0.0
19-1029.02,Molecular and Cellular Biologists,related_work_experience,on_site_or_in_plant_training,on_the_job_training,job_related_apprenticeship,3.04,15.38,0.0,7.69
19-1029.03,Geneticists,related_work_experience,on_site_or_in_plant_training,on_the_job_training,job_related_apprenticeship,2.84,24.0,8.0,8.33
19-1029.04,Biologists,related_work_experience,on_site_or_in_plant_training,on_the_job_training,job_related_apprenticeship,1.83,21.61,1.84,0.0
19-1031.00,Conservation Scientists,related_work_experience,on_site_or_in_plant_training,on_the_job_training,job_related_apprenticeship,2.13,8.7,4.55,17.39
19-1031.02,Range Managers,related_work_experience,on_site_or_in_plant_training,on_the_job_training,job_related_apprenticeship,2.08,12.5,8.33,12.5
19-1031.03,Park Naturalists,related_work_experience,on_site_or_in_plant_training,on_the_job_training,job_related_apprenticeship,1.96,10.71,0.0,0.0
19-1032.00,Foresters,related_work_experience,on_site_or_in_plant_training,on_the_job_training,job_related_apprenticeship,2.6,12.24,0.0,12.24
19-1041.00,Epidemiologists,related_work_experience,on_site_or_in_plant_training,on_the_job_training,job_related_apprenticeship,2.61,35.29,17.65,17.65
19-1042.00,"Medical Scientists, Except Epidemiologists",related_work_experience,on_site_or_in_plant_training,on_the_job_training,job_related_apprenticeship,3.18,15.11,7.37,0.0
19-2011.00,Astronomers,related_work_experience,on_site_or_in_plant_training,on_the_job_training,job_related_apprenticeship,2.52,56.52,17.39,21.74
19-2012.00,Physicists,related_work_experience,on_site_or_in_plant_training,on_the_job_training,job_related_apprenticeship,2.55,31.03,20.69,10.0
19-2021.00,Atmospheric and Space Scientists,related_work_experience,on_site_or_in_plant_training,on_the_job_training,job_related_apprenticeship,1.6,30.0,5.0,5.0
19-2031.00,Chemists,related_work_experience,on_site_or_in_plant_training,on_the_job_training,job_related_apprenticeship,2.53,6.14,0.0,11.25
19-2032.00,Materials Scientists,related_work_experience,on_site_or_in_plant_training,on_the_job_training,job_related_apprenticeship,1.86,9.52,4.76,23.81
19-2041.00,"Environmental Scientists and Specialists, Including Health",related_work_experience,on_site_or_in_plant_training,on_the_job_training,job_related_apprenticeship,2.57,1.15,0.0,5.83
19-2041.01,Climate Change Policy Analysts,related_work_experience,on_site_or_in_plant_training,on_the_job_training,job_related_apprenticeship,1.78,43.48,21.74,0.0
19-2041.02,Environmental Restoration Planners,related_work_experience,on_site_or_in_plant_training,on_the_job_training,job_related_apprenticeship,2.36,27.27,9.09,0.0
19-2041.03,Industrial Ecologists,related_work_experience,on_site_or_in_plant_training,on_the_job_training,job_related_apprenticeship,1.78,31.82,13.04,0.0
19-2042.00,"Geoscientists, Except Hydrologists and Geographers",related_work_experience,on_site_or_in_plant_training,on_the_job_training,job_related_apprenticeship,1.48,7.41,7.41,33.33
19-2043.00,Hydrologists,related_work_experience,on_site_or_in_plant_training,on_the_job_training,job_related_apprenticeship,1.57,9.09,0.0,23.81
19-2099.01,Remote Sensing Scientists and Technologists,related_work_experience,on_site_or_in_plant_training,on_the_job_training,job_related_apprenticeship,2.04,4.0,4.0,12.0
19-3011.00,Economists,related_work_experience,on_site_or_in_plant_training,on_the_job_training,job_related_apprenticeship,1.58,50.0,12.5,29.17
19-3011.01,Environmental Economists,related_work_experience,on_site_or_in_plant_training,on_the_job_training,job_related_apprenticeship,1.74,77.78,55.56,40.74
19-3022.00,Survey Researchers,related_work_experience,on_site_or_in_plant_training,on_the_job_training,job_related_apprenticeship,1.46,26.92,0.0,0.0
19-3032.00,Industrial-Organizational Psychologists,related_work_experience,on_site_or_in_plant_training,on_the_job_training,job_related_apprenticeship,1.88,42.31,19.23,3.85
19-3033.00,Clinical and Counseling Psychologists,related_work_experience,on_site_or_in_plant_training,on_the_job_training,job_related_apprenticeship,4.6,20.0,0.0,0.0
19-3034.00,School Psychologists,related_work_experience,on_site_or_in_plant_training,on_the_job_training,job_related_apprenticeship,4.6,30.77,7.69,19.23
19-3039.02,Neuropsychologists,related_work_experience,on_site_or_in_plant_training,on_the_job_training,job_related_apprenticeship,3.68,20.0,20.0,20.0
19-3039.03,Clinical Neuropsychologists,related_work_experience,on_site_or_in_plant_training,on_the_job_training,job_related_apprenticeship,4.17,37.5,25.0,16.67
19-3041.00,Sociologists,related_work_experience,on_site_or_in_plant_training,on_the_job_training,job_related_apprenticeship,2.05,42.11,26.32,42.11
19-3051.00,Urban and Regional Planners,related_work_experience,on_site_or_in_plant_training,on_the_job_training,job_related_apprenticeship,2.32,52.0,24.0,4.0
19-3091.00,Anthropologists and Archeologists,related_work_experience,on_site_or_in_plant_training,on_the_job_training,job_related_apprenticeship,2.25,15.0,20.0,5.0
19-3092.00,Geographers,related_work_experience,on_site_or_in_plant_training,on_the_job_training,job_related_apprenticeship,2.1,20.0,15.0,15.0
19-3093.00,Historians,related_work_experience,on_site_or_in_plant_training,on_the_job_training,job_related_apprenticeship,1.73,15.44,20.06,9.39
19-3094.00,Political Scientists,related_work_experience,on_site_or_in_plant_training,on_the_job_training,job_related_apprenticeship,1.88,42.31,60.0,24.0
19-3099.01,Transportation Planners,related_work_experience,on_site_or_in_plant_training,on_the_job_training,job_related_apprenticeship,1.7,45.0,15.0,25.0
19-4012.00,Agricultural Technicians,related_work_experience,on_site_or_in_plant_training,on_the_job_training,job_related_apprenticeship,2.15,20.4,3.19,12.06
19-4012.01,Precision Agriculture Technicians,related_work_experience,on_site_or_in_plant_training,on_the_job_training,job_related_apprenticeship,2.09,4.35,0.0,17.39
19-4013.00,Food Science Technicians,related_work_experience,on_site_or_in_plant_training,on_the_job_training,job_related_apprenticeship,1.51,11.59,0.0,13.94
19-4021.00,Biological Technicians,related_work_experience,on_site_or_in_plant_training,on_the_job_training,job_related_apprenticeship,1.7,0.0,0.0,4.26
19-4031.00,Chemical Technicians,related_work_experience,on_site_or_in_plant_training,on_the_job_training,job_related_apprenticeship,1.61,13.23,0.0,11.71
19-4042.00,"Environmental Science and Protection Technicians, Including Health",related_work_experience,on_site_or_in_plant_training,on_the_job_training,job_related_apprenticeship,1.68,31.82,4.55,31.82
19-4051.02,Nuclear Monitoring Technicians,related_work_experience,on_site_or_in_plant_training,on_the_job_training,,,0.0,0.0,24.32
19-4061.00,Social Science Research Assistants,related_work_experience,on_site_or_in_plant_training,on_the_job_training,,,19.43,4.68,14.5
19-4071.00,Forest and Conservation Technicians,related_work_experience,on_site_or_in_plant_training,on_the_job_training,,,0.0,3.54,11.11
19-4092.00,Forensic Science Technicians,related_work_experience,on_site_or_in_plant_training,on_the_job_training,job_related_apprenticeship,2.36,17.06,0.0,30.79
19-4099.01,Quality Control Analysts,related_work_experience,on_site_or_in_plant_training,on_the_job_training,job_related_apprenticeship,1.69,12.18,0.0,33.7
19-4099.03,Remote Sensing Technicians,related_work_experience,on_site_or_in_plant_training,on_the_job_training,,,12.56,0.0,12.49
19-5011.00,Occupational Health and Safety Specialists,related_work_experience,on_site_or_in_plant_training,on_the_job_training,job_related_apprenticeship,1.95,8.7,4.35,4.35
19-5012.00,Occupational Health and Safety Technicians,related_work_experience,on_site_or_in_plant_training,on_the_job_training,job_related_apprenticeship,2.24,0.0,0.0,4.76
21-1011.00,Substance Abuse and Behavioral Disorder Counselors,related_work_experience,on_site_or_in_plant_training,on_the_job_training,job_related_apprenticeship,3.67,0.0,0.0,8.33
21-1012.00,"Educational, Guidance, and Career Counselors and Advisors",related_work_experience,on_site_or_in_plant_training,on_the_job_training,job_related_apprenticeship,1.65,5.63,2.85,3.24
21-1013.00,Marriage and Family Therapists,related_work_experience,on_site_or_in_plant_training,on_the_job_training,job_related_apprenticeship,4.37,10.0,20.0,6.67
21-1014.00,Mental Health Counselors,related_work_experience,on_site_or_in_plant_training,on_the_job_training,job_related_apprenticeship,4.25,7.14,0.0,3.57
21-1015.00,Rehabilitation Counselors,related_work_experience,on_site_or_in_plant_training,on_the_job_training,job_related_apprenticeship,2.79,0.0,2.94,8.82
21-1021.00,"Child, Family, and School Social Workers",related_work_experience,on_site_or_in_plant_training,on_the_job_training,job_related_apprenticeship,2.4,8.0,0.18,11.33
21-1022.00,Healthcare Social Workers,related_work_experience,on_site_or_in_plant_training,on_the_job_training,job_related_apprenticeship,2.77,3.85,3.85,3.85
21-1023.00,Mental Health and Substance Abuse Social Workers,related_work_experience,on_site_or_in_plant_training,on_the_job_training,job_related_apprenticeship,3.24,12.39,0.0,15.55
21-1091.00,Health Education Specialists,related_work_experience,on_site_or_in_plant_training,on_the_job_training,job_related_apprenticeship,2.0,0.0,2.42,2.6
21-1092.00,Probation Officers and Correctional Treatment Specialists,related_work_experience,on_site_or_in_plant_training,on_the_job_training,job_related_apprenticeship,2.28,14.35,2.11,27.62
21-1093.00,Social and Human Service Assistants,related_work_experience,on_site_or_in_plant_training,on_the_job_training,job_related_apprenticeship,2.17,11.48,1.07,17.81
21-1094.00,Community Health Workers,related_work_experience,on_site_or_in_plant_training,on_the_job_training,job_related_apprenticeship,1.83,6.49,6.49,8.66
21-2011.00,Clergy,related_work_experience,on_site_or_in_plant_training,on_the_job_training,job_related_apprenticeship,2.35,22.64,26.01,0.0
21-2021.00,"Directors, Religious Activities and Education",related_work_experience,on_site_or_in_plant_training,on_the_job_training,job_related_apprenticeship,2.29,0.67,0.43,0.91
23-1011.00,Lawyers,related_work_experience,on_site_or_in_plant_training,on_the_job_training,job_related_apprenticeship,1.73,16.52,8.49,28.46
23-1012.00,Judicial Law Clerks,related_work_experience,on_site_or_in_plant_training,on_the_job_training,job_related_apprenticeship,3.07,72.38,0.0,32.94
23-1021.00,"Administrative Law Judges, Adjudicators, and Hearing Officers",related_work_experience,on_site_or_in_plant_training,on_the_job_training,job_related_apprenticeship,1.73,20.0,20.0,0.0
23-1022.00,"Arbitrators, Mediators, and Conciliators",related_work_experience,on_site_or_in_plant_training,on_the_job_training,job_related_apprenticeship,3.1,26.32,10.53,0.0
23-1023.00,"Judges, Magistrate Judges, and Magistrates",related_work_experience,on_site_or_in_plant_training,on_the_job_training,job_related_apprenticeship,2.49,45.72,36.14,5.8
23-2011.00,Paralegals and Legal Assistants,related_work_experience,on_site_or_in_plant_training,on_the_job_training,job_related_apprenticeship,2.06,6.67,0.0,8.93
23-2093.00,"Title Examiners, Abstractors, and Searchers",related_work_experience,on_site_or_in_plant_training,on_the_job_training,job_related_apprenticeship,1.47,11.66,0.76,26.98
25-1011.00,"Business Teachers, Postsecondary",related_work_experience,on_site_or_in_plant_training,on_the_job_training,job_related_apprenticeship,1.38,44.79,46.72,32.45
25-1021.00,"Computer Science Teachers, Postsecondary",related_work_experience,on_site_or_in_plant_training,on_the_job_training,job_related_apprenticeship,2.2,33.3,11.28,10.46
25-1022.00,"Mathematical Science Teachers, Postsecondary",related_work_experience,on_site_or_in_plant_training,on_the_job_training,job_related_apprenticeship,2.23,44.71,48.72,10.34
25-1031.00,"Architecture Teachers, Postsecondary",related_work_experience,on_site_or_in_plant_training,on_the_job_training,job_related_apprenticeship,3.17,26.07,22.56,14.38
25-1032.00,"Engineering Teachers, Postsecondary",related_work_experience,on_site_or_in_plant_training,on_the_job_training,job_related_apprenticeship,2.42,2.26,19.78,52.07
25-1041.00,"Agricultural Sciences Teachers, Postsecondary",related_work_experience,on_site_or_in_plant_training,on_the_job_training,job_related_apprenticeship,2.33,11.06,12.02,1.37
25-1042.00,"Biological Science Teachers, Postsecondary",related_work_experience,on_site_or_in_plant_training,on_the_job_training,job_related_apprenticeship,2.19,74.47,80.06,15.55
25-1043.00,"Forestry and Conservation Science Teachers, Postsecondary",related_work_experience,on_site_or_in_plant_training,on_the_job_training,job_related_apprenticeship,2.32,52.54,36.11,0.35
25-1051.00,"Atmospheric, Earth, Marine, and Space Sciences Teachers, Postsecondary",related_work_experience,on_site_or_in_plant_training,on_the_job_training,job_related_apprenticeship,2.17,31.66,37.61,19.46
25-1052.00,"Chemistry Teachers, Postsecondary",related_work_experience,on_site_or_in_plant_training,on_the_job_training,job_related_apprenticeship,2.28,37.46,42.17,10.88
25-1053.00,"Environmental Science Teachers, Postsecondary",related_work_experience,on_site_or_in_plant_training,on_the_job_training,job_related_apprenticeship,2.3,29.0,17.95,20.08
25-1054.00,"Physics Teachers, Postsecondary",related_work_experience,on_site_or_in_plant_training,on_the_job_training,job_related_apprenticeship,2.25,48.79,44.59,15.42
25-1061.00,"Anthropology and Archeology Teachers, Postsecondary",related_work_experience,on_site_or_in_plant_training,on_the_job_training,job_related_apprenticeship,2.24,31.82,22.73,13.64
25-1062.00,"Area, Ethnic, and Cultural Studies Teachers, Postsecondary",related_work_experience,on_site_or_in_plant_training,on_the_job_training,job_related_apprenticeship,2.71,36.53,23.29,5.47
25-1063.00,"Economics Teachers, Postsecondary",related_work_experience,on_site_or_in_plant_training,on_the_job_training,job_related_apprenticeship,1.66,78.13,59.93,37.19
25-1064.00,"Geography Teachers, Postsecondary",related_work_experience,on_site_or_in_plant_training,on_the_job_training,job_related_apprenticeship,2.27,59.3,51.15,2.2
25-1065.00,"Political Science Teachers, Postsecondary",related_work_experience,on_site_or_in_plant_training,on_the_job_training,job_related_apprenticeship,2.36,59.75,54.29,16.89
25-1066.00,"Psychology Teachers, Postsecondary",related_work_experience,on_site_or_in_plant_training,on_the_job_training,job_related_apprenticeship,2.6,44.7,25.38,0.23
25-1067.00,"Sociology Teachers, Postsecondary",related_work_experience,on_site_or_in_plant_training,on_the_job_training,job_related_apprenticeship,2.55,22.11,28.56,11.65
25-1071.00,"Health Specialties Teachers, Postsecondary",related_work_experience,on_site_or_in_plant_training,on_the_job_training,job_related_apprenticeship,3.52,37.4,12.49,0.0
25-1072.00,"Nursing Instructors and Teachers, Postsecondary",related_work_experience,on_site_or_in_plant_training,on_the_job_training,job_related_apprenticeship,2.0,28.75,17.54,6.73
25-1081.00,"Education Teachers, Postsecondary",related_work_experience,on_site_or_in_plant_training,on_the_job_training,job_related_apprenticeship,2.79,45.47,32.84,32.05
25-1082.00,"Library Science Teachers, Postsecondary",related_work_experience,on_site_or_in_plant_training,on_the_job_training,job_related_apprenticeship,3.0,43.69,32.96,9.33
25-1111.00,"Criminal Justice and Law Enforcement Teachers, Postsecondary",related_work_experience,on_site_or_in_plant_training,on_the_job_training,job_related_apprenticeship,2.21,47.87,42.46,1.71
25-1112.00,"Law Teachers, Postsecondary",related_work_experience,on_site_or_in_plant_training,on_the_job_training,job_related_apprenticeship,2.5,60.71,57.14,7.14
25-1113.00,"Social Work Teachers, Postsecondary",related_work_experience,on_site_or_in_plant_training,on_the_job_training,job_related_apprenticeship,2.33,32.6,36.13,16.95
25-1121.00,"Art, Drama, and Music Teachers, Postsecondary",related_work_experience,on_site_or_in_plant_training,on_the_job_training,job_related_apprenticeship,2.97,32.53,30.66,2.51
25-1122.00,"Communications Teachers, Postsecondary",related_work_experience,on_site_or_in_plant_training,on_the_job_training,job_related_apprenticeship,2.46,29.17,20.83,4.17
25-1123.00,"English Language and Literature Teachers, Postsecondary",related_work_experience,on_site_or_in_plant_training,on_the_job_training,job_related_apprenticeship,2.28,37.39,34.59,3.84
25-1124.00,"Foreign Language and Literature Teachers, Postsecondary",related_work_experience,on_site_or_in_plant_training,on_the_job_training,job_related_apprenticeship,2.7,39.4,24.74,14.97
25-1125.00,"History Teachers, Postsecondary",related_work_experience,on_site_or_in_plant_training,on_the_job_training,job_related_apprenticeship,1.68,42.72,43.42,15.78
25-1126.00,"Philosophy and Religion Teachers, Postsecondary",related_work_experience,on_site_or_in_plant_training,on_the_job_training,job_related_apprenticeship,2.3,51.27,63.21,7.39
25-1192.00,"Family and Consumer Sciences Teachers, Postsecondary",related_work_experience,on_site_or_in_plant_training,on_the_job_training,job_related_apprenticeship,2.77,35.29,28.11,8.98
25-1193.00,"Recreation and Fitness Studies Teachers, Postsecondary",related_work_experience,on_site_or_in_plant_training,on_the_job_training,job_related_apprenticeship,3.42,16.58,20.68,0.52
25-1194.00,"Career/Technical Education Teachers, Postsecondary",related_work_experience,on_site_or_in_plant_training,on_the_job_training,job_related_apprenticeship,2.72,3.26,4.58,0.0
25-2011.00,"Preschool Teachers, Except Special Education",related_work_experience,on_site_or_in_plant_training,on_the_job_training,job_related_apprenticeship,2.27,39.25,30.43,16.21
25-2012.00,"Kindergarten Teachers, Except Special Education",related_work_experience,on_site_or_in_plant_training,on_the_job_training,job_related_apprenticeship,4.14,23.22,19.84,32.48
25-2021.00,"Elementary School Teachers, Except Special Education",related_work_experience,on_site_or_in_plant_training,on_the_job_training,job_related_apprenticeship,4.27,23.26,24.85,32.81
25-2022.00,"Middle School Teachers, Except Special and Career/Technical Education",related_work_experience,on_site_or_in_plant_training,on_the_job_training,job_related_apprenticeship,3.22,42.49,34.29,18.87
25-2023.00,"Career/Technical Education Teachers, Middle School",related_work_experience,on_site_or_in_plant_training,on_the_job_training,job_related_apprenticeship,2.7,1.73,34.78,19.09
25-2031.00,"Secondary School Teachers, Except Special and Career/Technical Education",related_work_experience,on_site_or_in_plant_training,on_the_job_training,job_related_apprenticeship,3.07,24.98,23.16,50.24
25-2032.00,"Career/Technical Education Teachers, Secondary School",related_work_experience,on_site_or_in_plant_training,on_the_job_training,job_related_apprenticeship,2.34,7.28,8.99,16.23
25-2051.00,"Special Education Teachers, Preschool",related_work_experience,on_site_or_in_plant_training,on_the_job_training,job_related_apprenticeship,3.44,23.73,8.9,38.59
25-2055.00,"Special Education Teachers, Kindergarten",related_work_experience,on_site_or_in_plant_training,on_the_job_training,job_related_apprenticeship,4.0,3.14,2.68,14.15
25-2056.00,"Special Education Teachers, Elementary School",related_work_experience,on_site_or_in_plant_training,on_the_job_training,job_related_apprenticeship,3.88,16.08,16.34,11.11
25-2057.00,"Special Education Teachers, Middle School",related_work_experience,on_site_or_in_plant_training,on_the_job_training,job_related_apprenticeship,3.26,3.71,3.03,4.81
25-2058.00,"Special Education Teachers, Secondary School",related_work_experience,on_site_or_in_plant_training,on_the_job_training,job_related_apprenticeship,3.25,15.49,13.7,19.86
25-2059.01,Adapted Physical Education Specialists,related_work_experience,on_site_or_in_plant_training,on_the_job_training,job_related_apprenticeship,3.91,27.27,27.27,18.18
25-3011.00,"Adult Basic Education, Adult Secondary Education, and English as a Second Language Instructors",related_work_experience,on_site_or_in_plant_training,on_the_job_training,job_related_apprenticeship,2.13,15.92,17.27,27.7
25-3021.00,Self-Enrichment Teachers,related_work_experience,on_site_or_in_plant_training,on_the_job_training,job_related_apprenticeship,2.22,1.67,0.65,6.81
25-3031.00,"Substitute Teachers, Short-Term",related_work_experience,on_site_or_in_plant_training,on_the_job_training,job_related_apprenticeship,1.64,42.8,68.82,40.25
25-3041.00,Tutors,related_work_experience,on_site_or_in_plant_training,on_the_job_training,job_related_apprenticeship,1.36,9.52,13.64,36.36
25-4011.00,Archivists,related_work_experience,on_site_or_in_plant_training,on_the_job_training,job_related_apprenticeship,2.83,19.35,12.9,0.0
25-4012.00,Curators,related_work_experience,on_site_or_in_plant_training,on_the_job_training,job_related_apprenticeship,2.1,31.83,7.28,3.37
25-4013.00,Museum Technicians and Conservators,related_work_experience,on_site_or_in_plant_training,on_the_job_training,job_related_apprenticeship,3.56,36.0,16.0,0.0
25-4022.00,Librarians and Media Collections Specialists,related_work_experience,on_site_or_in_plant_training,on_the_job_training,job_related_apprenticeship,2.0,37.04,11.11,11.11
25-4031.00,Library Technicians,related_work_experience,on_site_or_in_plant_training,on_the_job_training,,,27.84,14.49,28.82
25-9021.00,Farm and Home Management Educators,related_work_experience,on_site_or_in_plant_training,on_the_job_training,job_related_apprenticeship,1.74,25.93,14.81,33.33
25-9031.00,Instructional Coordinators,related_work_experience,on_site_or_in_plant_training,on_the_job_training,job_related_apprenticeship,2.72,39.52,15.56,10.98
25-9042.00,"Teaching Assistants, Preschool, Elementary, Middle, and Secondary School, Except Special Education",related_work_experience,on_site_or_in_plant_training,on_the_job_training,job_related_apprenticeship,1.97,37.02,5.14,22.09
25-9043.00,"Teaching Assistants, Special Education",related_work_experience,on_site_or_in_plant_training,on_the_job_training,job_related_apprenticeship,1.72,15.72,30.97,36.56
25-9044.00,"Teaching Assistants, Postsecondary",related_work_experience,on_site_or_in_plant_training,on_the_job_training,,,29.6,15.34,32.69
27-1011.00,Art Directors,related_work_experience,on_site_or_in_plant_training,on_the_job_training,job_related_apprenticeship,3.06,21.2,0.95,4.45
27-1012.00,Craft Artists,related_work_experience,on_site_or_in_plant_training,on_the_job_training,job_related_apprenticeship,2.09,26.09,8.7,21.74
27-1013.00,"Fine Artists, Including Painters, Sculptors, and Illustrators",related_work_experience,on_site_or_in_plant_training,on_the_job_training,,,7.91,27.5,0.61
27-1014.00,Special Effects Artists and Animators,related_work_experience,on_site_or_in_plant_training,on_the_job_training,job_related_apprenticeship,1.28,5.53,24.82,6.37
27-1021.00,Commercial and Industrial Designers,related_work_experience,on_site_or_in_plant_training,on_the_job_training,job_related_apprenticeship,1.87,29.04,0.0,3.35
27-1022.00,Fashion Designers,related_work_experience,on_site_or_in_plant_training,on_the_job_training,job_related_apprenticeship,2.81,20.37,6.19,1.53
27-1023.00,Floral Designers,related_work_experience,on_site_or_in_plant_training,on_the_job_training,job_related_apprenticeship,2.57,14.29,10.0,27.27
27-1024.00,Graphic Designers,related_work_experience,on_site_or_in_plant_training,on_the_job_training,job_related_apprenticeship,2.45,21.05,5.0,0.0
27-1025.00,Interior Designers,related_work_experience,on_site_or_in_plant_training,on_the_job_training,job_related_apprenticeship,2.68,33.33,12.0,24.0
27-1026.00,Merchandise Displayers and Window Trimmers,related_work_experience,on_site_or_in_plant_training,on_the_job_training,,,11.35,4.5,40.96
27-1027.00,Set and Exhibit Designers,related_work_experience,on_site_or_in_plant_training,on_the_job_training,job_related_apprenticeship,2.57,38.1,33.33,0.0
27-2011.00,Actors,related_work_experience,on_site_or_in_plant_training,on_the_job_training,job_related_apprenticeship,1.66,58.82,51.52,52.94
27-2012.00,Producers and Directors,related_work_experience,on_site_or_in_plant_training,on_the_job_training,job_related_apprenticeship,2.22,18.65,8.81,13.68
27-2012.03,Media Programming Directors,related_work_experience,on_site_or_in_plant_training,on_the_job_training,job_related_apprenticeship,1.82,0.85,0.0,0.0
27-2012.04,Talent Directors,related_work_experience,on_site_or_in_plant_training,on_the_job_training,job_related_apprenticeship,2.36,28.68,0.6,0.4
27-2012.05,Media Technical Directors/Managers,related_work_experience,on_site_or_in_plant_training,on_the_job_training,job_related_apprenticeship,2.35,22.01,0.0,0.0
27-2021.00,Athletes and Sports Competitors,related_work_experience,on_site_or_in_plant_training,on_the_job_training,,,59.52,24.38,0.64
27-2022.00,Coaches and Scouts,related_work_experience,on_site_or_in_plant_training,on_the_job_training,job_related_apprenticeship,2.73,28.92,8.27,7.28
27-2023.00,"Umpires, Referees, and Other Sports Officials",related_work_experience,on_site_or_in_plant_training,on_the_job_training,job_related_apprenticeship,3.05,9.52,0.0,38.1
27-2031.00,Dancers,related_work_experience,on_site_or_in_plant_training,on_the_job_training,,,53.7,39.74,40.38
27-2032.00,Choreographers,related_work_experience,on_site_or_in_plant_training,on_the_job_training,job_related_apprenticeship,2.57,33.33,42.86,0.0
27-2041.00,Music Directors and Composers,related_work_experience,on_site_or_in_plant_training,on_the_job_training,,,32.33,15.15,1.18
27-2042.00,Musicians and Singers,related_work_experience,on_site_or_in_plant_training,on_the_job_training,job_related_apprenticeship,1.99,58.69,25.25,4.51
27-2091.00,"Disc Jockeys, Except Radio",related_work_experience,on_site_or_in_plant_training,on_the_job_training,job_related_apprenticeship,2.4,16.0,0.0,32.0
27-3011.00,Broadcast Announcers and Radio Disc Jockeys,related_work_experience,on_site_or_in_plant_training,on_the_job_training,job_related_apprenticeship,1.91,0.92,0.92,2.99
27-3023.00,"News Analysts, Reporters, and Journalists",related_work_experience,on_site_or_in_plant_training,on_the_job_training,job_related_apprenticeship,2.64,33.69,15.43,0.0
27-3031.00,Public Relations Specialists,related_work_experience,on_site_or_in_plant_training,on_the_job_training,job_related_apprenticeship,2.27,50.0,9.09,4.55
27-3041.00,Editors,related_work_experience,on_site_or_in_plant_training,on_the_job_training,job_related_apprenticeship,1.82,16.54,0.0,0.0
27-3042.00,Technical Writers,related_work_experience,on_site_or_in_plant_training,on_the_job_training,,,5.83,8.08,6.9
27-3043.00,Writers and Authors,related_work_experience,on_site_or_in_plant_training,on_the_job_training,job_related_apprenticeship,2.47,36.84,26.32,5.26
27-3043.05,"Poets, Lyricists and Creative Writers",related_work_experience,on_site_or_in_plant_training,on_the_job_training,job_related_apprenticeship,1.82,76.19,42.86,9.52
27-3091.00,Interpreters and Translators,related_work_experience,on_site_or_in_plant_training,on_the_job_training,job_related_apprenticeship,2.89,0.0,0.0,7.41
27-3092.00,Court Reporters and Simultaneous Captioners,related_work_experience,on_site_or_in_plant_training,on_the_job_training,job_related_apprenticeship,2.78,30.43,4.35,39.13
27-4011.00,Audio and Video Technicians,related_work_experience,on_site_or_in_plant_training,on_the_job_training,job_related_apprenticeship,2.98,17.8,0.0,12.22
27-4012.00,Broadcast Technicians,related_work_experience,on_site_or_in_plant_training,on_the_job_training,job_related_apprenticeship,2.4,11.96,0.0,0.0
27-4014.00,Sound Engineering Technicians,related_work_experience,on_site_or_in_plant_training,on_the_job_training,job_related_apprenticeship,3.08,16.0,4.0,0.0
27-4021.00,Photographers,related_work_experience,on_site_or_in_plant_training,on_the_job_training,job_related_apprenticeship,2.73,0.0,4.55,13.64
27-4031.00,"Camera Operators, Television, Video, and Film",related_work_experience,on_site_or_in_plant_training,on_the_job_training,job_related_apprenticeship,2.25,21.65,0.31,30.01
27-4032.00,Film and Video Editors,related_work_experience,on_site_or_in_plant_training,on_the_job_training,job_related_apprenticeship,2.37,20.85,22.11,0.0
29-1011.00,Chiropractors,related_work_experience,on_site_or_in_plant_training,on_the_job_training,job_related_apprenticeship,3.12,20.77,23.06,2.52
29-1021.00,"Dentists, General",related_work_experience,on_site_or_in_plant_training,on_the_job_training,job_related_apprenticeship,3.0,38.94,36.64,4.6
29-1022.00,Oral and Maxillofacial Surgeons,related_work_experience,on_site_or_in_plant_training,on_the_job_training,job_related_apprenticeship,3.35,37.04,40.74,37.04
29-1023.00,Orthodontists,related_work_experience,on_site_or_in_plant_training,on_the_job_training,job_related_apprenticeship,2.99,32.27,21.64,33.02
29-1024.00,Prosthodontists,related_work_experience,on_site_or_in_plant_training,on_the_job_training,job_related_apprenticeship,3.8,22.98,25.48,21.09
29-1031.00,Dietitians and Nutritionists,related_work_experience,on_site_or_in_plant_training,on_the_job_training,job_related_apprenticeship,3.8,10.0,0.0,0.0
29-1041.00,Optometrists,related_work_experience,on_site_or_in_plant_training,on_the_job_training,job_related_apprenticeship,3.29,38.1,23.81,52.38
29-1051.00,Pharmacists,related_work_experience,on_site_or_in_plant_training,on_the_job_training,job_related_apprenticeship,3.54,10.71,0.0,21.43
29-1071.00,Physician Assistants,related_work_experience,on_site_or_in_plant_training,on_the_job_training,job_related_apprenticeship,2.89,24.32,10.81,35.14
29-1071.01,Anesthesiologist Assistants,related_work_experience,on_site_or_in_plant_training,on_the_job_training,job_related_apprenticeship,3.15,40.74,25.93,62.96
29-1081.00,Podiatrists,related_work_experience,on_site_or_in_plant_training,on_the_job_training,job_related_apprenticeship,3.54,27.21,36.31,14.96
29-1122.00,Occupational Therapists,related_work_experience,on_site_or_in_plant_training,on_the_job_training,job_related_apprenticeship,4.41,27.27,13.64,27.27
29-1122.01,"Low Vision Therapists, Orientation and Mobility Specialists, and Vision Rehabilitation Therapists",related_work_experience,on_site_or_in_plant_training,on_the_job_training,job_related_apprenticeship,4.05,34.78,26.09,34.78
29-1123.00,Physical Therapists,related_work_experience,on_site_or_in_plant_training,on_the_job_training,job_related_apprenticeship,3.73,49.72,14.77,30.39
29-1124.00,Radiation Therapists,related_work_experience,on_site_or_in_plant_training,on_the_job_training,,,21.51,4.18,29.83
29-1125.00,Recreational Therapists,related_work_experience,on_site_or_in_plant_training,on_the_job_training,job_related_apprenticeship,4.29,5.26,10.53,5.26
29-1126.00,Respiratory Therapists,related_work_experience,on_site_or_in_plant_training,on_the_job_training,job_related_apprenticeship,4.28,0.0,0.0,4.65
29-1127.00,Speech-Language Pathologists,related_work_experience,on_site_or_in_plant_training,on_the_job_training,job_related_apprenticeship,4.87,12.87,9.07,0.86
29-1128.00,Exercise Physiologists,related_work_experience,on_site_or_in_plant_training,on_the_job_training,job_related_apprenticeship,3.44,8.0,4.0,4.0
29-1129.01,Art Therapists,related_work_experience,on_site_or_in_plant_training,on_the_job_training,job_related_apprenticeship,4.4,20.0,22.86,0.0
29-1129.02,Music Therapists,related_work_experience,on_site_or_in_plant_training,on_the_job_training,job_related_apprenticeship,4.62,23.08,19.23,15.38
29-1131.00,Veterinarians,related_work_experience,on_site_or_in_plant_training,on_the_job_training,job_related_apprenticeship,2.71,15.06,10.16,19.42
29-1141.00,Registered Nurses,related_work_experience,on_site_or_in_plant_training,on_the_job_training,job_related_apprenticeship,2.83,2.05,0.0,19.43
29-1141.01,Acute Care Nurses,related_work_experience,on_site_or_in_plant_training,on_the_job_training,job_related_apprenticeship,3.38,4.76,0.0,33.33
29-1141.02,Advanced Practice Psychiatric Nurses,related_work_experience,on_site_or_in_plant_training,on_the_job_training,job_related_apprenticeship,3.18,4.76,4.55,18.18
29-1141.03,Critical Care Nurses,related_work_experience,on_site_or_in_plant_training,on_the_job_training,job_related_apprenticeship,3.11,0.0,0.0,32.14
29-1141.04,Clinical Nurse Specialists,related_work_experience,on_site_or_in_plant_training,on_the_job_training,job_related_apprenticeship,3.52,0.0,0.0,4.76
29-1151.00,Nurse Anesthetists,related_work_experience,on_site_or_in_plant_training,on_the_job_training,job_related_apprenticeship,3.04,25.93,22.22,18.52
29-1161.00,Nurse Midwives,related_work_experience,on_site_or_in_plant_training,on_the_job_training,job_related_apprenticeship,3.3,12.12,6.06,42.42
29-1171.00,Nurse Practitioners,related_work_experience,on_site_or_in_plant_training,on_the_job_training,job_related_apprenticeship,3.45,8.7,8.7,17.39
29-1181.00,Audiologists,related_work_experience,on_site_or_in_plant_training,on_the_job_training,job_related_apprenticeship,4.18,31.82,13.64,28.57
29-1211.00,Anesthesiologists,related_work_experience,on_site_or_in_plant_training,on_the_job_training,job_related_apprenticeship,4.42,34.01,16.46,0.0
29-1213.00,Dermatologists,related_work_experience,on_site_or_in_plant_training,on_the_job_training,job_related_apprenticeship,3.71,27.08,19.33,15.4
29-1214.00,Emergency Medicine Physicians,related_work_experience,on_site_or_in_plant_training,on_the_job_training,job_related_apprenticeship,4.45,10.34,10.34,10.34
29-1215.00,Family Medicine Physicians,related_work_experience,on_site_or_in_plant_training,on_the_job_training,job_related_apprenticeship,4.25,17.09,9.08,17.33
29-1216.00,General Internal Medicine Physicians,related_work_experience,on_site_or_in_plant_training,on_the_job_training,job_related_apprenticeship,4.31,16.05,9.4,10.99
29-1217.00,Neurologists,related_work_experience,on_site_or_in_plant_training,on_the_job_training,,,24.88,20.75,7.13
29-1218.00,Obstetricians and Gynecologists,related_work_experience,on_site_or_in_plant_training,on_the_job_training,job_related_apprenticeship,4.52,32.07,17.98,0.0
29-1221.00,"Pediatricians, General",related_work_experience,on_site_or_in_plant_training,on_the_job_training,job_related_apprenticeship,4.81,11.7,26.05,15.45
29-1222.00,"Physicians, Pathologists",related_work_experience,on_site_or_in_plant_training,on_the_job_training,job_related_apprenticeship,3.59,19.1,7.27,17.47
29-1223.00,Psychiatrists,related_work_experience,on_site_or_in_plant_training,on_the_job_training,job_related_apprenticeship,3.93,16.66,25.47,2.18
29-1224.00,Radiologists,related_work_experience,on_site_or_in_plant_training,on_the_job_training,job_related_apprenticeship,4.56,20.66,6.65,11.08
29-1229.01,Allergists and Immunologists,related_work_experience,on_site_or_in_plant_training,on_the_job_training,job_related_apprenticeship,3.34,34.55,11.32,3.78
29-1229.02,Hospitalists,related_work_experience,on_site_or_in_plant_training,on_the_job_training,job_related_apprenticeship,3.68,28.0,16.0,24.0
29-1229.03,Urologists,related_work_experience,on_site_or_in_plant_training,on_the_job_training,job_related_apprenticeship,4.56,16.44,0.0,0.0
29-1229.04,Physical Medicine and Rehabilitation Physicians,related_work_experience,on_site_or_in_plant_training,on_the_job_training,job_related_apprenticeship,4.33,24.0,8.33,12.0
29-1229.05,Preventive Medicine Physicians,related_work_experience,on_site_or_in_plant_training,on_the_job_training,job_related_apprenticeship,4.05,10.53,21.05,21.05
29-1229.06,Sports Medicine Physicians,related_work_experience,on_site_or_in_plant_training,on_the_job_training,job_related_apprenticeship,4.19,25.0,21.88,9.38
29-1241.00,"Ophthalmologists, Except Pediatric",related_work_experience,on_site_or_in_plant_training,on_the_job_training,job_related_apprenticeship,4.36,15.28,3.9,2.08
29-1291.00,Acupuncturists,related_work_experience,on_site_or_in_plant_training,on_the_job_training,job_related_apprenticeship,3.17,20.69,13.79,13.79
29-1292.00,Dental Hygienists,related_work_experience,on_site_or_in_plant_training,on_the_job_training,job_related_apprenticeship,2.87,56.8,81.01,49.11
29-1299.01,Naturopathic Physicians,related_work_experience,on_site_or_in_plant_training,on_the_job_training,job_related_apprenticeship,2.84,56.0,32.0,37.5
29-1299.02,Orthoptists,related_work_experience,on_site_or_in_plant_training,on_the_job_training,job_related_apprenticeship,3.72,33.33,27.27,40.62
29-2011.00,Medical and Clinical Laboratory Technologists,related_work_experience,on_site_or_in_plant_training,on_the_job_training,job_related_apprenticeship,2.84,8.94,0.0,27.03
29-2011.01,Cytogenetic Technologists,related_work_experience,on_site_or_in_plant_training,on_the_job_training,job_related_apprenticeship,2.32,15.0,0.0,65.0
29-2011.02,Cytotechnologists,related_work_experience,on_site_or_in_plant_training,on_the_job_training,job_related_apprenticeship,3.05,31.82,27.27,45.45
29-2011.04,Histotechnologists,related_work_experience,on_site_or_in_plant_training,on_the_job_training,job_related_apprenticeship,2.52,4.76,4.76,19.05
29-2012.00,Medical and Clinical Laboratory Technicians,related_work_experience,on_site_or_in_plant_training,on_the_job_training,job_related_apprenticeship,3.02,19.6,0.0,27.0
29-2012.01,Histology Technicians,related_work_experience,on_site_or_in_plant_training,on_the_job_training,job_related_apprenticeship,2.76,16.0,0.0,20.0
29-2031.00,Cardiovascular Technologists and Technicians,related_work_experience,on_site_or_in_plant_training,on_the_job_training,,,11.08,0.0,6.72
29-2032.00,Diagnostic Medical Sonographers,related_work_experience,on_site_or_in_plant_training,on_the_job_training,job_related_apprenticeship,4.37,1.4,0.0,0.0
29-2033.00,Nuclear Medicine Technologists,related_work_experience,on_site_or_in_plant_training,on_the_job_training,,,17.47,0.0,14.71
29-2034.00,Radiologic Technologists and Technicians,related_work_experience,on_site_or_in_plant_training,on_the_job_training,job_related_apprenticeship,3.79,14.29,3.57,32.14
29-2035.00,Magnetic Resonance Imaging Technologists,related_work_experience,on_site_or_in_plant_training,on_the_job_training,job_related_apprenticeship,3.43,13.04,0.0,17.39
29-2036.00,Medical Dosimetrists,related_work_experience,on_site_or_in_plant_training,on_the_job_training,job_related_apprenticeship,3.55,10.0,0.0,10.0
29-2043.00,Paramedics,related_work_experience,on_site_or_in_plant_training,on_the_job_training,job_related_apprenticeship,3.16,3.23,0.0,45.16
29-2051.00,Dietetic Technicians,related_work_experience,on_site_or_in_plant_training,on_the_job_training,job_related_apprenticeship,3.15,0.0,9.97,24.53
29-2052.00,Pharmacy Technicians,related_work_experience,on_site_or_in_plant_training,on_the_job_training,job_related_apprenticeship,2.31,8.61,0.0,38.71
29-2053.00,Psychiatric Technicians,related_work_experience,on_site_or_in_plant_training,on_the_job_training,job_related_apprenticeship,2.08,1.39,0.0,41.41
29-2055.00,Surgical Technologists,related_work_experience,on_site_or_in_plant_training,on_the_job_training,job_related_apprenticeship,2.89,0.0,0.0,23.15
29-2056.00,Veterinary Technologists and Technicians,related_work_experience,on_site_or_in_plant_training,on_the_job_training,job_related_apprenticeship,2.84,19.05,4.09,20.24
29-2057.00,Ophthalmic Medical Technicians,related_work_experience,on_site_or_in_plant_training,on_the_job_training,job_related_apprenticeship,2.73,31.82,4.55,27.27
29-2061.00,Licensed Practical and Licensed Vocational Nurses,related_work_experience,on_site_or_in_plant_training,on_the_job_training,job_related_apprenticeship,3.02,14.71,4.0,22.64
29-2072.00,Medical Records Specialists,related_work_experience,on_site_or_in_plant_training,on_the_job_training,job_related_apprenticeship,2.21,10.64,2.01,20.34
29-2081.00,"Opticians, Dispensing",related_work_experience,on_site_or_in_plant_training,on_the_job_training,job_related_apprenticeship,3.5,8.33,8.33,37.5
29-2091.00,Orthotists and Prosthetists,related_work_experience,on_site_or_in_plant_training,on_the_job_training,job_related_apprenticeship,4.33,0.0,4.76,4.76
29-2092.00,Hearing Aid Specialists,related_work_experience,on_site_or_in_plant_training,on_the_job_training,job_related_apprenticeship,4.5,9.25,0.0,33.42
29-2099.01,Neurodiagnostic Technologists,related_work_experience,on_site_or_in_plant_training,on_the_job_training,job_related_apprenticeship,3.55,6.45,0.0,9.68
29-2099.05,Ophthalmic Medical Technologists,related_work_experience,on_site_or_in_plant_training,on_the_job_training,job_related_apprenticeship,2.75,20.0,15.0,5.0
29-2099.08,Patient Representatives,related_work_experience,on_site_or_in_plant_training,on_the_job_training,job_related_apprenticeship,2.92,11.54,0.0,0.0
29-9091.00,Athletic Trainers,related_work_experience,on_site_or_in_plant_training,on_the_job_training,job_related_apprenticeship,3.46,30.0,44.59,16.56
29-9092.00,Genetic Counselors,related_work_experience,on_site_or_in_plant_training,on_the_job_training,job_related_apprenticeship,2.71,14.29,9.52,57.14
29-9093.00,Surgical Assistants,related_work_experience,on_site_or_in_plant_training,on_the_job_training,job_related_apprenticeship,3.65,9.09,0.0,27.66
29-9099.01,Midwives,related_work_experience,on_site_or_in_plant_training,on_the_job_training,job_related_apprenticeship,4.6,3.46,0.0,9.24
31-1121.00,Home Health Aides,related_work_experience,on_site_or_in_plant_training,on_the_job_training,job_related_apprenticeship,2.8,8.01,10.23,23.84
31-1122.00,Personal Care Aides,related_work_experience,on_site_or_in_plant_training,on_the_job_training,job_related_apprenticeship,3.29,9.19,21.91,4.95
31-1131.00,Nursing Assistants,related_work_experience,on_site_or_in_plant_training,on_the_job_training,job_related_apprenticeship,2.74,0.0,5.97,26.73
31-1132.00,Orderlies,related_work_experience,on_site_or_in_plant_training,on_the_job_training,,,26.25,4.19,58.03
31-1133.00,Psychiatric Aides,related_work_experience,on_site_or_in_plant_training,on_the_job_training,job_related_apprenticeship,2.1,6.94,7.67,21.97
31-2011.00,Occupational Therapy Assistants,related_work_experience,on_site_or_in_plant_training,on_the_job_training,job_related_apprenticeship,3.84,25.52,25.52,30.26
31-2012.00,Occupational Therapy Aides,related_work_experience,on_site_or_in_plant_training,on_the_job_training,job_related_apprenticeship,2.62,4.26,16.55,36.76
31-2021.00,Physical Therapist Assistants,related_work_experience,on_site_or_in_plant_training,on_the_job_training,job_related_apprenticeship,4.05,2.02,15.93,37.34
31-2022.00,Physical Therapist Aides,related_work_experience,on_site_or_in_plant_training,on_the_job_training,job_related_apprenticeship,2.09,9.59,0.7,20.66
31-9011.00,Massage Therapists,related_work_experience,on_site_or_in_plant_training,on_the_job_training,job_related_apprenticeship,2.79,33.33,22.22,35.71
31-9091.00,Dental Assistants,related_work_experience,on_site_or_in_plant_training,on_the_job_training,job_related_apprenticeship,2.53,15.47,0.0,13.09
31-9092.00,Medical Assistants,related_work_experience,on_site_or_in_plant_training,on_the_job_training,job_related_apprenticeship,2.49,10.31,0.0,20.2
31-9093.00,Medical Equipment Preparers,related_work_experience,on_site_or_in_plant_training,on_the_job_training,,,6.06,0.0,24.93
31-9094.00,Medical Transcriptionists,related_work_experience,on_site_or_in_plant_training,on_the_job_training,job_related_apprenticeship,1.85,16.73,16.73,32.88
31-9095.00,Pharmacy Aides,related_work_experience,on_site_or_in_plant_training,on_the_job_training,,,17.64,15.04,57.94
31-9096.00,Veterinary Assistants and Laboratory Animal Caretakers,related_work_experience,on_site_or_in_plant_training,on_the_job_training,job_related_apprenticeship,1.92,34.56,1.84,35.18
31-9097.00,Phlebotomists,related_work_experience,on_site_or_in_plant_training,on_the_job_training,job_related_apprenticeship,3.44,20.0,4.0,37.5
31-9099.01,Speech-Language Pathology Assistants,related_work_experience,on_site_or_in_plant_training,on_the_job_training,job_related_apprenticeship,3.44,32.74,17.41,55.44
31-9099.02,Endoscopy Technicians,related_work_experience,on_site_or_in_plant_training,on_the_job_training,job_related_apprenticeship,2.5,0.0,0.0,50.0
33-1011.00,First-Line Supervisors of Correctional Officers,related_work_experience,on_site_or_in_plant_training,on_the_job_training,job_related_apprenticeship,2.57,5.45,0.0,29.72
33-1012.00,First-Line Supervisors of Police and Detectives,related_work_experience,on_site_or_in_plant_training,on_the_job_training,job_related_apprenticeship,2.18,6.04,5.57,71.55
33-1021.00,First-Line Supervisors of Firefighting and Prevention Workers,related_work_experience,on_site_or_in_plant_training,on_the_job_training,job_related_apprenticeship,2.52,19.38,0.0,26.77
33-1091.00,First-Line Supervisors of Security Workers,related_work_experience,on_site_or_in_plant_training,on_the_job_training,job_related_apprenticeship,2.45,0.0,0.0,33.17
33-2011.00,Firefighters,related_work_experience,on_site_or_in_plant_training,on_the_job_training,job_related_apprenticeship,2.51,0.14,0.0,53.56
33-2021.00,Fire Inspectors and Investigators,related_work_experience,on_site_or_in_plant_training,on_the_job_training,job_related_apprenticeship,2.76,10.29,0.0,12.71
33-2022.00,Forest Fire Inspectors and Prevention Specialists,related_work_experience,on_site_or_in_plant_training,on_the_job_training,,,6.81,7.99,0.0
33-3011.00,Bailiffs,related_work_experience,on_site_or_in_plant_training,on_the_job_training,job_related_apprenticeship,2.02,13.33,3.39,27.51
33-3012.00,Correctional Officers and Jailers,related_work_experience,on_site_or_in_plant_training,on_the_job_training,job_related_apprenticeship,2.05,4.48,6.77,51.32
33-3021.00,Detectives and Criminal Investigators,related_work_experience,on_site_or_in_plant_training,on_the_job_training,job_related_apprenticeship,2.12,0.0,0.36,32.43
33-3021.02,Police Identification and Records Officers,related_work_experience,on_site_or_in_plant_training,on_the_job_training,job_related_apprenticeship,2.4,21.85,9.05,30.23
33-3021.06,Intelligence Analysts,related_work_experience,on_site_or_in_plant_training,on_the_job_training,job_related_apprenticeship,2.22,8.7,0.0,17.39
33-3031.00,Fish and Game Wardens,related_work_experience,on_site_or_in_plant_training,on_the_job_training,job_related_apprenticeship,2.56,0.93,0.5,48.37
33-3041.00,Parking Enforcement Workers,related_work_experience,on_site_or_in_plant_training,on_the_job_training,job_related_apprenticeship,2.32,21.07,0.0,84.48
33-3051.00,Police and Sheriff's Patrol Officers,related_work_experience,on_site_or_in_plant_training,on_the_job_training,job_related_apprenticeship,2.25,6.0,0.0,62.21
33-3051.04,Customs and Border Protection Officers,related_work_experience,on_site_or_in_plant_training,on_the_job_training,,,4.97,4.97,48.38
33-3052.00,Transit and Railroad Police,related_work_experience,on_site_or_in_plant_training,on_the_job_training,,,0.4,0.0,27.0
33-9011.00,Animal Control Workers,related_work_experience,on_site_or_in_plant_training,on_the_job_training,job_related_apprenticeship,2.31,3.85,0.0,15.38
33-9021.00,Private Detectives and Investigators,related_work_experience,on_site_or_in_plant_training,on_the_job_training,,,1.11,0.0,1.11
33-9031.00,Gambling Surveillance Officers and Gambling Investigators,related_work_experience,on_site_or_in_plant_training,on_the_job_training,job_related_apprenticeship,1.88,16.89,0.0,56.87
33-9032.00,Security Guards,related_work_experience,on_site_or_in_plant_training,on_the_job_training,job_related_apprenticeship,2.82,14.12,1.66,37.22
33-9091.00,Crossing Guards and Flaggers,related_work_experience,on_site_or_in_plant_training,on_the_job_training,,,32.4,38.48,62.61
33-9092.00,"Lifeguards, Ski Patrol, and Other Recreational Protective Service Workers",related_work_experience,on_site_or_in_plant_training,on_the_job_training,job_related_apprenticeship,2.07,11.98,9.84,50.2
33-9093.00,Transportation Security Screeners,related_work_experience,on_site_or_in_plant_training,on_the_job_training,,,7.41,0.0,74.07
33-9094.00,School Bus Monitors,related_work_experience,on_site_or_in_plant_training,on_the_job_training,job_related_apprenticeship,2.34,19.18,17.09,32.92
33-9099.02,Retail Loss Prevention Specialists,related_work_experience,on_site_or_in_plant_training,on_the_job_training,,,10.78,2.57,49.49
35-1011.00,Chefs and Head Cooks,related_work_experience,on_site_or_in_plant_training,on_the_job_training,job_related_apprenticeship,2.42,8.33,8.33,4.17
35-1012.00,First-Line Supervisors of Food Preparation and Serving Workers,related_work_experience,on_site_or_in_plant_training,on_the_job_training,job_related_apprenticeship,1.94,14.38,0.89,24.83
35-2011.00,"Cooks, Fast Food",related_work_experience,on_site_or_in_plant_training,on_the_job_training,job_related_apprenticeship,1.89,24.32,12.81,66.7
35-2012.00,"Cooks, Institution and Cafeteria",related_work_experience,on_site_or_in_plant_training,on_the_job_training,job_related_apprenticeship,2.3,10.06,10.86,20.57
35-2013.00,"Cooks, Private Household",related_work_experience,on_site_or_in_plant_training,on_the_job_training,job_related_apprenticeship,2.62,19.23,15.38,19.23
35-2014.00,"Cooks, Restaurant",related_work_experience,on_site_or_in_plant_training,on_the_job_training,job_related_apprenticeship,1.66,46.35,0.61,37.09
35-2015.00,"Cooks, Short Order",related_work_experience,on_site_or_in_plant_training,on_the_job_training,job_related_apprenticeship,1.69,51.34,43.09,49.48
35-2021.00,Food Preparation Workers,related_work_experience,on_site_or_in_plant_training,on_the_job_training,job_related_apprenticeship,1.52,47.28,1.2,34.44
35-3011.00,Bartenders,related_work_experience,on_site_or_in_plant_training,on_the_job_training,,,31.67,15.3,12.16
35-3023.00,Fast Food and Counter Workers,related_work_experience,on_site_or_in_plant_training,on_the_job_training,job_related_apprenticeship,1.63,43.83,34.13,74.25
35-3023.01,Baristas,related_work_experience,on_site_or_in_plant_training,on_the_job_training,job_related_apprenticeship,1.49,27.25,4.24,57.71
35-3031.00,Waiters and Waitresses,related_work_experience,on_site_or_in_plant_training,on_the_job_training,job_related_apprenticeship,1.38,16.06,17.7,55.64
35-3041.00,"Food Servers, Nonrestaurant",related_work_experience,on_site_or_in_plant_training,on_the_job_training,job_related_apprenticeship,2.04,32.67,22.47,38.23
35-9011.00,Dining Room and Cafeteria Attendants and Bartender Helpers,related_work_experience,on_site_or_in_plant_training,on_the_job_training,job_related_apprenticeship,1.48,34.01,17.0,40.64
35-9021.00,Dishwashers,related_work_experience,on_site_or_in_plant_training,on_the_job_training,job_related_apprenticeship,1.7,51.07,27.38,43.5
35-9031.00,"Hosts and Hostesses, Restaurant, Lounge, and Coffee Shop",related_work_experience,on_site_or_in_plant_training,on_the_job_training,job_related_apprenticeship,1.57,36.13,12.72,63.23
37-1011.00,First-Line Supervisors of Housekeeping and Janitorial Workers,related_work_experience,on_site_or_in_plant_training,on_the_job_training,job_related_apprenticeship,1.87,11.92,15.06,18.19
37-1012.00,"First-Line Supervisors of Landscaping, Lawn Service, and Groundskeeping Workers",related_work_experience,on_site_or_in_plant_training,on_the_job_training,job_related_apprenticeship,2.43,17.82,16.4,8.44
37-2011.00,"Janitors and Cleaners, Except Maids and Housekeeping Cleaners",related_work_experience,on_site_or_in_plant_training,on_the_job_training,job_related_apprenticeship,1.96,14.84,50.42,19.38
37-2012.00,Maids and Housekeeping Cleaners,related_work_experience,on_site_or_in_plant_training,on_the_job_training,job_related_apprenticeship,1.75,8.21,10.51,48.19
37-2021.00,Pest Control Workers,related_work_experience,on_site_or_in_plant_training,on_the_job_training,job_related_apprenticeship,2.15,5.76,0.0,68.74
37-3011.00,Landscaping and Groundskeeping Workers,related_work_experience,on_site_or_in_plant_training,on_the_job_training,job_related_apprenticeship,1.67,6.04,27.58,48.81
37-3012.00,"Pesticide Handlers, Sprayers, and Applicators, Vegetation",related_work_experience,on_site_or_in_plant_training,on_the_job_training,job_related_apprenticeship,1.86,1.45,0.0,43.03
37-3013.00,Tree Trimmers and Pruners,related_work_experience,on_site_or_in_plant_training,on_the_job_training,,,14.36,7.74,21.49
39-1013.00,First-Line Supervisors of Gambling Services Workers,related_work_experience,on_site_or_in_plant_training,on_the_job_training,,,11.68,6.29,21.74
39-1014.00,"First-Line Supervisors of Entertainment and Recreation Workers, Except Gambling Services",related_work_experience,on_site_or_in_plant_training,on_the_job_training,job_related_apprenticeship,1.85,32.14,18.7,1.75
39-1022.00,First-Line Supervisors of Personal Service Workers,related_work_experience,on_site_or_in_plant_training,on_the_job_training,job_related_apprenticeship,1.81,5.72,0.0,4.7
39-2011.00,Animal Trainers,related_work_experience,on_site_or_in_plant_training,on_the_job_training,,,8.28,0.0,15.78
39-2021.00,Animal Caretakers,related_work_experience,on_site_or_in_plant_training,on_the_job_training,job_related_apprenticeship,1.92,10.86,4.79,18.45
39-3011.00,Gambling Dealers,related_work_experience,on_site_or_in_plant_training,on_the_job_training,job_related_apprenticeship,1.51,0.0,7.54,13.13
39-3012.00,Gambling and Sports Book Writers and Runners,related_work_experience,on_site_or_in_plant_training,on_the_job_training,,,22.23,9.79,46.35
39-3021.00,Motion Picture Projectionists,related_work_experience,on_site_or_in_plant_training,on_the_job_training,job_related_apprenticeship,1.55,25.4,3.49,46.04
39-3031.00,"Ushers, Lobby Attendants, and Ticket Takers",related_work_experience,on_site_or_in_plant_training,on_the_job_training,job_related_apprenticeship,1.16,46.74,18.11,75.32
39-3091.00,Amusement and Recreation Attendants,related_work_experience,on_site_or_in_plant_training,on_the_job_training,job_related_apprenticeship,1.3,54.05,49.5,88.66
39-3092.00,Costume Attendants,related_work_experience,on_site_or_in_plant_training,on_the_job_training,,,29.93,14.74,14.85
39-3093.00,"Locker Room, Coatroom, and Dressing Room Attendants",related_work_experience,on_site_or_in_plant_training,on_the_job_training,job_related_apprenticeship,2.15,15.9,26.39,34.97
39-4011.00,Embalmers,related_work_experience,on_site_or_in_plant_training,on_the_job_training,job_related_apprenticeship,4.48,21.0,14.35,2.89
39-4021.00,Funeral Attendants,related_work_experience,on_site_or_in_plant_training,on_the_job_training,job_related_apprenticeship,2.25,26.11,12.49,54.73
39-4031.00,"Morticians, Undertakers, and Funeral Arrangers",related_work_experience,on_site_or_in_plant_training,on_the_job_training,job_related_apprenticeship,4.19,12.96,0.0,56.04
39-5011.00,Barbers,related_work_experience,on_site_or_in_plant_training,on_the_job_training,job_related_apprenticeship,3.48,33.33,15.15,54.55
39-5012.00,"Hairdressers, Hairstylists, and Cosmetologists",related_work_experience,on_site_or_in_plant_training,on_the_job_training,job_related_apprenticeship,3.24,9.12,25.24,58.37
39-5091.00,"Makeup Artists, Theatrical and Performance",related_work_experience,on_site_or_in_plant_training,on_the_job_training,job_related_apprenticeship,2.62,42.86,28.57,0.0
39-5092.00,Manicurists and Pedicurists,related_work_experience,on_site_or_in_plant_training,on_the_job_training,,,19.3,18.99,33.9
39-5093.00,Shampooers,related_work_experience,on_site_or_in_plant_training,on_the_job_training,,,15.09,8.1,27.88
39-5094.00,Skincare Specialists,related_work_experience,on_site_or_in_plant_training,on_the_job_training,job_related_apprenticeship,2.53,0.2,13.14,12.78
39-6011.00,Baggage Porters and Bellhops,related_work_experience,on_site_or_in_plant_training,on_the_job_training,job_related_apprenticeship,1.65,6.69,6.04,20.22
39-6012.00,Concierges,related_work_experience,on_site_or_in_plant_training,on_the_job_training,job_related_apprenticeship,1.73,9.09,0.0,18.18
39-7011.00,Tour Guides and Escorts,related_work_experience,on_site_or_in_plant_training,on_the_job_training,job_related_apprenticeship,2.54,10.08,0.0,22.06
39-7012.00,Travel Guides,related_work_experience,on_site_or_in_plant_training,on_the_job_training,job_related_apprenticeship,1.63,22.63,17.54,42.44
39-9011.00,Childcare Workers,related_work_experience,on_site_or_in_plant_training,on_the_job_training,,,23.77,19.3,20.19
39-9011.01,Nannies,related_work_experience,on_site_or_in_plant_training,on_the_job_training,job_related_apprenticeship,1.72,40.0,32.0,8.0
39-9031.00,Exercise Trainers and Group Fitness Instructors,related_work_experience,on_site_or_in_plant_training,on_the_job_training,job_related_apprenticeship,2.71,19.05,19.05,23.81
39-9032.00,Recreation Workers,related_work_experience,on_site_or_in_plant_training,on_the_job_training,,,4.79,11.21,4.26
39-9041.00,Residential Advisors,related_work_experience,on_site_or_in_plant_training,on_the_job_training,job_related_apprenticeship,1.89,9.09,5.77,55.66
41-1011.00,First-Line Supervisors of Retail Sales Workers,related_work_experience,on_site_or_in_plant_training,on_the_job_training,job_related_apprenticeship,1.4,19.51,0.48,18.73
41-1012.00,First-Line Supervisors of Non-Retail Sales Workers,related_work_experience,on_site_or_in_plant_training,on_the_job_training,job_related_apprenticeship,2.11,17.01,0.89,12.6
41-2011.00,Cashiers,related_work_experience,on_site_or_in_plant_training,on_the_job_training,job_related_apprenticeship,1.52,24.3,26.08,41.58
41-2012.00,Gambling Change Persons and Booth Cashiers,related_work_experience,on_site_or_in_plant_training,on_the_job_training,job_related_apprenticeship,1.38,11.32,2.36,35.59
41-2021.00,Counter and Rental Clerks,related_work_experience,on_site_or_in_plant_training,on_the_job_training,job_related_apprenticeship,1.6,31.53,8.37,38.27
41-2022.00,Parts Salespersons,related_work_experience,on_site_or_in_plant_training,on_the_job_training,job_related_apprenticeship,2.11,0.0,9.22,0.0
41-2031.00,Retail Salespersons,related_work_experience,on_site_or_in_plant_training,on_the_job_training,,,4.61,15.81,39.75
41-3011.00,Advertising Sales Agents,related_work_experience,on_site_or_in_plant_training,on_the_job_training,job_related_apprenticeship,1.59,0.0,0.0,19.0
41-3021.00,Insurance Sales Agents,related_work_experience,on_site_or_in_plant_training,on_the_job_training,job_related_apprenticeship,2.36,7.43,22.15,43.23
41-3031.00,"Securities, Commodities, and Financial Services Sales Agents",related_work_experience,on_site_or_in_plant_training,on_the_job_training,,,14.12,3.25,13.28
41-3041.00,Travel Agents,related_work_experience,on_site_or_in_plant_training,on_the_job_training,,,0.0,0.0,7.51
41-3091.00,"Sales Representatives of Services, Except Advertising, Insurance, Financial Services, and Travel",related_work_experience,on_site_or_in_plant_training,on_the_job_training,job_related_apprenticeship,2.03,33.23,0.0,1.62
41-4011.00,"Sales Representatives, Wholesale and Manufacturing, Technical and Scientific Products",related_work_experience,on_site_or_in_plant_training,on_the_job_training,,,10.63,0.0,0.91
41-4011.07,Solar Sales Representatives and Assessors,related_work_experience,on_site_or_in_plant_training,on_the_job_training,job_related_apprenticeship,1.92,7.62,0.0,17.08
41-4012.00,"Sales Representatives, Wholesale and Manufacturing, Except Technical and Scientific Products",related_work_experience,on_site_or_in_plant_training,on_the_job_training,job_related_apprenticeship,1.91,0.74,0.0,24.27
41-9011.00,Demonstrators and Product Promoters,related_work_experience,on_site_or_in_plant_training,on_the_job_training,,,40.27,42.13,67.33
41-9012.00,Models,related_work_experience,on_site_or_in_plant_training,on_the_job_training,,,61.52,75.59,47.79
41-9021.00,Real Estate Brokers,related_work_experience,on_site_or_in_plant_training,on_the_job_training,job_related_apprenticeship,1.99,40.28,19.72,46.33
41-9022.00,Real Estate Sales Agents,related_work_experience,on_site_or_in_plant_training,on_the_job_training,job_related_apprenticeship,2.14,34.78,31.82,91.3
41-9031.00,Sales Engineers,related_work_experience,on_site_or_in_plant_training,on_the_job_training,job_related_apprenticeship,1.92,0.0,8.97,0.0
41-9041.00,Telemarketers,related_work_experience,on_site_or_in_plant_training,on_the_job_training,job_related_apprenticeship,1.24,2.95,0.0,53.06
41-9091.00,"Door-to-Door Sales Workers, News and Street Vendors, and Related Workers",related_work_experience,on_site_or_in_plant_training,on_the_job_training,,,62.5,25.0,95.83
43-1011.00,First-Line Supervisors of Office and Administrative Support Workers,related_work_experience,on_site_or_in_plant_training,on_the_job_training,,,3.52,1.07,11.8
43-2011.00,"Switchboard Operators, Including Answering Service",related_work_experience,on_site_or_in_plant_training,on_the_job_training,job_related_apprenticeship,1.34,6.91,4.13,17.91
43-2021.00,Telephone Operators,related_work_experience,on_site_or_in_plant_training,on_the_job_training,job_related_apprenticeship,1.53,3.42,9.75,9.13
43-3011.00,Bill and Account Collectors,related_work_experience,on_site_or_in_plant_training,on_the_job_training,job_related_apprenticeship,1.12,4.6,0.0,3.29
43-3021.00,Billing and Posting Clerks,related_work_experience,on_site_or_in_plant_training,on_the_job_training,job_related_apprenticeship,1.78,13.72,0.0,0.81
43-3031.00,"Bookkeeping, Accounting, and Auditing Clerks",related_work_experience,on_site_or_in_plant_training,on_the_job_training,,,9.5,1.41,2.5
43-3041.00,Gambling Cage Workers,related_work_experience,on_site_or_in_plant_training,on_the_job_training,job_related_apprenticeship,1.23,19.55,8.09,28.11
43-3051.00,Payroll and Timekeeping Clerks,related_work_experience,on_site_or_in_plant_training,on_the_job_training,job_related_apprenticeship,1.93,3.63,0.0,0.0
43-3061.00,Procurement Clerks,related_work_experience,on_site_or_in_plant_training,on_the_job_training,job_related_apprenticeship,1.94,10.39,0.0,8.86
43-3071.00,Tellers,related_work_experience,on_site_or_in_plant_training,on_the_job_training,,,26.46,0.0,48.32
43-4011.00,Brokerage Clerks,related_work_experience,on_site_or_in_plant_training,on_the_job_training,,,14.97,2.88,5.79
43-4021.00,Correspondence Clerks,related_work_experience,on_site_or_in_plant_training,on_the_job_training,job_related_apprenticeship,1.17,13.5,6.57,5.15
43-4031.00,"Court, Municipal, and License Clerks",related_work_experience,on_site_or_in_plant_training,on_the_job_training,job_related_apprenticeship,1.31,19.64,0.0,16.67
43-4051.00,Customer Service Representatives,related_work_experience,on_site_or_in_plant_training,on_the_job_training,job_related_apprenticeship,1.3,2.98,0.11,11.07
43-4061.00,"Eligibility Interviewers, Government Programs",related_work_experience,on_site_or_in_plant_training,on_the_job_training,job_related_apprenticeship,1.83,3.97,0.0,24.29
43-4071.00,File Clerks,related_work_experience,on_site_or_in_plant_training,on_the_job_training,job_related_apprenticeship,1.83,13.04,0.0,13.48
43-4081.00,"Hotel, Motel, and Resort Desk Clerks",related_work_experience,on_site_or_in_plant_training,on_the_job_training,,,32.61,11.94,51.87
43-4111.00,"Interviewers, Except Eligibility and Loan",related_work_experience,on_site_or_in_plant_training,on_the_job_training,job_related_apprenticeship,2.44,0.0,17.17,0.0
43-4121.00,"Library Assistants, Clerical",related_work_experience,on_site_or_in_plant_training,on_the_job_training,job_related_apprenticeship,1.54,12.62,0.0,24.35
43-4131.00,Loan Interviewers and Clerks,related_work_experience,on_site_or_in_plant_training,on_the_job_training,,,23.63,0.0,12.94
43-4141.00,New Accounts Clerks,related_work_experience,on_site_or_in_plant_training,on_the_job_training,job_related_apprenticeship,1.55,12.02,2.17,9.85
43-4151.00,Order Clerks,related_work_experience,on_site_or_in_plant_training,on_the_job_training,job_related_apprenticeship,1.99,0.0,17.39,13.21
43-4161.00,"Human Resources Assistants, Except Payroll and Timekeeping",related_work_experience,on_site_or_in_plant_training,on_the_job_training,job_related_apprenticeship,1.51,14.2,0.0,0.0
43-4171.00,Receptionists and Information Clerks,related_work_experience,on_site_or_in_plant_training,on_the_job_training,job_related_apprenticeship,1.31,16.63,1.23,11.62
43-4181.00,Reservation and Transportation Ticket Agents and Travel Clerks,related_work_experience,on_site_or_in_plant_training,on_the_job_training,,,8.57,6.62,57.77
43-5011.00,Cargo and Freight Agents,related_work_experience,on_site_or_in_plant_training,on_the_job_training,job_related_apprenticeship,1.43,20.35,0.0,53.64
43-5011.01,Freight Forwarders,related_work_experience,on_site_or_in_plant_training,on_the_job_training,job_related_apprenticeship,2.29,1.34,0.0,0.47
43-5021.00,Couriers and Messengers,related_work_experience,on_site_or_in_plant_training,on_the_job_training,job_related_apprenticeship,1.28,46.31,11.34,26.46
43-5031.00,Public Safety Telecommunicators,related_work_experience,on_site_or_in_plant_training,on_the_job_training,job_related_apprenticeship,2.23,10.27,0.0,58.57
43-5032.00,"Dispatchers, Except Police, Fire, and Ambulance",related_work_experience,on_site_or_in_plant_training,on_the_job_training,job_related_apprenticeship,1.86,11.18,0.0,20.28
43-5041.00,"Meter Readers, Utilities",related_work_experience,on_site_or_in_plant_training,on_the_job_training,job_related_apprenticeship,1.35,31.65,0.58,82.11
43-5051.00,Postal Service Clerks,related_work_experience,on_site_or_in_plant_training,on_the_job_training,,,1.68,7.26,27.48
43-5052.00,Postal Service Mail Carriers,related_work_experience,on_site_or_in_plant_training,on_the_job_training,,,11.57,13.37,76.43
43-5053.00,"Postal Service Mail Sorters, Processors, and Processing Machine Operators",related_work_experience,on_site_or_in_plant_training,on_the_job_training,,,1.2,10.53,70.52
43-5061.00,"Production, Planning, and Expediting Clerks",related_work_experience,on_site_or_in_plant_training,on_the_job_training,job_related_apprenticeship,2.04,23.31,9.4,19.48
43-5071.00,"Shipping, Receiving, and Inventory Clerks",related_work_experience,on_site_or_in_plant_training,on_the_job_training,job_related_apprenticeship,1.12,16.37,8.79,17.85
43-5111.00,"Weighers, Measurers, Checkers, and Samplers, Recordkeeping",related_work_experience,on_site_or_in_plant_training,on_the_job_training,,,2.58,0.34,20.06
43-6011.00,Executive Secretaries and Executive Administrative Assistants,related_work_experience,on_site_or_in_plant_training,on_the_job_training,,,31.35,4.7,6.58
43-6012.00,Legal Secretaries and Administrative Assistants,related_work_experience,on_site_or_in_plant_training,on_the_job_training,job_related_apprenticeship,1.89,12.44,1.1,5.94
43-6013.00,Medical Secretaries and Administrative Assistants,related_work_experience,on_site_or_in_plant_training,on_the_job_training,job_related_apprenticeship,1.54,15.79,0.0,2.56
43-6014.00,"Secretaries and Administrative Assistants, Except Legal, Medical, and Executive",related_work_experience,on_site_or_in_plant_training,on_the_job_training,job_related_apprenticeship,1.84,18.18,1.51,13.59
43-9021.00,Data Entry Keyers,related_work_experience,on_site_or_in_plant_training,on_the_job_training,,,24.32,0.0,5.22
43-9022.00,Word Processors and Typists,related_work_experience,on_site_or_in_plant_training,on_the_job_training,job_related_apprenticeship,1.41,12.89,3.46,7.65
43-9031.00,Desktop Publishers,related_work_experience,on_site_or_in_plant_training,on_the_job_training,,,34.69,0.0,14.12
43-9041.00,Insurance Claims and Policy Processing Clerks,related_work_experience,on_site_or_in_plant_training,on_the_job_training,,,23.7,0.99,9.55
43-9051.00,"Mail Clerks and Mail Machine Operators, Except Postal Service",related_work_experience,on_site_or_in_plant_training,on_the_job_training,,,21.24,0.0,93.01
43-9061.00,"Office Clerks, General",related_work_experience,on_site_or_in_plant_training,on_the_job_training,,,25.25,4.85,7.72
43-9071.00,"Office Machine Operators, Except Computer",related_work_experience,on_site_or_in_plant_training,on_the_job_training,,,30.39,0.0,36.93
43-9081.00,Proofreaders and Copy Markers,related_work_experience,on_site_or_in_plant_training,on_the_job_training,,,17.79,0.0,11.17
43-9111.00,Statistical Assistants,related_work_experience,on_site_or_in_plant_training,on_the_job_training,job_related_apprenticeship,1.74,68.35,0.0,18.28
45-1011.00,"First-Line Supervisors of Farming, Fishing, and Forestry Workers",related_work_experience,on_site_or_in_plant_training,on_the_job_training,,,15.21,4.82,9.53
45-2011.00,Agricultural Inspectors,related_work_experience,on_site_or_in_plant_training,on_the_job_training,,,14.44,4.51,21.43
45-2021.00,Animal Breeders,related_work_experience,on_site_or_in_plant_training,on_the_job_training,,,12.03,0.0,12.03
45-2041.00,"Graders and Sorters, Agricultural Products",related_work_experience,on_site_or_in_plant_training,on_the_job_training,,,29.12,19.45,37.8
45-2091.00,Agricultural Equipment Operators,related_work_experience,on_site_or_in_plant_training,on_the_job_training,,,2.97,1.81,20.43
45-2092.00,"Farmworkers and Laborers, Crop, Nursery, and Greenhouse",related_work_experience,on_site_or_in_plant_training,on_the_job_training,,,37.94,14.9,39.06
45-2093.00,"Farmworkers, Farm, Ranch, and Aquacultural Animals",related_work_experience,on_site_or_in_plant_training,on_the_job_training,,,34.6,26.72,40.2
45-3031.00,Fishing and Hunting Workers,related_work_experience,on_site_or_in_plant_training,on_the_job_training,job_related_apprenticeship,2.35,35.0,5.26,40.0
45-4011.00,Forest and Conservation Workers,related_work_experience,on_site_or_in_plant_training,on_the_job_training,job_related_apprenticeship,2.15,3.97,4.01,20.57
45-4021.00,Fallers,related_work_experience,on_site_or_in_plant_training,on_the_job_training,,,50.66,11.96,17.66
45-4022.00,Logging Equipment Operators,related_work_experience,on_site_or_in_plant_training,on_the_job_training,,,21.97,2.72,32.68
45-4023.00,Log Graders and Scalers,related_work_experience,on_site_or_in_plant_training,on_the_job_training,,,8.34,0.0,7.19
47-1011.00,First-Line Supervisors of Construction Trades and Extraction Workers,related_work_experience,on_site_or_in_plant_training,on_the_job_training,job_related_apprenticeship,2.58,10.09,0.0,0.28
47-1011.03,Solar Energy Installation Managers,related_work_experience,on_site_or_in_plant_training,on_the_job_training,job_related_apprenticeship,2.48,3.9,0.0,18.87
47-2011.00,Boilermakers,related_work_experience,on_site_or_in_plant_training,on_the_job_training,job_related_apprenticeship,3.41,21.48,1.27,19.78
47-2021.00,Brickmasons and Blockmasons,related_work_experience,on_site_or_in_plant_training,on_the_job_training,,,18.61,16.53,21.56
47-2022.00,Stonemasons,related_work_experience,on_site_or_in_plant_training,on_the_job_training,job_related_apprenticeship,2.79,34.8,6.24,27.27
47-2031.00,Carpenters,related_work_experience,on_site_or_in_plant_training,on_the_job_training,job_related_apprenticeship,3.79,7.97,4.25,13.72
47-2041.00,Carpet Installers,related_work_experience,on_site_or_in_plant_training,on_the_job_training,,,25.7,7.11,12.46
47-2042.00,"Floor Layers, Except Carpet, Wood, and Hard Tiles",related_work_experience,on_site_or_in_plant_training,on_the_job_training,,,50.68,0.0,51.75
47-2043.00,Floor Sanders and Finishers,related_work_experience,on_site_or_in_plant_training,on_the_job_training,job_related_apprenticeship,2.03,21.5,2.72,18.87
47-2044.00,Tile and Stone Setters,related_work_experience,on_site_or_in_plant_training,on_the_job_training,job_related_apprenticeship,2.4,5.45,4.09,24.07
47-2051.00,Cement Masons and Concrete Finishers,related_work_experience,on_site_or_in_plant_training,on_the_job_training,job_related_apprenticeship,2.53,33.93,15.23,25.6
47-2053.00,Terrazzo Workers and Finishers,related_work_experience,on_site_or_in_plant_training,on_the_job_training,,,44.51,19.84,49.71
47-2061.00,Construction Laborers,related_work_experience,on_site_or_in_plant_training,on_the_job_training,job_related_apprenticeship,1.71,43.5,28.84,43.47
47-2071.00,"Paving, Surfacing, and Tamping Equipment Operators",related_work_experience,on_site_or_in_plant_training,on_the_job_training,job_related_apprenticeship,2.37,47.12,15.79,13.36
47-2072.00,Pile Driver Operators,related_work_experience,on_site_or_in_plant_training,on_the_job_training,,,18.8,8.47,12.72
47-2073.00,Operating Engineers and Other Construction Equipment Operators,related_work_experience,on_site_or_in_plant_training,on_the_job_training,job_related_apprenticeship,2.32,36.48,0.0,0.41
47-2081.00,Drywall and Ceiling Tile Installers,related_work_experience,on_site_or_in_plant_training,on_the_job_training,,,9.02,5.74,12.46
47-2082.00,Tapers,related_work_experience,on_site_or_in_plant_training,on_the_job_training,job_related_apprenticeship,2.99,23.54,0.0,15.63
47-2111.00,Electricians,related_work_experience,on_site_or_in_plant_training,on_the_job_training,job_related_apprenticeship,3.73,9.3,1.31,22.19
47-2121.00,Glaziers,related_work_experience,on_site_or_in_plant_training,on_the_job_training,job_related_apprenticeship,2.43,41.47,8.49,36.27
47-2131.00,"Insulation Workers, Floor, Ceiling, and Wall",related_work_experience,on_site_or_in_plant_training,on_the_job_training,,,21.39,6.88,38.41
47-2132.00,"Insulation Workers, Mechanical",related_work_experience,on_site_or_in_plant_training,on_the_job_training,job_related_apprenticeship,3.77,16.17,12.02,81.22
47-2141.00,"Painters, Construction and Maintenance",related_work_experience,on_site_or_in_plant_training,on_the_job_training,job_related_apprenticeship,2.27,46.92,15.35,46.82
47-2142.00,Paperhangers,related_work_experience,on_site_or_in_plant_training,on_the_job_training,,,2.65,2.08,20.08
47-2151.00,Pipelayers,related_work_experience,on_site_or_in_plant_training,on_the_job_training,job_related_apprenticeship,2.72,12.28,3.21,12.28
47-2152.00,"Plumbers, Pipefitters, and Steamfitters",related_work_experience,on_site_or_in_plant_training,on_the_job_training,job_related_apprenticeship,4.17,14.05,10.8,18.6
47-2152.04,Solar Thermal Installers and Technicians,related_work_experience,on_site_or_in_plant_training,on_the_job_training,,,4.49,0.0,29.22
47-2161.00,Plasterers and Stucco Masons,related_work_experience,on_site_or_in_plant_training,on_the_job_training,,,34.84,20.08,38.65
47-2171.00,Reinforcing Iron and Rebar Workers,related_work_experience,on_site_or_in_plant_training,on_the_job_training,job_related_apprenticeship,2.81,15.68,11.6,16.37
47-2181.00,Roofers,related_work_experience,on_site_or_in_plant_training,on_the_job_training,job_related_apprenticeship,2.35,29.87,12.38,41.13
47-2211.00,Sheet Metal Workers,related_work_experience,on_site_or_in_plant_training,on_the_job_training,job_related_apprenticeship,3.97,8.66,0.0,46.91
47-2221.00,Structural Iron and Steel Workers,related_work_experience,on_site_or_in_plant_training,on_the_job_training,job_related_apprenticeship,2.88,35.57,0.0,57.39
47-2231.00,Solar Photovoltaic Installers,related_work_experience,on_site_or_in_plant_training,on_the_job_training,job_related_apprenticeship,2.62,10.06,0.0,16.35
47-3011.00,"Helpers--Brickmasons, Blockmasons, Stonemasons, and Tile and Marble Setters",related_work_experience,on_site_or_in_plant_training,on_the_job_training,,,45.37,44.45,42.03
47-3012.00,Helpers--Carpenters,related_work_experience,on_site_or_in_plant_training,on_the_job_training,job_related_apprenticeship,2.36,28.71,27.74,0.0
47-3013.00,Helpers--Electricians,related_work_experience,on_site_or_in_plant_training,on_the_job_training,job_related_apprenticeship,3.06,11.16,7.78,24.66
47-3014.00,"Helpers--Painters, Paperhangers, Plasterers, and Stucco Masons",related_work_experience,on_site_or_in_plant_training,on_the_job_training,,,31.19,20.05,29.72
47-3015.00,"Helpers--Pipelayers, Plumbers, Pipefitters, and Steamfitters",related_work_experience,on_site_or_in_plant_training,on_the_job_training,,,21.17,18.49,36.06
47-3016.00,Helpers--Roofers,related_work_experience,on_site_or_in_plant_training,on_the_job_training,job_related_apprenticeship,2.88,19.16,21.47,54.43
47-4011.00,Construction and Building Inspectors,related_work_experience,on_site_or_in_plant_training,on_the_job_training,job_related_apprenticeship,2.68,8.0,0.0,0.0
47-4011.01,Energy Auditors,related_work_experience,on_site_or_in_plant_training,on_the_job_training,job_related_apprenticeship,2.38,0.0,0.0,10.34
47-4021.00,Elevator and Escalator Installers and Repairers,related_work_experience,on_site_or_in_plant_training,on_the_job_training,,,26.14,0.0,7.8
47-4031.00,Fence Erectors,related_work_experience,on_site_or_in_plant_training,on_the_job_training,,,24.01,2.55,31.46
47-4041.00,Hazardous Materials Removal Workers,related_work_experience,on_site_or_in_plant_training,on_the_job_training,job_related_apprenticeship,2.25,20.51,0.0,41.57
47-4051.00,Highway Maintenance Workers,related_work_experience,on_site_or_in_plant_training,on_the_job_training,,,1.43,16.08,16.2
47-4061.00,Rail-Track Laying and Maintenance Equipment Operators,related_work_experience,on_site_or_in_plant_training,on_the_job_training,job_related_apprenticeship,2.31,17.31,0.85,37.98
47-4071.00,Septic Tank Servicers and Sewer Pipe Cleaners,related_work_experience,on_site_or_in_plant_training,on_the_job_training,,,25.24,0.0,34.56
47-4091.00,Segmental Pavers,related_work_experience,on_site_or_in_plant_training,on_the_job_training,,,9.27,0.0,14.71
47-4099.03,Weatherization Installers and Technicians,related_work_experience,on_site_or_in_plant_training,on_the_job_training,job_related_apprenticeship,2.35,8.7,4.35,8.7
47-5011.00,"Derrick Operators, Oil and Gas",related_work_experience,on_site_or_in_plant_training,on_the_job_training,,,10.08,5.7,26.68
47-5012.00,"Rotary Drill Operators, Oil and Gas",related_work_experience,on_site_or_in_plant_training,on_the_job_training,,,13.12,11.05,13.5
47-5013.00,"Service Unit Operators, Oil and Gas",related_work_experience,on_site_or_in_plant_training,on_the_job_training,,,13.67,0.0,9.66
47-5022.00,"Excavating and Loading Machine and Dragline Operators, Surface Mining",related_work_experience,on_site_or_in_plant_training,on_the_job_training,,,20.55,0.0,18.07
47-5023.00,"Earth Drillers, Except Oil and Gas",related_work_experience,on_site_or_in_plant_training,on_the_job_training,,,15.59,0.0,30.29
47-5032.00,"Explosives Workers, Ordnance Handling Experts, and Blasters",related_work_experience,on_site_or_in_plant_training,on_the_job_training,,,8.33,4.17,12.5
47-5041.00,Continuous Mining Machine Operators,related_work_experience,on_site_or_in_plant_training,on_the_job_training,,,3.9,0.0,15.17
47-5043.00,"Roof Bolters, Mining",related_work_experience,on_site_or_in_plant_training,on_the_job_training,,,17.7,0.0,38.74
47-5044.00,"Loading and Moving Machine Operators, Underground Mining",related_work_experience,on_site_or_in_plant_training,on_the_job_training,,,10.47,1.21,25.45
47-5051.00,"Rock Splitters, Quarry",related_work_experience,on_site_or_in_plant_training,on_the_job_training,,,21.43,0.0,16.8
47-5071.00,"Roustabouts, Oil and Gas",related_work_experience,on_site_or_in_plant_training,on_the_job_training,job_related_apprenticeship,1.43,36.59,18.48,19.24
47-5081.00,Helpers--Extraction Workers,related_work_experience,on_site_or_in_plant_training,on_the_job_training,,,10.43,8.72,55.5
49-1011.00,"First-Line Supervisors of Mechanics, Installers, and Repairers",related_work_experience,on_site_or_in_plant_training,on_the_job_training,job_related_apprenticeship,1.9,14.01,6.9,12.38
49-2011.00,"Computer, Automated Teller, and Office Machine Repairers",related_work_experience,on_site_or_in_plant_training,on_the_job_training,job_related_apprenticeship,1.95,0.0,0.0,0.0
49-2021.00,"Radio, Cellular, and Tower Equipment Installers and Repairers",related_work_experience,on_site_or_in_plant_training,on_the_job_training,job_related_apprenticeship,2.34,0.0,0.0,15.96
49-2022.00,"Telecommunications Equipment Installers and Repairers, Except Line Installers",related_work_experience,on_site_or_in_plant_training,on_the_job_training,job_related_apprenticeship,1.62,5.45,5.45,42.6
49-2091.00,Avionics Technicians,related_work_experience,on_site_or_in_plant_training,on_the_job_training,,,12.45,1.11,10.27
49-2092.00,"Electric Motor, Power Tool, and Related Repairers",related_work_experience,on_site_or_in_plant_training,on_the_job_training,,,19.43,13.07,18.99
49-2093.00,"Electrical and Electronics Installers and Repairers, Transportation Equipment",related_work_experience,on_site_or_in_plant_training,on_the_job_training,,,5.84,0.0,7.06
49-2094.00,"Electrical and Electronics Repairers, Commercial and Industrial Equipment",related_work_experience,on_site_or_in_plant_training,on_the_job_training,job_related_apprenticeship,2.9,5.13,3.52,0.0
49-2095.00,"Electrical and Electronics Repairers, Powerhouse, Substation, and Relay",related_work_experience,on_site_or_in_plant_training,on_the_job_training,,,8.18,0.0,10.47
49-2096.00,"Electronic Equipment Installers and Repairers, Motor Vehicles",related_work_experience,on_site_or_in_plant_training,on_the_job_training,,,3.69,0.0,4.96
49-2097.00,Audiovisual Equipment Installers and Repairers,related_work_experience,on_site_or_in_plant_training,on_the_job_training,job_related_apprenticeship,1.82,13.14,1.07,14.02
49-2098.00,Security and Fire Alarm Systems Installers,related_work_experience,on_site_or_in_plant_training,on_the_job_training,,,0.0,0.0,0.0
49-3011.00,Aircraft Mechanics and Service Technicians,related_work_experience,on_site_or_in_plant_training,on_the_job_training,job_related_apprenticeship,2.49,13.53,0.0,5.75
49-3021.00,Automotive Body and Related Repairers,related_work_experience,on_site_or_in_plant_training,on_the_job_training,job_related_apprenticeship,1.81,30.71,18.27,41.37
49-3022.00,Automotive Glass Installers and Repairers,related_work_experience,on_site_or_in_plant_training,on_the_job_training,,,3.8,0.0,4.96
49-3023.00,Automotive Service Technicians and Mechanics,related_work_experience,on_site_or_in_plant_training,on_the_job_training,job_related_apprenticeship,2.71,12.3,0.0,26.08
49-3031.00,Bus and Truck Mechanics and Diesel Engine Specialists,related_work_experience,on_site_or_in_plant_training,on_the_job_training,job_related_apprenticeship,2.48,11.1,0.67,0.0
49-3041.00,Farm Equipment Mechanics and Service Technicians,related_work_experience,on_site_or_in_plant_training,on_the_job_training,job_related_apprenticeship,2.28,15.07,0.43,14.82
49-3042.00,"Mobile Heavy Equipment Mechanics, Except Engines",related_work_experience,on_site_or_in_plant_training,on_the_job_training,,,5.12,1.77,11.72
49-3043.00,Rail Car Repairers,related_work_experience,on_site_or_in_plant_training,on_the_job_training,,,40.05,0.76,32.62
49-3051.00,Motorboat Mechanics and Service Technicians,related_work_experience,on_site_or_in_plant_training,on_the_job_training,,,23.08,8.73,7.63
49-3052.00,Motorcycle Mechanics,related_work_experience,on_site_or_in_plant_training,on_the_job_training,job_related_apprenticeship,2.68,0.0,22.14,4.99
49-3053.00,Outdoor Power Equipment and Other Small Engine Mechanics,related_work_experience,on_site_or_in_plant_training,on_the_job_training,,,12.45,8.15,4.29
49-3091.00,Bicycle Repairers,related_work_experience,on_site_or_in_plant_training,on_the_job_training,job_related_apprenticeship,2.36,58.17,0.0,20.69
49-3092.00,Recreational Vehicle Service Technicians,related_work_experience,on_site_or_in_plant_training,on_the_job_training,job_related_apprenticeship,2.33,33.83,18.31,13.49
49-3093.00,Tire Repairers and Changers,related_work_experience,on_site_or_in_plant_training,on_the_job_training,job_related_apprenticeship,2.02,5.56,0.0,30.89
49-9011.00,Mechanical Door Repairers,related_work_experience,on_site_or_in_plant_training,on_the_job_training,job_related_apprenticeship,1.93,15.17,0.0,48.3
49-9012.00,"Control and Valve Installers and Repairers, Except Mechanical Door",related_work_experience,on_site_or_in_plant_training,on_the_job_training,,,1.3,1.3,8.29
49-9021.00,"Heating, Air Conditioning, and Refrigeration Mechanics and Installers",related_work_experience,on_site_or_in_plant_training,on_the_job_training,job_related_apprenticeship,3.85,9.28,9.28,0.0
49-9031.00,Home Appliance Repairers,related_work_experience,on_site_or_in_plant_training,on_the_job_training,,,15.23,7.35,34.31
49-9041.00,Industrial Machinery Mechanics,related_work_experience,on_site_or_in_plant_training,on_the_job_training,job_related_apprenticeship,2.85,9.4,0.0,0.0
49-9043.00,"Maintenance Workers, Machinery",related_work_experience,on_site_or_in_plant_training,on_the_job_training,job_related_apprenticeship,2.28,13.13,0.0,0.0
49-9044.00,Millwrights,related_work_experience,on_site_or_in_plant_training,on_the_job_training,job_related_apprenticeship,3.73,9.09,4.76,22.73
49-9045.00,"Refractory Materials Repairers, Except Brickmasons",related_work_experience,on_site_or_in_plant_training,on_the_job_training,,,0.29,0.0,17.66
49-9051.00,Electrical Power-Line Installers and Repairers,related_work_experience,on_site_or_in_plant_training,on_the_job_training,job_related_apprenticeship,2.72,14.6,6.88,38.98
49-9052.00,Telecommunications Line Installers and Repairers,related_work_experience,on_site_or_in_plant_training,on_the_job_training,job_related_apprenticeship,2.43,6.98,0.0,10.25
49-9061.00,Camera and Photographic Equipment Repairers,related_work_experience,on_site_or_in_plant_training,on_the_job_training,,,4.23,0.0,16.48
49-9062.00,Medical Equipment Repairers,related_work_experience,on_site_or_in_plant_training,on_the_job_training,job_related_apprenticeship,2.24,9.76,1.31,25.04
49-9063.00,Musical Instrument Repairers and Tuners,related_work_experience,on_site_or_in_plant_training,on_the_job_training,job_related_apprenticeship,2.91,13.64,4.55,13.64
49-9064.00,Watch and Clock Repairers,related_work_experience,on_site_or_in_plant_training,on_the_job_training,,,49.45,15.88,2.1
49-9071.00,"Maintenance and Repair Workers, General",related_work_experience,on_site_or_in_plant_training,on_the_job_training,job_related_apprenticeship,2.04,30.1,0.0,0.06
49-9081.00,Wind Turbine Service Technicians,related_work_experience,on_site_or_in_plant_training,on_the_job_training,job_related_apprenticeship,2.37,1.24,1.26,28.79
49-9091.00,"Coin, Vending, and Amusement Machine Servicers and Repairers",related_work_experience,on_site_or_in_plant_training,on_the_job_training,,,11.49,2.65,18.98
49-9092.00,Commercial Divers,related_work_experience,on_site_or_in_plant_training,on_the_job_training,job_related_apprenticeship,2.99,15.72,0.0,18.92
49-9094.00,Locksmiths and Safe Repairers,related_work_experience,on_site_or_in_plant_training,on_the_job_training,job_related_apprenticeship,3.04,7.69,3.85,30.77
49-9095.00,Manufactured Building and Mobile Home Installers,related_work_experience,on_site_or_in_plant_training,on_the_job_training,,,39.5,37.69,18.74
49-9096.00,Riggers,related_work_experience,on_site_or_in_plant_training,on_the_job_training,,,12.57,9.69,33.65
49-9097.00,Signal and Track Switch Repairers,related_work_experience,on_site_or_in_plant_training,on_the_job_training,job_related_apprenticeship,2.6,0.0,2.53,15.9
49-9098.00,"Helpers--Installation, Maintenance, and Repair Workers",related_work_experience,on_site_or_in_plant_training,on_the_job_training,job_related_apprenticeship,2.64,19.89,2.21,15.34
49-9099.01,Geothermal Technicians,related_work_experience,on_site_or_in_plant_training,on_the_job_training,job_related_apprenticeship,2.53,0.0,0.0,36.66
51-1011.00,First-Line Supervisors of Production and Operating Workers,related_work_experience,on_site_or_in_plant_training,on_the_job_training,job_related_apprenticeship,1.79,15.03,0.0,7.08
51-2011.00,"Aircraft Structure, Surfaces, Rigging, and Systems Assemblers",related_work_experience,on_site_or_in_plant_training,on_the_job_training,,,11.2,0.0,21.98
51-2021.00,"Coil Winders, Tapers, and Finishers",related_work_experience,on_site_or_in_plant_training,on_the_job_training,,,1.14,0.3,56.49
51-2022.00,Electrical and Electronic Equipment Assemblers,related_work_experience,on_site_or_in_plant_training,on_the_job_training,job_related_apprenticeship,1.65,48.97,0.0,51.11
51-2023.00,Electromechanical Equipment Assemblers,related_work_experience,on_site_or_in_plant_training,on_the_job_training,,,8.92,0.58,1.22
51-2031.00,Engine and Other Machine Assemblers,related_work_experience,on_site_or_in_plant_training,on_the_job_training,,,33.49,0.0,21.12
51-2041.00,Structural Metal Fabricators and Fitters,related_work_experience,on_site_or_in_plant_training,on_the_job_training,job_related_apprenticeship,1.76,26.35,18.1,42.52
51-2051.00,Fiberglass Laminators and Fabricators,related_work_experience,on_site_or_in_plant_training,on_the_job_training,job_related_apprenticeship,2.08,27.43,2.67,55.61
51-2061.00,Timing Device Assemblers and Adjusters,related_work_experience,on_site_or_in_plant_training,on_the_job_training,,,9.11,13.88,15.88
51-2092.00,Team Assemblers,related_work_experience,on_site_or_in_plant_training,on_the_job_training,job_related_apprenticeship,1.54,17.94,6.74,38.56
51-3011.00,Bakers,related_work_experience,on_site_or_in_plant_training,on_the_job_training,job_related_apprenticeship,2.55,20.96,13.74,33.88
51-3021.00,Butchers and Meat Cutters,related_work_experience,on_site_or_in_plant_training,on_the_job_training,,,15.73,0.0,8.2
51-3022.00,"Meat, Poultry, and Fish Cutters and Trimmers",related_work_experience,on_site_or_in_plant_training,on_the_job_training,,,15.08,6.56,7.86
51-3023.00,Slaughterers and Meat Packers,related_work_experience,on_site_or_in_plant_training,on_the_job_training,,,8.63,7.36,33.72
51-3091.00,"Food and Tobacco Roasting, Baking, and Drying Machine Operators and Tenders",related_work_experience,on_site_or_in_plant_training,on_the_job_training,,,17.88,5.94,54.43
51-3092.00,Food Batchmakers,related_work_experience,on_site_or_in_plant_training,on_the_job_training,job_related_apprenticeship,2.14,0.83,0.0,22.64
51-3093.00,Food Cooking Machine Operators and Tenders,related_work_experience,on_site_or_in_plant_training,on_the_job_training,job_related_apprenticeship,2.01,5.49,2.82,18.17
51-4021.00,"Extruding and Drawing Machine Setters, Operators, and Tenders, Metal and Plastic",related_work_experience,on_site_or_in_plant_training,on_the_job_training,job_related_apprenticeship,1.21,0.13,0.0,43.12
51-4022.00,"Forging Machine Setters, Operators, and Tenders, Metal and Plastic",related_work_experience,on_site_or_in_plant_training,on_the_job_training,job_related_apprenticeship,1.75,1.23,0.0,43.03
51-4023.00,"Rolling Machine Setters, Operators, and Tenders, Metal and Plastic",related_work_experience,on_site_or_in_plant_training,on_the_job_training,,,20.46,1.78,30.42
51-4031.00,"Cutting, Punching, and Press Machine Setters, Operators, and Tenders, Metal and Plastic",related_work_experience,on_site_or_in_plant_training,on_the_job_training,job_related_apprenticeship,2.46,49.67,23.82,24.97
51-4032.00,"Drilling and Boring Machine Tool Setters, Operators, and Tenders, Metal and Plastic",related_work_experience,on_site_or_in_plant_training,on_the_job_training,job_related_apprenticeship,2.62,5.61,3.95,28.54
51-4033.00,"Grinding, Lapping, Polishing, and Buffing Machine Tool Setters, Operators, and Tenders, Metal and Plastic",related_work_experience,on_site_or_in_plant_training,on_the_job_training,job_related_apprenticeship,2.11,15.41,13.26,37.65
51-4034.00,"Lathe and Turning Machine Tool Setters, Operators, and Tenders, Metal and Plastic",related_work_experience,on_site_or_in_plant_training,on_the_job_training,job_related_apprenticeship,2.42,1.42,9.62,12.6
51-4035.00,"Milling and Planing Machine Setters, Operators, and Tenders, Metal and Plastic",related_work_experience,on_site_or_in_plant_training,on_the_job_training,job_related_apprenticeship,2.49,16.67,7.72,16.6
51-4041.00,Machinists,related_work_experience,on_site_or_in_plant_training,on_the_job_training,job_related_apprenticeship,2.41,9.96,2.58,19.67
51-4051.00,Metal-Refining Furnace Operators and Tenders,related_work_experience,on_site_or_in_plant_training,on_the_job_training,,,0.0,0.0,33.02
51-4052.00,"Pourers and Casters, Metal",related_work_experience,on_site_or_in_plant_training,on_the_job_training,job_related_apprenticeship,1.33,10.18,1.31,58.5
51-4061.00,"Model Makers, Metal and Plastic",related_work_experience,on_site_or_in_plant_training,on_the_job_training,job_related_apprenticeship,2.46,16.23,0.0,18.52
51-4062.00,"Patternmakers, Metal and Plastic",related_work_experience,on_site_or_in_plant_training,on_the_job_training,job_related_apprenticeship,3.33,21.87,1.95,0.0
51-4071.00,Foundry Mold and Coremakers,related_work_experience,on_site_or_in_plant_training,on_the_job_training,job_related_apprenticeship,2.46,36.13,16.59,56.05
51-4072.00,"Molding, Coremaking, and Casting Machine Setters, Operators, and Tenders, Metal and Plastic",related_work_experience,on_site_or_in_plant_training,on_the_job_training,,,26.42,12.15,21.99
51-4081.00,"Multiple Machine Tool Setters, Operators, and Tenders, Metal and Plastic",related_work_experience,on_site_or_in_plant_training,on_the_job_training,job_related_apprenticeship,2.01,12.67,0.0,41.46
51-4111.00,Tool and Die Makers,related_work_experience,on_site_or_in_plant_training,on_the_job_training,job_related_apprenticeship,2.55,0.0,0.0,6.72
51-4121.00,"Welders, Cutters, Solderers, and Brazers",related_work_experience,on_site_or_in_plant_training,on_the_job_training,,,8.59,4.3,13.4
51-4122.00,"Welding, Soldering, and Brazing Machine Setters, Operators, and Tenders",related_work_experience,on_site_or_in_plant_training,on_the_job_training,job_related_apprenticeship,2.2,7.94,0.0,13.57
51-4191.00,"Heat Treating Equipment Setters, Operators, and Tenders, Metal and Plastic",related_work_experience,on_site_or_in_plant_training,on_the_job_training,,,8.51,0.0,47.88
51-4192.00,"Layout Workers, Metal and Plastic",related_work_experience,on_site_or_in_plant_training,on_the_job_training,job_related_apprenticeship,2.56,24.81,7.71,9.39
51-4193.00,"Plating Machine Setters, Operators, and Tenders, Metal and Plastic",related_work_experience,on_site_or_in_plant_training,on_the_job_training,,,29.57,14.13,50.87
51-4194.00,"Tool Grinders, Filers, and Sharpeners",related_work_experience,on_site_or_in_plant_training,on_the_job_training,job_related_apprenticeship,2.25,18.46,19.98,21.53
51-5111.00,Prepress Technicians and Workers,related_work_experience,on_site_or_in_plant_training,on_the_job_training,,,17.04,0.0,3.71
51-5112.00,Printing Press Operators,related_work_experience,on_site_or_in_plant_training,on_the_job_training,job_related_apprenticeship,2.1,27.89,2.73,34.82
51-5113.00,Print Binding and Finishing Workers,related_work_experience,on_site_or_in_plant_training,on_the_job_training,,,10.85,1.93,15.8
51-6011.00,Laundry and Dry-Cleaning Workers,related_work_experience,on_site_or_in_plant_training,on_the_job_training,job_related_apprenticeship,1.61,16.14,17.64,64.16
51-6021.00,"Pressers, Textile, Garment, and Related Materials",related_work_experience,on_site_or_in_plant_training,on_the_job_training,,,6.55,4.07,17.5
51-6031.00,Sewing Machine Operators,related_work_experience,on_site_or_in_plant_training,on_the_job_training,,,20.07,1.91,22.4
51-6041.00,Shoe and Leather Workers and Repairers,related_work_experience,on_site_or_in_plant_training,on_the_job_training,job_related_apprenticeship,1.64,64.6,29.33,85.6
51-6042.00,Shoe Machine Operators and Tenders,related_work_experience,on_site_or_in_plant_training,on_the_job_training,job_related_apprenticeship,2.0,3.24,0.0,50.79
51-6051.00,"Sewers, Hand",related_work_experience,on_site_or_in_plant_training,on_the_job_training,job_related_apprenticeship,2.38,63.37,1.44,58.71
51-6052.00,"Tailors, Dressmakers, and Custom Sewers",related_work_experience,on_site_or_in_plant_training,on_the_job_training,job_related_apprenticeship,1.8,17.12,6.33,18.46
51-6061.00,Textile Bleaching and Dyeing Machine Operators and Tenders,related_work_experience,on_site_or_in_plant_training,on_the_job_training,,,28.49,16.45,48.02
51-6062.00,"Textile Cutting Machine Setters, Operators, and Tenders",related_work_experience,on_site_or_in_plant_training,on_the_job_training,,,27.13,10.41,44.47
51-6063.00,"Textile Knitting and Weaving Machine Setters, Operators, and Tenders",related_work_experience,on_site_or_in_plant_training,on_the_job_training,,,8.75,8.75,11.13
51-6064.00,"Textile Winding, Twisting, and Drawing Out Machine Setters, Operators, and Tenders",related_work_experience,on_site_or_in_plant_training,on_the_job_training,,,15.34,2.64,56.81
51-6091.00,"Extruding and Forming Machine Setters, Operators, and Tenders, Synthetic and Glass Fibers",related_work_experience,on_site_or_in_plant_training,on_the_job_training,job_related_apprenticeship,2.41,10.83,10.1,27.33
51-6092.00,Fabric and Apparel Patternmakers,related_work_experience,on_site_or_in_plant_training,on_the_job_training,,,7.4,2.18,15.21
51-6093.00,Upholsterers,related_work_experience,on_site_or_in_plant_training,on_the_job_training,,,37.27,11.81,9.81
51-7011.00,Cabinetmakers and Bench Carpenters,related_work_experience,on_site_or_in_plant_training,on_the_job_training,job_related_apprenticeship,1.64,27.81,13.28,22.09
51-7021.00,Furniture Finishers,related_work_experience,on_site_or_in_plant_training,on_the_job_training,,,13.58,5.44,24.0
51-7031.00,"Model Makers, Wood",related_work_experience,on_site_or_in_plant_training,on_the_job_training,,,33.04,0.0,0.0
51-7032.00,"Patternmakers, Wood",related_work_experience,on_site_or_in_plant_training,on_the_job_training,,,4.79,0.0,10.35
51-7041.00,"Sawing Machine Setters, Operators, and Tenders, Wood",related_work_experience,on_site_or_in_plant_training,on_the_job_training,,,8.37,7.97,34.02
51-7042.00,"Woodworking Machine Setters, Operators, and Tenders, Except Sawing",related_work_experience,on_site_or_in_plant_training,on_the_job_training,,,30.98,0.0,21.69
51-8011.00,Nuclear Power Reactor Operators,related_work_experience,on_site_or_in_plant_training,on_the_job_training,,,0.0,0.0,15.3
51-8012.00,Power Distributors and Dispatchers,related_work_experience,on_site_or_in_plant_training,on_the_job_training,job_related_apprenticeship,3.63,0.0,0.0,6.0
51-8013.00,Power Plant Operators,related_work_experience,on_site_or_in_plant_training,on_the_job_training,job_related_apprenticeship,3.05,1.54,0.0,4.01
51-8013.03,Biomass Plant Technicians,related_work_experience,on_site_or_in_plant_training,on_the_job_training,job_related_apprenticeship,2.73,12.56,0.09,9.36
51-8013.04,Hydroelectric Plant Technicians,related_work_experience,on_site_or_in_plant_training,on_the_job_training,job_related_apprenticeship,3.87,0.0,0.0,8.68
51-8021.00,Stationary Engineers and Boiler Operators,related_work_experience,on_site_or_in_plant_training,on_the_job_training,job_related_apprenticeship,2.87,0.0,0.0,5.44
51-8031.00,Water and Wastewater Treatment Plant and System Operators,related_work_experience,on_site_or_in_plant_training,on_the_job_training,job_related_apprenticeship,2.88,12.5,12.5,33.33
51-8091.00,Chemical Plant and System Operators,related_work_experience,on_site_or_in_plant_training,on_the_job_training,job_related_apprenticeship,1.14,42.09,0.0,50.88
51-8092.00,Gas Plant Operators,related_work_experience,on_site_or_in_plant_training,on_the_job_training,job_related_apprenticeship,2.53,7.37,0.0,12.1
51-8093.00,"Petroleum Pump System Operators, Refinery Operators, and Gaugers",related_work_experience,on_site_or_in_plant_training,on_the_job_training,job_related_apprenticeship,2.03,6.56,8.46,11.47
51-8099.01,Biofuels Processing Technicians,related_work_experience,on_site_or_in_plant_training,on_the_job_training,,,12.01,0.0,38.29
51-9011.00,Chemical Equipment Operators and Tenders,related_work_experience,on_site_or_in_plant_training,on_the_job_training,job_related_apprenticeship,1.4,1.69,1.69,56.07
51-9012.00,"Separating, Filtering, Clarifying, Precipitating, and Still Machine Setters, Operators, and Tenders",related_work_experience,on_site_or_in_plant_training,on_the_job_training,job_related_apprenticeship,2.27,0.0,0.0,47.18
51-9021.00,"Crushing, Grinding, and Polishing Machine Setters, Operators, and Tenders",related_work_experience,on_site_or_in_plant_training,on_the_job_training,job_related_apprenticeship,2.0,0.0,0.0,30.77
51-9022.00,"Grinding and Polishing Workers, Hand",related_work_experience,on_site_or_in_plant_training,on_the_job_training,job_related_apprenticeship,2.87,0.62,11.77,38.93
51-9023.00,"Mixing and Blending Machine Setters, Operators, and Tenders",related_work_experience,on_site_or_in_plant_training,on_the_job_training,job_related_apprenticeship,1.54,3.57,0.0,50.97
51-9031.00,"Cutters and Trimmers, Hand",related_work_experience,on_site_or_in_plant_training,on_the_job_training,,,45.54,5.59,32.44
51-9032.00,"Cutting and Slicing Machine Setters, Operators, and Tenders",related_work_experience,on_site_or_in_plant_training,on_the_job_training,job_related_apprenticeship,2.8,1.91,4.05,39.09
51-9041.00,"Extruding, Forming, Pressing, and Compacting Machine Setters, Operators, and Tenders",related_work_experience,on_site_or_in_plant_training,on_the_job_training,,,34.43,0.99,18.54
51-9051.00,"Furnace, Kiln, Oven, Drier, and Kettle Operators and Tenders",related_work_experience,on_site_or_in_plant_training,on_the_job_training,,,0.0,0.0,28.84
51-9061.00,"Inspectors, Testers, Sorters, Samplers, and Weighers",related_work_experience,on_site_or_in_plant_training,on_the_job_training,job_related_apprenticeship,1.49,0.0,0.0,43.9
51-9071.00,Jewelers and Precious Stone and Metal Workers,related_work_experience,on_site_or_in_plant_training,on_the_job_training,job_related_apprenticeship,2.77,10.14,0.0,21.06
51-9071.06,Gem and Diamond Workers,related_work_experience,on_site_or_in_plant_training,on_the_job_training,job_related_apprenticeship,2.35,14.36,0.0,5.03
51-9081.00,Dental Laboratory Technicians,related_work_experience,on_site_or_in_plant_training,on_the_job_training,job_related_apprenticeship,2.9,5.68,5.68,23.93
51-9082.00,Medical Appliance Technicians,related_work_experience,on_site_or_in_plant_training,on_the_job_training,job_related_apprenticeship,2.02,0.0,0.0,32.86
51-9083.00,Ophthalmic Laboratory Technicians,related_work_experience,on_site_or_in_plant_training,on_the_job_training,,,5.35,0.0,23.23
51-9111.00,Packaging and Filling Machine Operators and Tenders,related_work_experience,on_site_or_in_plant_training,on_the_job_training,,,39.13,9.91,36.64
51-9123.00,"Painting, Coating, and Decorating Workers",related_work_experience,on_site_or_in_plant_training,on_the_job_training,,,57.25,16.43,45.89
51-9124.00,"Coating, Painting, and Spraying Machine Setters, Operators, and Tenders",related_work_experience,on_site_or_in_plant_training,on_the_job_training,,,29.21,3.78,38.58
51-9141.00,Semiconductor Processing Technicians,related_work_experience,on_site_or_in_plant_training,on_the_job_training,,,11.8,0.08,48.19
51-9151.00,Photographic Process Workers and Processing Machine Operators,related_work_experience,on_site_or_in_plant_training,on_the_job_training,,,38.97,0.0,43.68
51-9161.00,Computer Numerically Controlled Tool Operators,related_work_experience,on_site_or_in_plant_training,on_the_job_training,job_related_apprenticeship,2.46,5.82,6.56,29.44
51-9162.00,Computer Numerically Controlled Tool Programmers,related_work_experience,on_site_or_in_plant_training,on_the_job_training,job_related_apprenticeship,2.75,0.0,0.0,1.06
51-9191.00,Adhesive Bonding Machine Operators and Tenders,related_work_experience,on_site_or_in_plant_training,on_the_job_training,,,23.83,9.34,42.69
51-9192.00,"Cleaning, Washing, and Metal Pickling Equipment Operators and Tenders",related_work_experience,on_site_or_in_plant_training,on_the_job_training,job_related_apprenticeship,2.71,24.49,27.75,53.39
51-9193.00,Cooling and Freezing Equipment Operators and Tenders,related_work_experience,on_site_or_in_plant_training,on_the_job_training,,,15.57,5.32,34.01
51-9194.00,Etchers and Engravers,related_work_experience,on_site_or_in_plant_training,on_the_job_training,,,20.37,0.0,26.58
51-9195.03,"Stone Cutters and Carvers, Manufacturing",related_work_experience,on_site_or_in_plant_training,on_the_job_training,,,6.86,1.47,37.98
51-9195.04,"Glass Blowers, Molders, Benders, and Finishers",related_work_experience,on_site_or_in_plant_training,on_the_job_training,job_related_apprenticeship,3.7,8.7,0.0,13.04
51-9195.05,"Potters, Manufacturing",related_work_experience,on_site_or_in_plant_training,on_the_job_training,job_related_apprenticeship,2.81,6.5,0.0,7.47
51-9196.00,"Paper Goods Machine Setters, Operators, and Tenders",related_work_experience,on_site_or_in_plant_training,on_the_job_training,,,22.46,7.04,7.33
51-9197.00,Tire Builders,related_work_experience,on_site_or_in_plant_training,on_the_job_training,job_related_apprenticeship,1.69,12.17,2.29,54.65
51-9198.00,Helpers--Production Workers,related_work_experience,on_site_or_in_plant_training,on_the_job_training,job_related_apprenticeship,1.76,25.37,14.65,44.53
53-1041.00,Aircraft Cargo Handling Supervisors,related_work_experience,on_site_or_in_plant_training,on_the_job_training,,,0.0,0.0,5.64
53-1042.00,"First-Line Supervisors of Helpers, Laborers, and Material Movers, Hand",related_work_experience,on_site_or_in_plant_training,on_the_job_training,job_related_apprenticeship,2.28,0.0,2.51,2.18
53-1042.01,Recycling Coordinators,related_work_experience,on_site_or_in_plant_training,on_the_job_training,,,14.57,13.3,23.86
53-1043.00,First-Line Supervisors of Material-Moving Machine and Vehicle Operators,related_work_experience,on_site_or_in_plant_training,on_the_job_training,job_related_apprenticeship,2.74,2.53,0.0,0.0
53-1044.00,First-Line Supervisors of Passenger Attendants,related_work_experience,on_site_or_in_plant_training,on_the_job_training,job_related_apprenticeship,2.53,1.58,0.0,2.3
53-2011.00,"Airline Pilots, Copilots, and Flight Engineers",related_work_experience,on_site_or_in_plant_training,on_the_job_training,job_related_apprenticeship,2.72,0.0,0.0,0.0
53-2012.00,Commercial Pilots,related_work_experience,on_site_or_in_plant_training,on_the_job_training,job_related_apprenticeship,3.41,0.0,0.0,0.0
53-2021.00,Air Traffic Controllers,related_work_experience,on_site_or_in_plant_training,on_the_job_training,,,1.6,1.59,42.91
53-2022.00,Airfield Operations Specialists,related_work_experience,on_site_or_in_plant_training,on_the_job_training,job_related_apprenticeship,2.07,5.03,3.11,20.5
53-2031.00,Flight Attendants,related_work_experience,on_site_or_in_plant_training,on_the_job_training,job_related_apprenticeship,1.55,13.6,10.41,48.77
53-3011.00,"Ambulance Drivers and Attendants, Except Emergency Medical Technicians",related_work_experience,on_site_or_in_plant_training,on_the_job_training,job_related_apprenticeship,2.0,0.0,0.0,47.98
53-3031.00,Driver/Sales Workers,related_work_experience,on_site_or_in_plant_training,on_the_job_training,job_related_apprenticeship,1.73,1.17,35.54,43.48
53-3032.00,Heavy and Tractor-Trailer Truck Drivers,related_work_experience,on_site_or_in_plant_training,on_the_job_training,job_related_apprenticeship,1.84,12.4,12.83,31.83
53-3033.00,Light Truck Drivers,related_work_experience,on_site_or_in_plant_training,on_the_job_training,job_related_apprenticeship,2.26,1.2,1.61,44.2
53-3051.00,"Bus Drivers, School",related_work_experience,on_site_or_in_plant_training,on_the_job_training,job_related_apprenticeship,2.05,0.0,5.96,33.65
53-3052.00,"Bus Drivers, Transit and Intercity",related_work_experience,on_site_or_in_plant_training,on_the_job_training,job_related_apprenticeship,1.68,3.01,0.0,37.85
53-3053.00,Shuttle Drivers and Chauffeurs,related_work_experience,on_site_or_in_plant_training,on_the_job_training,job_related_apprenticeship,2.82,0.13,17.43,24.47
53-4011.00,Locomotive Engineers,related_work_experience,on_site_or_in_plant_training,on_the_job_training,job_related_apprenticeship,2.18,0.0,0.0,46.55
53-4013.00,"Rail Yard Engineers, Dinkey Operators, and Hostlers",related_work_experience,on_site_or_in_plant_training,on_the_job_training,job_related_apprenticeship,3.26,0.79,0.0,75.03
53-4022.00,"Railroad Brake, Signal, and Switch Operators and Locomotive Firers",related_work_experience,on_site_or_in_plant_training,on_the_job_training,job_related_apprenticeship,2.05,0.0,0.0,3.16
53-4031.00,Railroad Conductors and Yardmasters,related_work_experience,on_site_or_in_plant_training,on_the_job_training,,,4.2,4.35,69.79
53-4041.00,Subway and Streetcar Operators,related_work_experience,on_site_or_in_plant_training,on_the_job_training,job_related_apprenticeship,2.14,5.15,3.74,50.97
53-5011.00,Sailors and Marine Oilers,related_work_experience,on_site_or_in_plant_training,on_the_job_training,job_related_apprenticeship,2.53,0.0,0.0,34.0
53-5021.00,"Captains, Mates, and Pilots of Water Vessels",related_work_experience,on_site_or_in_plant_training,on_the_job_training,,,11.39,1.38,7.42
53-5022.00,Motorboat Operators,related_work_experience,on_site_or_in_plant_training,on_the_job_training,job_related_apprenticeship,2.46,32.5,23.89,37.42
53-5031.00,Ship Engineers,related_work_experience,on_site_or_in_plant_training,on_the_job_training,job_related_apprenticeship,3.89,3.08,0.0,3.08
53-6011.00,Bridge and Lock Tenders,related_work_experience,on_site_or_in_plant_training,on_the_job_training,job_related_apprenticeship,2.6,5.0,5.0,40.0
53-6021.00,Parking Attendants,related_work_experience,on_site_or_in_plant_training,on_the_job_training,,,41.15,17.45,46.84
53-6031.00,Automotive and Watercraft Service Attendants,related_work_experience,on_site_or_in_plant_training,on_the_job_training,,,18.57,16.06,52.46
53-6032.00,Aircraft Service Attendants,related_work_experience,on_site_or_in_plant_training,on_the_job_training,job_related_apprenticeship,1.48,0.17,0.0,89.05
53-6041.00,Traffic Technicians,related_work_experience,on_site_or_in_plant_training,on_the_job_training,,,4.9,0.0,17.41
53-6051.01,Aviation Inspectors,related_work_experience,on_site_or_in_plant_training,on_the_job_training,job_related_apprenticeship,3.62,3.1,0.0,0.0
53-6051.07,"Transportation Vehicle, Equipment and Systems Inspectors, Except Aviation",related_work_experience,on_site_or_in_plant_training,on_the_job_training,,,2.11,1.38,1.46
53-6061.00,Passenger Attendants,related_work_experience,on_site_or_in_plant_training,on_the_job_training,job_related_apprenticeship,1.9,0.18,7.41,73.82
53-7011.00,Conveyor Operators and Tenders,related_work_experience,on_site_or_in_plant_training,on_the_job_training,,,5.24,0.09,54.18
53-7021.00,Crane and Tower Operators,related_work_experience,on_site_or_in_plant_training,on_the_job_training,,,10.39,0.0,20.13
53-7031.00,Dredge Operators,related_work_experience,on_site_or_in_plant_training,on_the_job_training,,,5.09,1.84,5.68
53-7041.00,Hoist and Winch Operators,related_work_experience,on_site_or_in_plant_training,on_the_job_training,job_related_apprenticeship,2.56,0.66,0.0,19.39
53-7051.00,Industrial Truck and Tractor Operators,related_work_experience,on_site_or_in_plant_training,on_the_job_training,job_related_apprenticeship,1.65,0.0,10.6,23.69
53-7061.00,Cleaners of Vehicles and Equipment,related_work_experience,on_site_or_in_plant_training,on_the_job_training,job_related_apprenticeship,1.82,21.8,13.53,42.27
53-7062.00,"Laborers and Freight, Stock, and Material Movers, Hand",related_work_experience,on_site_or_in_plant_training,on_the_job_training,job_related_apprenticeship,1.59,21.14,12.34,52.87
53-7062.04,Recycling and Reclamation Workers,related_work_experience,on_site_or_in_plant_training,on_the_job_training,,,10.51,13.86,26.2
53-7063.00,Machine Feeders and Offbearers,related_work_experience,on_site_or_in_plant_training,on_the_job_training,,,19.23,9.4,32.49
53-7064.00,"Packers and Packagers, Hand",related_work_experience,on_site_or_in_plant_training,on_the_job_training,job_related_apprenticeship,1.49,58.01,23.99,59.63
53-7065.00,Stockers and Order Fillers,related_work_experience,on_site_or_in_plant_training,on_the_job_training,job_related_apprenticeship,1.41,1.75,9.24,38.12
53-7071.00,Gas Compressor and Gas Pumping Station Operators,related_work_experience,on_site_or_in_plant_training,on_the_job_training,,,0.0,0.0,34.98
53-7072.00,"Pump Operators, Except Wellhead Pumpers",related_work_experience,on_site_or_in_plant_training,on_the_job_training,job_related_apprenticeship,1.97,4.69,17.33,16.68
53-7073.00,Wellhead Pumpers,related_work_experience,on_site_or_in_plant_training,on_the_job_training,,,0.68,10.8,22.95
53-7081.00,Refuse and Recyclable Material Collectors,related_work_experience,on_site_or_in_plant_training,on_the_job_training,job_related_apprenticeship,2.06,16.56,0.0,19.49
53-7121.00,"Tank Car, Truck, and Ship Loaders",related_work_experience,on_site_or_in_plant_training,on_the_job_training,,,13.13,4.16,35.93
