O*NET-SOC Code,Title,career_interest_types_ranked_OI,career_interest_types_OI_artistic_value,career_interest_types_OI_conventional_value,career_interest_types_OI_enterprising_value,career_interest_types_OI_investigative_value,career_interest_types_OI_realistic_value,career_interest_types_OI_social_value,career_interest_types_IH_first_interest_high_point_value,career_interest_types_IH_second_interest_high_point_value,career_interest_types_IH_third_interest_high_point_value
11-1011.00,Chief Executives,enterprising|conventional|social|investigative|artistic|realistic,2.16,4.97,6.96,3.05,1.26,3.54,5.0,6.0,0.0
11-1011.03,Chief Sustainability Officers,enterprising|investigative|conventional|social|artistic|realistic,2.48,4.49,6.68,4.78,2.04,3.55,5.0,2.0,6.0
11-1021.00,General and Operations Managers,enterprising|conventional|social|investigative|realistic|artistic,1.29,5.34,7.0,2.37,2.2,3.38,5.0,6.0,0.0
11-1031.00,Legislators,enterprising|social|conventional|investigative|artistic|realistic,2.7,3.62,5.52,3.35,1.54,3.69,5.0,4.0,6.0
11-2011.00,Advertising and Promotions Managers,enterprising|conventional|artistic|social|investigative|realistic,3.87,4.43,7.0,1.69,1.0,3.14,5.0,6.0,3.0
11-2021.00,Marketing Managers,enterprising|conventional|investigative|social|artistic|realistic,2.45,4.7,7.0,2.9,1.0,2.82,5.0,6.0,0.0
11-2022.00,Sales Managers,enterprising|conventional|social|investigative|realistic|artistic,1.36,5.53,7.0,1.67,1.49,3.37,5.0,6.0,0.0
11-2032.00,Public Relations Managers,enterprising|conventional|social|artistic|investigative|realistic,3.67,4.39,7.0,2.34,1.0,4.18,5.0,6.0,4.0
11-2033.00,Fundraising Managers,enterprising|conventional|social|artistic|investigative|realistic,2.61,4.82,7.0,2.41,1.0,3.76,5.0,6.0,4.0
11-3012.00,Administrative Services Managers,enterprising|conventional|social|investigative|realistic|artistic,1.11,6.27,6.47,2.12,1.42,3.74,5.0,6.0,4.0
11-3013.00,Facilities Managers,conventional|enterprising|realistic|social|investigative|artistic,1.61,5.35,5.35,2.6,4.15,3.58,5.0,6.0,1.0
11-3013.01,Security Managers,enterprising|conventional|investigative|realistic|social|artistic,1.3,5.43,5.63,3.69,3.39,2.75,5.0,6.0,0.0
11-3021.00,Computer and Information Systems Managers,conventional|enterprising|investigative|realistic|social|artistic,1.47,5.94,5.09,4.49,2.68,2.35,6.0,5.0,2.0
11-3031.00,Financial Managers,enterprising|conventional|social|investigative|artistic|realistic,1.59,5.56,7.0,2.46,1.36,3.04,5.0,6.0,0.0
11-3031.01,Treasurers and Controllers,conventional|enterprising|social|investigative|artistic|realistic,1.17,6.44,6.15,2.2,1.0,2.68,6.0,5.0,0.0
11-3031.03,Investment Fund Managers,enterprising|conventional|investigative|social|artistic|realistic,1.65,5.21,6.95,3.77,1.48,2.69,5.0,6.0,2.0
11-3051.00,Industrial Production Managers,enterprising|conventional|realistic|investigative|social|artistic,1.4,5.21,6.03,2.92,4.0,1.85,5.0,6.0,1.0
11-3051.01,Quality Control Systems Managers,conventional|enterprising|investigative|realistic|social|artistic,1.28,5.42,5.09,4.12,3.58,2.07,6.0,5.0,2.0
11-3051.02,Geothermal Production Managers,realistic|conventional|enterprising|investigative|social|artistic,1.0,4.82,4.58,3.35,5.35,2.07,1.0,6.0,5.0
11-3051.03,Biofuels Production Managers,enterprising|conventional|realistic|investigative|social|artistic,1.0,5.06,5.41,3.74,4.59,1.83,5.0,6.0,1.0
11-3051.04,Biomass Power Plant Managers,conventional|realistic|enterprising|investigative|social|artistic,1.0,5.34,4.86,3.19,5.12,1.72,6.0,1.0,5.0
11-3051.06,Hydroelectric Production Managers,realistic|conventional|enterprising|investigative|social|artistic,1.0,5.02,4.57,3.64,5.37,1.83,1.0,6.0,5.0
11-3061.00,Purchasing Managers,enterprising|conventional|social|realistic|investigative|artistic,1.2,5.98,7.0,1.77,2.49,2.7,5.0,6.0,0.0
11-3071.00,"Transportation, Storage, and Distribution Managers",enterprising|conventional|realistic|investigative|social|artistic,1.0,5.74,5.99,2.64,3.6,2.39,5.0,6.0,0.0
11-3071.04,Supply Chain Managers,enterprising|conventional|realistic|investigative|social|artistic,1.0,5.25,6.24,2.46,3.39,2.04,5.0,6.0,0.0
11-3111.00,Compensation and Benefits Managers,enterprising|conventional|social|investigative|artistic|realistic,1.41,5.66,7.0,2.18,1.0,3.81,5.0,6.0,4.0
11-3121.00,Human Resources Managers,enterprising|conventional|social|investigative|artistic|realistic,1.5,5.54,7.0,2.31,1.26,3.88,5.0,6.0,4.0
11-3131.00,Training and Development Managers,enterprising|social|conventional|investigative|artistic|realistic,2.57,4.04,6.35,3.04,1.9,5.54,5.0,4.0,6.0
11-9013.00,"Farmers, Ranchers, and Other Agricultural Managers",enterprising|realistic|conventional|investigative|social|artistic,1.06,4.53,5.52,2.74,5.16,2.63,5.0,1.0,6.0
11-9021.00,Construction Managers,enterprising|conventional|realistic|investigative|social|artistic,1.7,4.8,5.73,3.18,4.68,2.35,5.0,6.0,1.0
11-9031.00,"Education and Childcare Administrators, Preschool and Daycare",social|enterprising|conventional|investigative|artistic|realistic,2.78,4.53,4.85,2.9,1.2,6.46,4.0,5.0,6.0
11-9032.00,"Education Administrators, Kindergarten through Secondary",social|enterprising|conventional|investigative|artistic|realistic,2.84,4.68,5.34,3.06,1.31,5.72,4.0,5.0,6.0
11-9033.00,"Education Administrators, Postsecondary",social|enterprising|conventional|investigative|artistic|realistic,2.81,4.91,5.3,3.83,1.0,5.64,4.0,5.0,6.0
11-9041.00,Architectural and Engineering Managers,enterprising|investigative|conventional|realistic|social|artistic,2.64,4.43,6.4,4.56,2.99,2.95,5.0,2.0,6.0
11-9041.01,Biofuels/Biodiesel Technology and Product Development Managers,investigative|enterprising|realistic|conventional|artistic|social,2.11,3.51,4.7,5.84,4.16,2.1,2.0,5.0,1.0
11-9051.00,Food Service Managers,enterprising|conventional|realistic|social|investigative|artistic,1.63,5.06,5.97,1.96,4.16,3.53,5.0,6.0,1.0
11-9071.00,Gambling Managers,enterprising|conventional|social|realistic|investigative|artistic,1.09,5.46,6.74,1.35,2.8,2.86,5.0,6.0,0.0
11-9072.00,"Entertainment and Recreation Managers, Except Gambling",enterprising|conventional|social|realistic|artistic|investigative,1.98,5.04,6.25,1.96,3.35,3.93,5.0,6.0,4.0
11-9081.00,Lodging Managers,enterprising|conventional|social|realistic|artistic|investigative,1.43,5.22,6.21,1.1,2.69,4.31,5.0,6.0,4.0
11-9111.00,Medical and Health Services Managers,enterprising|conventional|social|investigative|realistic|artistic,1.45,5.17,5.95,3.75,2.05,4.4,5.0,6.0,4.0
11-9121.00,Natural Sciences Managers,investigative|enterprising|conventional|social|realistic|artistic,2.44,4.22,5.6,5.87,2.74,3.09,2.0,5.0,6.0
11-9121.01,Clinical Research Coordinators,investigative|conventional|enterprising|social|artistic|realistic,1.76,4.81,4.31,5.9,1.58,3.58,2.0,6.0,5.0
11-9121.02,Water Resource Specialists,investigative|realistic|conventional|enterprising|social|artistic,1.78,4.17,3.53,5.8,4.45,2.58,2.0,1.0,6.0
11-9131.00,Postmasters and Mail Superintendents,enterprising|conventional|social|realistic|investigative|artistic,1.17,5.69,6.0,1.3,2.14,3.35,5.0,6.0,4.0
11-9141.00,"Property, Real Estate, and Community Association Managers",enterprising|conventional|social|realistic|investigative|artistic,1.69,5.26,6.67,2.11,3.28,3.53,5.0,6.0,0.0
11-9151.00,Social and Community Service Managers,enterprising|social|conventional|artistic|investigative|realistic,2.43,4.21,6.97,2.17,1.0,5.43,5.0,4.0,6.0
11-9161.00,Emergency Management Directors,enterprising|conventional|investigative|social|realistic|artistic,1.82,4.69,5.07,4.49,3.53,4.01,5.0,6.0,2.0
11-9171.00,Funeral Home Managers,enterprising|conventional|social|realistic|investigative|artistic,1.89,4.56,6.38,2.32,2.81,4.35,5.0,6.0,4.0
11-9179.01,Fitness and Wellness Coordinators,social|enterprising|conventional|realistic|investigative|artistic,2.14,3.65,5.42,2.69,3.21,5.58,4.0,5.0,0.0
11-9179.02,Spa Managers,enterprising|conventional|social|realistic|artistic|investigative,1.84,4.91,7.0,1.31,2.5,4.19,5.0,6.0,4.0
11-9199.01,Regulatory Affairs Managers,enterprising|conventional|investigative|social|realistic|artistic,1.34,5.67,6.55,2.99,1.93,2.65,5.0,6.0,0.0
11-9199.02,Compliance Managers,conventional|enterprising|social|investigative|realistic|artistic,1.0,6.3,5.93,2.98,1.92,3.1,6.0,5.0,0.0
11-9199.08,Loss Prevention Managers,conventional|enterprising|investigative|realistic|social|artistic,1.0,5.85,5.62,3.62,3.43,2.85,6.0,5.0,0.0
11-9199.09,Wind Energy Operations Managers,enterprising|conventional|realistic|investigative|social|artistic,1.0,5.24,6.47,3.04,4.16,2.34,5.0,6.0,1.0
11-9199.10,Wind Energy Development Managers,enterprising|conventional|investigative|realistic|social|artistic,1.66,4.82,6.71,3.86,3.44,2.38,5.0,6.0,0.0
11-9199.11,Brownfield Redevelopment Specialists and Site Managers,conventional|enterprising|realistic|investigative|social|artistic,1.46,4.69,4.54,4.31,4.49,2.03,6.0,5.0,1.0
13-1011.00,"Agents and Business Managers of Artists, Performers, and Athletes",enterprising|social|conventional|artistic|investigative|realistic,3.55,3.73,6.48,1.76,1.0,4.14,5.0,4.0,6.0
13-1021.00,"Buyers and Purchasing Agents, Farm Products",enterprising|conventional|realistic|investigative|social|artistic,1.08,4.8,4.91,1.85,4.56,1.74,5.0,6.0,1.0
13-1022.00,"Wholesale and Retail Buyers, Except Farm Products",enterprising|conventional|realistic|social|investigative|artistic,1.56,5.17,5.23,1.92,3.37,2.45,5.0,6.0,1.0
13-1023.00,"Purchasing Agents, Except Wholesale, Retail, and Farm Products",conventional|enterprising|realistic|social|investigative|artistic,1.19,5.65,5.09,1.82,3.5,1.93,6.0,5.0,1.0
13-1031.00,"Claims Adjusters, Examiners, and Investigators",conventional|enterprising|investigative|social|realistic|artistic,1.0,6.23,4.77,3.53,1.23,2.61,6.0,5.0,2.0
13-1032.00,"Insurance Appraisers, Auto Damage",conventional|realistic|enterprising|investigative|social|artistic,1.16,5.44,3.54,3.04,5.17,1.64,6.0,1.0,5.0
13-1041.00,Compliance Officers,conventional|enterprising|investigative|social|realistic|artistic,1.0,6.33,4.08,3.07,2.51,2.97,6.0,5.0,0.0
13-1041.01,Environmental Compliance Inspectors,conventional|investigative|realistic|enterprising|social|artistic,1.05,5.84,3.21,4.77,4.57,2.35,6.0,2.0,1.0
13-1041.03,Equal Opportunity Representatives and Officers,enterprising|conventional|social|investigative|artistic|realistic,1.73,5.21,5.37,3.01,1.23,4.24,5.0,6.0,4.0
13-1041.04,Government Property Inspectors and Investigators,conventional|enterprising|investigative|realistic|social|artistic,1.0,6.26,4.2,3.32,3.09,2.41,6.0,5.0,0.0
13-1041.06,Coroners,investigative|conventional|enterprising|realistic|social|artistic,1.5,4.86,4.09,4.94,4.04,3.1,2.0,6.0,5.0
13-1041.07,Regulatory Affairs Specialists,conventional|enterprising|investigative|social|realistic|artistic,1.0,6.32,4.46,3.32,1.4,2.5,6.0,5.0,2.0
13-1041.08,Customs Brokers,conventional|enterprising|realistic|social|investigative|artistic,1.0,6.13,5.02,1.53,2.37,2.17,6.0,5.0,0.0
13-1051.00,Cost Estimators,conventional|enterprising|investigative|realistic|social|artistic,1.12,6.44,4.65,3.18,3.01,1.66,6.0,5.0,0.0
13-1071.00,Human Resources Specialists,enterprising|conventional|social|investigative|artistic|realistic,1.35,5.52,5.67,2.52,1.03,3.78,5.0,6.0,4.0
13-1074.00,Farm Labor Contractors,enterprising|realistic|conventional|social|investigative|artistic,1.0,4.39,4.99,1.54,4.85,3.24,5.0,1.0,6.0
13-1075.00,Labor Relations Specialists,enterprising|conventional|social|investigative|artistic|realistic,1.71,4.61,5.65,3.1,1.31,3.72,5.0,6.0,4.0
13-1081.00,Logisticians,conventional|enterprising|investigative|realistic|social|artistic,1.1,5.44,5.02,3.81,2.35,2.33,6.0,5.0,2.0
13-1081.01,Logistics Engineers,conventional|investigative|realistic|enterprising|social|artistic,1.07,5.67,3.76,5.22,4.02,1.31,6.0,2.0,1.0
13-1081.02,Logistics Analysts,conventional|enterprising|investigative|realistic|social|artistic,1.0,6.79,4.47,4.04,2.88,1.52,6.0,5.0,2.0
13-1082.00,Project Management Specialists,enterprising|conventional|social|investigative|artistic|realistic,1.57,5.55,6.3,2.75,1.48,3.32,5.0,6.0,0.0
13-1111.00,Management Analysts,conventional|investigative|enterprising|social|artistic|realistic,1.63,6.05,4.81,5.44,1.37,2.82,6.0,2.0,5.0
13-1121.00,"Meeting, Convention, and Event Planners",enterprising|conventional|social|artistic|investigative|realistic,2.49,4.96,7.0,1.56,1.0,4.56,5.0,6.0,4.0
13-1131.00,Fundraisers,enterprising|social|conventional|artistic|investigative|realistic,3.22,4.07,6.03,2.02,1.0,4.23,5.0,4.0,6.0
13-1141.00,"Compensation, Benefits, and Job Analysis Specialists",conventional|enterprising|social|investigative|artistic|realistic,1.41,5.8,5.38,3.42,1.29,3.64,6.0,5.0,4.0
13-1151.00,Training and Development Specialists,social|investigative|conventional|enterprising|artistic|realistic,3.19,3.76,3.68,4.03,2.03,5.64,4.0,2.0,0.0
13-1161.00,Market Research Analysts and Marketing Specialists,enterprising|conventional|investigative|artistic|social|realistic,2.56,4.62,5.52,4.6,1.08,2.47,5.0,6.0,2.0
13-1161.01,Search Marketing Strategists,enterprising|conventional|investigative|artistic|social|realistic,3.23,4.68,5.54,3.78,1.0,2.76,5.0,6.0,2.0
13-1199.04,Business Continuity Planners,enterprising|conventional|investigative|social|realistic|artistic,1.66,5.06,5.23,4.39,2.0,3.06,5.0,6.0,2.0
13-1199.05,Sustainability Specialists,investigative|enterprising|conventional|social|artistic|realistic,2.5,4.41,5.09,5.2,2.06,2.95,2.0,5.0,6.0
13-1199.06,Online Merchants,conventional|enterprising|realistic|social|artistic|investigative,1.88,5.97,5.78,1.61,2.42,2.32,6.0,5.0,0.0
13-1199.07,Security Management Specialists,conventional|investigative|realistic|enterprising|social|artistic,1.68,5.68,3.73,5.09,3.86,1.96,6.0,2.0,1.0
13-2011.00,Accountants and Auditors,conventional|enterprising|investigative|social|realistic|artistic,1.08,7.0,3.87,3.57,1.14,2.13,6.0,5.0,2.0
13-2022.00,Appraisers of Personal and Business Property,conventional|enterprising|realistic|investigative|artistic|social,2.09,6.0,4.65,2.57,3.59,1.68,6.0,5.0,1.0
13-2023.00,Appraisers and Assessors of Real Estate,conventional|enterprising|investigative|realistic|social|artistic,1.61,5.81,4.87,2.85,2.7,2.63,6.0,5.0,0.0
13-2031.00,Budget Analysts,conventional|enterprising|investigative|social|artistic|realistic,1.58,7.0,4.91,3.72,1.0,2.25,6.0,5.0,2.0
13-2041.00,Credit Analysts,conventional|enterprising|investigative|social|artistic|realistic,1.0,6.85,4.55,3.79,1.0,2.41,6.0,5.0,2.0
13-2051.00,Financial and Investment Analysts,conventional|enterprising|investigative|social|artistic|realistic,1.78,5.54,5.09,5.06,1.0,2.25,6.0,5.0,2.0
13-2052.00,Personal Financial Advisors,enterprising|conventional|social|investigative|artistic|realistic,1.69,5.61,5.85,3.27,1.0,4.07,5.0,6.0,4.0
13-2053.00,Insurance Underwriters,conventional|enterprising|investigative|social|realistic|artistic,1.0,6.16,4.5,3.64,1.72,2.84,6.0,5.0,2.0
13-2054.00,Financial Risk Specialists,conventional|investigative|enterprising|social|realistic|artistic,1.31,5.36,4.92,4.96,1.67,2.48,6.0,2.0,5.0
13-2061.00,Financial Examiners,conventional|enterprising|investigative|social|realistic|artistic,1.0,6.4,4.63,3.6,1.34,2.5,6.0,5.0,2.0
13-2071.00,Credit Counselors,conventional|social|enterprising|investigative|artistic|realistic,1.8,5.35,4.73,2.65,1.0,4.89,6.0,4.0,5.0
13-2072.00,Loan Officers,conventional|enterprising|social|investigative|realistic|artistic,1.0,6.08,4.98,2.32,1.43,3.65,6.0,5.0,4.0
13-2081.00,"Tax Examiners and Collectors, and Revenue Agents",conventional|enterprising|social|investigative|realistic|artistic,1.0,6.85,4.38,2.47,1.21,3.15,6.0,5.0,0.0
13-2082.00,Tax Preparers,conventional|enterprising|investigative|social|realistic|artistic,1.0,6.79,3.38,2.38,2.17,2.26,6.0,5.0,0.0
13-2099.01,Financial Quantitative Analysts,investigative|conventional|enterprising|artistic|realistic|social,1.85,5.79,3.45,6.67,1.63,1.58,2.0,6.0,0.0
13-2099.04,"Fraud Examiners, Investigators and Analysts",conventional|investigative|enterprising|realistic|social|artistic,1.22,5.62,4.57,4.67,2.01,1.95,6.0,2.0,5.0
15-1211.00,Computer Systems Analysts,investigative|conventional|realistic|enterprising|artistic|social,1.98,5.93,2.23,6.39,3.27,1.91,2.0,6.0,0.0
15-1211.01,Health Informatics Specialists,investigative|conventional|social|realistic|enterprising|artistic,1.99,4.71,2.08,6.29,2.84,4.52,2.0,6.0,4.0
15-1212.00,Information Security Analysts,conventional|investigative|realistic|enterprising|social|artistic,1.34,6.08,2.85,5.4,3.56,2.11,6.0,2.0,0.0
15-1221.00,Computer and Information Research Scientists,investigative|conventional|realistic|artistic|enterprising|social,2.95,4.8,2.49,7.0,3.74,2.0,2.0,6.0,0.0
15-1231.00,Computer Network Support Specialists,conventional|investigative|realistic|enterprising|social|artistic,1.0,5.45,2.64,4.61,4.38,2.28,6.0,2.0,1.0
15-1232.00,Computer User Support Specialists,conventional|realistic|investigative|social|enterprising|artistic,1.0,6.02,2.36,3.77,4.13,3.31,6.0,1.0,2.0
15-1241.00,Computer Network Architects,investigative|conventional|realistic|enterprising|artistic|social,2.25,5.06,3.2,5.28,4.04,2.17,2.0,6.0,1.0
15-1241.01,Telecommunications Engineering Specialists,conventional|realistic|investigative|enterprising|social|artistic,1.9,4.95,3.07,4.29,4.54,2.31,6.0,1.0,2.0
15-1242.00,Database Administrators,conventional|investigative|enterprising|realistic|social|artistic,1.2,6.61,2.94,4.83,2.83,2.29,6.0,2.0,0.0
15-1243.00,Database Architects,conventional|investigative|enterprising|realistic|artistic|social,2.16,6.12,2.68,5.63,2.63,1.91,6.0,2.0,0.0
15-1243.01,Data Warehousing Specialists,conventional|investigative|enterprising|realistic|social|artistic,1.62,6.38,3.05,4.79,2.93,2.03,6.0,2.0,0.0
15-1244.00,Network and Computer Systems Administrators,conventional|realistic|investigative|enterprising|social|artistic,1.0,6.18,3.46,4.04,4.19,2.22,6.0,1.0,2.0
15-1251.00,Computer Programmers,conventional|investigative|realistic|artistic|enterprising|social,2.51,5.92,2.09,5.1,3.37,1.98,6.0,2.0,0.0
15-1252.00,Software Developers,investigative|conventional|realistic|artistic|enterprising|social,2.37,5.62,1.87,6.05,3.61,1.81,2.0,6.0,0.0
15-1253.00,Software Quality Assurance Analysts and Testers,investigative|conventional|realistic|artistic|enterprising|social,1.69,5.67,1.57,5.76,3.8,1.53,2.0,6.0,1.0
15-1254.00,Web Developers,conventional|investigative|artistic|realistic|enterprising|social,3.13,5.03,2.96,5.01,2.98,2.22,6.0,2.0,0.0
15-1255.00,Web and Digital Interface Designers,investigative|artistic|conventional|enterprising|realistic|social,4.48,4.4,3.13,4.88,2.59,2.2,2.0,3.0,6.0
15-1255.01,Video Game Designers,artistic|investigative|enterprising|conventional|realistic|social,6.38,3.85,3.92,4.15,2.77,2.3,3.0,2.0,0.0
15-1299.01,Web Administrators,conventional|investigative|enterprising|realistic|artistic|social,2.42,5.54,3.77,4.41,2.45,2.27,6.0,2.0,5.0
15-1299.02,Geographic Information Systems Technologists and Technicians,conventional|investigative|realistic|artistic|enterprising|social,2.31,5.88,1.93,5.19,4.26,1.93,6.0,2.0,1.0
15-1299.03,Document Management Specialists,conventional|investigative|enterprising|social|artistic|realistic,1.81,6.74,2.93,3.89,1.75,2.29,6.0,2.0,0.0
15-1299.04,Penetration Testers,investigative|conventional|realistic|enterprising|social|artistic,1.31,5.18,2.1,5.19,3.91,1.99,2.0,6.0,1.0
15-1299.05,Information Security Engineers,conventional|investigative|realistic|enterprising|social|artistic,1.33,6.06,2.66,5.54,4.3,1.83,6.0,2.0,1.0
15-1299.06,Digital Forensics Analysts,investigative|conventional|realistic|enterprising|artistic|social,1.69,6.03,2.71,6.11,3.2,1.65,2.0,6.0,0.0
15-1299.07,Blockchain Engineers,conventional|investigative|realistic|enterprising|artistic|social,2.07,5.69,3.39,5.28,3.4,1.57,6.0,2.0,0.0
15-1299.08,Computer Systems Engineers/Architects,conventional|investigative|realistic|enterprising|social|artistic,1.88,5.76,3.03,5.46,4.1,2.1,6.0,2.0,1.0
15-1299.09,Information Technology Project Managers,enterprising|conventional|investigative|social|artistic|realistic,1.77,5.31,5.91,3.87,1.73,2.67,5.0,6.0,2.0
15-2011.00,Actuaries,conventional|investigative|enterprising|social|realistic|artistic,1.13,6.29,3.33,4.45,1.78,2.49,6.0,2.0,5.0
15-2021.00,Mathematicians,investigative|conventional|artistic|realistic|social|enterprising,3.23,5.03,1.11,7.0,3.22,1.95,2.0,6.0,0.0
15-2031.00,Operations Research Analysts,investigative|conventional|enterprising|artistic|social|realistic,2.18,5.76,3.14,6.26,1.9,2.02,2.0,6.0,0.0
15-2041.00,Statisticians,investigative|conventional|realistic|enterprising|artistic|social,1.77,6.03,1.82,6.58,2.14,1.71,2.0,6.0,0.0
15-2041.01,Biostatisticians,investigative|conventional|social|artistic|realistic|enterprising,2.8,4.4,1.98,7.0,2.43,3.11,2.0,6.0,0.0
15-2051.00,Data Scientists,investigative|conventional|artistic|realistic|enterprising|social,2.61,5.39,1.71,6.98,2.17,1.66,2.0,6.0,0.0
15-2051.01,Business Intelligence Analysts,conventional|investigative|enterprising|artistic|social|realistic,1.93,5.79,4.42,5.41,1.24,1.85,6.0,2.0,5.0
15-2051.02,Clinical Data Managers,conventional|investigative|enterprising|social|artistic|realistic,1.27,6.58,3.3,5.66,1.25,2.82,6.0,2.0,0.0
15-2099.01,Bioinformatics Technicians,investigative|conventional|realistic|social|artistic|enterprising,1.58,6.04,1.0,6.42,3.81,1.69,2.0,6.0,1.0
17-1011.00,"Architects, Except Landscape and Naval",realistic|conventional|artistic|investigative|enterprising|social,4.13,4.44,3.65,3.88,4.92,2.53,1.0,6.0,3.0
17-1012.00,Landscape Architects,realistic|investigative|artistic|conventional|enterprising|social,4.68,3.7,3.65,4.73,5.42,2.67,1.0,2.0,3.0
17-1021.00,Cartographers and Photogrammetrists,conventional|investigative|realistic|artistic|social|enterprising,3.55,5.34,1.64,5.18,4.62,1.78,6.0,2.0,1.0
17-1022.00,Surveyors,conventional|realistic|investigative|artistic|enterprising|social,2.12,5.29,1.88,4.73,5.25,1.63,6.0,1.0,2.0
17-1022.01,Geodetic Surveyors,realistic|investigative|conventional|social|enterprising|artistic,1.54,5.29,1.61,5.4,5.5,1.74,1.0,2.0,6.0
17-2011.00,Aerospace Engineers,investigative|realistic|conventional|enterprising|artistic|social,2.35,4.44,2.52,6.05,5.65,1.25,2.0,1.0,6.0
17-2021.00,Agricultural Engineers,realistic|investigative|conventional|enterprising|artistic|social,2.19,3.77,2.31,6.29,6.65,1.73,1.0,2.0,0.0
17-2031.00,Bioengineers and Biomedical Engineers,investigative|realistic|conventional|social|artistic|enterprising,2.11,4.48,1.84,6.75,5.44,2.45,2.0,1.0,6.0
17-2041.00,Chemical Engineers,realistic|investigative|conventional|enterprising|artistic|social,1.8,4.54,1.85,5.75,6.27,1.02,1.0,2.0,6.0
17-2051.00,Civil Engineers,realistic|investigative|conventional|enterprising|artistic|social,2.21,4.61,2.66,5.15,6.43,1.69,1.0,2.0,6.0
17-2051.01,Transportation Engineers,realistic|investigative|conventional|enterprising|artistic|social,2.13,4.41,3.09,5.08,5.37,1.97,1.0,2.0,6.0
17-2051.02,Water/Wastewater Engineers,realistic|investigative|conventional|enterprising|artistic|social,1.85,4.53,2.9,5.35,5.62,1.76,1.0,2.0,6.0
17-2061.00,Computer Hardware Engineers,realistic|investigative|conventional|enterprising|artistic|social,1.83,5.37,1.98,5.56,5.69,1.82,1.0,2.0,6.0
17-2071.00,Electrical Engineers,realistic|investigative|conventional|enterprising|artistic|social,2.12,4.43,2.44,5.45,6.02,1.72,1.0,2.0,6.0
17-2072.00,"Electronics Engineers, Except Computer",realistic|investigative|conventional|artistic|enterprising|social,2.03,4.68,1.62,5.81,6.24,1.59,1.0,2.0,6.0
17-2072.01,Radio Frequency Identification Device Specialists,conventional|realistic|investigative|enterprising|social|artistic,1.41,5.31,1.56,4.85,5.08,1.54,6.0,1.0,2.0
17-2081.00,Environmental Engineers,investigative|realistic|conventional|enterprising|social|artistic,1.96,4.59,3.17,6.1,5.17,2.22,2.0,1.0,6.0
17-2111.00,"Health and Safety Engineers, Except Mining Safety Engineers and Inspectors",investigative|realistic|conventional|enterprising|social|artistic,1.04,4.68,2.27,5.63,5.36,2.17,2.0,1.0,6.0
17-2111.02,Fire-Prevention and Protection Engineers,realistic|investigative|conventional|social|enterprising|artistic,1.47,4.47,2.8,5.19,6.33,2.84,1.0,2.0,6.0
17-2112.00,Industrial Engineers,conventional|investigative|realistic|enterprising|artistic|social,1.58,5.35,3.29,4.99,4.96,1.37,6.0,2.0,1.0
17-2112.01,Human Factors Engineers and Ergonomists,investigative|realistic|conventional|artistic|enterprising|social,2.65,4.4,2.59,6.21,4.54,2.15,2.0,1.0,6.0
17-2112.02,Validation Engineers,investigative|conventional|realistic|enterprising|artistic|social,1.48,5.07,2.02,5.56,4.85,1.43,2.0,6.0,1.0
17-2112.03,Manufacturing Engineers,realistic|investigative|conventional|enterprising|artistic|social,2.22,4.41,3.09,4.53,5.27,1.6,1.0,2.0,6.0
17-2121.00,Marine Engineers and Naval Architects,realistic|investigative|conventional|enterprising|artistic|social,2.62,4.31,3.26,5.71,5.74,1.27,1.0,2.0,6.0
17-2131.00,Materials Engineers,realistic|investigative|conventional|artistic|enterprising|social,2.54,4.11,2.06,5.82,5.88,1.38,1.0,2.0,6.0
17-2141.00,Mechanical Engineers,realistic|investigative|conventional|artistic|enterprising|social,2.02,4.83,1.97,5.12,6.39,1.22,1.0,2.0,6.0
17-2141.01,Fuel Cell Engineers,realistic|investigative|conventional|enterprising|artistic|social,1.83,4.06,2.51,5.37,5.53,1.44,1.0,2.0,6.0
17-2141.02,Automotive Engineers,realistic|investigative|conventional|artistic|enterprising|social,2.55,4.06,2.13,5.67,6.17,1.37,1.0,2.0,6.0
17-2151.00,"Mining and Geological Engineers, Including Mining Safety Engineers",realistic|investigative|conventional|enterprising|social|artistic,1.55,4.64,2.75,5.58,6.08,1.84,1.0,2.0,6.0
17-2161.00,Nuclear Engineers,investigative|realistic|conventional|enterprising|artistic|social,2.05,4.48,2.53,6.44,4.92,1.89,2.0,1.0,6.0
17-2171.00,Petroleum Engineers,realistic|investigative|conventional|enterprising|artistic|social,1.92,4.32,3.04,5.33,5.37,1.78,1.0,2.0,6.0
17-2199.03,"Energy Engineers, Except Wind and Solar",realistic|investigative|conventional|enterprising|social|artistic,2.03,4.4,3.09,4.69,5.2,2.24,1.0,2.0,6.0
17-2199.05,Mechatronics Engineers,realistic|investigative|conventional|artistic|enterprising|social,2.43,4.84,1.72,5.55,5.68,1.58,1.0,2.0,6.0
17-2199.06,Microsystems Engineers,investigative|realistic|conventional|artistic|social|enterprising,1.93,4.91,1.4,6.19,5.48,1.55,2.0,1.0,6.0
17-2199.07,Photonics Engineers,realistic|investigative|conventional|artistic|enterprising|social,2.8,3.96,1.7,5.88,5.9,1.39,1.0,2.0,6.0
17-2199.08,Robotics Engineers,realistic|investigative|conventional|artistic|enterprising|social,1.79,4.48,1.79,5.61,6.18,1.49,1.0,2.0,6.0
17-2199.09,Nanosystems Engineers,investigative|realistic|conventional|enterprising|artistic|social,2.36,4.04,2.57,6.1,5.31,1.47,2.0,1.0,6.0
17-2199.10,Wind Energy Engineers,realistic|investigative|conventional|enterprising|artistic|social,2.22,4.12,3.12,4.54,5.9,1.43,1.0,2.0,6.0
17-2199.11,Solar Energy Systems Engineers,realistic|investigative|conventional|enterprising|artistic|social,2.11,3.96,3.05,5.02,5.97,1.9,1.0,2.0,6.0
17-3011.00,Architectural and Civil Drafters,realistic|conventional|artistic|investigative|social|enterprising,4.48,4.89,1.53,4.23,5.54,1.55,1.0,6.0,3.0
17-3012.00,Electrical and Electronics Drafters,realistic|conventional|investigative|artistic|enterprising|social,3.06,5.53,1.9,3.44,5.62,1.32,1.0,6.0,0.0
17-3013.00,Mechanical Drafters,realistic|conventional|investigative|artistic|enterprising|social,3.62,4.85,1.36,3.79,5.96,1.21,1.0,6.0,2.0
17-3021.00,Aerospace Engineering and Operations Technologists and Technicians,realistic|conventional|investigative|enterprising|artistic|social,1.0,5.31,1.44,5.11,6.47,1.0,1.0,6.0,2.0
17-3022.00,Civil Engineering Technologists and Technicians,realistic|investigative|conventional|artistic|enterprising|social,2.88,5.27,2.0,5.37,5.75,1.55,1.0,2.0,6.0
17-3023.00,Electrical and Electronic Engineering Technologists and Technicians,realistic|investigative|conventional|social|artistic|enterprising,1.76,5.0,1.31,5.2,6.26,1.78,1.0,2.0,6.0
17-3024.00,Electro-Mechanical and Mechatronics Technologists and Technicians,realistic|conventional|investigative|artistic|enterprising|social,1.38,4.58,1.0,4.38,7.0,1.0,1.0,6.0,2.0
17-3024.01,Robotics Technicians,realistic|conventional|investigative|enterprising|social|artistic,1.0,4.67,1.37,3.88,6.94,1.13,1.0,6.0,2.0
17-3025.00,Environmental Engineering Technologists and Technicians,realistic|investigative|conventional|artistic|social|enterprising,1.73,4.8,1.32,5.9,6.28,1.46,1.0,2.0,6.0
17-3026.00,Industrial Engineering Technologists and Technicians,realistic|conventional|investigative|enterprising|social|artistic,1.22,5.2,2.31,5.13,5.34,1.44,1.0,6.0,2.0
17-3026.01,Nanotechnology Engineering Technologists and Technicians,realistic|investigative|conventional|enterprising|artistic|social,1.55,4.83,2.01,4.98,6.16,1.05,1.0,2.0,6.0
17-3027.00,Mechanical Engineering Technologists and Technicians,realistic|investigative|conventional|artistic|social|enterprising,2.19,4.76,1.08,5.37,6.26,1.19,1.0,2.0,6.0
17-3027.01,Automotive Engineering Technicians,realistic|investigative|conventional|artistic|enterprising|social,1.41,4.45,1.25,5.37,7.0,1.0,1.0,2.0,6.0
17-3028.00,Calibration Technologists and Technicians,realistic|conventional|investigative|social|artistic|enterprising,1.12,5.59,1.0,4.13,6.3,1.56,1.0,6.0,2.0
17-3029.01,Non-Destructive Testing Specialists,realistic|investigative|conventional|social|artistic|enterprising,1.34,4.56,1.0,4.97,6.41,1.4,1.0,2.0,6.0
17-3029.08,Photonics Technicians,realistic|conventional|investigative|artistic|enterprising|social,1.0,5.46,1.0,4.18,7.0,1.0,1.0,6.0,2.0
17-3031.00,Surveying and Mapping Technicians,realistic|conventional|investigative|artistic|enterprising|social,1.91,5.63,1.0,4.03,5.94,1.0,1.0,6.0,2.0
19-1011.00,Animal Scientists,investigative|realistic|conventional|enterprising|social|artistic,1.96,3.36,2.4,6.93,5.24,1.97,2.0,1.0,0.0
19-1012.00,Food Scientists and Technologists,investigative|realistic|conventional|enterprising|artistic|social,2.45,3.95,2.58,5.71,5.05,2.16,2.0,1.0,6.0
19-1013.00,Soil and Plant Scientists,investigative|realistic|conventional|artistic|enterprising|social,2.11,3.41,1.71,6.71,6.43,1.67,2.0,1.0,0.0
19-1021.00,Biochemists and Biophysicists,investigative|realistic|conventional|artistic|social|enterprising,2.61,3.64,1.83,7.0,5.11,2.15,2.0,1.0,0.0
19-1022.00,Microbiologists,investigative|realistic|conventional|social|artistic|enterprising,1.92,3.85,1.07,7.0,5.29,1.98,2.0,1.0,6.0
19-1023.00,Zoologists and Wildlife Biologists,investigative|realistic|conventional|social|enterprising|artistic,2.31,3.7,2.33,6.99,5.43,2.55,2.0,1.0,0.0
19-1029.01,Bioinformatics Scientists,investigative|conventional|realistic|artistic|social|enterprising,2.51,5.04,1.26,7.0,3.81,1.64,2.0,6.0,1.0
19-1029.02,Molecular and Cellular Biologists,investigative|conventional|realistic|enterprising|social|artistic,1.95,5.1,2.58,6.66,5.03,2.27,2.0,6.0,1.0
19-1029.03,Geneticists,investigative|conventional|realistic|artistic|social|enterprising,2.95,4.78,1.61,7.0,4.05,2.91,2.0,6.0,1.0
19-1029.04,Biologists,investigative|conventional|realistic|enterprising|social|artistic,2.4,4.45,2.76,7.0,4.11,2.62,2.0,6.0,1.0
19-1031.00,Conservation Scientists,investigative|realistic|conventional|enterprising|social|artistic,1.97,3.98,3.16,5.7,5.15,2.87,2.0,1.0,6.0
19-1031.02,Range Managers,realistic|investigative|enterprising|conventional|social|artistic,1.47,3.68,4.39,5.02,5.76,2.42,1.0,2.0,5.0
19-1031.03,Park Naturalists,social|realistic|investigative|artistic|enterprising|conventional,3.74,3.43,3.46,4.24,4.38,4.87,4.0,1.0,2.0
19-1032.00,Foresters,realistic|investigative|conventional|enterprising|social|artistic,1.25,4.39,3.78,4.48,5.32,2.3,1.0,2.0,6.0
19-1041.00,Epidemiologists,investigative|social|conventional|realistic|enterprising|artistic,2.19,3.63,2.37,7.0,2.82,4.11,2.0,4.0,0.0
19-1042.00,"Medical Scientists, Except Epidemiologists",investigative|realistic|conventional|social|artistic|enterprising,2.42,3.7,2.22,7.0,4.27,3.29,2.0,1.0,0.0
19-2011.00,Astronomers,investigative|realistic|conventional|artistic|social|enterprising,3.28,4.04,1.87,7.0,5.07,2.71,2.0,1.0,0.0
19-2012.00,Physicists,investigative|realistic|conventional|artistic|social|enterprising,2.75,4.8,1.77,7.0,4.94,2.12,2.0,1.0,6.0
19-2021.00,Atmospheric and Space Scientists,investigative|realistic|conventional|artistic|enterprising|social,2.72,4.45,2.68,6.26,4.77,2.49,2.0,1.0,6.0
19-2031.00,Chemists,investigative|realistic|conventional|enterprising|artistic|social,1.52,4.81,1.6,6.71,5.67,1.14,2.0,1.0,6.0
19-2032.00,Materials Scientists,investigative|realistic|conventional|artistic|enterprising|social,2.17,4.15,1.86,6.59,5.82,1.39,2.0,1.0,6.0
19-2041.00,"Environmental Scientists and Specialists, Including Health",investigative|realistic|conventional|social|enterprising|artistic,1.87,4.32,2.56,7.0,4.76,2.75,2.0,1.0,6.0
19-2041.01,Climate Change Policy Analysts,investigative|enterprising|conventional|social|artistic|realistic,3.11,4.06,4.69,6.73,1.37,3.17,2.0,5.0,6.0
19-2041.02,Environmental Restoration Planners,investigative|realistic|conventional|enterprising|artistic|social,2.24,4.13,3.63,6.25,5.31,2.12,2.0,1.0,6.0
19-2041.03,Industrial Ecologists,investigative|realistic|conventional|enterprising|artistic|social,2.14,3.98,3.04,7.0,4.62,1.95,2.0,1.0,6.0
19-2042.00,"Geoscientists, Except Hydrologists and Geographers",investigative|realistic|conventional|artistic|social|enterprising,2.72,4.16,1.65,7.0,5.59,2.24,2.0,1.0,6.0
19-2043.00,Hydrologists,investigative|realistic|conventional|enterprising|social|artistic,1.63,4.31,2.29,6.41,5.84,2.14,2.0,1.0,6.0
19-2099.01,Remote Sensing Scientists and Technologists,investigative|realistic|conventional|artistic|enterprising|social,1.93,4.81,1.44,6.09,4.86,1.27,2.0,1.0,6.0
19-3011.00,Economists,investigative|conventional|enterprising|artistic|social|realistic,2.43,4.53,3.93,7.0,1.35,2.4,2.0,6.0,5.0
19-3011.01,Environmental Economists,investigative|enterprising|conventional|realistic|artistic|social,2.53,4.08,4.11,7.0,2.74,2.28,2.0,5.0,6.0
19-3022.00,Survey Researchers,investigative|conventional|enterprising|social|artistic|realistic,2.31,5.25,3.02,6.11,1.68,2.34,2.0,6.0,0.0
19-3032.00,Industrial-Organizational Psychologists,investigative|enterprising|conventional|social|artistic|realistic,3.13,4.28,4.71,5.34,1.05,3.99,2.0,5.0,6.0
19-3033.00,Clinical and Counseling Psychologists,social|investigative|conventional|artistic|enterprising|realistic,3.06,3.49,2.65,5.58,1.05,6.57,4.0,2.0,0.0
19-3034.00,School Psychologists,social|investigative|conventional|artistic|enterprising|realistic,3.31,4.01,2.82,5.0,1.0,6.77,4.0,2.0,6.0
19-3039.02,Neuropsychologists,investigative|social|conventional|artistic|realistic|enterprising,3.28,3.32,1.69,7.0,2.63,5.29,2.0,4.0,0.0
19-3039.03,Clinical Neuropsychologists,investigative|social|conventional|realistic|artistic|enterprising,2.4,3.49,2.07,7.0,2.82,5.69,2.0,4.0,0.0
19-3041.00,Sociologists,investigative|social|artistic|conventional|enterprising|realistic,3.99,3.6,3.08,6.5,1.56,4.36,2.0,4.0,3.0
19-3051.00,Urban and Regional Planners,investigative|enterprising|conventional|realistic|artistic|social,3.06,3.96,4.46,5.31,3.22,3.03,2.0,5.0,6.0
19-3091.00,Anthropologists and Archeologists,investigative|artistic|realistic|social|conventional|enterprising,4.21,3.19,1.63,6.84,3.99,3.67,2.0,3.0,0.0
19-3092.00,Geographers,investigative|realistic|artistic|conventional|social|enterprising,3.69,3.69,2.1,6.74,5.11,2.72,2.0,1.0,0.0
19-3093.00,Historians,investigative|conventional|artistic|social|realistic|enterprising,3.7,4.87,2.35,5.32,2.39,3.22,2.0,6.0,0.0
19-3094.00,Political Scientists,investigative|artistic|enterprising|conventional|social|realistic,3.87,3.52,3.61,6.71,1.0,3.42,2.0,3.0,0.0
19-3099.01,Transportation Planners,investigative|conventional|realistic|enterprising|artistic|social,2.01,4.87,3.14,5.6,3.59,1.76,2.0,6.0,1.0
19-4012.00,Agricultural Technicians,realistic|investigative|conventional|enterprising|social|artistic,1.0,4.26,1.99,4.57,6.82,1.46,1.0,2.0,6.0
19-4012.01,Precision Agriculture Technicians,realistic|investigative|conventional|enterprising|social|artistic,1.23,4.95,2.11,5.4,6.46,1.39,1.0,2.0,6.0
19-4013.00,Food Science Technicians,realistic|conventional|investigative|enterprising|social|artistic,1.33,5.04,1.96,4.51,5.57,1.73,1.0,6.0,2.0
19-4021.00,Biological Technicians,conventional|realistic|investigative|social|enterprising|artistic,1.2,5.62,1.31,5.36,5.6,1.97,6.0,1.0,2.0
19-4031.00,Chemical Technicians,investigative|realistic|conventional|social|artistic|enterprising,1.51,5.25,1.13,5.8,5.45,1.64,2.0,1.0,6.0
19-4042.00,"Environmental Science and Protection Technicians, Including Health",realistic|investigative|conventional|social|enterprising|artistic,1.23,4.93,1.35,5.6,5.83,1.93,1.0,2.0,6.0
19-4043.00,"Geological Technicians, Except Hydrologic Technicians",realistic|conventional|investigative|social|artistic|enterprising,1.28,5.34,1.11,5.18,5.6,1.46,1.0,6.0,2.0
19-4044.00,Hydrologic Technicians,realistic|conventional|investigative|social|enterprising|artistic,1.0,5.28,1.47,4.92,5.48,1.68,1.0,6.0,2.0
19-4051.00,Nuclear Technicians,realistic|conventional|investigative|enterprising|social|artistic,1.0,5.07,2.26,4.57,5.75,1.83,1.0,6.0,2.0
19-4051.02,Nuclear Monitoring Technicians,realistic|conventional|investigative|social|enterprising|artistic,1.0,5.51,1.53,4.43,6.1,1.9,1.0,6.0,2.0
19-4061.00,Social Science Research Assistants,investigative|conventional|social|realistic|enterprising|artistic,1.89,5.93,2.27,6.08,2.38,2.67,2.0,6.0,0.0
19-4071.00,Forest and Conservation Technicians,realistic|conventional|investigative|social|enterprising|artistic,1.0,4.72,2.47,4.37,6.53,2.81,1.0,6.0,2.0
19-4092.00,Forensic Science Technicians,investigative|realistic|conventional|artistic|enterprising|social,1.77,4.98,1.59,5.94,5.18,1.5,2.0,1.0,6.0
19-4099.01,Quality Control Analysts,conventional|investigative|realistic|enterprising|social|artistic,1.0,6.0,2.6,4.88,4.11,1.21,6.0,2.0,1.0
19-4099.03,Remote Sensing Technicians,conventional|realistic|investigative|artistic|enterprising|social,2.14,5.24,1.71,4.6,5.1,1.51,6.0,1.0,2.0
19-5011.00,Occupational Health and Safety Specialists,investigative|conventional|realistic|social|enterprising|artistic,1.28,4.7,3.2,4.98,4.45,3.45,2.0,6.0,1.0
19-5012.00,Occupational Health and Safety Technicians,conventional|realistic|investigative|social|enterprising|artistic,1.0,5.56,2.64,4.88,5.35,2.87,6.0,1.0,2.0
21-1011.00,Substance Abuse and Behavioral Disorder Counselors,social|investigative|conventional|enterprising|artistic|realistic,2.59,3.16,2.71,3.81,1.59,6.66,4.0,2.0,0.0
21-1012.00,"Educational, Guidance, and Career Counselors and Advisors",social|conventional|enterprising|investigative|artistic|realistic,3.13,4.09,3.92,3.3,1.0,7.0,4.0,6.0,5.0
21-1013.00,Marriage and Family Therapists,social|investigative|artistic|conventional|enterprising|realistic,3.58,2.9,1.78,5.32,1.49,6.22,4.0,2.0,0.0
21-1014.00,Mental Health Counselors,social|investigative|conventional|artistic|enterprising|realistic,3.06,3.43,2.96,4.42,1.31,6.79,4.0,2.0,0.0
21-1015.00,Rehabilitation Counselors,social|enterprising|investigative|conventional|artistic|realistic,2.98,3.26,3.56,3.27,1.23,6.8,4.0,0.0,0.0
21-1021.00,"Child, Family, and School Social Workers",social|conventional|investigative|enterprising|artistic|realistic,2.9,3.57,2.94,3.32,1.7,6.85,4.0,0.0,0.0
21-1022.00,Healthcare Social Workers,social|investigative|conventional|enterprising|artistic|realistic,2.34,3.07,2.55,4.24,1.96,6.92,4.0,2.0,0.0
21-1023.00,Mental Health and Substance Abuse Social Workers,social|investigative|conventional|artistic|enterprising|realistic,2.78,3.12,2.46,4.08,1.71,6.97,4.0,2.0,0.0
21-1091.00,Health Education Specialists,social|investigative|conventional|enterprising|artistic|realistic,2.54,3.95,3.21,5.29,1.66,6.15,4.0,2.0,6.0
21-1092.00,Probation Officers and Correctional Treatment Specialists,social|conventional|enterprising|investigative|realistic|artistic,2.15,4.18,3.92,3.44,2.35,5.56,4.0,6.0,5.0
21-1093.00,Social and Human Service Assistants,social|conventional|enterprising|investigative|artistic|realistic,1.95,4.57,3.61,2.8,1.28,6.09,4.0,6.0,5.0
21-1094.00,Community Health Workers,social|enterprising|investigative|conventional|artistic|realistic,2.22,3.38,3.53,3.49,2.0,6.58,4.0,0.0,0.0
21-2011.00,Clergy,social|enterprising|artistic|conventional|investigative|realistic,3.44,2.89,4.17,2.11,2.1,5.91,4.0,5.0,0.0
21-2021.00,"Directors, Religious Activities and Education",social|enterprising|artistic|conventional|investigative|realistic,3.38,3.16,6.16,2.71,1.0,7.0,4.0,5.0,0.0
23-1011.00,Lawyers,enterprising|conventional|investigative|social|artistic|realistic,2.4,4.59,5.51,4.38,1.12,3.48,5.0,6.0,2.0
23-1012.00,Judicial Law Clerks,conventional|enterprising|investigative|social|artistic|realistic,2.07,5.1,4.51,4.01,1.6,3.38,6.0,5.0,2.0
23-1021.00,"Administrative Law Judges, Adjudicators, and Hearing Officers",conventional|enterprising|investigative|social|artistic|realistic,1.73,5.49,5.11,4.01,1.0,3.05,6.0,5.0,2.0
23-1022.00,"Arbitrators, Mediators, and Conciliators",enterprising|conventional|social|investigative|artistic|realistic,2.25,4.33,4.63,3.61,1.12,4.24,5.0,6.0,4.0
23-1023.00,"Judges, Magistrate Judges, and Magistrates",enterprising|conventional|social|investigative|realistic|artistic,2.19,4.11,5.27,3.81,2.33,3.96,5.0,6.0,4.0
23-2011.00,Paralegals and Legal Assistants,conventional|investigative|enterprising|social|artistic|realistic,2.24,5.28,3.92,5.04,1.74,3.12,6.0,2.0,5.0
23-2093.00,"Title Examiners, Abstractors, and Searchers",conventional|enterprising|investigative|realistic|social|artistic,1.11,6.74,3.44,2.63,2.44,2.34,6.0,5.0,0.0
25-1011.00,"Business Teachers, Postsecondary",social|investigative|enterprising|conventional|artistic|realistic,3.2,3.77,3.83,4.85,2.0,6.43,4.0,2.0,0.0
25-1021.00,"Computer Science Teachers, Postsecondary",social|investigative|conventional|artistic|realistic|enterprising,3.32,3.97,2.26,5.69,3.09,5.88,4.0,2.0,0.0
25-1022.00,"Mathematical Science Teachers, Postsecondary",social|investigative|conventional|artistic|realistic|enterprising,3.2,4.38,1.94,5.86,2.81,6.19,4.0,2.0,6.0
25-1031.00,"Architecture Teachers, Postsecondary",social|investigative|artistic|realistic|conventional|enterprising,4.48,3.2,2.46,5.13,3.43,6.77,4.0,2.0,3.0
25-1032.00,"Engineering Teachers, Postsecondary",social|investigative|realistic|conventional|artistic|enterprising,3.16,3.44,2.01,5.39,4.84,5.77,4.0,2.0,1.0
25-1041.00,"Agricultural Sciences Teachers, Postsecondary",social|investigative|realistic|conventional|artistic|enterprising,2.92,3.51,2.61,5.36,3.97,6.24,4.0,2.0,0.0
25-1042.00,"Biological Science Teachers, Postsecondary",social|investigative|realistic|conventional|artistic|enterprising,3.3,3.65,2.04,5.88,3.96,6.25,4.0,2.0,0.0
25-1043.00,"Forestry and Conservation Science Teachers, Postsecondary",social|investigative|realistic|conventional|artistic|enterprising,3.15,3.34,2.42,5.91,3.97,6.47,4.0,2.0,0.0
25-1051.00,"Atmospheric, Earth, Marine, and Space Sciences Teachers, Postsecondary",social|investigative|realistic|conventional|artistic|enterprising,3.14,3.6,2.37,5.61,4.0,6.51,4.0,2.0,0.0
25-1052.00,"Chemistry Teachers, Postsecondary",investigative|social|realistic|conventional|artistic|enterprising,2.95,3.78,2.09,5.82,4.05,5.71,2.0,4.0,0.0
25-1053.00,"Environmental Science Teachers, Postsecondary",investigative|social|realistic|conventional|artistic|enterprising,3.37,3.42,2.49,6.34,3.71,6.25,2.0,4.0,0.0
25-1054.00,"Physics Teachers, Postsecondary",social|investigative|realistic|conventional|artistic|enterprising,3.28,3.64,2.35,5.98,3.77,6.06,4.0,2.0,0.0
25-1061.00,"Anthropology and Archeology Teachers, Postsecondary",social|investigative|artistic|realistic|conventional|enterprising,3.57,3.29,2.47,5.96,3.46,6.75,4.0,2.0,0.0
25-1062.00,"Area, Ethnic, and Cultural Studies Teachers, Postsecondary",social|investigative|artistic|realistic|conventional|enterprising,3.84,3.03,3.0,5.31,3.05,6.92,4.0,2.0,0.0
25-1063.00,"Economics Teachers, Postsecondary",social|investigative|conventional|enterprising|artistic|realistic,3.02,3.9,3.36,5.56,2.73,6.21,4.0,2.0,0.0
25-1064.00,"Geography Teachers, Postsecondary",social|investigative|artistic|conventional|realistic|enterprising,3.69,3.67,2.61,5.65,3.24,6.76,4.0,2.0,0.0
25-1065.00,"Political Science Teachers, Postsecondary",social|investigative|artistic|enterprising|conventional|realistic,3.72,3.02,3.25,5.47,1.95,6.87,4.0,2.0,0.0
25-1066.00,"Psychology Teachers, Postsecondary",social|investigative|artistic|conventional|enterprising|realistic,3.86,3.3,2.32,5.59,2.13,7.0,4.0,2.0,0.0
25-1067.00,"Sociology Teachers, Postsecondary",social|investigative|artistic|conventional|realistic|enterprising,3.58,3.27,2.53,5.71,2.57,6.7,4.0,2.0,0.0
25-1071.00,"Health Specialties Teachers, Postsecondary",social|investigative|conventional|realistic|artistic|enterprising,3.0,3.52,1.99,5.43,3.27,7.0,4.0,2.0,0.0
25-1072.00,"Nursing Instructors and Teachers, Postsecondary",social|investigative|artistic|conventional|realistic|enterprising,3.29,3.15,2.13,4.91,2.94,7.0,4.0,2.0,0.0
25-1081.00,"Education Teachers, Postsecondary",social|investigative|conventional|artistic|enterprising|realistic,3.47,3.61,2.68,4.77,2.67,7.0,4.0,2.0,0.0
25-1082.00,"Library Science Teachers, Postsecondary",social|investigative|conventional|artistic|realistic|enterprising,3.27,4.16,2.16,5.44,2.93,6.27,4.0,2.0,6.0
25-1111.00,"Criminal Justice and Law Enforcement Teachers, Postsecondary",social|investigative|conventional|enterprising|artistic|realistic,3.33,3.56,3.37,4.88,2.4,6.85,4.0,2.0,0.0
25-1112.00,"Law Teachers, Postsecondary",social|investigative|conventional|enterprising|artistic|realistic,3.39,3.72,3.49,5.35,2.41,6.46,4.0,2.0,0.0
25-1113.00,"Social Work Teachers, Postsecondary",social|investigative|artistic|conventional|enterprising|realistic,3.86,3.02,2.85,5.03,2.2,7.0,4.0,2.0,0.0
25-1121.00,"Art, Drama, and Music Teachers, Postsecondary",social|artistic|investigative|realistic|conventional|enterprising,5.73,2.61,2.12,4.14,3.03,6.99,4.0,3.0,0.0
25-1122.00,"Communications Teachers, Postsecondary",social|investigative|artistic|conventional|enterprising|realistic,3.82,3.58,3.13,4.62,2.18,6.95,4.0,2.0,0.0
25-1123.00,"English Language and Literature Teachers, Postsecondary",social|investigative|artistic|conventional|enterprising|realistic,4.19,3.49,2.43,4.78,2.28,7.0,4.0,2.0,3.0
25-1124.00,"Foreign Language and Literature Teachers, Postsecondary",social|investigative|artistic|conventional|enterprising|realistic,4.06,3.53,2.52,4.52,2.11,7.0,4.0,2.0,3.0
25-1125.00,"History Teachers, Postsecondary",social|investigative|artistic|conventional|realistic|enterprising,3.95,3.45,2.6,5.41,2.81,6.95,4.0,2.0,0.0
25-1126.00,"Philosophy and Religion Teachers, Postsecondary",social|investigative|artistic|conventional|enterprising|realistic,3.76,3.48,2.77,5.14,2.46,7.0,4.0,2.0,0.0
25-1192.00,"Family and Consumer Sciences Teachers, Postsecondary",social|investigative|artistic|conventional|realistic|enterprising,3.48,3.37,2.79,4.85,2.93,7.0,4.0,2.0,0.0
25-1193.00,"Recreation and Fitness Studies Teachers, Postsecondary",social|investigative|conventional|artistic|realistic|enterprising,3.36,3.67,2.55,4.69,3.19,7.0,4.0,2.0,0.0
25-1194.00,"Career/Technical Education Teachers, Postsecondary",social|investigative|realistic|conventional|artistic|enterprising,3.15,3.29,2.11,4.15,3.75,6.61,4.0,2.0,0.0
25-2011.00,"Preschool Teachers, Except Special Education",social|artistic|conventional|realistic|investigative|enterprising,3.98,3.61,2.49,2.76,2.94,7.0,4.0,3.0,0.0
25-2012.00,"Kindergarten Teachers, Except Special Education",social|artistic|conventional|investigative|realistic|enterprising,3.99,3.8,2.48,3.11,2.68,7.0,4.0,3.0,0.0
25-2021.00,"Elementary School Teachers, Except Special Education",social|artistic|conventional|investigative|realistic|enterprising,3.87,3.78,2.57,3.35,2.64,7.0,4.0,0.0,0.0
25-2022.00,"Middle School Teachers, Except Special and Career/Technical Education",social|artistic|conventional|investigative|enterprising|realistic,4.1,3.56,2.66,3.31,2.59,7.0,4.0,3.0,0.0
25-2023.00,"Career/Technical Education Teachers, Middle School",social|conventional|artistic|investigative|realistic|enterprising,3.38,3.82,2.27,3.31,3.28,7.0,4.0,0.0,0.0
25-2031.00,"Secondary School Teachers, Except Special and Career/Technical Education",social|artistic|conventional|investigative|enterprising|realistic,3.77,3.61,2.9,3.19,2.73,7.0,4.0,0.0,0.0
25-2032.00,"Career/Technical Education Teachers, Secondary School",social|conventional|artistic|investigative|realistic|enterprising,3.46,3.92,2.52,3.38,2.86,7.0,4.0,0.0,0.0
25-2051.00,"Special Education Teachers, Preschool",social|artistic|investigative|conventional|realistic|enterprising,3.98,3.18,1.7,3.49,2.7,7.0,4.0,3.0,0.0
25-2055.00,"Special Education Teachers, Kindergarten",social|investigative|conventional|artistic|realistic|enterprising,3.65,3.67,1.73,3.8,2.55,7.0,4.0,0.0,0.0
25-2056.00,"Special Education Teachers, Elementary School",social|investigative|artistic|conventional|realistic|enterprising,3.65,3.48,1.77,3.94,2.27,7.0,4.0,2.0,0.0
25-2057.00,"Special Education Teachers, Middle School",social|artistic|investigative|conventional|realistic|enterprising,3.96,3.3,1.8,3.92,2.32,7.0,4.0,3.0,2.0
25-2058.00,"Special Education Teachers, Secondary School",social|investigative|artistic|conventional|realistic|enterprising,3.76,3.52,1.93,3.81,2.39,7.0,4.0,2.0,0.0
25-2059.01,Adapted Physical Education Specialists,social|conventional|realistic|investigative|artistic|enterprising,2.46,4.17,1.88,3.65,4.12,7.0,4.0,6.0,1.0
25-3011.00,"Adult Basic Education, Adult Secondary Education, and English as a Second Language Instructors",social|artistic|conventional|investigative|enterprising|realistic,3.91,3.38,2.85,3.14,2.32,7.0,4.0,3.0,0.0
25-3021.00,Self-Enrichment Teachers,social|artistic|enterprising|conventional|investigative|realistic,4.18,3.08,3.2,2.97,2.51,7.0,4.0,3.0,0.0
25-3031.00,"Substitute Teachers, Short-Term",social|conventional|artistic|investigative|enterprising|realistic,3.43,3.65,2.45,2.52,2.19,6.73,4.0,6.0,0.0
25-3041.00,Tutors,social|conventional|artistic|investigative|realistic|enterprising,3.07,3.35,1.74,2.85,2.28,6.75,4.0,0.0,0.0
25-4011.00,Archivists,conventional|investigative|social|artistic|realistic|enterprising,2.89,5.97,1.83,4.72,2.88,2.96,6.0,2.0,0.0
25-4012.00,Curators,conventional|enterprising|social|investigative|artistic|realistic,2.98,5.36,3.84,3.43,2.47,3.82,6.0,5.0,4.0
25-4013.00,Museum Technicians and Conservators,realistic|conventional|investigative|artistic|social|enterprising,3.14,4.58,1.51,3.21,5.67,2.64,1.0,6.0,0.0
25-4022.00,Librarians and Media Collections Specialists,conventional|social|investigative|enterprising|artistic|realistic,2.65,5.83,2.75,3.63,2.32,4.04,6.0,4.0,2.0
25-4031.00,Library Technicians,conventional|social|realistic|investigative|enterprising|artistic,1.59,6.52,1.88,2.7,3.08,4.07,6.0,4.0,0.0
25-9021.00,Farm and Home Management Educators,social|investigative|realistic|enterprising|conventional|artistic,2.31,3.18,3.49,4.28,3.96,4.83,4.0,2.0,1.0
25-9031.00,Instructional Coordinators,social|enterprising|investigative|conventional|artistic|realistic,3.56,3.98,4.26,4.04,1.62,6.16,4.0,5.0,2.0
25-9042.00,"Teaching Assistants, Preschool, Elementary, Middle, and Secondary School, Except Special Education",social|conventional|enterprising|artistic|realistic|investigative,2.78,4.25,2.98,2.3,2.55,6.52,4.0,6.0,0.0
25-9043.00,"Teaching Assistants, Special Education",social|conventional|artistic|investigative|enterprising|realistic,3.34,3.57,2.14,3.29,1.98,7.0,4.0,0.0,0.0
25-9044.00,"Teaching Assistants, Postsecondary",social|conventional|investigative|enterprising|realistic|artistic,2.01,4.99,2.79,3.13,2.15,6.53,4.0,6.0,0.0
27-1011.00,Art Directors,artistic|enterprising|conventional|realistic|social|investigative,7.0,3.6,5.24,2.69,2.95,2.88,3.0,5.0,0.0
27-1012.00,Craft Artists,artistic|realistic|enterprising|conventional|investigative|social,5.93,2.66,2.86,1.85,5.89,1.68,3.0,1.0,0.0
27-1013.00,"Fine Artists, Including Painters, Sculptors, and Illustrators",artistic|realistic|investigative|enterprising|conventional|social,7.0,2.34,2.37,2.68,4.05,2.28,3.0,1.0,0.0
27-1014.00,Special Effects Artists and Animators,artistic|realistic|conventional|investigative|enterprising|social,7.0,3.13,2.62,2.77,3.71,2.18,3.0,1.0,0.0
27-1021.00,Commercial and Industrial Designers,artistic|realistic|investigative|enterprising|conventional|social,5.54,3.47,3.7,4.06,4.62,1.84,3.0,1.0,2.0
27-1022.00,Fashion Designers,artistic|realistic|enterprising|conventional|social|investigative,7.0,2.94,3.96,2.17,4.34,2.35,3.0,1.0,5.0
27-1023.00,Floral Designers,realistic|artistic|conventional|enterprising|social|investigative,4.45,3.88,3.74,1.64,5.07,2.45,1.0,3.0,6.0
27-1024.00,Graphic Designers,artistic|conventional|enterprising|realistic|investigative|social,7.0,3.92,3.43,2.86,3.38,2.16,3.0,6.0,0.0
27-1025.00,Interior Designers,artistic|realistic|conventional|enterprising|investigative|social,5.56,3.82,3.7,3.07,4.12,2.68,3.0,1.0,0.0
27-1026.00,Merchandise Displayers and Window Trimmers,artistic|realistic|enterprising|conventional|social|investigative,4.7,3.09,4.28,1.51,4.45,2.19,3.0,1.0,5.0
27-1027.00,Set and Exhibit Designers,artistic|enterprising|realistic|conventional|social|investigative,6.69,3.27,3.93,2.75,3.7,3.04,3.0,0.0,0.0
27-2011.00,Actors,artistic|social|enterprising|realistic|investigative|conventional,7.0,1.81,4.0,2.16,2.29,4.08,3.0,4.0,5.0
27-2012.00,Producers and Directors,artistic|enterprising|conventional|social|investigative|realistic,6.14,3.56,5.78,2.24,2.13,3.12,3.0,5.0,0.0
27-2012.03,Media Programming Directors,enterprising|conventional|artistic|social|investigative|realistic,4.09,4.63,6.55,2.25,1.43,3.68,5.0,6.0,3.0
27-2012.04,Talent Directors,enterprising|artistic|social|conventional|investigative|realistic,5.69,3.57,5.93,1.42,1.22,4.27,5.0,3.0,4.0
27-2012.05,Media Technical Directors/Managers,enterprising|conventional|realistic|artistic|investigative|social,3.44,4.47,5.18,2.78,3.96,2.61,5.0,6.0,1.0
27-2021.00,Athletes and Sports Competitors,realistic|enterprising|social|conventional|artistic|investigative,2.14,3.01,4.53,1.4,5.18,4.3,1.0,5.0,4.0
27-2022.00,Coaches and Scouts,social|enterprising|realistic|conventional|artistic|investigative,2.43,3.45,5.15,2.15,4.25,5.31,4.0,5.0,1.0
27-2023.00,"Umpires, Referees, and Other Sports Officials",enterprising|conventional|realistic|social|investigative|artistic,1.15,4.53,5.77,1.6,4.3,3.44,5.0,6.0,1.0
27-2031.00,Dancers,artistic|realistic|social|enterprising|conventional|investigative,6.39,1.61,3.18,1.43,4.83,3.65,3.0,1.0,4.0
27-2032.00,Choreographers,artistic|social|enterprising|realistic|investigative|conventional,7.0,2.13,3.77,2.22,3.63,3.96,3.0,4.0,0.0
27-2041.00,Music Directors and Composers,artistic|enterprising|social|conventional|investigative|realistic,7.0,2.63,4.82,2.28,2.07,3.04,3.0,5.0,0.0
27-2042.00,Musicians and Singers,artistic|enterprising|social|realistic|conventional|investigative,6.66,2.17,3.42,1.53,2.87,3.41,3.0,5.0,0.0
27-2091.00,"Disc Jockeys, Except Radio",artistic|enterprising|conventional|realistic|social|investigative,4.82,3.5,3.55,1.55,3.0,2.93,3.0,5.0,6.0
27-3011.00,Broadcast Announcers and Radio Disc Jockeys,artistic|enterprising|social|conventional|investigative|realistic,5.68,3.11,4.38,2.01,1.66,3.54,3.0,5.0,4.0
27-3023.00,"News Analysts, Reporters, and Journalists",artistic|investigative|enterprising|conventional|social|realistic,5.09,3.64,3.95,4.16,1.47,2.8,3.0,2.0,5.0
27-3031.00,Public Relations Specialists,enterprising|artistic|social|conventional|investigative|realistic,4.68,3.45,5.82,2.72,1.0,3.94,5.0,3.0,4.0
27-3041.00,Editors,artistic|conventional|enterprising|investigative|social|realistic,5.39,4.68,4.13,2.9,1.03,2.56,3.0,6.0,5.0
27-3042.00,Technical Writers,conventional|artistic|investigative|realistic|social|enterprising,4.23,5.32,1.97,3.69,2.78,2.01,6.0,3.0,2.0
27-3043.00,Writers and Authors,artistic|enterprising|conventional|investigative|social|realistic,6.68,3.34,4.75,3.25,1.0,2.86,3.0,5.0,0.0
27-3043.05,"Poets, Lyricists and Creative Writers",artistic|investigative|enterprising|conventional|social|realistic,7.0,2.88,3.17,3.58,1.17,2.83,3.0,2.0,0.0
27-3091.00,Interpreters and Translators,conventional|artistic|social|investigative|enterprising|realistic,4.28,4.79,1.9,3.19,1.89,3.48,6.0,3.0,4.0
27-3092.00,Court Reporters and Simultaneous Captioners,conventional|artistic|social|enterprising|realistic|investigative,2.92,5.62,2.64,2.13,2.21,2.9,6.0,0.0,0.0
27-4011.00,Audio and Video Technicians,realistic|conventional|artistic|investigative|social|enterprising,3.24,4.58,1.87,2.74,5.2,1.97,1.0,6.0,0.0
27-4012.00,Broadcast Technicians,conventional|realistic|investigative|artistic|enterprising|social,2.82,5.14,2.5,2.99,4.8,2.13,6.0,1.0,0.0
27-4014.00,Sound Engineering Technicians,realistic|artistic|conventional|investigative|enterprising|social,4.45,4.22,2.16,2.68,5.14,1.69,1.0,3.0,6.0
27-4015.00,Lighting Technicians,realistic|conventional|artistic|investigative|enterprising|social,2.38,4.11,1.95,2.02,6.99,1.24,1.0,6.0,0.0
27-4021.00,Photographers,realistic|artistic|conventional|enterprising|investigative|social,5.28,3.35,2.28,2.18,5.54,1.94,1.0,3.0,0.0
27-4031.00,"Camera Operators, Television, Video, and Film",artistic|realistic|conventional|enterprising|investigative|social,5.04,3.65,2.28,2.0,4.89,1.8,3.0,1.0,6.0
27-4032.00,Film and Video Editors,artistic|conventional|realistic|enterprising|social|investigative,5.61,3.75,3.08,1.91,3.14,1.96,3.0,6.0,0.0
29-1011.00,Chiropractors,social|realistic|investigative|conventional|enterprising|artistic,1.34,3.55,2.13,4.77,5.53,5.56,4.0,1.0,2.0
29-1021.00,"Dentists, General",investigative|realistic|social|conventional|enterprising|artistic,1.17,3.71,2.0,5.48,5.23,4.41,2.0,1.0,4.0
29-1022.00,Oral and Maxillofacial Surgeons,investigative|realistic|social|conventional|enterprising|artistic,1.17,3.6,2.17,5.84,5.75,4.47,2.0,1.0,4.0
29-1023.00,Orthodontists,investigative|realistic|conventional|social|artistic|enterprising,1.57,4.58,1.45,5.72,5.6,4.01,2.0,1.0,6.0
29-1024.00,Prosthodontists,realistic|investigative|social|conventional|artistic|enterprising,1.78,3.22,1.43,5.54,6.17,4.59,1.0,2.0,4.0
29-1031.00,Dietitians and Nutritionists,social|investigative|enterprising|conventional|realistic|artistic,2.4,3.35,3.42,4.8,3.03,5.5,4.0,2.0,0.0
29-1041.00,Optometrists,investigative|social|realistic|conventional|enterprising|artistic,1.6,3.92,2.27,5.78,4.8,5.02,2.0,4.0,1.0
29-1051.00,Pharmacists,investigative|social|conventional|realistic|enterprising|artistic,1.48,4.56,2.62,5.67,2.82,4.88,2.0,4.0,6.0
29-1071.00,Physician Assistants,social|investigative|conventional|realistic|enterprising|artistic,1.16,4.46,1.98,4.94,4.0,5.89,4.0,2.0,6.0
29-1071.01,Anesthesiologist Assistants,conventional|social|investigative|realistic|enterprising|artistic,1.0,5.1,1.89,4.62,4.4,4.9,6.0,4.0,2.0
29-1081.00,Podiatrists,investigative|realistic|social|conventional|enterprising|artistic,1.72,3.27,2.14,5.77,5.29,4.94,2.0,1.0,4.0
29-1122.00,Occupational Therapists,social|investigative|realistic|conventional|artistic|enterprising,3.07,3.12,1.83,4.23,3.57,6.08,4.0,2.0,0.0
29-1122.01,"Low Vision Therapists, Orientation and Mobility Specialists, and Vision Rehabilitation Therapists",social|realistic|investigative|artistic|conventional|enterprising,3.2,2.83,2.12,3.89,3.93,6.52,4.0,1.0,2.0
29-1123.00,Physical Therapists,social|investigative|realistic|conventional|enterprising|artistic,2.17,3.07,2.49,4.87,4.33,5.91,4.0,2.0,1.0
29-1124.00,Radiation Therapists,realistic|social|investigative|conventional|enterprising|artistic,1.24,4.48,1.72,4.64,4.96,4.77,1.0,4.0,2.0
29-1125.00,Recreational Therapists,social|investigative|realistic|artistic|conventional|enterprising,2.87,2.67,2.51,4.32,3.69,6.82,4.0,2.0,0.0
29-1126.00,Respiratory Therapists,realistic|social|investigative|conventional|enterprising|artistic,1.0,3.93,1.68,4.73,5.03,4.88,1.0,4.0,2.0
29-1127.00,Speech-Language Pathologists,social|investigative|conventional|artistic|realistic|enterprising,3.0,4.03,1.44,5.57,2.62,6.09,4.0,2.0,6.0
29-1128.00,Exercise Physiologists,realistic|investigative|social|conventional|enterprising|artistic,1.49,3.75,2.99,4.92,5.26,4.74,1.0,2.0,4.0
29-1129.01,Art Therapists,social|artistic|investigative|realistic|conventional|enterprising,5.49,2.86,2.32,3.67,2.99,5.64,4.0,3.0,0.0
29-1129.02,Music Therapists,social|artistic|investigative|conventional|enterprising|realistic,4.76,3.15,2.51,4.18,2.36,5.23,4.0,3.0,2.0
29-1131.00,Veterinarians,investigative|realistic|conventional|social|enterprising|artistic,1.0,3.47,1.7,5.98,5.98,3.45,2.0,1.0,0.0
29-1141.00,Registered Nurses,social|conventional|investigative|realistic|enterprising|artistic,1.34,4.75,2.38,4.71,3.46,5.57,4.0,6.0,2.0
29-1141.01,Acute Care Nurses,social|investigative|realistic|conventional|enterprising|artistic,1.75,3.32,1.76,5.66,3.7,5.8,4.0,2.0,0.0
29-1141.02,Advanced Practice Psychiatric Nurses,social|investigative|conventional|artistic|realistic|enterprising,2.82,3.35,2.04,5.9,2.59,6.07,4.0,2.0,0.0
29-1141.03,Critical Care Nurses,social|investigative|conventional|realistic|enterprising|artistic,1.7,4.23,2.2,5.02,3.91,5.56,4.0,2.0,6.0
29-1141.04,Clinical Nurse Specialists,social|investigative|conventional|enterprising|realistic|artistic,1.81,4.04,3.69,4.86,2.34,6.23,4.0,2.0,6.0
29-1151.00,Nurse Anesthetists,social|investigative|realistic|conventional|enterprising|artistic,1.0,4.15,1.96,5.06,4.78,5.35,4.0,2.0,1.0
29-1161.00,Nurse Midwives,social|investigative|conventional|realistic|enterprising|artistic,1.94,3.4,2.97,4.25,3.24,5.96,4.0,2.0,0.0
29-1171.00,Nurse Practitioners,investigative|social|conventional|realistic|enterprising|artistic,1.38,4.06,2.07,5.54,3.56,5.52,2.0,4.0,6.0
29-1181.00,Audiologists,investigative|social|realistic|conventional|artistic|enterprising,2.18,3.97,1.81,5.93,3.98,5.92,2.0,4.0,0.0
29-1211.00,Anesthesiologists,investigative|social|realistic|conventional|enterprising|artistic,1.17,3.69,2.5,5.73,5.18,5.25,2.0,4.0,1.0
29-1212.00,Cardiologists,investigative|realistic|social|conventional|enterprising|artistic,1.15,4.0,2.28,6.87,4.96,4.73,2.0,1.0,4.0
29-1213.00,Dermatologists,investigative|realistic|social|conventional|artistic|enterprising,1.87,3.83,1.77,6.44,4.81,4.65,2.0,1.0,4.0
29-1214.00,Emergency Medicine Physicians,investigative|social|conventional|realistic|enterprising|artistic,1.0,4.22,2.68,5.64,4.15,5.6,2.0,4.0,6.0
29-1215.00,Family Medicine Physicians,social|investigative|conventional|realistic|enterprising|artistic,1.45,3.95,2.34,6.08,3.75,6.21,4.0,2.0,0.0
29-1216.00,General Internal Medicine Physicians,investigative|social|realistic|conventional|enterprising|artistic,1.44,3.63,2.1,6.81,4.43,6.08,2.0,4.0,1.0
29-1217.00,Neurologists,investigative|social|realistic|conventional|enterprising|artistic,2.08,3.69,2.39,7.0,4.1,5.02,2.0,4.0,0.0
29-1218.00,Obstetricians and Gynecologists,investigative|social|realistic|conventional|enterprising|artistic,1.45,3.72,2.74,5.5,4.59,5.45,2.0,4.0,1.0
29-1221.00,"Pediatricians, General",social|investigative|realistic|conventional|enterprising|artistic,1.88,3.58,2.54,6.18,3.64,6.64,4.0,2.0,0.0
29-1222.00,"Physicians, Pathologists",investigative|realistic|conventional|social|enterprising|artistic,1.36,4.72,1.76,7.0,4.86,3.6,2.0,1.0,6.0
29-1223.00,Psychiatrists,investigative|social|conventional|artistic|realistic|enterprising,2.65,3.6,1.95,6.59,2.3,5.83,2.0,4.0,0.0
29-1224.00,Radiologists,investigative|realistic|conventional|social|enterprising|artistic,1.37,4.47,2.17,6.62,4.89,3.85,2.0,1.0,6.0
29-1229.01,Allergists and Immunologists,investigative|social|realistic|conventional|enterprising|artistic,1.85,3.67,2.2,6.95,3.84,5.3,2.0,4.0,0.0
29-1229.02,Hospitalists,social|investigative|conventional|realistic|enterprising|artistic,1.64,3.9,3.14,4.58,3.55,6.27,4.0,2.0,0.0
29-1229.03,Urologists,investigative|social|realistic|conventional|enterprising|artistic,1.31,3.43,2.22,6.85,4.85,5.45,2.0,4.0,1.0
29-1229.04,Physical Medicine and Rehabilitation Physicians,investigative|social|realistic|conventional|artistic|enterprising,1.87,3.0,1.69,6.26,4.92,6.0,2.0,4.0,1.0
29-1229.05,Preventive Medicine Physicians,investigative|social|conventional|realistic|enterprising|artistic,1.88,3.39,2.37,6.7,3.37,5.43,2.0,4.0,0.0
29-1229.06,Sports Medicine Physicians,investigative|social|realistic|conventional|enterprising|artistic,1.2,3.52,3.34,5.36,5.19,5.27,2.0,4.0,1.0
29-1241.00,"Ophthalmologists, Except Pediatric",investigative|social|realistic|conventional|enterprising|artistic,1.7,3.72,2.98,6.24,4.4,5.46,2.0,4.0,1.0
29-1242.00,"Orthopedic Surgeons, Except Pediatric",investigative|realistic|social|conventional|enterprising|artistic,1.48,3.91,2.36,6.5,5.08,4.82,2.0,1.0,4.0
29-1243.00,Pediatric Surgeons,investigative|social|realistic|conventional|enterprising|artistic,1.55,3.91,2.43,6.52,4.95,4.99,2.0,4.0,1.0
29-1291.00,Acupuncturists,social|investigative|realistic|conventional|artistic|enterprising,2.08,3.06,1.6,5.49,4.8,5.65,4.0,2.0,1.0
29-1292.00,Dental Hygienists,social|realistic|investigative|conventional|enterprising|artistic,1.12,4.31,1.73,4.52,5.27,5.35,4.0,1.0,2.0
29-1299.01,Naturopathic Physicians,investigative|social|realistic|conventional|enterprising|artistic,1.81,3.25,1.98,5.89,4.53,5.73,2.0,4.0,1.0
29-1299.02,Orthoptists,investigative|realistic|social|conventional|artistic|enterprising,1.88,3.82,1.47,5.74,4.88,4.77,2.0,1.0,4.0
29-2011.00,Medical and Clinical Laboratory Technologists,investigative|realistic|conventional|social|enterprising|artistic,1.13,4.99,1.51,6.15,5.81,2.77,2.0,1.0,6.0
29-2011.01,Cytogenetic Technologists,investigative|realistic|conventional|social|enterprising|artistic,1.48,5.02,1.56,5.91,5.32,1.93,2.0,1.0,6.0
29-2011.02,Cytotechnologists,investigative|realistic|conventional|social|enterprising|artistic,1.1,4.89,1.84,6.06,5.92,2.41,2.0,1.0,6.0
29-2011.04,Histotechnologists,investigative|realistic|conventional|social|artistic|enterprising,1.31,5.16,1.05,6.56,5.72,2.89,2.0,1.0,6.0
29-2012.00,Medical and Clinical Laboratory Technicians,realistic|investigative|conventional|social|artistic|enterprising,1.0,4.85,1.0,5.89,6.01,2.88,1.0,2.0,6.0
29-2012.01,Histology Technicians,realistic|investigative|conventional|social|artistic|enterprising,1.26,5.03,1.0,5.37,6.29,2.12,1.0,2.0,6.0
29-2031.00,Cardiovascular Technologists and Technicians,realistic|investigative|conventional|social|enterprising|artistic,1.0,4.7,1.3,5.31,5.61,4.25,1.0,2.0,6.0
29-2032.00,Diagnostic Medical Sonographers,realistic|conventional|investigative|social|enterprising|artistic,1.32,5.05,1.51,4.75,5.87,4.1,1.0,6.0,2.0
29-2033.00,Nuclear Medicine Technologists,realistic|investigative|conventional|social|enterprising|artistic,1.0,5.2,1.31,5.57,5.99,3.08,1.0,2.0,6.0
29-2034.00,Radiologic Technologists and Technicians,realistic|conventional|investigative|social|artistic|enterprising,1.0,5.08,1.0,4.88,5.9,3.41,1.0,6.0,2.0
29-2035.00,Magnetic Resonance Imaging Technologists,realistic|conventional|investigative|social|enterprising|artistic,1.0,4.93,1.27,4.79,5.46,3.51,1.0,6.0,2.0
29-2036.00,Medical Dosimetrists,investigative|conventional|realistic|social|enterprising|artistic,1.32,5.0,2.21,5.3,4.57,3.57,2.0,6.0,1.0
29-2042.00,Emergency Medical Technicians,social|realistic|investigative|conventional|enterprising|artistic,1.0,3.76,1.56,4.57,5.46,5.56,4.0,1.0,2.0
29-2043.00,Paramedics,social|realistic|investigative|conventional|enterprising|artistic,1.0,3.42,1.91,5.03,5.2,5.49,4.0,1.0,2.0
29-2051.00,Dietetic Technicians,social|conventional|realistic|investigative|enterprising|artistic,2.54,3.82,2.57,3.45,3.81,5.05,4.0,6.0,1.0
29-2052.00,Pharmacy Technicians,conventional|realistic|social|investigative|enterprising|artistic,1.0,7.0,2.52,2.99,4.21,3.32,6.0,1.0,0.0
29-2053.00,Psychiatric Technicians,social|investigative|conventional|realistic|artistic|enterprising,2.12,3.46,1.46,4.57,3.29,6.93,4.0,2.0,0.0
29-2055.00,Surgical Technologists,realistic|conventional|social|investigative|enterprising|artistic,1.0,4.85,1.61,3.22,6.26,3.82,1.0,6.0,4.0
29-2056.00,Veterinary Technologists and Technicians,realistic|investigative|conventional|social|artistic|enterprising,1.0,4.56,1.0,5.26,6.71,3.02,1.0,2.0,6.0
29-2057.00,Ophthalmic Medical Technicians,realistic|investigative|social|conventional|enterprising|artistic,1.0,4.41,1.75,4.81,5.33,4.64,1.0,2.0,4.0
29-2061.00,Licensed Practical and Licensed Vocational Nurses,social|conventional|realistic|investigative|enterprising|artistic,1.05,4.58,2.13,3.67,4.58,5.5,4.0,6.0,1.0
29-2072.00,Medical Records Specialists,conventional|investigative|social|realistic|enterprising|artistic,1.0,6.95,1.88,4.33,2.86,3.41,6.0,2.0,0.0
29-2081.00,"Opticians, Dispensing",conventional|realistic|enterprising|social|investigative|artistic,1.41,5.43,3.33,2.28,4.35,3.05,6.0,1.0,0.0
29-2091.00,Orthotists and Prosthetists,realistic|investigative|social|conventional|artistic|enterprising,1.99,3.58,1.56,5.1,6.0,4.3,1.0,2.0,4.0
29-2092.00,Hearing Aid Specialists,social|conventional|investigative|realistic|artistic|enterprising,1.73,4.4,1.73,4.38,3.87,4.55,4.0,6.0,2.0
29-2099.01,Neurodiagnostic Technologists,investigative|realistic|conventional|social|enterprising|artistic,1.41,4.47,1.42,5.81,5.32,3.71,2.0,1.0,6.0
29-2099.05,Ophthalmic Medical Technologists,realistic|conventional|investigative|social|enterprising|artistic,1.12,4.73,2.02,4.71,5.41,4.32,1.0,6.0,2.0
29-2099.08,Patient Representatives,social|investigative|conventional|enterprising|artistic|realistic,1.59,3.83,3.12,4.06,1.27,6.62,4.0,2.0,6.0
29-9021.00,Health Information Technologists and Medical Registrars,conventional|investigative|social|realistic|enterprising|artistic,1.18,5.95,2.2,5.17,2.58,3.83,6.0,2.0,4.0
29-9091.00,Athletic Trainers,social|realistic|investigative|conventional|enterprising|artistic,1.15,3.22,2.24,4.4,5.63,5.75,4.0,1.0,2.0
29-9092.00,Genetic Counselors,investigative|social|conventional|enterprising|artistic|realistic,2.34,3.89,2.73,5.86,1.66,5.45,2.0,4.0,6.0
29-9093.00,Surgical Assistants,realistic|conventional|social|investigative|enterprising|artistic,1.0,4.4,1.78,3.45,5.7,3.84,1.0,6.0,4.0
29-9099.01,Midwives,social|realistic|investigative|conventional|enterprising|artistic,1.91,3.26,2.7,3.54,3.98,6.04,4.0,1.0,0.0
31-1121.00,Home Health Aides,social|realistic|conventional|investigative|enterprising|artistic,1.48,3.51,1.77,3.18,4.23,6.33,4.0,1.0,6.0
31-1122.00,Personal Care Aides,social|conventional|realistic|enterprising|investigative|artistic,1.79,3.92,2.55,1.8,3.51,6.19,4.0,6.0,1.0
31-1131.00,Nursing Assistants,social|realistic|conventional|investigative|enterprising|artistic,1.0,4.24,1.77,2.72,4.58,5.7,4.0,1.0,6.0
31-1132.00,Orderlies,realistic|conventional|social|investigative|enterprising|artistic,1.0,4.84,1.19,2.05,5.42,4.17,1.0,6.0,4.0
31-1133.00,Psychiatric Aides,social|investigative|conventional|realistic|artistic|enterprising,1.83,3.74,1.68,4.04,3.44,6.81,4.0,2.0,6.0
31-2011.00,Occupational Therapy Assistants,social|conventional|realistic|investigative|artistic|enterprising,2.06,4.21,1.14,3.48,3.53,6.1,4.0,6.0,1.0
31-2012.00,Occupational Therapy Aides,social|realistic|conventional|investigative|enterprising|artistic,1.69,3.72,1.82,2.55,3.91,6.0,4.0,1.0,6.0
31-2021.00,Physical Therapist Assistants,social|realistic|conventional|investigative|artistic|enterprising,1.53,3.76,1.31,3.65,4.45,6.41,4.0,1.0,6.0
31-2022.00,Physical Therapist Aides,social|realistic|conventional|investigative|enterprising|artistic,1.07,3.92,2.06,2.58,4.74,5.95,4.0,1.0,6.0
31-9011.00,Massage Therapists,social|realistic|investigative|conventional|artistic|enterprising,2.23,2.66,2.1,3.79,4.84,5.75,4.0,1.0,2.0
31-9091.00,Dental Assistants,conventional|realistic|social|investigative|enterprising|artistic,1.0,5.43,1.34,3.55,4.48,4.37,6.0,1.0,4.0
31-9092.00,Medical Assistants,conventional|social|realistic|investigative|enterprising|artistic,1.0,5.75,1.98,3.8,4.06,4.8,6.0,4.0,1.0
31-9093.00,Medical Equipment Preparers,realistic|conventional|investigative|social|artistic|enterprising,1.0,5.53,1.0,3.42,6.77,2.36,1.0,6.0,2.0
31-9094.00,Medical Transcriptionists,conventional|social|investigative|realistic|artistic|enterprising,1.74,6.25,1.26,3.6,2.47,3.69,6.0,4.0,2.0
31-9095.00,Pharmacy Aides,conventional|enterprising|realistic|social|investigative|artistic,1.0,6.79,3.84,1.57,3.75,3.11,6.0,5.0,1.0
31-9096.00,Veterinary Assistants and Laboratory Animal Caretakers,realistic|investigative|conventional|social|artistic|enterprising,1.0,3.96,1.0,4.25,6.33,3.51,1.0,2.0,6.0
31-9097.00,Phlebotomists,realistic|conventional|investigative|social|enterprising|artistic,1.0,5.42,1.4,4.69,5.44,3.6,1.0,6.0,2.0
31-9099.01,Speech-Language Pathology Assistants,social|conventional|investigative|artistic|realistic|enterprising,2.65,5.0,1.53,4.37,2.47,5.48,4.0,6.0,2.0
31-9099.02,Endoscopy Technicians,realistic|conventional|investigative|social|enterprising|artistic,1.0,5.14,1.07,4.09,6.46,3.0,1.0,6.0,2.0
33-1011.00,First-Line Supervisors of Correctional Officers,enterprising|conventional|social|realistic|investigative|artistic,1.0,5.06,6.32,1.8,3.58,4.54,5.0,6.0,4.0
33-1012.00,First-Line Supervisors of Police and Detectives,enterprising|conventional|social|realistic|investigative|artistic,1.01,5.09,6.88,2.34,3.45,3.78,5.0,6.0,0.0
33-1021.00,First-Line Supervisors of Firefighting and Prevention Workers,enterprising|realistic|conventional|social|investigative|artistic,1.0,4.66,6.15,2.26,5.14,3.72,5.0,1.0,6.0
33-1091.00,First-Line Supervisors of Security Workers,enterprising|conventional|realistic|social|investigative|artistic,1.0,5.1,5.95,1.82,4.38,3.57,5.0,6.0,1.0
33-2011.00,Firefighters,realistic|conventional|social|enterprising|investigative|artistic,1.31,3.47,3.01,2.92,6.49,3.39,1.0,0.0,0.0
33-2021.00,Fire Inspectors and Investigators,realistic|conventional|investigative|enterprising|social|artistic,1.02,5.18,3.32,4.33,5.49,2.59,1.0,6.0,2.0
33-2022.00,Forest Fire Inspectors and Prevention Specialists,realistic|conventional|investigative|enterprising|social|artistic,1.11,4.57,3.41,3.56,6.35,3.18,1.0,6.0,0.0
33-3011.00,Bailiffs,realistic|conventional|enterprising|social|investigative|artistic,1.0,4.48,4.0,2.16,4.79,3.28,1.0,6.0,5.0
33-3012.00,Correctional Officers and Jailers,realistic|conventional|social|enterprising|investigative|artistic,1.05,4.81,3.16,1.69,5.33,3.86,1.0,6.0,4.0
33-3021.00,Detectives and Criminal Investigators,investigative|conventional|realistic|enterprising|social|artistic,1.2,4.83,4.04,4.9,4.18,2.73,2.0,6.0,1.0
33-3021.02,Police Identification and Records Officers,conventional|realistic|investigative|enterprising|social|artistic,1.58,5.64,2.93,3.68,4.83,1.97,6.0,1.0,2.0
33-3021.06,Intelligence Analysts,investigative|conventional|enterprising|realistic|artistic|social,2.11,5.37,3.84,5.77,2.33,1.91,2.0,6.0,5.0
33-3031.00,Fish and Game Wardens,realistic|conventional|investigative|enterprising|social|artistic,1.0,4.24,3.02,3.91,6.4,2.38,1.0,6.0,2.0
33-3041.00,Parking Enforcement Workers,realistic|conventional|enterprising|social|investigative|artistic,1.0,5.11,3.25,1.43,6.37,2.61,1.0,6.0,0.0
33-3051.00,Police and Sheriff's Patrol Officers,realistic|conventional|enterprising|social|investigative|artistic,1.07,4.35,4.08,2.76,5.36,3.45,1.0,6.0,5.0
33-3051.04,Customs and Border Protection Officers,conventional|enterprising|realistic|investigative|social|artistic,1.0,5.27,4.29,2.64,3.39,2.6,6.0,5.0,1.0
33-3052.00,Transit and Railroad Police,realistic|conventional|enterprising|social|investigative|artistic,1.0,4.94,3.21,2.28,6.17,2.51,1.0,6.0,0.0
33-9011.00,Animal Control Workers,realistic|conventional|investigative|social|enterprising|artistic,1.0,3.89,2.17,3.59,5.93,2.63,1.0,6.0,2.0
33-9021.00,Private Detectives and Investigators,conventional|enterprising|investigative|social|realistic|artistic,1.42,5.45,4.07,3.9,2.39,2.87,6.0,5.0,2.0
33-9031.00,Gambling Surveillance Officers and Gambling Investigators,conventional|enterprising|realistic|investigative|social|artistic,1.0,5.62,4.78,2.17,4.14,2.15,6.0,5.0,1.0
33-9032.00,Security Guards,realistic|conventional|enterprising|social|investigative|artistic,1.0,4.76,2.88,2.29,6.41,2.64,1.0,6.0,0.0
33-9091.00,Crossing Guards and Flaggers,realistic|conventional|social|enterprising|investigative|artistic,1.11,3.62,3.0,1.65,5.86,3.08,1.0,6.0,0.0
33-9092.00,"Lifeguards, Ski Patrol, and Other Recreational Protective Service Workers",realistic|social|conventional|enterprising|investigative|artistic,1.0,3.44,2.88,2.37,6.27,4.24,1.0,4.0,6.0
33-9093.00,Transportation Security Screeners,conventional|realistic|enterprising|social|investigative|artistic,1.0,5.51,2.61,2.01,5.21,2.45,6.0,1.0,0.0
33-9094.00,School Bus Monitors,social|conventional|realistic|enterprising|artistic|investigative,1.74,4.76,1.95,1.51,3.43,5.25,4.0,6.0,1.0
33-9099.02,Retail Loss Prevention Specialists,conventional|enterprising|realistic|investigative|social|artistic,1.0,5.67,4.77,3.44,3.9,2.71,6.0,5.0,1.0
35-1011.00,Chefs and Head Cooks,enterprising|realistic|conventional|social|artistic|investigative,2.72,4.35,5.13,1.68,4.84,2.95,5.0,1.0,6.0
35-1012.00,First-Line Supervisors of Food Preparation and Serving Workers,enterprising|conventional|realistic|social|investigative|artistic,1.25,4.72,6.36,1.38,4.6,3.37,5.0,6.0,1.0
35-2011.00,"Cooks, Fast Food",realistic|conventional|enterprising|social|artistic|investigative,1.85,4.32,3.36,1.38,6.33,2.42,1.0,6.0,5.0
35-2012.00,"Cooks, Institution and Cafeteria",realistic|conventional|social|enterprising|artistic|investigative,2.01,4.35,3.16,1.83,5.9,3.17,1.0,6.0,0.0
35-2013.00,"Cooks, Private Household",realistic|social|artistic|conventional|enterprising|investigative,3.77,3.71,3.55,1.4,4.98,3.78,1.0,4.0,3.0
35-2014.00,"Cooks, Restaurant",realistic|conventional|enterprising|social|artistic|investigative,2.71,3.8,3.69,1.56,5.63,2.88,1.0,6.0,5.0
35-2015.00,"Cooks, Short Order",realistic|conventional|enterprising|social|artistic|investigative,2.27,4.37,3.68,1.0,6.13,3.19,1.0,6.0,5.0
35-2021.00,Food Preparation Workers,realistic|conventional|social|enterprising|artistic|investigative,1.9,4.18,2.23,1.35,6.4,2.71,1.0,6.0,0.0
35-3011.00,Bartenders,realistic|conventional|enterprising|social|artistic|investigative,2.3,4.53,3.85,1.0,4.65,3.74,1.0,6.0,5.0
35-3023.00,Fast Food and Counter Workers,conventional|realistic|social|enterprising|artistic|investigative,1.45,4.96,3.45,1.0,4.83,3.48,6.0,1.0,4.0
35-3023.01,Baristas,realistic|conventional|social|enterprising|artistic|investigative,2.63,3.7,3.24,1.07,5.58,3.7,1.0,4.0,6.0
35-3031.00,Waiters and Waitresses,conventional|social|realistic|enterprising|artistic|investigative,1.84,4.95,4.06,1.0,4.12,4.72,6.0,4.0,1.0
35-3041.00,"Food Servers, Nonrestaurant",realistic|social|conventional|enterprising|artistic|investigative,2.1,3.87,2.85,1.46,4.84,4.23,1.0,4.0,6.0
35-9011.00,Dining Room and Cafeteria Attendants and Bartender Helpers,realistic|conventional|social|enterprising|artistic|investigative,1.02,4.57,2.26,1.0,5.63,3.66,1.0,6.0,4.0
35-9021.00,Dishwashers,realistic|conventional|social|enterprising|artistic|investigative,1.0,4.45,1.44,1.0,7.0,1.83,1.0,6.0,0.0
35-9031.00,"Hosts and Hostesses, Restaurant, Lounge, and Coffee Shop",social|enterprising|conventional|realistic|artistic|investigative,1.73,4.09,4.44,1.0,3.19,5.24,4.0,5.0,6.0
37-1011.00,First-Line Supervisors of Housekeeping and Janitorial Workers,enterprising|conventional|realistic|social|investigative|artistic,1.0,5.35,5.7,1.38,4.14,3.63,5.0,6.0,1.0
37-1012.00,"First-Line Supervisors of Landscaping, Lawn Service, and Groundskeeping Workers",enterprising|conventional|realistic|social|investigative|artistic,1.03,5.24,6.11,1.77,4.55,3.01,5.0,6.0,1.0
37-2011.00,"Janitors and Cleaners, Except Maids and Housekeeping Cleaners",realistic|conventional|social|enterprising|investigative|artistic,1.0,4.61,1.67,1.15,6.73,2.11,1.0,6.0,0.0
37-2012.00,Maids and Housekeeping Cleaners,realistic|conventional|social|enterprising|artistic|investigative,1.39,4.6,1.47,1.0,6.08,2.49,1.0,6.0,0.0
37-2021.00,Pest Control Workers,realistic|conventional|investigative|enterprising|social|artistic,1.0,4.17,2.21,2.94,6.85,1.67,1.0,6.0,0.0
37-3011.00,Landscaping and Groundskeeping Workers,realistic|conventional|artistic|enterprising|investigative|social,1.9,3.35,1.81,1.62,7.0,1.45,1.0,6.0,0.0
37-3012.00,"Pesticide Handlers, Sprayers, and Applicators, Vegetation",realistic|conventional|investigative|social|enterprising|artistic,1.0,3.67,1.42,2.73,6.51,1.95,1.0,6.0,0.0
37-3013.00,Tree Trimmers and Pruners,realistic|conventional|investigative|social|enterprising|artistic,1.0,3.09,1.22,2.13,7.0,1.79,1.0,6.0,0.0
39-1013.00,First-Line Supervisors of Gambling Services Workers,enterprising|conventional|realistic|social|artistic|investigative,1.0,5.49,5.93,1.0,3.7,3.02,5.0,6.0,1.0
39-1014.00,"First-Line Supervisors of Entertainment and Recreation Workers, Except Gambling Services",enterprising|conventional|social|realistic|artistic|investigative,1.79,4.72,7.0,1.03,2.9,4.4,5.0,6.0,4.0
39-1022.00,First-Line Supervisors of Personal Service Workers,enterprising|conventional|social|realistic|investigative|artistic,1.09,5.11,6.85,1.1,3.37,3.98,5.0,6.0,4.0
39-2011.00,Animal Trainers,realistic|social|conventional|investigative|enterprising|artistic,1.76,2.97,2.08,2.3,6.52,3.61,1.0,4.0,0.0
39-2021.00,Animal Caretakers,realistic|social|conventional|investigative|artistic|enterprising,1.63,3.25,1.52,2.75,6.17,3.75,1.0,4.0,6.0
39-3011.00,Gambling Dealers,conventional|enterprising|realistic|social|artistic|investigative,1.1,5.46,5.18,1.0,3.71,2.16,6.0,5.0,1.0
39-3012.00,Gambling and Sports Book Writers and Runners,conventional|enterprising|social|realistic|artistic|investigative,1.02,5.97,4.99,1.0,2.78,2.92,6.0,5.0,0.0
39-3021.00,Motion Picture Projectionists,realistic|conventional|artistic|investigative|social|enterprising,3.1,4.39,1.99,2.02,5.44,2.02,1.0,6.0,0.0
39-3031.00,"Ushers, Lobby Attendants, and Ticket Takers",conventional|social|enterprising|realistic|artistic|investigative,1.41,4.75,4.19,1.0,3.21,4.69,6.0,4.0,5.0
39-3091.00,Amusement and Recreation Attendants,conventional|social|realistic|enterprising|artistic|investigative,1.68,4.72,3.83,1.0,4.23,4.35,6.0,4.0,1.0
39-3092.00,Costume Attendants,artistic|conventional|realistic|social|enterprising|investigative,5.61,4.27,2.84,1.0,3.88,3.26,3.0,6.0,1.0
39-3093.00,"Locker Room, Coatroom, and Dressing Room Attendants",conventional|realistic|social|enterprising|artistic|investigative,1.56,5.59,2.49,1.0,4.16,4.14,6.0,1.0,4.0
39-4011.00,Embalmers,realistic|conventional|social|enterprising|investigative|artistic,1.61,3.85,2.65,2.57,5.84,3.4,1.0,6.0,4.0
39-4012.00,Crematory Operators,realistic|conventional|social|investigative|enterprising|artistic,1.46,4.36,1.49,2.11,5.96,2.73,1.0,6.0,0.0
39-4021.00,Funeral Attendants,realistic|conventional|social|enterprising|artistic|investigative,1.82,4.34,3.67,1.07,4.95,3.93,1.0,6.0,4.0
39-4031.00,"Morticians, Undertakers, and Funeral Arrangers",conventional|enterprising|social|realistic|artistic|investigative,1.75,4.67,4.66,1.4,3.55,4.41,6.0,5.0,4.0
39-5011.00,Barbers,realistic|conventional|social|enterprising|artistic|investigative,2.71,3.89,3.55,1.0,5.39,3.58,1.0,6.0,4.0
39-5012.00,"Hairdressers, Hairstylists, and Cosmetologists",realistic|conventional|social|enterprising|artistic|investigative,3.24,3.92,3.25,1.54,5.4,3.72,1.0,6.0,4.0
39-5091.00,"Makeup Artists, Theatrical and Performance",artistic|realistic|enterprising|conventional|social|investigative,6.72,3.01,3.08,1.37,4.33,3.0,3.0,1.0,0.0
39-5092.00,Manicurists and Pedicurists,realistic|conventional|social|enterprising|artistic|investigative,2.29,3.67,2.35,1.3,5.63,3.06,1.0,6.0,0.0
39-5093.00,Shampooers,realistic|social|conventional|enterprising|artistic|investigative,1.56,3.37,2.47,1.35,5.53,3.75,1.0,4.0,6.0
39-5094.00,Skincare Specialists,realistic|social|conventional|enterprising|artistic|investigative,2.95,3.37,3.12,2.04,5.48,4.18,1.0,4.0,0.0
39-6011.00,Baggage Porters and Bellhops,realistic|conventional|social|enterprising|artistic|investigative,1.0,4.82,2.55,1.0,4.92,3.51,1.0,6.0,4.0
39-6012.00,Concierges,social|enterprising|conventional|realistic|artistic|investigative,2.29,4.18,4.67,1.0,2.7,5.34,4.0,5.0,6.0
39-7011.00,Tour Guides and Escorts,social|enterprising|artistic|realistic|conventional|investigative,3.46,2.85,3.64,2.4,3.33,5.35,4.0,5.0,0.0
39-7012.00,Travel Guides,social|enterprising|conventional|artistic|realistic|investigative,2.45,4.3,4.61,2.34,2.45,4.84,4.0,5.0,6.0
39-9011.00,Childcare Workers,social|artistic|conventional|realistic|enterprising|investigative,3.58,3.44,2.75,1.48,3.08,6.18,4.0,3.0,0.0
39-9011.01,Nannies,social|artistic|conventional|realistic|enterprising|investigative,3.5,3.34,2.68,2.19,2.91,6.3,4.0,0.0,0.0
39-9031.00,Exercise Trainers and Group Fitness Instructors,social|realistic|enterprising|conventional|investigative|artistic,2.4,2.98,3.51,2.71,5.23,5.62,4.0,1.0,0.0
39-9032.00,Recreation Workers,social|enterprising|realistic|conventional|artistic|investigative,3.05,3.46,4.51,1.98,3.75,4.9,4.0,5.0,1.0
39-9041.00,Residential Advisors,social|conventional|enterprising|realistic|investigative|artistic,2.25,4.63,3.81,2.37,2.82,5.28,4.0,6.0,5.0
41-1011.00,First-Line Supervisors of Retail Sales Workers,enterprising|conventional|social|realistic|investigative|artistic,1.0,5.61,7.0,1.14,2.75,3.64,5.0,6.0,4.0
41-1012.00,First-Line Supervisors of Non-Retail Sales Workers,enterprising|conventional|social|realistic|investigative|artistic,1.0,5.31,7.0,1.11,1.74,4.08,5.0,6.0,4.0
41-2011.00,Cashiers,conventional|enterprising|realistic|social|artistic|investigative,1.0,6.21,3.62,1.0,2.9,2.59,6.0,5.0,0.0
41-2012.00,Gambling Change Persons and Booth Cashiers,conventional|enterprising|realistic|social|artistic|investigative,1.06,6.36,4.19,1.0,3.07,2.43,6.0,5.0,0.0
41-2021.00,Counter and Rental Clerks,conventional|enterprising|social|realistic|artistic|investigative,1.27,5.9,3.86,1.0,3.17,3.3,6.0,5.0,4.0
41-2022.00,Parts Salespersons,realistic|conventional|enterprising|social|investigative|artistic,1.0,5.12,3.83,1.6,5.64,1.96,1.0,6.0,5.0
41-2031.00,Retail Salespersons,enterprising|conventional|realistic|social|artistic|investigative,1.98,5.17,6.13,1.0,3.2,2.96,5.0,6.0,0.0
41-3011.00,Advertising Sales Agents,enterprising|conventional|artistic|social|investigative|realistic,3.64,4.34,6.65,1.52,1.18,2.96,5.0,6.0,3.0
41-3021.00,Insurance Sales Agents,enterprising|conventional|social|investigative|artistic|realistic,1.09,5.46,5.95,2.25,1.0,3.71,5.0,6.0,4.0
41-3031.00,"Securities, Commodities, and Financial Services Sales Agents",enterprising|conventional|social|investigative|artistic|realistic,1.29,5.27,6.08,2.53,1.26,3.07,5.0,6.0,0.0
41-3041.00,Travel Agents,enterprising|conventional|social|artistic|investigative|realistic,1.9,5.77,5.78,1.51,1.15,4.31,5.0,6.0,4.0
41-3091.00,"Sales Representatives of Services, Except Advertising, Insurance, Financial Services, and Travel",enterprising|conventional|social|investigative|artistic|realistic,1.45,5.07,6.73,1.94,1.07,3.75,5.0,6.0,4.0
41-4011.00,"Sales Representatives, Wholesale and Manufacturing, Technical and Scientific Products",enterprising|conventional|investigative|social|realistic|artistic,1.44,5.14,5.27,3.15,2.8,3.12,5.0,6.0,0.0
41-4011.07,Solar Sales Representatives and Assessors,enterprising|conventional|realistic|social|investigative|artistic,1.39,4.43,5.56,2.73,3.52,2.75,5.0,6.0,1.0
41-4012.00,"Sales Representatives, Wholesale and Manufacturing, Except Technical and Scientific Products",enterprising|conventional|social|realistic|investigative|artistic,1.65,4.92,6.12,2.24,2.63,2.69,5.0,6.0,0.0
41-9011.00,Demonstrators and Product Promoters,enterprising|conventional|artistic|social|realistic|investigative,3.31,3.56,5.38,1.89,3.24,3.26,5.0,6.0,0.0
41-9012.00,Models,artistic|realistic|enterprising|social|conventional|investigative,6.91,2.26,3.71,1.09,5.01,2.49,3.0,1.0,5.0
41-9021.00,Real Estate Brokers,enterprising|conventional|social|realistic|investigative|artistic,1.0,5.76,6.48,1.52,2.71,2.9,5.0,6.0,0.0
41-9022.00,Real Estate Sales Agents,enterprising|conventional|social|realistic|artistic|investigative,1.92,4.94,6.46,1.47,2.12,3.52,5.0,6.0,4.0
41-9031.00,Sales Engineers,enterprising|conventional|investigative|realistic|social|artistic,1.76,4.51,5.78,3.58,3.38,2.82,5.0,6.0,0.0
41-9041.00,Telemarketers,enterprising|conventional|social|realistic|artistic|investigative,1.24,5.07,5.36,1.09,1.87,3.61,5.0,6.0,4.0
41-9091.00,"Door-to-Door Sales Workers, News and Street Vendors, and Related Workers",enterprising|conventional|realistic|social|artistic|investigative,2.04,4.7,5.52,1.0,3.56,2.79,5.0,6.0,1.0
43-1011.00,First-Line Supervisors of Office and Administrative Support Workers,enterprising|conventional|social|realistic|investigative|artistic,1.0,5.7,6.9,1.38,1.58,4.33,5.0,6.0,4.0
43-2011.00,"Switchboard Operators, Including Answering Service",conventional|realistic|enterprising|social|investigative|artistic,1.0,5.95,3.18,1.39,3.63,2.91,6.0,1.0,5.0
43-2021.00,Telephone Operators,conventional|social|enterprising|realistic|investigative|artistic,1.0,6.21,3.33,1.14,3.23,4.05,6.0,4.0,5.0
43-3011.00,Bill and Account Collectors,conventional|enterprising|social|realistic|artistic|investigative,1.0,7.0,4.36,1.0,2.08,3.26,6.0,5.0,4.0
43-3021.00,Billing and Posting Clerks,conventional|realistic|enterprising|investigative|social|artistic,1.0,7.0,2.76,1.59,2.83,1.47,6.0,0.0,0.0
43-3031.00,"Bookkeeping, Accounting, and Auditing Clerks",conventional|enterprising|investigative|realistic|social|artistic,1.0,7.0,2.87,2.18,1.63,1.49,6.0,5.0,0.0
43-3041.00,Gambling Cage Workers,conventional|enterprising|social|realistic|artistic|investigative,1.0,5.98,4.66,1.0,2.9,2.91,6.0,5.0,0.0
43-3051.00,Payroll and Timekeeping Clerks,conventional|enterprising|social|realistic|investigative|artistic,1.0,7.0,3.32,1.05,1.85,1.91,6.0,5.0,0.0
43-3061.00,Procurement Clerks,conventional|enterprising|realistic|investigative|social|artistic,1.0,7.0,4.13,1.71,3.17,1.63,6.0,5.0,1.0
43-3071.00,Tellers,conventional|enterprising|social|realistic|investigative|artistic,1.0,6.88,4.19,1.42,2.27,2.44,6.0,5.0,0.0
43-4011.00,Brokerage Clerks,conventional|enterprising|social|realistic|investigative|artistic,1.0,6.96,4.51,1.27,2.1,2.32,6.0,5.0,0.0
43-4021.00,Correspondence Clerks,conventional|enterprising|social|investigative|artistic|realistic,1.57,6.86,3.43,2.52,1.32,2.7,6.0,5.0,0.0
43-4031.00,"Court, Municipal, and License Clerks",conventional|enterprising|social|realistic|investigative|artistic,1.11,6.16,4.24,1.91,1.97,3.52,6.0,5.0,4.0
43-4041.00,"Credit Authorizers, Checkers, and Clerks",conventional|enterprising|social|investigative|artistic|realistic,1.0,7.0,4.48,1.87,1.0,3.39,6.0,5.0,4.0
43-4051.00,Customer Service Representatives,conventional|enterprising|social|realistic|investigative|artistic,1.0,6.32,5.08,1.63,1.97,3.77,6.0,5.0,4.0
43-4061.00,"Eligibility Interviewers, Government Programs",conventional|social|enterprising|investigative|artistic|realistic,1.0,6.32,3.92,2.45,1.0,4.46,6.0,4.0,5.0
43-4071.00,File Clerks,conventional|realistic|social|enterprising|investigative|artistic,1.01,7.0,1.76,1.28,2.41,2.05,6.0,0.0,0.0
43-4081.00,"Hotel, Motel, and Resort Desk Clerks",conventional|social|enterprising|realistic|artistic|investigative,1.35,5.72,3.8,1.0,2.62,4.49,6.0,4.0,5.0
43-4111.00,"Interviewers, Except Eligibility and Loan",conventional|social|enterprising|investigative|artistic|realistic,1.38,6.01,3.66,1.92,1.0,4.12,6.0,4.0,5.0
43-4121.00,"Library Assistants, Clerical",conventional|social|realistic|enterprising|investigative|artistic,1.29,6.89,2.18,2.0,2.91,3.77,6.0,4.0,0.0
43-4131.00,Loan Interviewers and Clerks,conventional|enterprising|social|investigative|artistic|realistic,1.0,6.92,4.61,2.18,1.0,3.4,6.0,5.0,4.0
43-4141.00,New Accounts Clerks,conventional|enterprising|social|investigative|realistic|artistic,1.0,6.86,4.65,1.91,1.37,3.66,6.0,5.0,4.0
43-4151.00,Order Clerks,conventional|enterprising|realistic|social|artistic|investigative,1.0,6.97,4.54,1.0,2.57,2.52,6.0,5.0,0.0
43-4161.00,"Human Resources Assistants, Except Payroll and Timekeeping",conventional|enterprising|social|realistic|investigative|artistic,1.0,7.0,3.91,1.35,1.43,3.24,6.0,5.0,4.0
43-4171.00,Receptionists and Information Clerks,conventional|enterprising|social|realistic|investigative|artistic,1.1,6.3,4.26,1.79,1.95,3.57,6.0,5.0,4.0
43-4181.00,Reservation and Transportation Ticket Agents and Travel Clerks,conventional|social|enterprising|realistic|artistic|investigative,1.32,5.54,4.08,1.0,2.12,4.39,6.0,4.0,5.0
43-5011.00,Cargo and Freight Agents,conventional|enterprising|realistic|social|investigative|artistic,1.0,6.32,4.83,1.52,3.15,2.14,6.0,5.0,0.0
43-5011.01,Freight Forwarders,conventional|enterprising|realistic|investigative|social|artistic,1.0,5.6,3.94,2.59,3.51,1.84,6.0,5.0,1.0
43-5021.00,Couriers and Messengers,conventional|realistic|social|enterprising|investigative|artistic,1.0,5.07,2.86,1.07,4.47,2.96,6.0,1.0,0.0
43-5031.00,Public Safety Telecommunicators,conventional|realistic|social|investigative|enterprising|artistic,1.0,5.52,2.89,2.91,4.33,3.65,6.0,1.0,4.0
43-5032.00,"Dispatchers, Except Police, Fire, and Ambulance",conventional|realistic|enterprising|social|investigative|artistic,1.0,5.4,2.92,1.42,5.27,2.69,6.0,1.0,0.0
43-5041.00,"Meter Readers, Utilities",conventional|realistic|investigative|social|enterprising|artistic,1.0,6.58,1.28,2.53,4.91,2.15,6.0,1.0,0.0
43-5051.00,Postal Service Clerks,conventional|realistic|enterprising|social|artistic|investigative,1.0,6.55,2.71,1.0,3.21,2.57,6.0,1.0,0.0
43-5052.00,Postal Service Mail Carriers,conventional|realistic|enterprising|social|artistic|investigative,1.0,6.27,2.91,1.0,3.56,2.69,6.0,1.0,0.0
43-5053.00,"Postal Service Mail Sorters, Processors, and Processing Machine Operators",conventional|realistic|social|enterprising|investigative|artistic,1.0,5.91,1.66,1.54,4.6,1.83,6.0,1.0,0.0
43-5061.00,"Production, Planning, and Expediting Clerks",conventional|enterprising|realistic|social|investigative|artistic,1.14,5.92,4.91,1.2,3.12,2.11,6.0,5.0,0.0
43-5071.00,"Shipping, Receiving, and Inventory Clerks",conventional|realistic|enterprising|social|investigative|artistic,1.0,7.0,3.11,1.24,3.98,1.37,6.0,1.0,5.0
43-5111.00,"Weighers, Measurers, Checkers, and Samplers, Recordkeeping",conventional|realistic|investigative|enterprising|artistic|social,1.0,6.37,1.76,2.37,5.31,1.0,6.0,1.0,0.0
43-6011.00,Executive Secretaries and Executive Administrative Assistants,conventional|enterprising|social|investigative|artistic|realistic,1.35,6.41,5.51,1.94,1.32,3.94,6.0,5.0,4.0
43-6012.00,Legal Secretaries and Administrative Assistants,conventional|enterprising|social|investigative|artistic|realistic,1.55,6.69,4.42,2.91,1.41,3.17,6.0,5.0,0.0
43-6013.00,Medical Secretaries and Administrative Assistants,conventional|social|enterprising|investigative|realistic|artistic,1.0,6.67,3.17,3.02,2.29,4.13,6.0,4.0,0.0
43-6014.00,"Secretaries and Administrative Assistants, Except Legal, Medical, and Executive",conventional|enterprising|social|realistic|investigative|artistic,1.0,6.95,4.18,1.37,1.98,3.61,6.0,5.0,4.0
43-9021.00,Data Entry Keyers,conventional|realistic|investigative|enterprising|social|artistic,1.0,7.0,1.67,2.31,3.05,1.19,6.0,1.0,0.0
43-9022.00,Word Processors and Typists,conventional|realistic|artistic|social|investigative|enterprising,2.26,6.59,1.86,1.94,2.87,2.23,6.0,0.0,0.0
43-9031.00,Desktop Publishers,conventional|artistic|realistic|investigative|enterprising|social,4.24,5.7,1.71,2.84,3.38,1.69,6.0,3.0,1.0
43-9041.00,Insurance Claims and Policy Processing Clerks,conventional|enterprising|social|investigative|realistic|artistic,1.0,7.0,3.86,2.43,1.24,2.56,6.0,5.0,0.0
43-9051.00,"Mail Clerks and Mail Machine Operators, Except Postal Service",conventional|realistic|enterprising|social|artistic|investigative,1.0,6.46,2.14,1.0,4.01,2.01,6.0,1.0,0.0
43-9061.00,"Office Clerks, General",conventional|enterprising|social|realistic|investigative|artistic,1.0,6.84,3.2,1.85,2.92,3.06,6.0,0.0,0.0
43-9071.00,"Office Machine Operators, Except Computer",conventional|realistic|investigative|enterprising|social|artistic,1.16,6.57,2.06,2.13,4.55,1.68,6.0,1.0,0.0
43-9081.00,Proofreaders and Copy Markers,conventional|artistic|investigative|social|enterprising|realistic,3.56,6.16,1.53,2.5,1.44,2.2,6.0,3.0,0.0
43-9111.00,Statistical Assistants,conventional|investigative|realistic|enterprising|social|artistic,1.0,7.0,1.74,4.48,2.37,1.4,6.0,2.0,0.0
45-1011.00,"First-Line Supervisors of Farming, Fishing, and Forestry Workers",enterprising|realistic|conventional|social|investigative|artistic,1.0,4.66,6.01,2.23,5.53,2.89,5.0,1.0,6.0
45-2011.00,Agricultural Inspectors,realistic|conventional|investigative|enterprising|social|artistic,1.0,5.17,3.12,4.04,5.35,1.89,1.0,6.0,2.0
45-2021.00,Animal Breeders,realistic|conventional|investigative|social|enterprising|artistic,1.45,3.58,2.0,3.4,6.36,2.38,1.0,6.0,2.0
45-2041.00,"Graders and Sorters, Agricultural Products",realistic|conventional|investigative|enterprising|artistic|social,1.67,5.0,2.16,2.48,5.64,1.5,1.0,6.0,0.0
45-2091.00,Agricultural Equipment Operators,realistic|conventional|investigative|enterprising|artistic|social,1.0,3.67,1.34,2.5,7.0,1.0,1.0,6.0,0.0
45-2092.00,"Farmworkers and Laborers, Crop, Nursery, and Greenhouse",realistic|conventional|enterprising|investigative|social|artistic,1.28,3.36,2.37,2.32,7.0,1.86,1.0,6.0,0.0
45-2093.00,"Farmworkers, Farm, Ranch, and Aquacultural Animals",realistic|conventional|investigative|social|enterprising|artistic,1.42,2.95,1.92,2.66,6.78,2.5,1.0,0.0,0.0
45-3031.00,Fishing and Hunting Workers,realistic|conventional|investigative|enterprising|artistic|social,1.06,3.29,1.99,2.27,7.0,1.03,1.0,6.0,0.0
45-4011.00,Forest and Conservation Workers,realistic|conventional|investigative|enterprising|social|artistic,1.0,4.07,3.03,3.33,7.0,2.71,1.0,6.0,0.0
45-4021.00,Fallers,realistic|conventional|investigative|social|enterprising|artistic,1.13,3.32,1.57,2.48,7.0,1.92,1.0,6.0,0.0
45-4022.00,Logging Equipment Operators,realistic|conventional|investigative|social|enterprising|artistic,1.0,4.4,1.1,1.81,6.83,1.11,1.0,6.0,0.0
45-4023.00,Log Graders and Scalers,conventional|realistic|investigative|enterprising|social|artistic,1.0,6.31,1.76,2.37,4.98,1.1,6.0,1.0,0.0
47-1011.00,First-Line Supervisors of Construction Trades and Extraction Workers,enterprising|conventional|realistic|social|investigative|artistic,1.0,4.95,6.0,1.9,4.67,2.92,5.0,6.0,1.0
47-1011.03,Solar Energy Installation Managers,realistic|enterprising|conventional|investigative|social|artistic,1.27,4.19,4.85,2.65,5.86,1.74,1.0,5.0,6.0
47-2011.00,Boilermakers,realistic|conventional|investigative|artistic|enterprising|social,1.0,3.72,1.0,2.31,7.0,1.0,1.0,6.0,0.0
47-2021.00,Brickmasons and Blockmasons,realistic|conventional|investigative|artistic|enterprising|social,1.67,3.82,1.21,2.02,6.95,1.11,1.0,6.0,0.0
47-2022.00,Stonemasons,realistic|conventional|artistic|investigative|social|enterprising,2.9,3.0,1.29,2.14,7.0,1.86,1.0,0.0,0.0
47-2031.00,Carpenters,realistic|conventional|artistic|investigative|social|enterprising,2.18,3.46,1.79,1.91,6.75,1.9,1.0,6.0,0.0
47-2041.00,Carpet Installers,realistic|conventional|artistic|social|investigative|enterprising,1.94,3.5,1.0,1.13,7.0,1.29,1.0,6.0,0.0
47-2042.00,"Floor Layers, Except Carpet, Wood, and Hard Tiles",realistic|conventional|artistic|social|investigative|enterprising,1.83,3.68,1.0,1.39,7.0,1.56,1.0,6.0,0.0
47-2043.00,Floor Sanders and Finishers,realistic|conventional|enterprising|social|investigative|artistic,1.37,3.33,1.54,1.39,7.0,1.43,1.0,6.0,0.0
47-2044.00,Tile and Stone Setters,realistic|conventional|artistic|investigative|social|enterprising,2.53,3.66,1.0,1.47,7.0,1.34,1.0,6.0,0.0
47-2051.00,Cement Masons and Concrete Finishers,realistic|conventional|investigative|artistic|enterprising|social,1.66,3.27,1.0,2.29,7.0,1.0,1.0,6.0,0.0
47-2053.00,Terrazzo Workers and Finishers,realistic|conventional|artistic|investigative|enterprising|social,1.93,3.28,1.0,1.8,7.0,1.0,1.0,6.0,0.0
47-2061.00,Construction Laborers,realistic|conventional|investigative|artistic|enterprising|social,1.38,3.61,1.35,2.68,7.0,1.23,1.0,6.0,0.0
47-2071.00,"Paving, Surfacing, and Tamping Equipment Operators",realistic|conventional|investigative|artistic|enterprising|social,1.0,3.69,1.0,1.72,7.0,1.0,1.0,6.0,0.0
47-2072.00,Pile Driver Operators,realistic|conventional|investigative|enterprising|social|artistic,1.0,3.61,1.15,1.94,7.0,1.02,1.0,6.0,0.0
47-2073.00,Operating Engineers and Other Construction Equipment Operators,realistic|conventional|investigative|enterprising|social|artistic,1.0,3.88,1.26,2.93,7.0,1.14,1.0,6.0,2.0
47-2081.00,Drywall and Ceiling Tile Installers,realistic|conventional|artistic|investigative|social|enterprising,2.3,3.14,1.0,1.96,7.0,1.18,1.0,6.0,0.0
47-2082.00,Tapers,realistic|conventional|artistic|investigative|social|enterprising,1.73,3.44,1.08,1.64,6.49,1.45,1.0,6.0,0.0
47-2111.00,Electricians,realistic|conventional|investigative|enterprising|social|artistic,1.24,4.09,1.81,2.7,7.0,1.32,1.0,6.0,0.0
47-2121.00,Glaziers,realistic|conventional|artistic|investigative|social|enterprising,2.33,3.59,1.67,2.09,6.32,1.68,1.0,6.0,0.0
47-2131.00,"Insulation Workers, Floor, Ceiling, and Wall",realistic|conventional|investigative|artistic|social|enterprising,1.3,3.97,1.0,1.78,6.78,1.05,1.0,6.0,0.0
47-2132.00,"Insulation Workers, Mechanical",realistic|conventional|investigative|social|artistic|enterprising,1.0,4.25,1.0,2.42,6.92,1.24,1.0,6.0,0.0
47-2141.00,"Painters, Construction and Maintenance",realistic|conventional|artistic|investigative|social|enterprising,2.51,3.5,1.0,1.47,7.0,1.26,1.0,6.0,0.0
47-2142.00,Paperhangers,realistic|conventional|artistic|social|enterprising|investigative,2.97,3.9,1.14,1.0,5.86,1.58,1.0,6.0,3.0
47-2151.00,Pipelayers,realistic|conventional|investigative|social|enterprising|artistic,1.0,3.54,1.14,2.43,7.0,1.3,1.0,6.0,0.0
47-2152.00,"Plumbers, Pipefitters, and Steamfitters",realistic|conventional|investigative|social|artistic|enterprising,1.0,3.72,1.0,2.2,7.0,1.16,1.0,6.0,0.0
47-2152.04,Solar Thermal Installers and Technicians,realistic|conventional|investigative|social|enterprising|artistic,1.13,3.66,1.6,2.69,7.0,1.7,1.0,6.0,0.0
47-2161.00,Plasterers and Stucco Masons,realistic|conventional|artistic|investigative|social|enterprising,2.56,3.3,1.05,1.56,7.0,1.38,1.0,6.0,0.0
47-2171.00,Reinforcing Iron and Rebar Workers,realistic|conventional|investigative|enterprising|social|artistic,1.12,3.5,1.33,2.18,7.0,1.2,1.0,6.0,0.0
47-2181.00,Roofers,realistic|conventional|enterprising|social|investigative|artistic,1.21,3.54,1.59,1.3,7.0,1.48,1.0,6.0,0.0
47-2211.00,Sheet Metal Workers,realistic|conventional|investigative|artistic|enterprising|social,1.55,3.58,1.0,2.07,7.0,1.0,1.0,6.0,0.0
47-2221.00,Structural Iron and Steel Workers,realistic|conventional|investigative|artistic|enterprising|social,1.41,3.73,1.24,2.79,7.0,1.17,1.0,6.0,0.0
47-2231.00,Solar Photovoltaic Installers,realistic|conventional|investigative|enterprising|artistic|social,1.39,4.08,1.73,2.65,7.0,1.19,1.0,6.0,0.0
47-3011.00,"Helpers--Brickmasons, Blockmasons, Stonemasons, and Tile and Marble Setters",realistic|conventional|social|artistic|investigative|enterprising,1.57,3.33,1.0,1.35,7.0,1.88,1.0,6.0,0.0
47-3012.00,Helpers--Carpenters,realistic|conventional|social|enterprising|artistic|investigative,1.4,3.46,1.61,1.29,6.91,2.14,1.0,6.0,0.0
47-3013.00,Helpers--Electricians,realistic|conventional|investigative|social|artistic|enterprising,1.0,3.94,1.0,2.21,7.0,2.05,1.0,6.0,0.0
47-3014.00,"Helpers--Painters, Paperhangers, Plasterers, and Stucco Masons",realistic|conventional|social|artistic|enterprising|investigative,1.78,3.47,1.36,1.11,6.52,2.43,1.0,6.0,0.0
47-3015.00,"Helpers--Pipelayers, Plumbers, Pipefitters, and Steamfitters",realistic|conventional|social|investigative|enterprising|artistic,1.0,3.66,1.25,1.37,6.96,1.86,1.0,6.0,0.0
47-3016.00,Helpers--Roofers,realistic|conventional|social|enterprising|artistic|investigative,1.0,3.61,1.41,1.0,6.95,1.96,1.0,6.0,0.0
47-4011.00,Construction and Building Inspectors,realistic|conventional|investigative|enterprising|social|artistic,1.22,5.41,2.15,4.1,6.17,1.46,1.0,6.0,2.0
47-4011.01,Energy Auditors,conventional|realistic|investigative|enterprising|social|artistic,1.0,5.93,3.34,4.17,4.53,1.89,6.0,1.0,2.0
47-4021.00,Elevator and Escalator Installers and Repairers,realistic|conventional|investigative|social|enterprising|artistic,1.0,3.92,1.22,2.44,7.0,1.38,1.0,6.0,0.0
47-4031.00,Fence Erectors,realistic|conventional|investigative|artistic|social|enterprising,1.35,3.68,1.0,2.08,7.0,1.35,1.0,6.0,0.0
47-4041.00,Hazardous Materials Removal Workers,realistic|conventional|investigative|social|enterprising|artistic,1.0,4.36,1.19,2.57,7.0,1.48,1.0,6.0,0.0
47-4051.00,Highway Maintenance Workers,realistic|conventional|social|investigative|enterprising|artistic,1.04,3.52,1.47,1.7,7.0,1.77,1.0,6.0,0.0
47-4061.00,Rail-Track Laying and Maintenance Equipment Operators,realistic|conventional|investigative|artistic|enterprising|social,1.0,4.11,1.0,1.7,7.0,1.0,1.0,6.0,0.0
47-4071.00,Septic Tank Servicers and Sewer Pipe Cleaners,realistic|conventional|investigative|social|enterprising|artistic,1.0,4.26,1.19,2.07,7.0,1.45,1.0,6.0,0.0
47-4091.00,Segmental Pavers,realistic|conventional|artistic|investigative|social|enterprising,1.97,3.4,1.22,1.6,6.93,1.3,1.0,6.0,0.0
47-4099.03,Weatherization Installers and Technicians,realistic|conventional|investigative|social|enterprising|artistic,1.5,4.49,2.19,3.22,6.01,2.31,1.0,6.0,0.0
47-5011.00,"Derrick Operators, Oil and Gas",realistic|conventional|investigative|enterprising|social|artistic,1.0,3.64,1.64,2.54,7.0,1.01,1.0,6.0,0.0
47-5012.00,"Rotary Drill Operators, Oil and Gas",realistic|conventional|investigative|enterprising|social|artistic,1.0,3.78,2.2,3.04,7.0,1.16,1.0,6.0,0.0
47-5013.00,"Service Unit Operators, Oil and Gas",realistic|conventional|investigative|enterprising|social|artistic,1.0,4.07,1.82,2.58,7.0,1.2,1.0,6.0,0.0
47-5022.00,"Excavating and Loading Machine and Dragline Operators, Surface Mining",realistic|conventional|investigative|artistic|enterprising|social,1.0,3.55,1.0,2.4,7.0,1.0,1.0,6.0,0.0
47-5023.00,"Earth Drillers, Except Oil and Gas",realistic|conventional|investigative|enterprising|social|artistic,1.14,3.67,1.7,3.65,7.0,1.22,1.0,6.0,2.0
47-5032.00,"Explosives Workers, Ordnance Handling Experts, and Blasters",realistic|conventional|investigative|enterprising|social|artistic,1.25,4.19,1.83,3.77,6.9,1.3,1.0,6.0,2.0
47-5041.00,Continuous Mining Machine Operators,realistic|conventional|investigative|enterprising|social|artistic,1.0,4.07,1.34,2.5,6.97,1.04,1.0,6.0,0.0
47-5043.00,"Roof Bolters, Mining",realistic|conventional|investigative|enterprising|artistic|social,1.0,3.34,1.01,2.46,7.0,1.0,1.0,6.0,0.0
47-5044.00,"Loading and Moving Machine Operators, Underground Mining",realistic|conventional|investigative|artistic|enterprising|social,1.0,3.7,1.0,2.15,7.0,1.0,1.0,6.0,0.0
47-5051.00,"Rock Splitters, Quarry",realistic|conventional|investigative|artistic|social|enterprising,1.74,3.19,1.17,2.07,6.99,1.26,1.0,6.0,0.0
47-5071.00,"Roustabouts, Oil and Gas",realistic|conventional|investigative|artistic|enterprising|social,1.0,3.29,1.0,1.79,7.0,1.0,1.0,6.0,0.0
47-5081.00,Helpers--Extraction Workers,realistic|conventional|investigative|social|enterprising|artistic,1.0,3.69,1.58,2.14,7.0,1.79,1.0,6.0,0.0
49-1011.00,"First-Line Supervisors of Mechanics, Installers, and Repairers",enterprising|conventional|realistic|social|investigative|artistic,1.01,4.75,5.99,1.73,4.13,3.56,5.0,6.0,1.0
49-2011.00,"Computer, Automated Teller, and Office Machine Repairers",realistic|conventional|investigative|enterprising|social|artistic,1.0,5.5,1.79,2.65,5.83,1.75,1.0,6.0,0.0
49-2021.00,"Radio, Cellular, and Tower Equipment Installers and Repairers",realistic|conventional|investigative|social|enterprising|artistic,1.05,4.53,1.36,3.48,6.73,1.37,1.0,6.0,2.0
49-2022.00,"Telecommunications Equipment Installers and Repairers, Except Line Installers",realistic|conventional|investigative|social|enterprising|artistic,1.0,4.83,1.6,2.42,6.43,1.81,1.0,6.0,0.0
49-2091.00,Avionics Technicians,realistic|conventional|investigative|social|artistic|enterprising,1.16,4.41,1.06,4.31,7.0,1.38,1.0,6.0,2.0
49-2092.00,"Electric Motor, Power Tool, and Related Repairers",realistic|conventional|investigative|social|enterprising|artistic,1.0,4.25,1.01,2.73,7.0,1.19,1.0,6.0,0.0
49-2093.00,"Electrical and Electronics Installers and Repairers, Transportation Equipment",realistic|conventional|investigative|social|enterprising|artistic,1.0,4.83,1.02,3.38,7.0,1.15,1.0,6.0,2.0
49-2094.00,"Electrical and Electronics Repairers, Commercial and Industrial Equipment",realistic|conventional|investigative|enterprising|artistic|social,1.0,5.27,1.44,3.84,7.0,1.0,1.0,6.0,2.0
49-2095.00,"Electrical and Electronics Repairers, Powerhouse, Substation, and Relay",realistic|conventional|investigative|enterprising|social|artistic,1.0,5.27,1.3,3.52,7.0,1.07,1.0,6.0,2.0
49-2096.00,"Electronic Equipment Installers and Repairers, Motor Vehicles",realistic|conventional|investigative|social|artistic|enterprising,1.0,4.33,1.0,3.44,7.0,1.3,1.0,6.0,2.0
49-2097.00,Audiovisual Equipment Installers and Repairers,realistic|conventional|investigative|artistic|social|enterprising,1.66,4.61,1.12,2.62,6.85,1.64,1.0,6.0,0.0
49-2098.00,Security and Fire Alarm Systems Installers,realistic|conventional|investigative|enterprising|social|artistic,1.0,4.94,1.58,3.35,6.67,1.37,1.0,6.0,2.0
49-3011.00,Aircraft Mechanics and Service Technicians,realistic|conventional|investigative|enterprising|social|artistic,1.0,4.7,1.84,3.81,6.7,1.31,1.0,6.0,2.0
49-3021.00,Automotive Body and Related Repairers,realistic|conventional|investigative|enterprising|artistic|social,1.43,3.34,1.45,1.6,7.0,1.06,1.0,6.0,0.0
49-3022.00,Automotive Glass Installers and Repairers,realistic|conventional|investigative|enterprising|social|artistic,1.0,3.7,1.39,2.24,7.0,1.28,1.0,6.0,0.0
49-3023.00,Automotive Service Technicians and Mechanics,realistic|conventional|investigative|enterprising|social|artistic,1.0,4.31,1.6,3.58,7.0,1.45,1.0,6.0,2.0
49-3031.00,Bus and Truck Mechanics and Diesel Engine Specialists,realistic|conventional|investigative|social|enterprising|artistic,1.0,3.73,1.29,3.27,7.0,1.54,1.0,6.0,2.0
49-3041.00,Farm Equipment Mechanics and Service Technicians,realistic|conventional|investigative|social|enterprising|artistic,1.0,4.3,1.08,3.02,7.0,1.3,1.0,6.0,2.0
49-3042.00,"Mobile Heavy Equipment Mechanics, Except Engines",realistic|conventional|investigative|artistic|enterprising|social,1.0,4.35,1.0,3.54,7.0,1.0,1.0,6.0,2.0
49-3043.00,Rail Car Repairers,realistic|conventional|investigative|social|artistic|enterprising,1.21,3.87,1.16,2.77,7.0,1.48,1.0,6.0,0.0
49-3051.00,Motorboat Mechanics and Service Technicians,realistic|conventional|investigative|enterprising|social|artistic,1.0,3.88,1.61,2.86,7.0,1.01,1.0,6.0,0.0
49-3052.00,Motorcycle Mechanics,realistic|conventional|investigative|social|artistic|enterprising,1.23,3.64,1.0,3.12,7.0,1.44,1.0,6.0,2.0
49-3053.00,Outdoor Power Equipment and Other Small Engine Mechanics,realistic|conventional|investigative|enterprising|social|artistic,1.0,3.97,1.26,2.48,7.0,1.2,1.0,6.0,0.0
49-3091.00,Bicycle Repairers,realistic|conventional|investigative|social|enterprising|artistic,1.17,3.34,1.49,1.82,7.0,1.62,1.0,6.0,0.0
49-3092.00,Recreational Vehicle Service Technicians,realistic|conventional|investigative|social|enterprising|artistic,1.0,4.12,1.24,2.61,7.0,1.57,1.0,6.0,0.0
49-3093.00,Tire Repairers and Changers,realistic|conventional|investigative|social|enterprising|artistic,1.0,3.41,1.58,1.8,7.0,1.79,1.0,6.0,0.0
49-9011.00,Mechanical Door Repairers,realistic|conventional|investigative|social|artistic|enterprising,1.0,3.96,1.0,1.78,6.87,1.46,1.0,6.0,0.0
49-9012.00,"Control and Valve Installers and Repairers, Except Mechanical Door",realistic|conventional|investigative|social|artistic|enterprising,1.0,4.51,1.0,2.85,7.0,1.2,1.0,6.0,0.0
49-9021.00,"Heating, Air Conditioning, and Refrigeration Mechanics and Installers",realistic|conventional|investigative|social|enterprising|artistic,1.04,4.29,1.2,2.82,6.96,1.47,1.0,6.0,0.0
49-9031.00,Home Appliance Repairers,realistic|conventional|investigative|social|enterprising|artistic,1.16,4.84,1.36,2.33,7.0,1.63,1.0,6.0,0.0
49-9041.00,Industrial Machinery Mechanics,realistic|conventional|investigative|enterprising|artistic|social,1.01,4.33,1.17,3.01,7.0,1.0,1.0,6.0,2.0
49-9043.00,"Maintenance Workers, Machinery",realistic|conventional|investigative|enterprising|artistic|social,1.0,4.25,1.2,2.04,7.0,1.0,1.0,6.0,0.0
49-9044.00,Millwrights,realistic|conventional|investigative|artistic|enterprising|social,1.59,3.63,1.09,2.68,7.0,1.0,1.0,6.0,0.0
49-9045.00,"Refractory Materials Repairers, Except Brickmasons",realistic|conventional|investigative|artistic|social|enterprising,1.31,3.55,1.0,2.2,7.0,1.02,1.0,6.0,0.0
49-9051.00,Electrical Power-Line Installers and Repairers,realistic|conventional|investigative|enterprising|social|artistic,1.0,3.8,1.78,2.66,7.0,1.28,1.0,6.0,0.0
49-9052.00,Telecommunications Line Installers and Repairers,realistic|conventional|investigative|enterprising|social|artistic,1.0,4.17,2.01,2.49,6.48,1.58,1.0,6.0,0.0
49-9061.00,Camera and Photographic Equipment Repairers,realistic|conventional|investigative|artistic|social|enterprising,1.93,4.83,1.0,2.66,6.93,1.19,1.0,6.0,0.0
49-9062.00,Medical Equipment Repairers,realistic|conventional|investigative|social|artistic|enterprising,1.0,4.8,1.0,4.59,7.0,1.96,1.0,6.0,2.0
49-9063.00,Musical Instrument Repairers and Tuners,realistic|conventional|artistic|investigative|social|enterprising,3.46,3.54,1.0,2.64,6.39,1.58,1.0,6.0,3.0
49-9064.00,Watch and Clock Repairers,realistic|conventional|investigative|social|artistic|enterprising,1.34,4.44,1.13,1.98,6.54,1.41,1.0,6.0,0.0
49-9071.00,"Maintenance and Repair Workers, General",realistic|conventional|investigative|social|enterprising|artistic,1.2,4.17,1.53,2.53,7.0,1.75,1.0,6.0,0.0
49-9081.00,Wind Turbine Service Technicians,realistic|conventional|investigative|enterprising|social|artistic,1.0,4.29,1.77,3.6,7.0,1.62,1.0,6.0,2.0
49-9091.00,"Coin, Vending, and Amusement Machine Servicers and Repairers",realistic|conventional|enterprising|investigative|social|artistic,1.0,5.7,1.89,1.81,6.08,1.22,1.0,6.0,0.0
49-9092.00,Commercial Divers,realistic|investigative|conventional|enterprising|artistic|social,1.35,3.1,1.66,3.6,7.0,1.1,1.0,2.0,6.0
49-9094.00,Locksmiths and Safe Repairers,realistic|conventional|investigative|social|enterprising|artistic,1.0,5.0,1.42,2.11,6.09,1.57,1.0,6.0,0.0
49-9095.00,Manufactured Building and Mobile Home Installers,realistic|conventional|investigative|social|artistic|enterprising,1.52,3.9,1.17,1.9,6.83,1.71,1.0,6.0,0.0
49-9096.00,Riggers,realistic|conventional|investigative|enterprising|artistic|social,1.41,3.64,1.95,2.37,7.0,1.02,1.0,6.0,0.0
49-9097.00,Signal and Track Switch Repairers,realistic|conventional|investigative|social|enterprising|artistic,1.0,4.46,1.01,2.64,6.49,1.19,1.0,6.0,0.0
49-9098.00,"Helpers--Installation, Maintenance, and Repair Workers",realistic|conventional|investigative|social|enterprising|artistic,1.1,4.04,1.63,1.97,6.99,1.82,1.0,6.0,0.0
49-9099.01,Geothermal Technicians,realistic|conventional|investigative|enterprising|social|artistic,1.0,4.99,1.78,3.44,6.38,1.68,1.0,6.0,2.0
51-1011.00,First-Line Supervisors of Production and Operating Workers,enterprising|conventional|realistic|social|investigative|artistic,1.0,5.05,6.3,1.58,4.3,2.87,5.0,6.0,1.0
51-2011.00,"Aircraft Structure, Surfaces, Rigging, and Systems Assemblers",realistic|conventional|investigative|artistic|enterprising|social,1.74,3.82,1.37,2.66,7.0,1.0,1.0,6.0,0.0
51-2021.00,"Coil Winders, Tapers, and Finishers",realistic|conventional|investigative|enterprising|social|artistic,1.0,4.17,1.4,2.28,6.54,1.12,1.0,6.0,0.0
51-2022.00,Electrical and Electronic Equipment Assemblers,realistic|conventional|investigative|artistic|social|enterprising,1.7,3.96,1.0,3.26,7.0,1.21,1.0,6.0,2.0
51-2023.00,Electromechanical Equipment Assemblers,realistic|conventional|investigative|artistic|social|enterprising,1.41,4.98,1.0,3.35,7.0,1.06,1.0,6.0,2.0
51-2031.00,Engine and Other Machine Assemblers,realistic|conventional|investigative|artistic|enterprising|social,1.23,4.39,1.07,2.69,7.0,1.0,1.0,6.0,0.0
51-2041.00,Structural Metal Fabricators and Fitters,realistic|conventional|investigative|artistic|enterprising|social,1.73,3.91,1.12,2.6,7.0,1.0,1.0,6.0,0.0
51-2051.00,Fiberglass Laminators and Fabricators,realistic|conventional|artistic|investigative|enterprising|social,2.22,3.49,1.16,2.02,6.74,1.0,1.0,6.0,0.0
51-2061.00,Timing Device Assemblers and Adjusters,realistic|conventional|investigative|artistic|enterprising|social,1.19,4.61,1.14,2.12,6.74,1.0,1.0,6.0,0.0
51-2092.00,Team Assemblers,realistic|conventional|enterprising|social|artistic|investigative,1.6,4.58,3.93,1.43,5.37,2.42,1.0,6.0,5.0
51-3011.00,Bakers,realistic|conventional|artistic|enterprising|social|investigative,2.39,4.2,2.1,1.66,6.29,1.73,1.0,6.0,0.0
51-3021.00,Butchers and Meat Cutters,realistic|conventional|enterprising|social|artistic|investigative,1.78,3.92,2.78,1.41,6.26,1.89,1.0,6.0,0.0
51-3022.00,"Meat, Poultry, and Fish Cutters and Trimmers",realistic|conventional|investigative|enterprising|social|artistic,1.0,3.92,1.42,1.77,7.0,1.37,1.0,6.0,0.0
51-3023.00,Slaughterers and Meat Packers,realistic|conventional|investigative|enterprising|social|artistic,1.31,3.53,2.12,2.24,6.62,1.67,1.0,6.0,0.0
51-3091.00,"Food and Tobacco Roasting, Baking, and Drying Machine Operators and Tenders",realistic|conventional|enterprising|investigative|social|artistic,1.11,4.16,1.83,1.6,6.86,1.26,1.0,6.0,0.0
51-3092.00,Food Batchmakers,realistic|conventional|enterprising|investigative|artistic|social,1.91,4.65,2.62,2.11,6.09,1.5,1.0,6.0,0.0
51-3093.00,Food Cooking Machine Operators and Tenders,realistic|conventional|investigative|enterprising|social|artistic,1.15,4.67,1.68,1.98,6.82,1.34,1.0,6.0,0.0
51-4021.00,"Extruding and Drawing Machine Setters, Operators, and Tenders, Metal and Plastic",realistic|conventional|investigative|artistic|social|enterprising,1.43,4.31,1.0,2.23,6.7,1.08,1.0,6.0,0.0
51-4022.00,"Forging Machine Setters, Operators, and Tenders, Metal and Plastic",realistic|conventional|investigative|enterprising|artistic|social,1.03,4.39,1.19,2.62,6.74,1.0,1.0,6.0,0.0
51-4023.00,"Rolling Machine Setters, Operators, and Tenders, Metal and Plastic",realistic|conventional|investigative|artistic|social|enterprising,1.01,3.96,1.0,1.67,6.76,1.01,1.0,6.0,0.0
51-4031.00,"Cutting, Punching, and Press Machine Setters, Operators, and Tenders, Metal and Plastic",realistic|conventional|investigative|artistic|enterprising|social,1.06,4.3,1.0,2.22,6.86,1.0,1.0,6.0,0.0
51-4032.00,"Drilling and Boring Machine Tool Setters, Operators, and Tenders, Metal and Plastic",realistic|conventional|investigative|artistic|enterprising|social,1.0,4.27,1.0,2.75,7.0,1.0,1.0,6.0,0.0
51-4033.00,"Grinding, Lapping, Polishing, and Buffing Machine Tool Setters, Operators, and Tenders, Metal and Plastic",realistic|conventional|investigative|artistic|enterprising|social,1.18,3.91,1.0,2.14,7.0,1.0,1.0,6.0,0.0
51-4034.00,"Lathe and Turning Machine Tool Setters, Operators, and Tenders, Metal and Plastic",realistic|conventional|investigative|artistic|enterprising|social,1.0,4.34,1.0,2.12,7.0,1.0,1.0,6.0,0.0
51-4035.00,"Milling and Planing Machine Setters, Operators, and Tenders, Metal and Plastic",realistic|conventional|investigative|artistic|enterprising|social,1.19,4.38,1.0,2.41,7.0,1.0,1.0,6.0,0.0
51-4041.00,Machinists,realistic|conventional|investigative|artistic|enterprising|social,1.95,4.4,1.21,3.7,7.0,1.16,1.0,6.0,2.0
51-4051.00,Metal-Refining Furnace Operators and Tenders,realistic|conventional|investigative|artistic|social|enterprising,1.05,3.97,1.0,2.75,6.88,1.01,1.0,6.0,0.0
51-4052.00,"Pourers and Casters, Metal",realistic|conventional|investigative|artistic|social|enterprising,1.14,3.76,1.0,2.45,7.0,1.05,1.0,6.0,0.0
51-4061.00,"Model Makers, Metal and Plastic",realistic|conventional|investigative|artistic|social|enterprising,2.66,4.03,1.0,2.91,6.86,1.05,1.0,6.0,0.0
51-4062.00,"Patternmakers, Metal and Plastic",realistic|conventional|artistic|investigative|enterprising|social,3.37,4.21,1.0,1.73,6.21,1.0,1.0,6.0,3.0
51-4071.00,Foundry Mold and Coremakers,realistic|conventional|investigative|artistic|social|enterprising,2.14,3.5,1.0,2.27,6.82,1.05,1.0,6.0,0.0
51-4072.00,"Molding, Coremaking, and Casting Machine Setters, Operators, and Tenders, Metal and Plastic",realistic|conventional|investigative|artistic|enterprising|social,1.35,4.28,1.08,2.28,6.97,1.08,1.0,6.0,0.0
51-4081.00,"Multiple Machine Tool Setters, Operators, and Tenders, Metal and Plastic",realistic|conventional|investigative|social|artistic|enterprising,1.0,4.59,1.0,2.27,7.0,1.08,1.0,6.0,0.0
51-4111.00,Tool and Die Makers,realistic|conventional|investigative|artistic|enterprising|social,1.9,4.19,1.0,2.98,6.94,1.0,1.0,6.0,0.0
51-4121.00,"Welders, Cutters, Solderers, and Brazers",realistic|conventional|investigative|enterprising|artistic|social,1.4,3.65,1.53,2.08,7.0,1.08,1.0,6.0,0.0
51-4122.00,"Welding, Soldering, and Brazing Machine Setters, Operators, and Tenders",realistic|conventional|investigative|enterprising|artistic|social,1.29,3.9,1.5,2.02,7.0,1.13,1.0,6.0,0.0
51-4191.00,"Heat Treating Equipment Setters, Operators, and Tenders, Metal and Plastic",realistic|conventional|investigative|social|artistic|enterprising,1.0,4.07,1.0,2.2,6.82,1.57,1.0,6.0,0.0
51-4192.00,"Layout Workers, Metal and Plastic",realistic|conventional|artistic|investigative|social|enterprising,2.88,3.89,1.0,2.83,6.48,1.02,1.0,6.0,0.0
51-4193.00,"Plating Machine Setters, Operators, and Tenders, Metal and Plastic",realistic|conventional|investigative|artistic|enterprising|social,1.41,4.1,1.0,2.23,7.0,1.0,1.0,6.0,0.0
51-4194.00,"Tool Grinders, Filers, and Sharpeners",realistic|conventional|investigative|artistic|enterprising|social,1.25,4.15,1.0,2.02,7.0,1.0,1.0,6.0,0.0
51-5111.00,Prepress Technicians and Workers,conventional|realistic|artistic|investigative|social|enterprising,3.1,5.76,1.35,1.96,5.01,1.65,6.0,1.0,0.0
51-5112.00,Printing Press Operators,conventional|realistic|enterprising|artistic|social|investigative,1.74,5.43,1.77,1.18,4.8,1.71,6.0,1.0,0.0
51-5113.00,Print Binding and Finishing Workers,conventional|realistic|artistic|social|enterprising|investigative,2.05,5.49,1.23,1.2,5.44,1.47,6.0,1.0,0.0
51-6011.00,Laundry and Dry-Cleaning Workers,realistic|conventional|enterprising|social|artistic|investigative,1.18,4.26,1.54,1.0,6.38,1.36,1.0,6.0,0.0
51-6021.00,"Pressers, Textile, Garment, and Related Materials",realistic|conventional|artistic|investigative|social|enterprising,2.31,3.5,1.0,1.46,6.38,1.15,1.0,6.0,0.0
51-6031.00,Sewing Machine Operators,realistic|conventional|artistic|investigative|social|enterprising,1.75,3.97,1.15,1.37,6.78,1.16,1.0,6.0,0.0
51-6041.00,Shoe and Leather Workers and Repairers,realistic|conventional|artistic|investigative|enterprising|social,3.13,3.19,1.53,1.63,6.94,1.32,1.0,6.0,3.0
51-6042.00,Shoe Machine Operators and Tenders,realistic|conventional|investigative|artistic|enterprising|social,1.67,3.88,1.54,1.77,6.71,1.3,1.0,6.0,0.0
51-6051.00,"Sewers, Hand",realistic|conventional|artistic|social|enterprising|investigative,2.39,3.25,1.15,1.0,6.48,1.56,1.0,6.0,0.0
51-6052.00,"Tailors, Dressmakers, and Custom Sewers",realistic|artistic|conventional|enterprising|social|investigative,3.96,3.13,2.44,1.16,5.88,1.99,1.0,3.0,0.0
51-6061.00,Textile Bleaching and Dyeing Machine Operators and Tenders,realistic|conventional|investigative|artistic|social|enterprising,1.27,4.18,1.21,2.07,6.77,1.27,1.0,6.0,0.0
51-6062.00,"Textile Cutting Machine Setters, Operators, and Tenders",realistic|conventional|enterprising|investigative|artistic|social,1.51,4.49,1.56,1.55,6.36,1.22,1.0,6.0,0.0
51-6063.00,"Textile Knitting and Weaving Machine Setters, Operators, and Tenders",realistic|conventional|investigative|artistic|enterprising|social,1.56,4.28,1.36,1.81,6.95,1.02,1.0,6.0,0.0
51-6064.00,"Textile Winding, Twisting, and Drawing Out Machine Setters, Operators, and Tenders",realistic|conventional|enterprising|investigative|artistic|social,1.33,4.32,1.53,1.48,6.5,1.0,1.0,6.0,0.0
51-6091.00,"Extruding and Forming Machine Setters, Operators, and Tenders, Synthetic and Glass Fibers",realistic|conventional|investigative|enterprising|artistic|social,1.27,4.05,1.41,2.21,6.5,1.22,1.0,6.0,0.0
51-6092.00,Fabric and Apparel Patternmakers,realistic|artistic|conventional|enterprising|investigative|social,5.4,4.17,1.45,1.34,5.65,1.31,1.0,3.0,6.0
51-6093.00,Upholsterers,realistic|artistic|conventional|investigative|social|enterprising,2.92,2.92,1.0,1.84,6.81,1.38,1.0,3.0,6.0
51-7011.00,Cabinetmakers and Bench Carpenters,realistic|conventional|artistic|investigative|enterprising|social,2.5,3.38,1.23,2.05,7.0,1.11,1.0,6.0,0.0
51-7021.00,Furniture Finishers,realistic|artistic|conventional|investigative|social|enterprising,2.93,2.87,1.0,1.45,7.0,1.25,1.0,3.0,6.0
51-7031.00,"Model Makers, Wood",realistic|conventional|artistic|investigative|enterprising|social,3.79,3.99,1.59,2.57,7.0,1.38,1.0,6.0,3.0
51-7032.00,"Patternmakers, Wood",realistic|artistic|conventional|investigative|social|enterprising,4.06,4.04,1.26,2.06,6.58,1.29,1.0,3.0,6.0
51-7041.00,"Sawing Machine Setters, Operators, and Tenders, Wood",realistic|conventional|investigative|social|artistic|enterprising,1.0,3.87,1.0,2.36,7.0,1.16,1.0,6.0,0.0
51-7042.00,"Woodworking Machine Setters, Operators, and Tenders, Except Sawing",realistic|conventional|investigative|social|artistic|enterprising,1.13,4.14,1.02,2.38,7.0,1.2,1.0,6.0,0.0
51-8011.00,Nuclear Power Reactor Operators,realistic|conventional|investigative|enterprising|social|artistic,1.0,5.14,2.6,3.12,5.4,2.07,1.0,6.0,0.0
51-8012.00,Power Distributors and Dispatchers,realistic|conventional|enterprising|investigative|social|artistic,1.0,5.11,3.09,2.43,5.2,1.98,1.0,6.0,0.0
51-8013.00,Power Plant Operators,realistic|conventional|investigative|enterprising|social|artistic,1.0,5.11,1.94,2.84,6.84,1.25,1.0,6.0,0.0
51-8013.03,Biomass Plant Technicians,realistic|conventional|investigative|enterprising|social|artistic,1.0,4.82,1.75,3.12,6.97,1.22,1.0,6.0,0.0
51-8013.04,Hydroelectric Plant Technicians,realistic|conventional|investigative|enterprising|social|artistic,1.0,4.68,1.77,3.28,7.0,1.21,1.0,6.0,2.0
51-8021.00,Stationary Engineers and Boiler Operators,realistic|conventional|investigative|enterprising|social|artistic,1.0,4.4,1.22,3.16,7.0,1.1,1.0,6.0,2.0
51-8031.00,Water and Wastewater Treatment Plant and System Operators,realistic|conventional|investigative|enterprising|social|artistic,1.0,4.6,1.62,2.55,6.75,1.57,1.0,6.0,0.0
51-8091.00,Chemical Plant and System Operators,realistic|conventional|investigative|enterprising|social|artistic,1.0,5.16,1.6,3.18,6.22,1.22,1.0,6.0,2.0
51-8092.00,Gas Plant Operators,realistic|conventional|investigative|enterprising|social|artistic,1.0,5.19,2.28,2.58,6.65,1.46,1.0,6.0,0.0
51-8093.00,"Petroleum Pump System Operators, Refinery Operators, and Gaugers",realistic|conventional|investigative|enterprising|social|artistic,1.0,5.06,2.24,2.44,6.17,1.33,1.0,6.0,0.0
51-8099.01,Biofuels Processing Technicians,realistic|conventional|investigative|enterprising|artistic|social,1.0,5.33,2.13,3.28,5.87,1.0,1.0,6.0,2.0
51-9011.00,Chemical Equipment Operators and Tenders,realistic|conventional|investigative|enterprising|social|artistic,1.0,4.56,1.27,3.16,6.57,1.12,1.0,6.0,2.0
51-9012.00,"Separating, Filtering, Clarifying, Precipitating, and Still Machine Setters, Operators, and Tenders",realistic|conventional|investigative|social|enterprising|artistic,1.0,4.47,1.09,2.29,6.27,1.1,1.0,6.0,0.0
51-9021.00,"Crushing, Grinding, and Polishing Machine Setters, Operators, and Tenders",realistic|conventional|investigative|enterprising|artistic|social,1.0,4.59,1.41,2.12,6.84,1.0,1.0,6.0,0.0
51-9022.00,"Grinding and Polishing Workers, Hand",realistic|conventional|artistic|investigative|social|enterprising,2.0,3.25,1.0,1.51,7.0,1.07,1.0,6.0,0.0
51-9023.00,"Mixing and Blending Machine Setters, Operators, and Tenders",realistic|conventional|investigative|enterprising|artistic|social,1.13,4.24,1.16,1.94,6.56,1.09,1.0,6.0,0.0
51-9031.00,"Cutters and Trimmers, Hand",realistic|conventional|artistic|investigative|social|enterprising,2.2,3.75,1.0,1.22,6.24,1.13,1.0,6.0,0.0
51-9032.00,"Cutting and Slicing Machine Setters, Operators, and Tenders",realistic|conventional|investigative|enterprising|artistic|social,1.02,4.45,1.2,1.61,6.71,1.0,1.0,6.0,0.0
51-9041.00,"Extruding, Forming, Pressing, and Compacting Machine Setters, Operators, and Tenders",realistic|conventional|investigative|artistic|enterprising|social,1.28,4.3,1.25,2.23,6.54,1.04,1.0,6.0,0.0
51-9051.00,"Furnace, Kiln, Oven, Drier, and Kettle Operators and Tenders",realistic|conventional|investigative|social|enterprising|artistic,1.0,4.38,1.21,2.08,6.83,1.29,1.0,6.0,0.0
51-9061.00,"Inspectors, Testers, Sorters, Samplers, and Weighers",realistic|conventional|investigative|enterprising|artistic|social,1.0,5.36,1.38,3.42,5.73,1.0,1.0,6.0,2.0
51-9071.00,Jewelers and Precious Stone and Metal Workers,realistic|artistic|conventional|investigative|enterprising|social,3.7,3.35,1.51,2.6,6.59,1.03,1.0,3.0,6.0
51-9071.06,Gem and Diamond Workers,realistic|conventional|investigative|artistic|enterprising|social,2.88,4.11,2.14,3.09,5.46,1.15,1.0,6.0,0.0
51-9081.00,Dental Laboratory Technicians,realistic|investigative|conventional|social|artistic|enterprising,1.52,4.12,1.0,4.46,6.61,2.67,1.0,2.0,6.0
51-9082.00,Medical Appliance Technicians,realistic|investigative|conventional|social|artistic|enterprising,1.58,3.66,1.0,3.96,7.0,3.2,1.0,2.0,6.0
51-9083.00,Ophthalmic Laboratory Technicians,realistic|conventional|investigative|social|artistic|enterprising,1.7,4.13,1.37,2.87,6.37,1.9,1.0,6.0,0.0
51-9111.00,Packaging and Filling Machine Operators and Tenders,realistic|conventional|enterprising|investigative|social|artistic,1.0,4.91,1.84,1.37,6.63,1.02,1.0,6.0,0.0
51-9123.00,"Painting, Coating, and Decorating Workers",realistic|artistic|conventional|social|investigative|enterprising,3.42,3.4,1.0,1.34,6.93,1.57,1.0,3.0,6.0
51-9124.00,"Coating, Painting, and Spraying Machine Setters, Operators, and Tenders",realistic|conventional|artistic|investigative|social|enterprising,2.11,3.64,1.05,1.49,6.98,1.23,1.0,6.0,0.0
51-9141.00,Semiconductor Processing Technicians,realistic|conventional|investigative|enterprising|social|artistic,1.0,5.15,1.46,3.07,6.4,1.11,1.0,6.0,0.0
51-9151.00,Photographic Process Workers and Processing Machine Operators,realistic|conventional|artistic|investigative|enterprising|social,2.92,5.19,1.11,2.13,5.49,1.11,1.0,6.0,0.0
51-9161.00,Computer Numerically Controlled Tool Operators,realistic|conventional|investigative|enterprising|artistic|social,1.19,5.39,1.37,2.88,6.44,1.0,1.0,6.0,0.0
51-9162.00,Computer Numerically Controlled Tool Programmers,conventional|realistic|investigative|enterprising|artistic|social,1.53,5.92,1.68,3.62,4.88,1.45,6.0,1.0,2.0
51-9191.00,Adhesive Bonding Machine Operators and Tenders,realistic|conventional|investigative|enterprising|artistic|social,1.08,4.39,1.11,2.06,6.49,1.0,1.0,6.0,0.0
51-9192.00,"Cleaning, Washing, and Metal Pickling Equipment Operators and Tenders",realistic|conventional|investigative|artistic|enterprising|social,1.0,4.41,1.0,1.68,7.0,1.0,1.0,6.0,0.0
51-9193.00,Cooling and Freezing Equipment Operators and Tenders,realistic|conventional|investigative|social|enterprising|artistic,1.0,4.29,1.12,2.32,6.99,1.41,1.0,6.0,0.0
51-9194.00,Etchers and Engravers,realistic|artistic|conventional|investigative|social|enterprising,3.75,3.44,1.0,2.45,6.52,1.38,1.0,3.0,6.0
51-9195.00,"Molders, Shapers, and Casters, Except Metal and Plastic",realistic|conventional|investigative|artistic|social|enterprising,2.14,4.29,1.0,2.25,6.64,1.01,1.0,6.0,0.0
51-9195.03,"Stone Cutters and Carvers, Manufacturing",realistic|artistic|conventional|investigative|social|enterprising,3.83,3.75,1.0,1.88,7.0,1.23,1.0,3.0,6.0
51-9195.04,"Glass Blowers, Molders, Benders, and Finishers",realistic|conventional|investigative|enterprising|artistic|social,1.46,5.12,1.48,2.5,6.79,1.0,1.0,6.0,0.0
51-9195.05,"Potters, Manufacturing",realistic|conventional|artistic|investigative|enterprising|social,2.16,3.69,1.19,1.64,6.92,1.0,1.0,6.0,0.0
51-9196.00,"Paper Goods Machine Setters, Operators, and Tenders",realistic|conventional|investigative|enterprising|artistic|social,1.26,4.55,1.45,1.72,6.53,1.0,1.0,6.0,0.0
51-9197.00,Tire Builders,realistic|conventional|investigative|social|artistic|enterprising,1.0,3.78,1.0,2.28,7.0,1.09,1.0,6.0,0.0
51-9198.00,Helpers--Production Workers,realistic|conventional|enterprising|social|investigative|artistic,1.14,4.4,1.89,1.3,6.54,1.67,1.0,6.0,0.0
53-1041.00,Aircraft Cargo Handling Supervisors,enterprising|conventional|realistic|social|investigative|artistic,1.0,4.79,5.37,2.19,4.6,2.47,5.0,6.0,1.0
53-1042.00,"First-Line Supervisors of Helpers, Laborers, and Material Movers, Hand",enterprising|conventional|social|realistic|investigative|artistic,1.11,4.88,6.16,1.13,3.38,3.73,5.0,6.0,4.0
53-1042.01,Recycling Coordinators,enterprising|conventional|realistic|social|investigative|artistic,1.0,4.57,4.77,2.25,4.0,3.37,5.0,6.0,1.0
53-1043.00,First-Line Supervisors of Material-Moving Machine and Vehicle Operators,enterprising|conventional|realistic|social|investigative|artistic,1.0,4.79,5.2,1.83,4.76,2.56,5.0,6.0,1.0
53-1044.00,First-Line Supervisors of Passenger Attendants,enterprising|conventional|social|realistic|investigative|artistic,1.0,5.23,6.52,1.05,2.6,4.08,5.0,6.0,4.0
53-2011.00,"Airline Pilots, Copilots, and Flight Engineers",realistic|conventional|enterprising|investigative|social|artistic,1.44,4.7,3.81,3.15,4.74,2.5,1.0,6.0,5.0
53-2012.00,Commercial Pilots,conventional|realistic|enterprising|social|investigative|artistic,1.1,4.82,3.92,2.55,4.79,2.57,6.0,1.0,5.0
53-2021.00,Air Traffic Controllers,conventional|realistic|enterprising|social|investigative|artistic,1.0,4.99,4.29,2.45,4.55,2.68,6.0,1.0,5.0
53-2022.00,Airfield Operations Specialists,conventional|realistic|enterprising|investigative|social|artistic,1.0,4.93,4.47,3.54,4.63,2.49,6.0,1.0,5.0
53-2031.00,Flight Attendants,conventional|social|realistic|enterprising|investigative|artistic,1.27,4.41,3.63,2.04,4.04,4.19,6.0,4.0,1.0
53-3011.00,"Ambulance Drivers and Attendants, Except Emergency Medical Technicians",realistic|social|conventional|investigative|enterprising|artistic,1.0,3.57,1.53,2.45,6.45,4.73,1.0,4.0,6.0
53-3031.00,Driver/Sales Workers,realistic|conventional|enterprising|social|artistic|investigative,1.0,4.67,3.67,1.0,5.34,2.43,1.0,6.0,5.0
53-3032.00,Heavy and Tractor-Trailer Truck Drivers,realistic|conventional|investigative|social|enterprising|artistic,1.0,4.1,1.3,1.92,7.0,1.33,1.0,6.0,0.0
53-3033.00,Light Truck Drivers,realistic|conventional|enterprising|investigative|social|artistic,1.02,4.42,2.1,1.54,6.88,1.36,1.0,6.0,0.0
53-3051.00,"Bus Drivers, School",realistic|conventional|social|enterprising|investigative|artistic,1.21,4.7,2.18,1.61,5.5,4.45,1.0,6.0,4.0
53-3052.00,"Bus Drivers, Transit and Intercity",realistic|conventional|social|enterprising|artistic|investigative,1.0,4.7,2.81,1.0,5.95,3.6,1.0,6.0,4.0
53-3053.00,Shuttle Drivers and Chauffeurs,realistic|conventional|social|enterprising|artistic|investigative,1.0,4.16,2.12,1.0,6.5,3.04,1.0,6.0,4.0
53-3054.00,Taxi Drivers,realistic|conventional|social|enterprising|investigative|artistic,1.0,4.8,2.49,1.1,5.73,2.8,1.0,6.0,0.0
53-4011.00,Locomotive Engineers,realistic|conventional|investigative|enterprising|social|artistic,1.0,4.65,1.89,3.49,7.0,1.85,1.0,6.0,2.0
53-4013.00,"Rail Yard Engineers, Dinkey Operators, and Hostlers",realistic|conventional|enterprising|investigative|social|artistic,1.0,4.3,2.07,2.02,6.78,1.76,1.0,6.0,0.0
53-4022.00,"Railroad Brake, Signal, and Switch Operators and Locomotive Firers",realistic|conventional|investigative|enterprising|social|artistic,1.0,4.25,1.43,2.07,7.0,1.22,1.0,6.0,0.0
53-4031.00,Railroad Conductors and Yardmasters,realistic|conventional|enterprising|investigative|social|artistic,1.0,4.87,3.77,1.97,5.8,1.85,1.0,6.0,5.0
53-4041.00,Subway and Streetcar Operators,realistic|conventional|social|enterprising|investigative|artistic,1.0,4.26,2.28,1.37,5.91,2.8,1.0,6.0,0.0
53-5011.00,Sailors and Marine Oilers,realistic|conventional|investigative|enterprising|social|artistic,1.0,3.96,2.41,2.62,6.97,1.24,1.0,6.0,0.0
53-5021.00,"Captains, Mates, and Pilots of Water Vessels",realistic|conventional|enterprising|investigative|social|artistic,1.0,4.56,4.22,2.64,5.61,1.88,1.0,6.0,5.0
53-5022.00,Motorboat Operators,realistic|conventional|enterprising|investigative|social|artistic,1.12,3.66,3.19,2.22,6.54,1.99,1.0,6.0,5.0
53-5031.00,Ship Engineers,realistic|conventional|enterprising|investigative|social|artistic,1.0,4.91,3.73,3.54,6.44,1.76,1.0,6.0,5.0
53-6011.00,Bridge and Lock Tenders,realistic|conventional|enterprising|investigative|social|artistic,1.0,4.37,2.58,2.4,6.15,1.79,1.0,6.0,0.0
53-6021.00,Parking Attendants,realistic|conventional|enterprising|social|artistic|investigative,1.15,5.07,3.12,1.0,5.64,3.03,1.0,6.0,0.0
53-6031.00,Automotive and Watercraft Service Attendants,realistic|conventional|enterprising|social|investigative|artistic,1.0,4.37,2.15,1.32,6.4,1.97,1.0,6.0,0.0
53-6032.00,Aircraft Service Attendants,realistic|conventional|enterprising|social|investigative|artistic,1.0,4.16,2.1,1.83,6.11,1.87,1.0,6.0,0.0
53-6041.00,Traffic Technicians,realistic|conventional|investigative|enterprising|social|artistic,1.4,4.47,1.96,4.38,4.87,1.93,1.0,6.0,2.0
53-6051.00,Transportation Inspectors,conventional|realistic|investigative|enterprising|social|artistic,1.0,6.17,2.64,2.91,5.69,1.56,6.0,1.0,0.0
53-6051.01,Aviation Inspectors,conventional|realistic|investigative|enterprising|social|artistic,1.0,5.73,2.56,4.09,5.57,1.42,6.0,1.0,2.0
53-6051.07,"Transportation Vehicle, Equipment and Systems Inspectors, Except Aviation",realistic|conventional|investigative|enterprising|artistic|social,1.0,5.14,1.35,3.72,7.0,1.0,1.0,6.0,2.0
53-6061.00,Passenger Attendants,conventional|social|realistic|enterprising|investigative|artistic,1.0,4.45,3.08,1.15,3.76,4.35,6.0,4.0,1.0
53-7011.00,Conveyor Operators and Tenders,realistic|conventional|enterprising|investigative|social|artistic,1.0,4.95,2.58,1.36,6.13,1.21,1.0,6.0,0.0
53-7021.00,Crane and Tower Operators,realistic|conventional|investigative|enterprising|social|artistic,1.0,3.94,1.3,2.22,7.0,1.19,1.0,6.0,0.0
53-7031.00,Dredge Operators,realistic|conventional|investigative|enterprising|social|artistic,1.0,3.48,2.33,2.99,6.63,1.36,1.0,6.0,0.0
53-7041.00,Hoist and Winch Operators,realistic|conventional|investigative|enterprising|social|artistic,1.07,3.33,1.45,1.55,6.89,1.45,1.0,6.0,0.0
53-7051.00,Industrial Truck and Tractor Operators,realistic|conventional|investigative|enterprising|social|artistic,1.0,3.71,1.23,1.78,7.0,1.11,1.0,6.0,0.0
53-7061.00,Cleaners of Vehicles and Equipment,realistic|conventional|investigative|social|artistic|enterprising,1.0,4.04,1.0,1.15,7.0,1.04,1.0,6.0,0.0
53-7062.00,"Laborers and Freight, Stock, and Material Movers, Hand",realistic|conventional|enterprising|social|investigative|artistic,1.0,4.94,2.04,1.12,6.04,1.47,1.0,6.0,0.0
53-7062.04,Recycling and Reclamation Workers,realistic|conventional|investigative|enterprising|social|artistic,1.0,4.39,1.59,2.04,6.28,1.28,1.0,6.0,0.0
53-7063.00,Machine Feeders and Offbearers,realistic|conventional|investigative|artistic|enterprising|social,1.0,4.49,1.0,2.07,6.96,1.0,1.0,6.0,0.0
53-7064.00,"Packers and Packagers, Hand",realistic|conventional|enterprising|artistic|social|investigative,1.5,5.41,2.27,1.34,5.59,1.39,1.0,6.0,0.0
53-7065.00,Stockers and Order Fillers,conventional|realistic|enterprising|social|artistic|investigative,1.0,6.25,3.29,1.0,4.79,1.88,6.0,1.0,5.0
53-7071.00,Gas Compressor and Gas Pumping Station Operators,realistic|conventional|investigative|social|enterprising|artistic,1.0,4.83,1.49,2.3,6.27,1.51,1.0,6.0,0.0
53-7072.00,"Pump Operators, Except Wellhead Pumpers",realistic|conventional|investigative|enterprising|social|artistic,1.0,4.5,1.46,2.27,6.68,1.28,1.0,6.0,0.0
53-7073.00,Wellhead Pumpers,realistic|conventional|investigative|enterprising|social|artistic,1.0,4.29,1.77,2.26,6.92,1.11,1.0,6.0,0.0
53-7081.00,Refuse and Recyclable Material Collectors,realistic|conventional|investigative|enterprising|social|artistic,1.0,4.53,1.36,1.83,7.0,1.29,1.0,6.0,0.0
53-7121.00,"Tank Car, Truck, and Ship Loaders",realistic|conventional|investigative|enterprising|artistic|social,1.0,4.77,1.3,1.98,6.96,1.0,1.0,6.0,0.0
