O*NET-SOC Code,Title,transferable_skills_importance_complex_problem_solving_value,transferable_skills_importance_coordination_value,transferable_skills_importance_equipment_maintenance_value,transferable_skills_importance_equipment_selection_value,transferable_skills_importance_installation_value,transferable_skills_importance_instructing_value,transferable_skills_importance_judgment_and_decision_making_value,transferable_skills_importance_management_of_financial_resources_value,transferable_skills_importance_management_of_material_resources_value,transferable_skills_importance_management_of_personnel_resources_value,transferable_skills_importance_negotiation_value,transferable_skills_importance_operation_and_control_value,transferable_skills_importance_operations_analysis_value,transferable_skills_importance_operations_monitoring_value,transferable_skills_importance_persuasion_value,transferable_skills_importance_programming_value,transferable_skills_importance_quality_control_analysis_value,transferable_skills_importance_repairing_value,transferable_skills_importance_service_orientation_value,transferable_skills_importance_social_perceptiveness_value,transferable_skills_importance_systems_analysis_value,transferable_skills_importance_systems_evaluation_value,transferable_skills_importance_technology_design_value,transferable_skills_importance_time_management_value,transferable_skills_importance_troubleshooting_value,transferable_skills_level_complex_problem_solving_value,transferable_skills_level_coordination_value,transferable_skills_level_equipment_maintenance_value,transferable_skills_level_equipment_selection_value,transferable_skills_level_installation_value,transferable_skills_level_instructing_value,transferable_skills_level_judgment_and_decision_making_value,transferable_skills_level_management_of_financial_resources_value,transferable_skills_level_management_of_material_resources_value,transferable_skills_level_management_of_personnel_resources_value,transferable_skills_level_negotiation_value,transferable_skills_level_operation_and_control_value,transferable_skills_level_operations_analysis_value,transferable_skills_level_operations_monitoring_value,transferable_skills_level_persuasion_value,transferable_skills_level_programming_value,transferable_skills_level_quality_control_analysis_value,transferable_skills_level_repairing_value,transferable_skills_level_service_orientation_value,transferable_skills_level_social_perceptiveness_value,transferable_skills_level_systems_analysis_value,transferable_skills_level_systems_evaluation_value,transferable_skills_level_technology_design_value,transferable_skills_level_time_management_value,transferable_skills_level_troubleshooting_value,transferable_skills_ranked
11-1011.00,Chief Executives,4.38,4.25,1.0,1.12,1.0,3.38,4.75,4.25,4.0,4.25,4.12,1.88,3.12,2.0,4.0,1.75,1.88,1.0,3.12,4.12,4.12,4.25,1.75,4.0,1.5,4.88,4.88,0.0,0.25,0.0,3.88,5.38,5.25,4.75,5.25,4.75,1.38,3.88,1.5,4.75,1.0,1.12,0.0,3.38,4.25,5.12,5.0,0.88,4.75,0.5,judgment_and_decision_making|complex_problem_solving|coordination|systems_evaluation|management_of_financial_resources
11-1011.03,Chief Sustainability Officers,4.0,3.75,1.0,1.12,1.0,3.25,3.88,2.88,2.25,3.12,3.12,2.0,2.88,2.0,3.88,1.88,1.88,1.0,3.25,3.88,3.88,3.88,1.88,3.38,1.0,4.12,3.88,0.0,0.25,0.0,3.38,4.0,3.12,2.62,4.0,3.25,1.0,3.12,1.88,4.0,1.12,1.5,0.0,3.25,3.88,4.0,4.0,1.12,3.88,0.0,complex_problem_solving|social_perceptiveness|persuasion|judgment_and_decision_making|systems_analysis
11-1021.00,General and Operations Managers,3.62,3.88,1.0,1.0,1.0,3.0,3.62,3.0,3.12,3.75,3.5,1.88,2.5,2.25,3.62,1.5,2.38,1.0,3.25,3.75,3.12,3.12,1.5,3.62,1.75,3.88,4.0,0.0,0.0,0.0,3.25,3.88,3.38,3.25,4.0,3.62,1.75,2.38,2.12,3.75,0.62,2.12,0.0,3.12,4.0,3.12,3.25,0.62,3.88,1.0,coordination|social_perceptiveness|management_of_personnel_resources|persuasion|complex_problem_solving
11-2011.00,Advertising and Promotions Managers,3.75,3.75,1.0,1.0,1.0,3.0,3.88,2.75,2.75,3.25,3.38,1.0,2.88,1.75,3.38,1.62,1.88,1.0,3.0,3.88,3.38,3.38,1.62,3.62,1.25,3.88,4.25,0.0,0.0,0.0,3.0,4.0,3.62,3.0,3.88,4.0,0.0,2.88,0.75,4.12,0.75,1.25,0.0,3.25,4.0,3.38,3.75,0.75,3.62,0.25,social_perceptiveness|judgment_and_decision_making|coordination|complex_problem_solving|time_management
11-2021.00,Marketing Managers,3.88,3.75,1.0,1.0,1.0,3.0,3.88,2.88,2.88,3.25,3.75,1.0,3.12,1.88,3.88,1.75,1.88,1.0,3.0,3.75,3.25,3.88,1.88,3.75,1.0,4.0,4.12,0.0,0.0,0.0,3.5,4.0,3.5,2.88,4.0,3.88,0.0,3.62,0.88,4.25,0.88,1.0,0.0,3.12,4.0,3.75,3.75,1.0,3.75,0.0,persuasion|complex_problem_solving|judgment_and_decision_making|systems_evaluation|social_perceptiveness
11-2022.00,Sales Managers,3.75,3.75,1.0,1.0,1.0,3.75,3.88,3.0,2.75,3.88,4.0,1.75,2.62,1.75,3.88,1.62,1.75,1.0,3.62,3.88,3.62,3.62,1.5,3.75,1.0,3.88,4.0,0.0,0.0,0.0,3.88,4.0,3.62,3.12,4.0,4.0,0.75,2.62,1.5,4.0,0.75,1.0,0.0,3.88,4.0,3.88,3.88,0.5,4.0,0.0,negotiation|social_perceptiveness|persuasion|judgment_and_decision_making|management_of_personnel_resources
11-2032.00,Public Relations Managers,3.88,3.75,1.0,1.0,1.0,3.12,3.62,2.75,2.5,3.0,3.5,1.75,2.0,1.75,3.88,1.75,1.38,1.0,3.62,4.0,3.12,3.25,1.75,3.62,1.0,3.88,3.75,0.0,0.0,0.0,3.12,3.88,2.88,2.62,3.12,3.25,1.12,1.62,1.25,4.0,1.0,0.5,0.0,3.5,3.88,3.38,3.62,1.25,3.62,0.0,social_perceptiveness|persuasion|complex_problem_solving|coordination|service_orientation
11-2033.00,Fundraising Managers,3.62,3.75,1.0,1.0,1.0,2.62,3.75,3.25,2.62,3.12,3.38,1.12,2.0,1.75,4.0,1.88,1.25,1.0,3.38,4.0,3.12,3.0,1.75,3.5,1.0,3.75,3.75,0.0,0.0,0.0,2.38,3.88,3.62,2.38,3.0,3.62,0.25,1.88,1.0,3.5,1.0,0.38,0.0,3.5,4.12,2.75,3.25,0.88,3.38,0.0,social_perceptiveness|persuasion|coordination|judgment_and_decision_making|complex_problem_solving
11-3012.00,Administrative Services Managers,3.25,3.75,1.0,1.12,1.0,3.0,3.25,2.88,2.88,3.38,3.62,1.62,2.75,2.25,3.0,1.38,2.25,1.0,3.25,3.25,3.12,2.75,1.5,4.0,1.88,3.12,3.62,0.0,0.25,0.0,3.25,3.12,2.88,2.88,3.75,3.25,1.0,2.5,2.25,3.12,0.62,2.12,0.0,3.25,3.75,3.12,3.12,0.75,4.0,1.25,time_management|coordination|negotiation|management_of_personnel_resources|social_perceptiveness
11-3013.00,Facilities Managers,3.38,3.62,2.38,2.25,1.12,3.25,3.5,2.5,2.75,3.5,3.0,2.25,1.88,2.88,3.12,1.62,2.88,2.25,3.0,3.62,3.0,3.0,1.62,3.38,2.62,3.38,3.75,2.25,1.88,0.12,3.25,3.38,3.25,3.0,3.62,3.5,2.25,1.38,2.5,3.38,1.12,2.88,1.88,2.88,3.62,3.12,3.25,0.88,3.75,2.25,social_perceptiveness|coordination|judgment_and_decision_making|management_of_personnel_resources|complex_problem_solving
11-3013.01,Security Managers,4.0,3.88,1.75,2.0,1.0,3.38,4.12,3.62,3.25,3.75,3.38,2.0,2.25,2.25,3.38,1.62,2.5,1.75,3.38,4.0,3.25,3.38,1.62,3.5,2.0,4.0,4.12,0.88,1.5,0.0,3.12,3.75,3.62,3.12,3.75,3.12,2.12,2.0,1.75,3.5,0.88,2.38,1.0,3.25,3.75,3.12,3.25,0.75,3.75,1.5,judgment_and_decision_making|social_perceptiveness|complex_problem_solving|coordination|management_of_personnel_resources
11-3021.00,Computer and Information Systems Managers,3.75,3.75,1.38,1.88,1.0,3.12,3.88,3.0,2.75,3.62,3.0,2.0,3.12,2.88,3.12,2.75,2.75,1.5,2.88,3.62,3.62,3.62,2.5,3.38,2.5,3.88,3.88,0.62,2.0,0.0,3.88,3.75,3.38,3.12,3.75,3.25,1.62,3.38,2.88,3.5,2.62,3.0,0.75,3.12,3.75,3.5,3.88,2.0,3.75,2.5,judgment_and_decision_making|coordination|complex_problem_solving|social_perceptiveness|systems_analysis
11-3031.00,Financial Managers,3.62,3.62,1.0,1.25,1.0,2.88,3.62,3.12,2.38,3.62,3.12,1.12,1.75,1.88,3.38,1.88,1.88,1.0,3.62,3.62,3.0,3.0,1.62,3.62,1.25,3.88,3.75,0.0,0.38,0.0,3.38,3.88,3.62,2.12,4.0,3.75,0.12,1.12,1.38,3.75,1.62,1.5,0.0,3.62,3.75,3.25,3.25,0.88,3.75,0.38,social_perceptiveness|coordination|service_orientation|complex_problem_solving|judgment_and_decision_making
11-3031.01,Treasurers and Controllers,4.25,3.38,1.0,1.0,1.0,2.88,4.12,4.12,2.5,3.12,3.0,1.0,2.75,1.38,3.0,1.38,1.5,1.0,2.62,3.12,3.62,3.88,1.5,3.5,1.0,4.5,3.88,0.0,0.0,0.0,3.0,4.88,5.25,2.75,3.75,3.25,0.0,3.12,0.38,3.75,0.38,0.75,0.0,2.75,3.62,4.38,4.25,0.62,3.75,0.0,complex_problem_solving|judgment_and_decision_making|management_of_financial_resources|systems_evaluation|systems_analysis
11-3031.03,Investment Fund Managers,3.75,3.12,1.0,1.0,1.0,3.0,3.88,2.75,2.25,2.88,3.0,1.0,2.0,1.88,3.12,1.75,1.5,1.0,2.88,3.0,3.38,3.25,1.88,3.25,1.0,3.88,3.12,0.0,0.0,0.0,2.88,4.25,3.0,2.12,3.38,3.5,0.0,1.62,1.5,3.5,1.12,0.75,0.0,3.0,3.38,3.75,3.75,1.38,3.88,0.0,judgment_and_decision_making|complex_problem_solving|systems_analysis|systems_evaluation|time_management
11-3051.00,Industrial Production Managers,3.62,4.0,2.0,2.12,1.0,3.12,4.0,3.38,3.25,3.88,3.25,2.75,2.88,3.12,3.12,1.62,3.12,2.12,3.0,3.5,3.75,3.38,1.62,3.88,2.25,3.88,4.0,1.38,2.0,0.0,3.62,4.38,4.0,4.0,4.25,3.75,3.12,2.88,3.5,3.62,0.75,3.88,1.62,3.12,3.88,3.88,3.75,1.12,4.12,2.25,coordination|judgment_and_decision_making|time_management|management_of_personnel_resources|systems_analysis
11-3051.01,Quality Control Systems Managers,3.75,3.75,1.88,2.0,1.0,3.25,4.0,2.75,2.75,3.25,3.0,2.88,2.75,3.25,3.25,1.88,4.0,1.75,3.0,3.25,3.62,3.75,2.12,3.5,2.75,4.12,3.88,1.5,1.38,0.0,3.62,4.12,3.0,2.75,3.5,3.12,3.0,3.0,3.5,3.5,1.25,4.12,1.12,3.25,3.75,3.88,4.0,1.62,3.75,2.75,quality_control_analysis|judgment_and_decision_making|coordination|complex_problem_solving|systems_evaluation
11-3051.02,Geothermal Production Managers,3.62,3.75,2.5,2.25,1.0,3.25,3.75,3.25,3.12,3.62,3.0,2.88,2.0,3.25,3.0,1.88,3.12,2.75,2.88,3.5,3.25,3.25,2.0,3.62,2.88,3.62,3.62,2.75,2.62,0.0,3.5,3.62,3.75,3.25,3.88,3.38,2.88,2.38,3.5,3.38,1.25,2.88,3.0,3.0,3.62,3.62,3.75,1.88,3.88,3.12,coordination|judgment_and_decision_making|complex_problem_solving|time_management|management_of_personnel_resources
11-3051.03,Biofuels Production Managers,3.38,3.62,1.5,1.25,1.0,3.25,3.5,3.0,2.75,3.88,3.0,3.12,2.12,3.0,3.12,2.12,2.62,1.12,3.25,3.38,3.25,3.0,1.88,3.5,2.25,3.75,4.0,0.75,0.38,0.0,3.62,3.88,3.12,3.0,3.62,3.25,3.38,2.0,3.5,3.38,1.62,3.12,0.12,3.25,3.75,3.5,3.38,1.5,3.75,2.0,management_of_personnel_resources|coordination|judgment_and_decision_making|time_management|social_perceptiveness
11-3051.04,Biomass Power Plant Managers,3.75,3.75,2.38,2.12,1.0,3.25,3.75,3.12,3.12,3.75,2.88,3.0,2.12,3.38,3.0,1.62,3.12,2.25,2.75,3.25,3.12,3.12,1.62,3.62,3.0,3.75,4.0,2.75,2.0,0.0,3.5,3.88,3.62,3.62,4.12,2.88,3.0,2.12,3.88,3.25,0.88,3.25,2.75,2.75,3.62,3.75,3.75,0.75,3.75,3.0,coordination|complex_problem_solving|judgment_and_decision_making|management_of_personnel_resources|time_management
11-3051.06,Hydroelectric Production Managers,3.62,3.5,2.75,2.12,1.25,3.38,3.88,3.0,3.0,3.75,3.25,3.25,2.12,3.38,3.38,2.12,3.25,2.38,3.38,3.25,3.38,3.38,1.88,3.75,2.75,3.75,3.75,2.62,1.88,0.38,3.88,3.88,3.38,3.38,3.75,3.62,3.25,2.0,3.62,3.5,1.38,3.38,2.75,3.38,3.62,3.38,3.5,1.38,3.75,3.0,judgment_and_decision_making|time_management|management_of_personnel_resources|complex_problem_solving|coordination
11-3061.00,Purchasing Managers,3.5,3.75,1.0,1.0,1.0,3.38,3.75,3.25,3.25,4.0,3.88,1.0,2.62,2.0,3.62,1.88,2.12,1.0,3.5,3.88,3.5,3.12,1.88,3.88,2.0,3.25,3.88,0.0,0.0,0.0,3.88,3.75,3.62,3.88,4.0,4.0,0.0,2.75,1.88,4.12,1.25,1.75,0.0,3.88,4.0,3.88,3.75,1.38,4.0,1.12,management_of_personnel_resources|social_perceptiveness|negotiation|time_management|coordination
11-3071.00,"Transportation, Storage, and Distribution Managers",3.62,3.75,1.12,1.12,1.12,3.62,3.5,2.88,3.0,3.38,3.62,1.88,2.12,2.62,3.5,1.75,2.5,1.0,3.25,3.25,3.62,3.5,1.75,3.62,1.88,3.62,3.88,0.12,0.12,0.12,3.38,3.5,3.12,3.0,3.38,3.62,1.62,1.88,2.5,3.62,1.12,2.25,0.0,3.12,3.38,3.5,3.5,1.12,3.75,1.12,coordination|negotiation|instructing|complex_problem_solving|systems_analysis
11-3071.04,Supply Chain Managers,3.88,4.0,1.0,1.0,1.0,3.12,4.0,2.88,3.75,3.25,3.75,1.0,2.5,2.25,3.62,1.62,2.0,1.0,3.12,3.75,3.75,3.88,2.12,4.0,1.62,4.0,4.0,0.0,0.0,0.0,3.25,4.0,3.0,3.75,3.88,3.75,0.0,2.38,1.88,3.62,0.88,1.62,0.0,3.12,3.88,3.75,3.88,1.38,4.0,0.88,coordination|judgment_and_decision_making|time_management|complex_problem_solving|systems_evaluation
11-3111.00,Compensation and Benefits Managers,3.38,3.12,1.0,1.0,1.0,3.0,3.88,3.25,1.88,3.62,3.12,1.0,2.75,1.5,3.0,1.75,1.5,1.0,3.12,3.5,3.25,3.25,1.5,3.62,1.0,3.25,3.5,0.0,0.0,0.0,3.12,4.0,3.75,1.75,3.75,3.25,0.0,2.88,0.5,3.38,0.88,0.88,0.0,3.12,3.88,3.75,3.88,0.62,3.75,0.0,judgment_and_decision_making|time_management|management_of_personnel_resources|social_perceptiveness|complex_problem_solving
11-3121.00,Human Resources Managers,4.0,4.12,1.0,1.0,1.0,3.88,4.0,3.12,2.38,4.25,3.88,1.25,2.38,1.5,3.75,2.0,1.62,1.0,3.75,4.0,3.62,3.88,1.5,4.0,1.0,4.0,4.0,0.0,0.0,0.0,4.0,4.25,4.0,2.62,4.75,4.0,0.25,2.25,0.5,3.88,1.38,1.0,0.0,3.88,4.12,3.25,4.0,0.5,4.12,0.0,management_of_personnel_resources|coordination|social_perceptiveness|complex_problem_solving|judgment_and_decision_making
11-3131.00,Training and Development Managers,3.62,3.88,1.0,1.0,1.0,4.0,3.62,3.62,2.88,3.5,3.0,1.0,3.0,1.75,3.62,1.5,2.0,1.0,3.62,3.88,3.12,3.25,1.75,3.5,1.0,4.0,3.75,0.0,0.0,0.0,4.75,3.88,3.62,3.0,4.0,3.0,0.0,3.25,0.88,3.75,0.75,1.88,0.0,3.75,3.75,3.75,3.88,0.75,3.88,0.0,instructing|social_perceptiveness|coordination|persuasion|service_orientation
11-9013.00,"Farmers, Ranchers, and Other Agricultural Managers",3.62,3.5,2.5,2.38,1.0,2.88,3.5,3.0,2.88,3.62,3.12,2.62,2.12,3.12,3.12,1.88,2.88,2.38,2.88,3.38,3.0,3.0,1.88,3.38,2.5,3.5,3.75,2.12,2.38,0.0,3.12,3.75,3.38,3.12,3.5,3.62,3.0,1.88,3.25,3.75,1.25,3.0,2.5,3.12,3.62,3.25,3.25,1.12,3.75,2.5,complex_problem_solving|management_of_personnel_resources|coordination|judgment_and_decision_making|social_perceptiveness
11-9021.00,Construction Managers,4.0,4.0,1.62,1.62,1.0,3.12,4.12,3.62,3.38,4.12,3.88,2.0,3.0,2.75,3.12,1.5,3.25,1.62,3.12,3.5,3.62,3.5,1.75,4.0,2.25,4.12,4.5,1.0,0.88,0.0,3.25,4.38,4.12,3.75,4.12,3.88,1.62,3.38,2.88,3.88,0.62,3.12,1.38,2.88,3.88,3.88,3.88,1.0,4.12,2.38,judgment_and_decision_making|management_of_personnel_resources|coordination|complex_problem_solving|time_management
11-9031.00,"Education and Childcare Administrators, Preschool and Daycare",3.75,3.88,1.0,1.12,1.0,3.88,3.88,3.25,3.25,3.88,3.62,1.5,2.12,1.75,3.25,1.62,2.0,1.0,3.75,4.0,3.12,3.25,1.88,3.75,1.88,4.0,4.0,0.0,0.25,0.0,4.0,3.88,3.38,3.0,4.0,3.75,0.5,1.25,1.25,3.62,0.75,1.88,0.0,3.88,3.88,3.12,3.25,1.0,3.75,1.0,social_perceptiveness|coordination|instructing|judgment_and_decision_making|management_of_personnel_resources
11-9032.00,"Education Administrators, Kindergarten through Secondary",4.0,3.88,1.0,1.0,1.0,3.88,4.75,3.75,3.38,4.12,3.88,1.12,2.75,1.88,3.88,1.62,2.88,1.0,3.88,4.0,3.75,4.0,1.75,3.88,1.75,4.5,4.62,0.0,0.0,0.0,4.0,4.75,3.88,3.75,4.75,4.0,0.12,2.75,1.38,4.12,0.75,2.88,0.0,4.25,4.75,3.88,4.5,0.88,4.12,0.88,judgment_and_decision_making|management_of_personnel_resources|social_perceptiveness|complex_problem_solving|systems_evaluation
11-9033.00,"Education Administrators, Postsecondary",3.88,3.62,1.0,1.0,1.0,4.0,3.88,3.12,2.88,3.75,3.62,1.0,1.62,2.0,3.62,1.38,1.38,1.0,3.5,3.75,3.25,3.25,1.62,4.0,1.0,4.0,4.0,0.0,0.0,0.0,4.0,4.0,3.12,3.5,4.0,3.75,0.0,0.88,1.38,3.75,0.5,0.5,0.0,3.88,4.0,3.75,3.75,0.75,4.0,0.0,instructing|time_management|complex_problem_solving|judgment_and_decision_making|social_perceptiveness
11-9041.00,Architectural and Engineering Managers,4.0,3.75,1.12,1.0,1.0,3.25,3.88,2.88,2.88,3.25,3.12,1.5,2.38,2.5,3.12,1.88,3.0,1.0,3.25,3.5,3.12,3.0,1.88,3.88,2.0,4.25,4.12,0.12,0.0,0.0,3.75,4.25,3.25,3.0,3.88,3.88,1.12,2.25,2.62,3.75,1.12,3.12,0.0,3.25,3.62,3.62,3.25,1.75,4.0,2.0,complex_problem_solving|judgment_and_decision_making|time_management|coordination|social_perceptiveness
11-9041.01,Biofuels/Biodiesel Technology and Product Development Managers,3.62,3.25,1.75,2.25,1.12,3.0,3.62,2.0,2.0,3.12,2.88,2.25,2.38,3.0,3.0,2.0,3.12,1.75,2.88,2.88,3.62,3.5,2.12,3.25,2.0,3.88,3.38,1.38,2.12,0.38,3.25,3.88,1.88,1.88,3.38,3.38,1.75,2.25,3.0,3.38,1.38,3.0,1.25,2.88,3.12,3.5,3.5,1.62,3.5,1.62,complex_problem_solving|judgment_and_decision_making|systems_analysis|systems_evaluation|coordination
11-9051.00,Food Service Managers,3.0,3.88,1.88,1.75,1.0,3.12,3.12,3.0,3.0,3.88,3.12,2.0,2.5,2.62,3.0,1.5,2.88,1.75,3.75,3.62,3.0,3.0,1.25,3.5,2.0,3.0,3.88,1.0,0.88,0.0,3.0,3.0,3.0,3.0,3.88,3.5,1.75,2.12,2.25,3.12,0.5,2.5,1.0,3.75,3.88,3.0,3.12,0.25,3.88,1.88,coordination|management_of_personnel_resources|service_orientation|social_perceptiveness|time_management
11-9071.00,Gambling Managers,3.75,3.75,1.0,1.0,1.0,3.5,3.75,2.62,2.75,4.0,3.25,1.38,2.0,2.12,3.5,1.75,2.62,1.0,3.75,3.75,3.12,3.12,1.5,3.75,1.75,3.12,4.12,0.0,0.0,0.0,3.62,3.62,2.75,2.38,4.0,3.5,0.5,2.12,2.0,3.62,0.88,2.12,0.0,3.75,4.0,3.0,3.0,0.62,3.75,0.88,management_of_personnel_resources|social_perceptiveness|coordination|service_orientation|complex_problem_solving
11-9072.00,"Entertainment and Recreation Managers, Except Gambling",3.25,3.75,1.0,1.0,1.0,3.62,3.75,3.0,2.75,3.12,3.0,2.0,2.0,2.0,3.25,1.38,2.0,1.0,3.62,3.88,2.75,2.88,1.38,3.75,1.62,3.0,3.88,0.0,0.0,0.0,3.62,3.62,3.0,2.88,3.12,3.0,1.12,1.62,2.0,3.62,0.5,1.75,0.0,3.62,4.0,3.0,3.25,0.38,3.75,0.62,social_perceptiveness|coordination|judgment_and_decision_making|time_management|instructing
11-9081.00,Lodging Managers,3.75,3.88,1.38,1.38,1.0,3.75,3.75,2.88,3.0,4.0,3.88,2.12,1.75,2.38,3.75,1.62,2.62,1.38,4.12,4.0,3.12,3.38,1.88,3.75,1.88,3.25,3.75,0.75,0.75,0.0,3.75,3.75,3.5,3.62,4.0,4.0,2.0,1.0,2.12,4.0,0.88,2.38,0.75,4.12,3.88,3.0,3.5,1.0,3.88,1.5,service_orientation|social_perceptiveness|management_of_personnel_resources|coordination|negotiation
11-9111.00,Medical and Health Services Managers,4.0,3.88,1.0,1.0,1.0,3.88,4.0,3.25,3.25,4.0,3.88,1.0,3.62,2.0,3.88,2.0,2.12,1.0,3.75,4.0,3.62,3.75,2.0,4.0,1.62,3.5,4.12,0.0,0.0,0.0,3.88,4.0,3.62,3.62,4.12,3.5,0.0,3.88,1.88,4.0,1.38,1.62,0.0,3.75,4.0,3.38,3.88,1.12,4.0,0.62,social_perceptiveness|complex_problem_solving|judgment_and_decision_making|time_management|management_of_personnel_resources
11-9121.00,Natural Sciences Managers,3.88,3.38,1.0,1.12,1.0,3.25,3.75,2.62,2.75,3.62,3.12,2.0,3.25,2.12,3.25,1.88,2.12,1.0,3.0,3.38,3.25,3.12,2.62,3.12,1.88,4.25,4.0,0.0,0.25,0.0,3.88,4.12,3.62,3.0,4.62,3.12,1.5,3.88,2.12,3.75,1.62,2.0,0.0,2.88,3.88,3.88,3.88,2.88,4.12,1.12,complex_problem_solving|judgment_and_decision_making|management_of_personnel_resources|social_perceptiveness|coordination
11-9121.01,Clinical Research Coordinators,3.62,3.88,1.0,1.12,1.0,3.12,3.62,2.38,2.75,3.5,2.88,1.12,1.62,1.75,3.0,1.62,1.75,1.0,3.0,3.62,2.88,2.88,1.62,3.5,1.38,3.62,4.12,0.0,0.12,0.0,3.0,3.62,2.25,2.75,3.5,3.38,0.12,1.12,1.25,3.25,0.88,1.12,0.0,3.75,3.75,2.88,3.38,0.75,3.62,0.38,coordination|social_perceptiveness|complex_problem_solving|judgment_and_decision_making|time_management
11-9121.02,Water Resource Specialists,3.75,3.25,1.0,1.0,1.0,3.0,3.88,2.12,2.12,2.75,3.0,2.12,2.88,2.88,3.12,1.88,3.0,1.0,3.0,3.0,3.62,3.62,1.88,3.88,2.0,4.12,3.25,0.0,0.0,0.0,3.25,3.88,2.62,2.62,3.25,3.0,2.0,2.62,3.0,3.5,1.5,2.88,0.0,3.0,3.62,4.0,3.88,1.62,3.88,1.88,judgment_and_decision_making|time_management|complex_problem_solving|systems_analysis|systems_evaluation
11-9131.00,Postmasters and Mail Superintendents,3.12,4.0,1.0,1.0,1.0,3.25,3.25,2.75,2.75,3.88,3.62,1.62,2.5,2.5,3.25,1.75,2.25,1.0,3.38,4.0,3.0,2.88,1.88,4.0,2.0,3.12,3.5,0.0,0.0,0.0,3.25,3.12,2.75,2.75,3.5,3.25,1.25,2.12,2.25,3.5,0.88,1.88,0.0,3.12,3.5,3.0,3.0,1.12,3.88,1.5,social_perceptiveness|coordination|time_management|management_of_personnel_resources|negotiation
11-9141.00,"Property, Real Estate, and Community Association Managers",3.0,3.75,1.38,1.25,1.12,2.75,3.25,3.25,3.12,3.25,3.62,1.5,1.88,1.62,3.12,1.38,2.0,1.38,3.0,3.5,2.25,2.25,1.5,3.12,1.88,3.0,3.75,0.62,0.5,0.25,3.0,3.38,3.62,3.38,3.25,3.62,0.75,1.62,0.88,3.75,0.38,2.0,0.75,3.0,3.38,2.25,2.25,0.5,3.5,1.12,coordination|negotiation|social_perceptiveness|judgment_and_decision_making|management_of_financial_resources
11-9151.00,Social and Community Service Managers,3.88,3.88,1.0,1.0,1.0,3.5,3.88,2.62,2.38,3.88,3.25,2.0,2.62,2.12,3.25,1.75,2.0,1.0,4.0,4.0,3.75,3.75,1.88,3.88,1.5,4.12,4.0,0.0,0.0,0.0,3.88,4.12,3.12,2.38,4.38,3.75,1.62,3.38,2.25,3.75,0.88,1.62,0.0,4.0,4.62,3.75,3.88,1.12,4.0,0.75,social_perceptiveness|service_orientation|coordination|complex_problem_solving|judgment_and_decision_making
11-9161.00,Emergency Management Directors,4.12,4.0,1.0,1.0,1.0,3.75,4.0,2.62,2.75,3.5,3.38,1.75,3.12,2.12,3.62,1.5,2.25,1.0,4.25,4.0,3.62,3.5,1.5,3.75,1.5,5.38,5.0,0.0,0.0,0.0,4.12,4.25,2.75,2.88,3.75,3.5,1.38,3.25,2.0,4.0,0.5,2.25,0.0,5.25,4.12,4.12,4.12,0.5,3.88,0.5,service_orientation|complex_problem_solving|social_perceptiveness|coordination|judgment_and_decision_making
11-9171.00,Funeral Home Managers,3.25,3.38,1.0,1.12,1.0,3.0,3.5,2.62,2.62,3.5,3.12,2.0,1.38,2.12,3.12,1.5,2.12,1.0,4.0,3.88,2.5,2.5,1.62,3.62,1.75,3.0,3.5,0.0,0.12,0.0,3.0,3.12,2.75,2.62,3.5,3.25,1.88,0.62,2.0,3.5,0.62,2.12,0.0,4.0,3.75,2.38,2.75,0.75,3.62,0.88,service_orientation|social_perceptiveness|time_management|judgment_and_decision_making|management_of_personnel_resources
11-9179.01,Fitness and Wellness Coordinators,3.12,3.75,1.5,1.88,1.0,3.38,3.25,2.75,2.88,3.5,3.0,1.62,2.0,1.75,3.0,1.38,2.25,1.12,3.75,3.75,3.12,3.12,2.0,3.12,1.75,3.12,3.62,0.5,1.12,0.0,3.5,3.12,3.0,3.0,3.38,3.12,0.62,1.12,1.5,3.5,0.38,2.12,0.12,3.5,3.75,3.0,3.12,1.62,3.38,1.12,social_perceptiveness|coordination|service_orientation|management_of_personnel_resources|instructing
11-9179.02,Spa Managers,3.12,4.0,1.0,1.25,1.0,3.62,3.88,3.25,3.12,3.88,3.25,1.88,1.62,2.5,3.5,1.62,2.25,1.0,3.88,4.0,3.38,3.5,1.62,3.75,1.75,3.0,4.0,0.0,0.25,0.0,3.38,3.5,4.12,3.5,3.88,3.38,1.5,0.88,1.88,3.75,0.62,2.12,0.0,3.75,4.0,3.0,3.5,1.0,4.0,1.12,social_perceptiveness|coordination|service_orientation|judgment_and_decision_making|management_of_personnel_resources
11-9199.01,Regulatory Affairs Managers,3.75,3.5,1.0,1.0,1.0,3.25,3.75,2.12,2.0,3.0,3.0,1.0,2.75,1.88,3.0,1.88,1.25,1.0,2.88,3.25,3.75,3.75,1.62,3.62,1.0,3.25,3.5,0.0,0.0,0.0,3.0,4.0,2.12,2.0,3.5,3.0,0.0,3.12,0.88,3.0,0.88,0.38,0.0,3.0,3.62,3.88,3.75,0.75,3.75,0.0,complex_problem_solving|judgment_and_decision_making|systems_analysis|systems_evaluation|time_management
11-9199.02,Compliance Managers,3.25,3.75,1.0,1.12,1.0,3.38,3.5,1.88,1.88,2.62,3.12,1.5,1.75,2.0,3.62,1.75,2.12,1.0,3.0,3.5,3.25,3.12,1.75,3.12,1.25,3.5,3.75,0.0,0.12,0.0,3.75,3.88,1.5,1.38,2.88,3.12,0.62,1.38,1.5,3.75,0.88,1.88,0.0,2.88,3.62,3.38,3.38,0.75,3.12,0.38,coordination|persuasion|social_perceptiveness|judgment_and_decision_making|instructing
11-9199.08,Loss Prevention Managers,3.88,3.62,1.0,1.0,1.0,3.88,3.88,2.25,2.25,3.62,3.5,2.0,2.25,2.62,3.75,1.62,2.5,1.0,3.62,3.62,3.75,3.75,1.75,3.88,2.0,3.88,3.62,0.0,0.0,0.0,3.88,4.0,2.12,2.38,4.0,3.38,1.75,2.25,2.88,3.88,0.75,2.38,0.0,3.75,3.75,4.0,3.88,1.12,3.88,1.25,instructing|complex_problem_solving|judgment_and_decision_making|time_management|persuasion
11-9199.09,Wind Energy Operations Managers,3.25,3.62,2.12,2.38,1.0,3.12,3.38,2.88,2.88,3.75,3.12,2.5,2.25,3.25,3.62,1.88,3.0,2.0,2.88,3.75,3.0,3.0,2.0,3.25,2.75,3.75,3.88,2.25,2.25,0.0,3.62,3.62,3.62,3.12,4.0,3.88,2.5,2.25,3.25,3.75,1.25,3.0,2.12,3.12,4.0,3.25,3.12,1.25,3.25,2.5,social_perceptiveness|management_of_personnel_resources|coordination|persuasion|judgment_and_decision_making
11-9199.10,Wind Energy Development Managers,3.38,3.62,1.12,1.25,1.0,2.88,3.62,3.12,3.0,3.38,3.38,1.88,2.0,2.12,3.25,1.75,2.38,1.12,2.88,3.5,3.0,3.0,1.75,3.38,2.0,3.25,3.88,0.38,0.38,0.0,3.25,3.5,3.5,3.5,3.38,3.75,1.38,1.62,1.88,3.75,1.25,2.5,0.38,3.12,3.62,3.12,3.38,1.0,3.62,1.38,coordination|judgment_and_decision_making|social_perceptiveness|negotiation|complex_problem_solving
11-9199.11,Brownfield Redevelopment Specialists and Site Managers,4.12,4.0,1.0,1.25,1.0,3.0,4.0,3.12,2.88,2.88,3.5,2.0,3.0,2.62,3.12,1.62,2.75,1.0,2.88,3.25,3.38,3.62,1.75,3.38,1.5,4.12,4.12,0.0,0.38,0.0,3.12,4.0,3.75,3.12,3.12,3.75,1.75,3.0,2.62,3.5,0.75,2.88,0.0,3.0,3.12,3.75,3.75,1.62,3.5,1.0,complex_problem_solving|coordination|judgment_and_decision_making|systems_evaluation|negotiation
13-1011.00,"Agents and Business Managers of Artists, Performers, and Athletes",3.38,3.75,1.0,1.0,1.0,2.88,3.12,1.88,1.5,2.88,4.0,1.25,1.75,1.25,4.0,1.5,1.0,1.0,3.0,3.88,2.5,2.5,1.38,3.75,1.0,3.38,3.75,0.0,0.0,0.0,2.88,3.75,1.62,0.75,3.12,4.0,0.25,1.25,0.25,4.12,0.5,0.0,0.0,3.38,3.5,2.5,2.5,0.38,3.38,0.0,persuasion|negotiation|social_perceptiveness|coordination|time_management
13-1021.00,"Buyers and Purchasing Agents, Farm Products",3.12,3.12,1.0,1.0,1.0,2.38,3.25,2.75,2.88,2.88,3.62,1.75,1.62,1.88,3.0,1.25,2.25,1.0,2.88,3.0,2.88,2.75,1.5,2.88,1.25,3.0,3.0,0.0,0.0,0.0,2.62,3.25,2.88,3.0,2.88,3.88,1.25,1.12,1.88,3.75,0.25,2.38,0.0,2.75,3.0,2.88,2.75,0.5,2.88,0.25,negotiation|judgment_and_decision_making|coordination|complex_problem_solving|social_perceptiveness
13-1022.00,"Wholesale and Retail Buyers, Except Farm Products",3.12,3.25,1.0,1.0,1.0,2.88,3.38,3.0,2.75,2.62,4.0,1.25,1.75,1.62,3.88,1.25,2.5,1.0,3.0,3.12,2.88,2.88,1.38,2.88,1.12,3.12,3.25,0.0,0.0,0.0,3.0,3.75,3.38,3.0,3.0,4.0,0.25,1.5,0.75,4.0,0.25,2.38,0.0,3.0,3.5,3.0,3.25,0.38,2.88,0.25,negotiation|persuasion|judgment_and_decision_making|coordination|social_perceptiveness
13-1023.00,"Purchasing Agents, Except Wholesale, Retail, and Farm Products",4.0,3.0,1.0,1.0,1.0,3.25,3.88,3.75,3.25,3.12,4.25,1.0,2.5,2.0,3.75,1.5,2.38,1.0,3.12,3.25,2.88,3.0,1.75,3.25,1.62,4.0,3.0,0.0,0.0,0.0,3.25,3.88,3.62,3.5,3.12,4.12,0.0,2.38,1.0,4.0,0.62,2.25,0.0,3.25,3.62,2.88,3.25,0.75,3.5,0.62,negotiation|complex_problem_solving|judgment_and_decision_making|persuasion|management_of_financial_resources
13-1031.00,"Claims Adjusters, Examiners, and Investigators",3.5,3.25,1.0,1.12,1.0,2.5,3.75,2.12,1.75,2.75,3.12,1.12,1.5,1.88,2.88,2.12,2.62,1.0,3.12,3.38,3.0,2.88,1.75,3.0,1.62,3.38,3.12,0.0,0.38,0.0,2.88,3.75,1.88,1.38,2.75,3.25,0.25,0.88,1.25,3.0,1.5,2.5,0.0,3.0,3.38,2.62,3.12,0.75,3.0,0.88,judgment_and_decision_making|complex_problem_solving|social_perceptiveness|coordination|negotiation
13-1032.00,"Insurance Appraisers, Auto Damage",2.88,2.88,1.5,1.5,1.0,2.25,3.12,2.0,1.5,2.38,2.88,2.0,1.88,2.38,2.88,1.25,2.38,1.62,3.0,3.0,2.38,2.38,1.38,3.25,2.12,2.88,2.88,0.75,0.62,0.0,2.0,3.12,1.62,0.88,2.12,2.88,2.0,1.38,2.25,2.88,0.5,2.25,0.88,3.0,3.0,2.12,2.38,0.5,3.0,1.5,time_management|judgment_and_decision_making|social_perceptiveness|service_orientation|coordination
13-1041.00,Compliance Officers,3.25,3.12,1.0,1.0,1.0,2.88,3.62,1.88,1.88,2.75,3.12,1.88,1.25,2.12,3.25,1.62,2.12,1.0,3.12,3.5,2.75,2.62,1.38,3.25,1.62,2.88,3.12,0.0,0.0,0.0,2.88,3.25,1.38,1.25,2.38,3.12,1.5,0.38,1.75,3.12,0.75,1.25,0.0,3.12,3.38,2.75,2.62,0.5,3.12,0.88,judgment_and_decision_making|social_perceptiveness|persuasion|complex_problem_solving|time_management
13-1041.01,Environmental Compliance Inspectors,3.75,3.0,1.12,1.0,1.0,3.0,3.38,1.62,1.62,2.62,2.88,2.62,2.5,3.38,2.75,1.62,3.25,1.0,2.88,3.25,3.25,3.38,1.75,3.0,2.0,4.12,3.0,0.12,0.0,0.0,3.12,3.88,0.75,0.62,2.62,3.0,2.62,2.5,3.38,2.88,1.12,3.38,0.0,2.88,3.38,3.38,3.75,0.88,3.0,2.0,complex_problem_solving|operations_monitoring|judgment_and_decision_making|systems_evaluation|social_perceptiveness
13-1041.03,Equal Opportunity Representatives and Officers,3.75,3.12,1.0,1.12,1.0,2.88,3.62,1.38,1.38,2.25,3.0,1.12,2.0,1.75,3.25,1.88,1.75,1.0,3.12,4.0,3.25,3.25,1.75,3.0,1.0,3.62,3.25,0.0,0.12,0.0,3.38,3.75,0.38,0.38,2.0,3.62,0.12,1.88,1.25,4.0,1.5,1.25,0.0,3.38,4.12,3.25,3.5,0.88,3.0,0.0,social_perceptiveness|complex_problem_solving|judgment_and_decision_making|persuasion|systems_analysis
13-1041.04,Government Property Inspectors and Investigators,3.5,3.38,1.0,1.0,1.0,3.12,4.0,2.0,2.12,2.75,3.0,2.38,1.75,3.0,3.0,1.75,3.12,1.0,3.12,3.38,3.25,3.38,1.62,3.12,1.75,3.38,3.38,0.0,0.0,0.0,3.25,4.0,1.5,1.88,2.88,3.25,2.5,1.25,3.0,3.5,1.25,3.25,0.0,3.12,3.25,3.38,3.38,0.75,3.12,1.12,judgment_and_decision_making|complex_problem_solving|social_perceptiveness|coordination|systems_evaluation
13-1041.06,Coroners,3.38,3.75,1.0,1.75,1.0,3.0,3.5,1.62,1.88,2.5,2.62,2.0,1.5,2.0,2.62,1.5,2.12,1.0,3.12,3.62,2.62,2.25,1.5,3.12,1.5,3.0,3.5,0.0,1.0,0.0,3.12,3.75,1.0,1.38,2.75,2.75,2.0,0.62,2.0,2.75,0.5,2.0,0.0,3.12,3.88,2.75,2.25,0.62,3.0,0.5,coordination|social_perceptiveness|judgment_and_decision_making|complex_problem_solving|service_orientation
13-1041.07,Regulatory Affairs Specialists,3.88,3.38,1.0,1.0,1.0,2.88,4.0,1.88,1.75,2.75,3.0,1.0,2.5,1.5,3.0,1.38,2.25,1.0,2.88,3.12,3.88,3.75,1.38,3.25,1.0,4.0,3.75,0.0,0.0,0.0,3.25,4.25,1.75,1.38,3.0,3.38,0.0,2.5,0.88,3.88,0.62,2.0,0.0,3.12,3.12,4.12,4.0,0.38,3.25,0.0,judgment_and_decision_making|complex_problem_solving|systems_analysis|systems_evaluation|coordination
13-1041.08,Customs Brokers,3.62,3.0,1.0,1.0,1.0,2.75,3.25,2.12,2.0,2.88,3.0,1.0,1.25,1.38,3.0,1.62,1.12,1.0,3.0,2.88,3.0,3.0,1.25,3.12,1.0,3.12,3.0,0.0,0.0,0.0,2.88,3.12,2.5,1.88,3.0,3.0,0.0,0.25,0.5,3.12,0.75,0.25,0.0,3.12,2.88,3.0,3.0,0.25,3.0,0.0,complex_problem_solving|judgment_and_decision_making|time_management|coordination|persuasion
13-1051.00,Cost Estimators,3.38,3.12,1.0,1.12,1.0,2.75,3.62,3.12,2.75,2.5,3.0,1.0,2.5,1.5,3.0,1.5,1.38,1.0,2.75,3.12,3.0,3.0,1.5,3.0,1.0,3.62,3.12,0.0,0.12,0.0,2.75,3.75,3.62,3.0,2.5,3.25,0.0,2.5,0.75,3.5,0.88,0.38,0.0,2.88,3.0,3.5,3.12,0.75,3.0,0.0,judgment_and_decision_making|complex_problem_solving|social_perceptiveness|coordination|management_of_financial_resources
13-1071.00,Human Resources Specialists,3.12,3.0,1.0,1.0,1.0,3.12,3.25,1.88,1.88,2.88,3.0,1.12,1.25,1.5,2.88,1.62,1.75,1.0,3.38,3.38,2.88,2.38,1.75,3.0,1.0,3.12,3.5,0.0,0.0,0.0,3.12,3.5,1.25,1.25,2.88,3.0,0.12,0.25,0.5,3.0,0.62,0.75,0.0,3.25,3.88,2.75,2.88,0.75,3.0,0.0,social_perceptiveness|service_orientation|judgment_and_decision_making|instructing|complex_problem_solving
13-1074.00,Farm Labor Contractors,2.75,3.12,1.0,1.25,1.0,2.75,3.0,2.0,1.88,3.12,2.62,2.38,1.5,2.12,2.62,1.25,1.62,1.0,2.62,3.0,2.0,2.0,1.12,3.0,1.62,2.62,3.12,0.0,0.5,0.0,3.0,3.0,1.75,1.5,3.25,2.88,2.12,0.5,2.0,2.75,0.25,1.12,0.0,2.62,3.0,1.75,1.62,0.12,3.25,0.75,coordination|management_of_personnel_resources|social_perceptiveness|judgment_and_decision_making|time_management
13-1075.00,Labor Relations Specialists,3.62,3.38,1.0,1.0,1.0,3.0,3.62,2.0,1.75,2.88,4.12,1.12,1.75,1.5,3.88,1.25,1.12,1.0,3.38,3.75,3.12,3.12,1.38,3.38,1.0,3.75,3.62,0.0,0.0,0.0,2.88,4.0,1.62,1.5,2.88,4.38,0.12,0.88,0.5,4.38,0.25,0.25,0.0,3.62,4.0,3.25,3.25,0.38,3.12,0.0,negotiation|persuasion|social_perceptiveness|complex_problem_solving|judgment_and_decision_making
13-1081.00,Logisticians,3.75,3.88,1.0,1.0,1.0,3.12,3.62,2.62,2.88,3.25,3.25,1.12,3.12,2.0,3.25,1.88,2.25,1.0,3.25,3.62,3.5,3.25,1.75,3.38,1.0,3.88,4.25,0.0,0.0,0.0,3.0,4.0,2.25,2.62,3.75,3.5,0.12,4.0,1.62,3.62,1.75,2.25,0.0,3.38,3.62,3.88,3.88,0.75,3.75,0.0,coordination|complex_problem_solving|social_perceptiveness|judgment_and_decision_making|systems_analysis
13-1081.01,Logistics Engineers,4.12,3.25,1.12,1.88,1.0,3.0,4.0,3.0,2.75,3.0,2.88,1.75,3.75,2.5,3.0,2.75,2.75,1.12,3.0,3.0,4.62,4.12,2.62,3.88,2.12,4.0,3.5,0.12,1.25,0.0,3.25,4.25,3.25,3.0,3.62,3.0,1.12,4.12,2.75,3.12,2.75,2.88,0.12,3.0,3.38,4.75,4.62,2.62,3.75,2.0,systems_analysis|complex_problem_solving|systems_evaluation|judgment_and_decision_making|time_management
13-1081.02,Logistics Analysts,3.88,3.0,1.0,1.0,1.0,2.88,3.62,2.5,2.62,3.0,2.88,1.0,2.12,2.12,2.88,2.0,2.25,1.0,3.0,3.0,3.75,3.75,1.88,3.25,1.5,4.0,3.12,0.0,0.0,0.0,2.88,4.0,2.5,2.25,2.88,2.88,0.0,2.62,2.0,2.88,1.75,2.25,0.0,2.88,3.0,4.0,3.88,1.75,3.38,0.5,complex_problem_solving|systems_analysis|systems_evaluation|judgment_and_decision_making|time_management
13-1082.00,Project Management Specialists,3.38,3.5,1.12,1.12,1.0,3.12,3.62,3.0,3.0,3.38,3.25,1.12,2.12,1.5,3.25,1.88,2.12,1.0,3.12,3.38,3.25,3.12,1.88,3.5,1.62,3.25,3.62,0.12,0.25,0.0,3.12,3.38,3.12,3.0,3.38,3.38,0.12,2.25,1.0,3.38,1.25,1.75,0.0,3.38,3.62,3.25,3.25,1.0,3.62,1.0,judgment_and_decision_making|coordination|time_management|social_perceptiveness|complex_problem_solving
13-1111.00,Management Analysts,4.0,3.88,1.0,1.12,1.0,3.25,4.0,2.25,2.25,3.0,3.12,1.38,3.0,1.75,3.5,1.88,1.75,1.0,3.25,3.88,3.75,3.88,2.12,3.25,1.25,4.0,4.0,0.0,0.12,0.0,3.5,4.12,1.5,2.25,3.12,3.12,0.5,3.88,1.12,3.88,1.25,0.88,0.0,3.25,4.0,3.88,3.88,1.38,3.25,0.25,complex_problem_solving|judgment_and_decision_making|social_perceptiveness|coordination|systems_evaluation
13-1121.00,"Meeting, Convention, and Event Planners",3.62,3.88,1.62,1.75,1.0,3.0,3.62,3.0,2.88,3.25,3.38,2.0,2.75,2.0,3.5,1.38,2.25,1.75,3.88,3.88,3.25,3.12,1.75,3.75,1.75,3.5,4.0,0.62,0.88,0.0,3.12,3.38,3.12,2.88,3.38,3.62,1.75,2.62,1.62,3.5,0.38,1.62,0.75,3.88,3.75,3.12,3.38,0.75,3.75,0.75,social_perceptiveness|coordination|service_orientation|time_management|complex_problem_solving
13-1131.00,Fundraisers,3.25,3.75,1.0,1.12,1.0,3.0,3.38,3.0,2.12,2.75,3.88,1.62,2.0,1.62,4.0,1.5,1.5,1.0,3.5,3.62,3.12,3.12,1.75,3.0,1.0,3.25,3.88,0.0,0.12,0.0,3.0,3.75,3.12,2.25,2.88,3.88,0.62,1.25,0.75,4.38,0.5,0.62,0.0,3.25,3.88,3.0,3.12,0.75,3.62,0.0,persuasion|negotiation|coordination|social_perceptiveness|service_orientation
13-1141.00,"Compensation, Benefits, and Job Analysis Specialists",3.12,3.0,1.0,1.0,1.0,2.88,3.12,2.0,1.75,2.88,3.0,1.0,2.5,1.5,3.0,1.62,1.38,1.0,3.0,3.0,3.12,3.12,1.5,3.0,1.0,3.5,3.12,0.0,0.0,0.0,3.0,3.75,2.0,1.5,2.88,3.12,0.0,2.88,0.5,3.38,1.0,0.5,0.0,3.0,3.62,3.62,3.62,0.5,3.0,0.0,complex_problem_solving|judgment_and_decision_making|systems_analysis|systems_evaluation|social_perceptiveness
13-1151.00,Training and Development Specialists,3.25,3.75,1.0,1.12,1.0,4.38,3.88,2.25,2.25,3.12,3.12,1.12,3.12,2.0,3.12,1.5,1.88,1.0,3.62,4.0,3.12,3.38,1.88,3.62,1.0,3.25,3.88,0.0,0.12,0.0,4.12,4.0,2.88,2.25,3.38,3.12,0.12,3.5,1.12,3.38,0.75,1.0,0.0,3.75,4.0,3.12,3.62,1.25,3.75,0.0,instructing|social_perceptiveness|judgment_and_decision_making|coordination|service_orientation
13-1161.00,Market Research Analysts and Marketing Specialists,3.75,3.0,1.0,1.0,1.0,2.5,3.75,1.88,1.88,2.62,2.62,1.0,2.62,1.75,3.12,2.0,1.5,1.0,2.75,3.12,3.0,3.12,1.75,3.0,1.0,3.75,3.12,0.0,0.0,0.0,2.88,4.0,1.38,1.12,2.75,2.88,0.0,2.75,1.0,3.25,2.0,0.62,0.0,3.0,3.12,3.62,3.75,0.88,3.0,0.0,complex_problem_solving|judgment_and_decision_making|social_perceptiveness|persuasion|systems_evaluation
13-1161.01,Search Marketing Strategists,3.88,3.25,1.0,1.0,1.0,3.12,3.75,2.12,2.0,2.62,3.0,1.0,2.12,2.12,3.25,2.75,1.88,1.0,3.0,3.0,3.38,3.38,2.38,3.12,1.12,4.12,3.62,0.0,0.0,0.0,3.12,3.75,2.0,1.88,3.0,3.12,0.0,2.25,1.88,3.62,2.12,1.5,0.0,3.0,3.25,3.75,3.75,2.25,3.5,0.25,complex_problem_solving|judgment_and_decision_making|systems_analysis|systems_evaluation|coordination
13-1199.04,Business Continuity Planners,4.12,3.75,1.0,1.12,1.0,3.25,4.12,2.5,2.38,3.12,3.12,1.12,2.88,2.0,3.12,2.0,2.25,1.0,3.12,3.38,4.0,4.0,1.62,3.25,1.25,4.88,4.0,0.0,0.12,0.0,3.62,4.25,3.12,2.25,3.25,3.12,0.12,3.12,1.88,3.5,1.25,2.38,0.0,3.25,3.62,4.25,4.25,0.75,3.62,0.25,complex_problem_solving|judgment_and_decision_making|systems_analysis|systems_evaluation|coordination
13-1199.05,Sustainability Specialists,3.62,3.25,1.0,1.12,1.12,3.0,3.62,2.0,1.88,2.88,3.0,1.25,2.25,2.12,3.12,1.5,2.12,1.0,2.88,3.12,3.12,3.25,1.75,3.0,1.75,3.62,3.5,0.0,0.12,0.12,3.0,3.62,2.0,1.75,2.88,3.0,0.25,2.12,2.0,3.25,0.62,2.12,0.0,3.0,3.25,3.25,3.62,1.12,3.0,0.75,complex_problem_solving|judgment_and_decision_making|coordination|systems_evaluation|social_perceptiveness
13-1199.06,Online Merchants,3.0,3.0,1.0,1.25,1.12,2.25,3.25,2.88,2.75,2.62,3.12,1.25,2.0,1.88,3.38,2.38,1.62,1.25,3.38,3.12,2.62,2.62,1.75,2.88,1.12,3.0,2.88,0.0,0.75,0.12,2.62,3.25,3.38,2.88,2.5,3.12,0.25,1.5,1.38,3.12,1.75,1.12,0.25,3.25,2.75,2.38,3.0,1.12,2.62,0.12,persuasion|service_orientation|judgment_and_decision_making|social_perceptiveness|negotiation
13-1199.07,Security Management Specialists,3.75,3.75,1.38,1.88,1.62,3.38,3.88,2.62,2.62,3.0,3.12,2.0,3.12,2.62,3.38,2.25,3.0,1.38,3.38,3.5,3.62,3.62,2.38,3.38,2.12,3.88,3.88,0.62,1.62,1.38,3.38,3.88,2.88,2.88,3.12,3.12,1.75,3.25,2.25,3.75,1.62,3.0,0.75,3.5,3.5,3.62,3.62,1.88,3.38,1.88,judgment_and_decision_making|coordination|complex_problem_solving|systems_analysis|systems_evaluation
13-2011.00,Accountants and Auditors,3.5,3.0,1.0,1.0,1.0,2.88,3.5,2.88,2.12,2.5,2.88,1.0,1.5,1.88,3.12,2.0,1.38,1.0,3.12,3.25,2.62,2.75,1.62,3.12,1.0,3.5,3.12,0.0,0.0,0.0,3.12,3.5,3.0,2.12,2.5,2.88,0.0,0.88,1.38,3.25,1.5,0.5,0.0,3.38,3.25,2.75,3.0,0.75,3.25,0.0,complex_problem_solving|judgment_and_decision_making|social_perceptiveness|persuasion|service_orientation
13-2022.00,Appraisers of Personal and Business Property,3.0,2.75,1.12,1.0,1.0,2.25,3.0,1.88,2.0,2.12,2.88,1.25,1.5,1.88,2.88,1.62,2.12,1.12,2.88,2.88,2.5,2.5,1.25,3.0,1.62,2.75,3.0,0.25,0.0,0.0,2.5,3.25,1.62,1.75,2.5,2.62,0.25,0.62,1.38,3.12,1.12,2.0,0.25,3.0,3.0,2.38,2.62,0.25,3.0,1.12,complex_problem_solving|judgment_and_decision_making|time_management|social_perceptiveness|persuasion
13-2023.00,Appraisers and Assessors of Real Estate,3.12,2.88,1.12,1.12,1.0,2.5,3.0,1.62,1.62,2.0,2.62,1.88,1.75,1.88,2.75,1.62,2.12,1.12,2.75,2.75,2.5,2.5,1.38,2.75,1.62,3.0,2.88,0.12,0.25,0.0,2.88,2.88,1.25,1.12,2.38,2.88,1.25,1.0,1.38,2.88,1.0,1.75,0.25,2.88,2.88,2.75,2.25,0.5,2.62,1.0,complex_problem_solving|judgment_and_decision_making|coordination|social_perceptiveness|persuasion
13-2031.00,Budget Analysts,3.75,2.88,1.0,1.0,1.0,2.62,3.75,3.38,2.0,2.38,2.62,1.0,2.25,1.88,2.62,1.75,1.12,1.0,2.5,3.0,3.12,3.0,1.75,3.0,1.0,3.62,2.88,0.0,0.0,0.0,2.62,3.75,3.88,2.12,2.62,2.75,0.0,2.5,0.88,2.88,0.88,0.25,0.0,2.75,3.0,3.62,3.0,0.88,3.0,0.0,complex_problem_solving|judgment_and_decision_making|management_of_financial_resources|systems_analysis|social_perceptiveness
13-2041.00,Credit Analysts,3.0,2.62,1.0,1.0,1.0,2.12,3.12,2.0,1.75,2.0,2.38,1.25,2.5,1.75,2.38,1.62,1.62,1.0,3.0,3.0,2.75,2.75,1.0,3.0,1.0,3.0,2.5,0.0,0.0,0.0,2.38,3.75,1.88,0.88,1.88,2.75,0.25,2.38,1.0,2.5,1.0,0.75,0.0,3.0,2.88,3.0,3.12,0.0,3.0,0.0,judgment_and_decision_making|social_perceptiveness|service_orientation|complex_problem_solving|time_management
13-2052.00,Personal Financial Advisors,3.62,3.0,1.0,1.0,1.0,3.0,3.62,2.88,1.88,2.12,3.0,1.0,2.5,1.62,3.38,1.62,1.75,1.0,3.62,3.62,3.38,3.38,1.5,3.0,1.0,3.75,3.0,0.0,0.0,0.0,3.0,3.88,2.88,1.5,2.12,3.0,0.0,2.38,0.62,3.5,0.62,0.88,0.0,3.88,3.62,3.62,3.5,0.5,3.0,0.0,social_perceptiveness|service_orientation|complex_problem_solving|judgment_and_decision_making|persuasion
13-2053.00,Insurance Underwriters,3.12,3.0,1.0,1.0,1.0,2.75,3.5,2.0,2.0,2.38,2.75,1.0,1.88,1.88,2.88,1.5,1.12,1.0,3.0,3.0,2.75,2.75,1.62,2.88,1.0,3.12,2.88,0.0,0.0,0.0,2.62,3.5,1.12,1.0,2.25,2.88,0.0,1.75,0.88,2.75,0.75,0.12,0.0,3.0,3.0,3.0,3.0,0.62,2.88,0.0,judgment_and_decision_making|complex_problem_solving|social_perceptiveness|coordination|service_orientation
13-2061.00,Financial Examiners,3.88,3.62,1.0,1.0,1.0,3.38,3.88,1.75,1.62,3.5,2.88,1.25,2.88,1.75,2.88,1.62,2.0,1.0,3.0,3.62,3.62,3.62,1.38,3.5,1.0,4.0,3.62,0.0,0.0,0.0,3.75,4.12,0.75,0.62,3.75,3.0,0.25,3.0,1.25,3.12,1.0,1.88,0.0,3.0,3.62,3.88,4.0,0.38,3.75,0.0,complex_problem_solving|judgment_and_decision_making|social_perceptiveness|coordination|systems_analysis
13-2071.00,Credit Counselors,3.75,3.0,1.0,1.0,1.0,2.88,3.75,2.12,1.5,2.25,3.12,1.0,1.88,1.25,3.25,1.25,1.25,1.0,3.62,3.25,2.88,3.12,1.75,3.0,1.0,3.38,3.12,0.0,0.0,0.0,3.0,3.38,1.38,0.5,2.62,3.12,0.0,1.0,0.25,3.62,0.25,0.38,0.0,3.62,3.62,3.12,3.12,0.88,3.12,0.0,complex_problem_solving|judgment_and_decision_making|service_orientation|social_perceptiveness|persuasion
13-2072.00,Loan Officers,3.25,2.88,1.0,1.0,1.0,2.88,3.88,2.12,2.0,2.62,2.88,1.25,1.75,1.88,2.88,1.62,1.5,1.0,3.0,3.25,2.62,2.25,1.88,3.12,1.0,3.12,3.0,0.0,0.0,0.0,2.75,3.88,1.25,1.12,2.88,3.0,0.38,1.38,0.88,3.0,0.88,0.62,0.0,3.5,3.0,2.38,2.25,0.88,3.25,0.0,judgment_and_decision_making|social_perceptiveness|complex_problem_solving|time_management|service_orientation
13-2081.00,"Tax Examiners and Collectors, and Revenue Agents",3.0,3.0,1.0,1.0,1.12,2.88,3.12,1.88,1.62,2.25,3.0,1.38,1.75,1.75,2.88,1.62,2.0,1.0,2.88,3.0,2.5,2.5,1.5,3.0,1.0,3.0,3.0,0.0,0.0,0.12,3.12,3.25,1.12,0.75,2.0,3.12,0.38,1.0,0.88,2.88,0.75,1.12,0.0,3.0,3.0,2.25,2.5,0.5,2.88,0.0,judgment_and_decision_making|social_perceptiveness|coordination|negotiation|complex_problem_solving
13-2082.00,Tax Preparers,2.88,2.75,1.0,1.0,1.0,2.75,3.0,1.75,1.5,2.0,2.5,1.0,1.75,1.12,2.62,1.5,1.62,1.0,3.0,2.88,2.38,2.0,1.38,3.12,1.0,3.0,2.88,0.0,0.0,0.0,2.88,3.12,0.75,0.5,1.75,2.5,0.0,1.0,0.12,2.62,0.5,0.75,0.0,3.0,2.75,2.75,2.0,0.5,3.0,0.0,time_management|service_orientation|judgment_and_decision_making|social_perceptiveness|complex_problem_solving
13-2099.01,Financial Quantitative Analysts,3.88,3.0,1.0,1.0,1.0,3.0,3.75,2.88,2.0,2.62,2.88,1.12,2.0,2.0,3.12,2.62,1.75,1.0,2.88,3.0,3.25,3.25,1.88,3.0,1.12,4.12,3.0,0.0,0.0,0.0,3.25,4.25,3.0,1.88,2.62,2.88,0.12,1.88,1.25,3.38,2.62,1.38,0.0,2.88,3.0,3.75,3.88,1.38,3.0,0.12,complex_problem_solving|judgment_and_decision_making|systems_analysis|systems_evaluation|persuasion
13-2099.04,"Fraud Examiners, Investigators and Analysts",3.88,3.75,1.0,1.0,1.0,3.12,4.0,1.75,1.88,3.0,3.0,1.38,1.25,1.38,3.12,1.75,1.12,1.0,2.88,3.38,3.12,3.0,1.12,3.0,1.0,4.0,3.75,0.0,0.0,0.0,3.12,4.12,1.38,1.38,3.0,2.88,0.38,0.38,0.62,3.62,1.0,0.25,0.0,3.0,3.5,3.38,3.0,0.12,3.0,0.0,judgment_and_decision_making|complex_problem_solving|coordination|social_perceptiveness|persuasion
15-1211.00,Computer Systems Analysts,3.38,3.12,1.88,2.25,1.62,2.88,3.62,2.12,2.0,2.88,2.5,2.5,3.0,3.0,2.75,3.25,3.0,1.88,3.0,3.12,3.75,3.75,2.88,3.12,3.12,4.0,3.25,1.0,2.38,0.75,3.62,4.12,2.0,1.75,3.0,2.5,2.5,3.75,3.12,3.0,4.0,3.5,1.25,3.0,3.12,4.0,4.12,3.12,3.38,3.88,systems_analysis|systems_evaluation|judgment_and_decision_making|complex_problem_solving|programming
15-1211.01,Health Informatics Specialists,4.12,3.5,1.0,1.75,1.38,3.38,3.88,2.12,2.0,3.12,3.0,1.62,2.75,2.5,3.0,2.88,2.75,1.0,3.12,3.12,3.75,3.75,2.75,3.38,2.12,4.12,3.75,0.0,1.5,0.5,3.88,4.0,2.12,2.0,3.0,3.0,0.75,2.88,2.62,3.62,3.12,3.0,0.0,3.5,3.62,4.0,4.25,2.88,3.25,2.12,complex_problem_solving|judgment_and_decision_making|systems_analysis|systems_evaluation|coordination
15-1212.00,Information Security Analysts,3.75,3.0,1.62,1.75,1.5,2.88,3.38,1.75,1.75,2.88,2.62,1.75,2.5,3.0,2.62,2.62,3.0,1.62,2.88,2.75,3.38,3.0,2.12,3.12,2.12,3.62,3.0,0.88,1.0,0.5,3.12,3.62,1.12,1.0,2.88,2.75,0.88,2.5,3.12,2.88,2.25,3.12,0.75,2.75,2.75,3.38,3.38,2.12,3.12,1.88,complex_problem_solving|judgment_and_decision_making|systems_analysis|time_management|coordination
15-1221.00,Computer and Information Research Scientists,4.0,3.0,1.12,1.88,1.0,3.0,4.0,2.5,2.25,2.88,2.5,2.0,3.12,2.62,2.75,3.62,2.38,1.12,2.75,3.0,3.75,3.62,3.12,3.38,2.38,4.38,3.75,0.25,1.75,0.0,3.38,4.62,2.88,2.62,3.62,2.62,1.75,3.88,2.75,3.5,4.5,2.62,0.25,2.88,3.12,4.38,4.88,4.12,3.88,3.0,complex_problem_solving|judgment_and_decision_making|systems_analysis|programming|systems_evaluation
15-1231.00,Computer Network Support Specialists,3.25,2.75,2.62,2.5,2.75,2.62,3.38,1.5,2.0,2.25,2.25,2.0,1.88,3.0,2.25,2.25,2.88,2.88,2.5,2.88,3.12,3.0,2.12,3.0,3.12,3.25,2.75,2.75,2.75,3.12,3.25,3.38,0.75,1.62,2.25,2.0,2.12,1.88,3.12,2.62,1.75,3.12,3.0,2.88,2.88,3.38,3.25,1.88,2.62,3.12,judgment_and_decision_making|complex_problem_solving|troubleshooting|systems_analysis|operations_monitoring
15-1232.00,Computer User Support Specialists,3.62,2.88,2.12,1.88,2.25,3.0,3.25,1.62,1.88,2.38,2.38,2.88,2.38,3.0,2.62,2.25,2.88,2.12,3.12,3.12,3.0,2.88,2.0,3.0,3.0,3.25,2.88,2.0,1.75,2.12,3.62,3.0,0.62,1.0,2.38,2.38,2.88,2.62,2.88,2.38,2.0,3.0,2.0,3.12,2.75,3.0,3.0,1.62,3.0,2.88,complex_problem_solving|judgment_and_decision_making|social_perceptiveness|service_orientation|instructing
15-1241.00,Computer Network Architects,3.88,3.5,2.25,2.62,1.75,3.0,3.75,2.5,2.38,2.75,3.0,2.62,2.88,3.0,3.0,3.88,3.25,2.12,3.0,3.0,3.75,3.88,3.12,3.12,2.88,4.12,3.62,2.0,2.75,1.5,3.75,4.0,2.62,2.38,3.0,3.12,2.38,3.25,3.0,3.25,3.62,3.62,1.88,3.12,3.0,3.88,3.88,3.38,3.12,3.62,complex_problem_solving|programming|systems_evaluation|judgment_and_decision_making|systems_analysis
15-1241.01,Telecommunications Engineering Specialists,3.38,3.25,2.5,2.62,2.62,3.0,3.25,2.38,2.62,2.5,2.75,2.62,2.5,3.0,3.0,2.12,3.0,2.62,2.88,3.0,3.25,3.12,2.62,3.25,2.88,3.62,3.38,2.62,2.62,2.88,3.12,3.38,2.38,2.5,2.75,3.0,2.5,2.75,3.0,3.12,2.0,3.12,2.62,3.0,3.12,3.62,3.5,3.0,3.25,2.88,complex_problem_solving|coordination|judgment_and_decision_making|systems_analysis|time_management
15-1242.00,Database Administrators,3.88,3.0,1.0,1.5,1.38,3.0,3.75,1.75,1.88,2.75,2.0,1.5,3.12,2.75,2.62,3.38,2.5,1.12,2.88,2.88,3.12,3.12,2.38,2.88,2.5,4.12,3.12,0.0,0.88,0.5,3.75,4.0,1.38,1.62,3.0,2.0,0.88,3.25,2.88,2.75,3.88,2.5,0.12,3.0,3.0,3.88,4.0,2.38,2.88,2.5,complex_problem_solving|judgment_and_decision_making|programming|operations_analysis|systems_analysis
15-1243.00,Database Architects,3.88,3.0,1.12,1.62,1.62,2.88,3.88,2.0,2.0,2.5,2.62,1.75,3.12,2.12,2.88,3.38,2.0,1.12,3.0,3.0,3.75,3.25,3.0,3.0,1.88,4.0,3.12,0.12,0.75,0.75,3.62,3.88,1.25,1.25,2.75,2.88,1.38,3.38,2.12,3.0,4.12,1.88,0.12,3.0,3.0,3.75,3.75,3.0,3.0,2.12,complex_problem_solving|judgment_and_decision_making|systems_analysis|programming|systems_evaluation
15-1243.01,Data Warehousing Specialists,3.62,3.12,1.12,1.5,1.0,2.62,3.38,1.75,1.88,2.12,2.62,1.88,2.75,2.5,2.75,3.75,2.38,1.12,2.62,3.0,3.5,3.25,2.62,2.88,1.62,3.5,3.38,0.25,0.88,0.0,3.38,3.62,1.38,1.62,2.0,2.62,1.62,3.38,2.25,3.12,3.75,2.25,0.25,2.62,3.0,3.5,3.5,2.75,2.75,1.0,programming|complex_problem_solving|systems_analysis|judgment_and_decision_making|systems_evaluation
15-1244.00,Network and Computer Systems Administrators,3.88,3.0,3.12,2.88,2.62,3.0,4.0,1.75,2.25,2.88,2.38,3.12,3.0,3.5,2.5,3.5,3.38,3.12,2.75,2.88,4.0,4.0,2.75,3.25,4.0,4.0,3.0,3.62,3.38,2.62,3.75,4.12,1.38,2.25,3.0,2.75,3.38,3.62,3.75,2.88,3.75,3.75,3.12,2.88,2.88,4.0,4.38,3.0,3.38,4.12,troubleshooting|judgment_and_decision_making|systems_analysis|systems_evaluation|complex_problem_solving
15-1251.00,Computer Programmers,3.75,3.0,1.0,1.0,1.25,2.5,3.25,2.0,2.0,2.62,2.12,1.12,3.12,2.25,2.62,4.75,3.5,1.0,2.25,3.12,3.38,3.12,2.75,3.12,2.25,3.88,2.88,0.0,0.0,0.38,3.12,3.25,1.5,1.25,2.75,2.12,0.25,3.75,2.12,2.75,4.88,3.5,0.0,2.88,3.0,3.25,3.62,2.38,3.12,1.62,programming|complex_problem_solving|quality_control_analysis|systems_analysis|judgment_and_decision_making
15-1252.00,Software Developers,3.38,3.0,1.25,2.12,1.88,2.88,3.62,1.75,1.62,2.25,2.62,2.0,3.25,2.75,2.75,4.0,2.75,1.12,2.88,2.88,3.5,3.38,3.38,3.12,2.62,3.5,3.12,0.25,1.75,1.0,3.12,3.75,1.0,1.0,2.62,2.88,1.75,3.12,2.38,3.12,4.12,2.75,0.25,3.0,3.38,3.88,4.12,3.62,3.25,2.38,programming|judgment_and_decision_making|systems_analysis|complex_problem_solving|technology_design
15-1253.00,Software Quality Assurance Analysts and Testers,3.38,3.0,1.0,1.75,2.0,2.62,3.12,1.5,1.5,2.12,2.12,1.88,3.12,3.0,2.5,3.62,3.38,1.12,2.5,2.88,3.12,3.25,2.62,3.0,2.88,3.12,3.0,0.0,1.12,1.75,2.88,3.62,0.62,0.62,2.0,2.12,1.38,3.38,2.62,2.62,3.75,3.62,0.12,2.75,2.88,3.0,3.5,2.62,3.0,3.0,programming|complex_problem_solving|quality_control_analysis|systems_evaluation|operations_analysis
15-1254.00,Web Developers,3.62,3.0,1.0,2.0,1.25,2.75,3.38,1.75,1.75,2.38,2.75,1.62,3.62,2.25,2.88,4.12,2.75,1.0,2.88,2.88,3.12,3.0,2.5,3.0,2.12,3.62,3.0,0.0,2.0,0.5,3.25,3.38,1.25,1.5,2.25,2.75,0.62,4.0,2.12,3.12,4.25,2.75,0.0,2.88,2.75,3.38,3.25,2.38,2.88,2.62,programming|complex_problem_solving|operations_analysis|judgment_and_decision_making|systems_analysis
15-1255.00,Web and Digital Interface Designers,3.38,2.88,1.25,1.25,1.0,2.62,3.5,2.12,2.12,2.25,2.5,1.25,3.0,2.5,2.75,3.25,2.62,1.38,2.88,2.75,2.75,2.88,2.62,3.0,2.38,3.5,2.75,0.38,1.0,0.0,2.5,3.38,1.75,1.75,2.12,2.62,0.38,2.75,2.0,2.62,2.62,2.5,0.5,3.0,3.0,3.12,3.38,2.38,3.12,2.0,judgment_and_decision_making|complex_problem_solving|programming|operations_analysis|time_management
15-1255.01,Video Game Designers,3.62,3.12,1.0,1.12,1.12,2.88,3.62,1.88,1.88,2.75,3.0,1.0,3.0,2.25,3.0,4.0,2.0,1.0,2.75,3.0,3.38,3.25,3.0,3.38,1.12,3.88,3.5,0.0,0.12,0.12,3.25,3.62,1.38,1.5,3.0,3.0,0.0,3.0,2.5,3.12,3.88,1.88,0.0,2.75,3.12,3.25,3.62,3.0,3.5,0.12,programming|complex_problem_solving|judgment_and_decision_making|systems_analysis|time_management
15-1299.01,Web Administrators,3.75,3.0,1.12,1.75,1.62,3.0,3.38,2.0,1.88,2.62,2.5,1.75,2.75,2.38,2.5,3.12,3.12,1.12,2.88,2.88,3.25,3.38,2.38,3.0,2.5,3.88,3.25,0.12,1.38,1.0,3.62,3.38,1.75,1.38,2.12,2.75,1.12,3.5,2.25,2.62,2.88,3.38,0.12,2.88,3.0,3.38,3.38,2.25,3.12,3.0,complex_problem_solving|judgment_and_decision_making|systems_evaluation|systems_analysis|programming
15-1299.02,Geographic Information Systems Technologists and Technicians,3.62,3.0,1.38,1.62,1.25,2.5,3.12,1.62,1.88,2.38,2.25,2.12,2.62,2.62,2.38,2.88,2.88,1.12,2.75,2.88,2.88,2.88,2.38,2.75,2.38,3.62,3.0,0.62,1.0,0.25,3.0,3.38,1.0,1.38,2.25,2.25,2.12,2.5,2.62,2.38,2.88,3.0,0.12,2.75,2.88,3.0,3.12,2.0,2.75,2.38,complex_problem_solving|judgment_and_decision_making|coordination|social_perceptiveness|programming
15-1299.03,Document Management Specialists,3.62,3.0,1.0,1.0,1.0,3.0,3.12,2.0,2.0,2.75,2.75,1.0,2.25,2.0,2.88,2.5,1.75,1.0,3.0,3.0,3.62,3.25,2.12,3.12,1.0,3.62,3.0,0.0,0.0,0.0,3.0,3.38,1.62,1.88,2.88,2.88,0.0,2.25,1.88,2.88,1.88,1.0,0.0,3.0,3.12,3.38,3.25,1.75,3.38,0.0,complex_problem_solving|systems_analysis|systems_evaluation|judgment_and_decision_making|time_management
15-1299.04,Penetration Testers,3.88,2.88,1.75,1.62,1.0,2.62,3.5,1.38,1.25,2.0,2.25,1.25,2.12,2.38,2.75,3.88,3.12,1.62,2.62,2.75,3.5,3.62,1.88,3.0,2.38,3.88,3.0,1.0,0.75,0.0,2.62,4.12,0.5,0.25,2.0,2.38,0.38,1.75,2.12,3.0,4.12,3.38,1.0,2.62,3.0,3.75,4.12,1.12,3.0,2.38,complex_problem_solving|programming|systems_evaluation|judgment_and_decision_making|systems_analysis
15-1299.05,Information Security Engineers,3.25,3.0,1.5,2.0,1.88,3.12,3.25,2.0,2.0,2.62,2.75,2.12,2.0,3.12,2.88,3.12,3.38,1.88,2.62,3.0,3.38,3.38,2.38,2.88,2.5,3.75,3.25,0.75,1.75,1.62,3.5,3.5,1.75,1.75,2.62,3.0,1.5,1.88,3.12,3.25,3.38,3.12,1.25,2.88,3.25,3.62,3.75,2.25,2.75,2.5,quality_control_analysis|systems_analysis|systems_evaluation|complex_problem_solving|judgment_and_decision_making
15-1299.06,Digital Forensics Analysts,3.38,2.88,1.62,1.62,1.0,2.62,3.5,2.12,1.88,2.5,2.62,1.38,1.5,2.5,2.88,2.12,2.62,1.75,2.75,3.0,3.12,3.0,2.0,3.0,2.38,3.25,2.88,0.75,1.12,0.0,2.75,3.38,1.5,1.5,2.25,2.62,0.75,0.88,2.25,3.0,1.5,2.5,1.12,2.88,2.88,3.12,2.75,1.25,3.12,2.0,judgment_and_decision_making|complex_problem_solving|systems_analysis|social_perceptiveness|systems_evaluation
15-1299.07,Blockchain Engineers,3.62,3.0,1.12,1.25,1.5,2.5,3.5,2.12,2.12,2.5,2.62,1.12,3.0,2.5,2.75,3.38,2.5,1.25,2.75,2.88,3.38,3.25,3.0,3.38,2.12,4.0,3.12,0.25,0.75,1.0,2.75,3.75,1.88,1.88,2.5,2.88,0.25,3.0,2.5,2.75,3.5,2.75,0.38,2.88,3.0,3.25,3.75,2.88,3.12,1.75,complex_problem_solving|judgment_and_decision_making|programming|systems_analysis|time_management
15-1299.08,Computer Systems Engineers/Architects,3.75,3.0,1.88,2.12,1.62,3.0,3.38,2.12,2.0,3.0,2.75,2.0,3.75,3.0,2.88,3.5,3.12,1.75,3.0,3.0,3.88,3.88,2.5,3.0,2.5,4.0,3.12,1.12,1.5,0.62,3.12,4.0,2.38,2.12,3.0,3.0,1.38,4.38,3.0,3.0,4.25,3.62,1.0,3.0,3.0,4.0,4.12,2.75,3.0,2.5,systems_analysis|systems_evaluation|complex_problem_solving|operations_analysis|programming
15-1299.09,Information Technology Project Managers,3.38,4.0,1.0,1.0,1.0,3.12,3.62,3.12,3.12,3.88,3.38,1.12,2.38,2.25,3.12,2.25,2.5,1.0,3.25,3.38,3.75,3.5,2.12,4.0,1.5,4.0,4.12,0.0,0.0,0.0,3.25,3.75,3.62,3.62,4.0,3.75,0.12,2.5,1.75,3.62,1.62,1.88,0.0,3.12,3.88,3.75,3.75,1.88,3.88,0.62,coordination|time_management|management_of_personnel_resources|systems_analysis|judgment_and_decision_making
15-2011.00,Actuaries,4.0,3.0,1.0,1.0,1.0,2.75,4.0,2.62,2.0,2.75,3.0,1.0,3.12,1.88,2.88,2.0,1.75,1.0,3.0,3.0,3.75,3.88,1.75,3.0,1.0,4.88,3.0,0.0,0.0,0.0,3.0,4.75,2.62,1.88,2.88,3.25,0.0,3.0,0.88,3.5,2.0,1.25,0.0,3.0,3.0,4.75,4.62,0.88,3.5,0.0,complex_problem_solving|judgment_and_decision_making|systems_evaluation|systems_analysis|operations_analysis
15-2021.00,Mathematicians,4.0,2.88,1.0,1.0,1.0,3.0,3.75,1.62,1.62,2.0,2.0,1.0,2.5,1.38,2.75,2.5,1.5,1.0,2.0,2.88,3.0,3.0,1.62,2.75,1.0,4.88,3.0,0.0,0.0,0.0,3.88,4.0,0.62,0.62,2.12,1.88,0.0,2.62,0.38,2.88,2.75,0.5,0.0,1.75,3.0,3.75,3.62,0.62,3.0,0.0,complex_problem_solving|judgment_and_decision_making|instructing|systems_analysis|systems_evaluation
15-2031.00,Operations Research Analysts,4.12,3.12,1.0,1.0,1.0,3.0,3.88,1.88,1.88,2.62,2.12,1.12,3.75,1.88,2.88,2.62,1.88,1.0,2.75,2.88,3.88,3.88,1.75,3.12,1.25,4.5,3.12,0.0,0.0,0.0,3.0,4.38,1.38,1.25,2.62,2.38,0.12,4.25,1.25,3.12,2.75,1.38,0.0,2.88,2.88,3.88,4.25,1.12,3.0,0.25,complex_problem_solving|judgment_and_decision_making|systems_analysis|systems_evaluation|operations_analysis
15-2041.00,Statisticians,3.88,2.88,1.0,1.0,1.0,2.88,3.38,1.88,1.75,2.25,2.0,1.0,2.88,1.88,2.5,3.0,2.0,1.0,2.25,2.75,3.0,3.0,1.62,3.0,1.0,4.12,3.0,0.0,0.0,0.0,3.12,3.88,1.0,0.75,2.38,2.0,0.0,3.5,1.0,2.62,3.12,1.12,0.0,2.12,3.0,3.12,3.12,0.62,3.0,0.0,complex_problem_solving|judgment_and_decision_making|programming|systems_analysis|systems_evaluation
15-2041.01,Biostatisticians,4.0,3.0,1.0,1.5,1.0,3.12,4.0,1.75,1.75,2.75,2.0,1.12,3.0,1.62,2.75,3.38,1.75,1.0,2.75,2.88,3.12,3.12,1.62,3.0,1.0,4.5,3.0,0.0,0.62,0.0,4.0,4.38,1.25,1.0,3.12,2.5,0.12,3.38,0.75,2.88,4.0,1.25,0.0,2.75,2.88,3.88,3.75,1.0,3.5,0.0,complex_problem_solving|judgment_and_decision_making|programming|instructing|systems_analysis
15-2051.00,Data Scientists,3.75,2.88,1.0,1.12,1.0,2.75,3.38,1.38,1.5,2.38,2.25,1.25,1.5,1.88,2.75,3.75,1.88,1.0,2.5,2.88,2.75,2.75,1.62,3.0,1.12,4.12,3.0,0.0,0.12,0.0,3.12,4.0,0.5,0.75,2.38,2.25,0.38,0.75,1.38,3.0,3.88,1.38,0.0,2.75,2.88,2.88,3.0,1.0,2.88,0.12,complex_problem_solving|programming|judgment_and_decision_making|time_management|social_perceptiveness
15-2051.01,Business Intelligence Analysts,3.38,3.0,1.0,1.0,1.0,3.0,3.62,1.88,1.75,2.12,2.5,1.38,1.88,1.75,2.88,2.5,2.0,1.0,2.88,2.88,3.12,3.12,1.62,3.12,1.0,3.75,3.0,0.0,0.0,0.0,3.0,4.0,1.75,1.25,2.0,2.88,0.38,1.62,1.12,3.0,2.5,1.5,0.0,2.88,2.88,3.75,3.75,0.88,3.0,0.0,judgment_and_decision_making|complex_problem_solving|systems_analysis|systems_evaluation|time_management
15-2051.02,Clinical Data Managers,3.5,3.38,1.0,1.88,1.0,3.0,3.25,1.88,1.88,3.0,2.5,1.75,2.75,2.12,2.75,3.25,2.5,1.0,2.75,3.12,3.25,3.12,1.75,3.38,1.62,3.62,3.38,0.0,1.5,0.0,3.75,3.62,1.25,1.5,3.38,2.38,1.25,3.38,2.0,2.62,3.62,2.5,0.0,2.62,3.5,3.38,3.38,1.38,3.5,0.62,complex_problem_solving|coordination|time_management|programming|judgment_and_decision_making
15-2099.01,Bioinformatics Technicians,3.5,2.88,1.12,1.12,1.0,2.88,3.5,1.62,1.62,2.62,2.5,1.12,2.12,2.62,2.75,3.12,2.25,1.12,2.5,2.88,3.25,3.0,2.12,3.0,1.12,3.38,3.0,0.38,0.25,0.0,3.25,3.5,1.0,1.0,2.38,2.75,0.25,2.12,2.5,2.88,3.0,2.25,0.38,2.88,3.0,3.5,3.5,2.0,3.0,0.38,complex_problem_solving|judgment_and_decision_making|systems_analysis|programming|systems_evaluation
17-1011.00,"Architects, Except Landscape and Naval",4.0,3.75,1.0,1.38,1.0,3.0,3.88,2.88,2.62,3.0,3.0,1.88,4.12,2.12,3.12,1.62,3.25,1.0,2.88,3.0,3.62,3.62,2.0,3.12,1.5,4.38,4.25,0.0,0.5,0.0,3.12,4.5,3.25,3.0,3.62,3.62,1.25,4.62,1.88,3.38,0.88,3.25,0.0,3.12,3.25,3.88,3.75,2.0,3.62,0.62,operations_analysis|complex_problem_solving|judgment_and_decision_making|coordination|systems_analysis
17-1012.00,Landscape Architects,3.88,3.75,1.0,1.0,1.0,3.0,3.75,2.88,2.88,3.0,3.12,2.0,3.75,2.0,3.12,1.5,2.5,1.0,3.25,3.62,3.12,3.12,1.75,3.5,1.75,4.0,3.75,0.0,0.0,0.0,3.0,3.75,3.0,3.0,3.25,3.12,1.62,3.75,1.75,3.5,0.5,2.62,0.0,3.38,3.62,3.38,3.88,1.0,3.75,1.0,complex_problem_solving|coordination|operations_analysis|judgment_and_decision_making|social_perceptiveness
17-1021.00,Cartographers and Photogrammetrists,3.12,3.0,1.38,1.5,1.0,2.75,3.12,1.62,1.62,2.25,2.38,1.38,1.62,1.88,2.38,1.88,2.12,1.25,2.75,3.0,2.88,2.75,1.62,3.0,1.75,3.12,3.0,0.5,1.0,0.0,3.0,3.12,0.75,0.62,2.12,2.12,0.38,0.75,1.75,2.12,1.12,2.12,0.38,2.75,2.88,2.88,2.75,0.75,3.12,1.38,complex_problem_solving|judgment_and_decision_making|social_perceptiveness|coordination|time_management
17-1022.00,Surveyors,3.12,3.5,1.88,2.12,1.0,3.0,3.25,1.75,1.88,2.88,2.5,2.75,1.88,2.75,2.5,1.38,2.5,1.88,2.75,3.0,3.0,2.75,1.62,3.12,1.88,3.25,3.62,1.62,2.12,0.0,3.5,3.12,1.38,1.62,3.5,2.5,2.88,1.5,2.75,2.75,0.75,2.62,1.38,2.88,3.0,3.0,2.88,0.62,3.5,1.62,coordination|judgment_and_decision_making|complex_problem_solving|time_management|social_perceptiveness
17-1022.01,Geodetic Surveyors,3.75,3.0,1.88,2.0,1.0,3.0,3.62,1.75,1.75,2.75,2.0,2.75,1.88,2.75,2.25,2.38,2.88,1.88,2.75,2.75,3.12,3.12,1.75,2.88,1.88,3.88,3.0,1.5,1.88,0.0,3.0,3.75,1.5,1.5,3.12,1.88,2.75,1.75,2.75,2.12,2.5,3.0,1.5,2.5,2.88,3.25,3.25,1.38,3.12,1.62,complex_problem_solving|judgment_and_decision_making|systems_analysis|systems_evaluation|coordination
17-2011.00,Aerospace Engineers,4.0,3.25,1.0,1.12,1.0,3.0,4.0,2.12,2.12,2.75,3.12,1.5,3.88,2.88,3.12,2.12,3.38,1.0,2.75,3.0,3.38,3.62,3.25,3.0,2.25,4.12,3.62,0.0,0.25,0.0,3.12,4.12,1.25,1.25,3.0,3.12,0.75,4.88,3.0,3.25,1.88,3.75,0.0,2.88,3.12,4.0,3.88,3.75,3.5,2.75,complex_problem_solving|judgment_and_decision_making|operations_analysis|systems_evaluation|quality_control_analysis
17-2021.00,Agricultural Engineers,3.88,3.12,1.88,1.88,1.0,3.0,3.88,2.25,2.0,3.0,2.75,2.62,3.0,3.12,2.88,2.0,2.5,1.88,2.75,3.12,3.75,3.88,2.75,3.0,2.12,4.12,3.12,1.25,1.75,0.0,3.0,4.0,2.25,2.12,3.0,3.0,2.38,3.25,3.12,2.88,1.88,2.62,1.12,3.0,3.12,4.0,4.0,3.0,3.38,2.25,complex_problem_solving|judgment_and_decision_making|systems_evaluation|systems_analysis|social_perceptiveness
17-2031.00,Bioengineers and Biomedical Engineers,3.88,3.0,2.12,2.75,2.25,3.12,3.88,2.12,2.25,3.0,2.88,2.0,3.75,2.88,2.75,3.12,3.12,2.5,2.88,3.0,3.62,3.5,3.38,3.12,2.88,4.5,3.38,2.38,2.88,2.25,4.0,4.62,2.0,2.5,3.12,3.0,2.12,4.0,3.12,3.12,3.38,3.62,2.62,3.0,3.25,3.88,4.0,3.75,3.25,3.0,complex_problem_solving|judgment_and_decision_making|operations_analysis|systems_analysis|systems_evaluation
17-2041.00,Chemical Engineers,4.0,3.0,1.0,1.88,1.0,3.0,3.88,2.38,2.5,2.75,2.88,2.0,3.62,3.0,2.88,2.25,3.0,1.0,2.75,3.0,3.88,3.88,2.88,3.0,2.88,4.38,3.62,0.0,2.12,0.0,3.0,4.62,2.62,2.75,3.38,2.88,1.88,4.62,3.75,3.0,2.75,3.88,0.0,3.0,3.25,4.12,4.12,2.88,3.75,3.62,complex_problem_solving|judgment_and_decision_making|systems_analysis|systems_evaluation|operations_analysis
17-2051.00,Civil Engineers,3.88,3.12,1.5,1.25,1.0,3.0,3.38,2.88,2.88,3.0,3.0,1.38,3.62,2.12,3.0,1.88,2.25,1.62,3.0,3.0,3.75,3.12,2.25,3.75,1.5,4.12,3.75,0.88,0.25,0.0,3.0,4.0,3.38,3.0,3.5,3.0,0.5,4.5,2.12,3.25,1.88,2.5,1.62,3.0,3.5,4.12,4.0,2.5,4.0,0.62,complex_problem_solving|systems_analysis|time_management|operations_analysis|judgment_and_decision_making
17-2051.01,Transportation Engineers,3.88,3.62,1.0,1.0,1.0,3.0,3.88,2.75,2.88,3.25,3.12,2.0,3.38,2.0,3.12,1.88,2.62,1.0,3.0,2.88,3.75,3.75,2.75,3.88,2.0,4.38,3.75,0.0,0.0,0.0,3.0,4.25,3.75,3.0,3.88,3.12,1.25,3.88,2.0,3.62,2.12,2.62,0.0,3.0,3.0,3.75,3.88,2.75,3.88,2.0,complex_problem_solving|judgment_and_decision_making|time_management|systems_analysis|systems_evaluation
17-2051.02,Water/Wastewater Engineers,3.88,3.12,1.0,1.75,1.0,3.12,4.0,2.25,2.12,3.25,3.0,2.12,3.25,2.88,3.0,2.12,2.62,1.0,3.0,3.0,3.88,3.88,2.88,3.75,2.12,4.75,3.62,0.0,1.0,0.0,3.62,4.12,2.75,2.75,3.62,3.0,2.0,3.88,3.0,3.12,2.5,3.38,0.0,2.88,3.0,4.12,4.12,3.25,3.88,2.25,judgment_and_decision_making|complex_problem_solving|systems_analysis|systems_evaluation|time_management
17-2061.00,Computer Hardware Engineers,3.88,3.12,2.12,2.5,1.88,3.0,3.62,1.75,1.88,2.62,2.25,1.75,3.38,3.0,2.62,2.5,2.88,2.12,2.62,2.75,3.38,3.38,2.62,3.12,2.62,4.12,3.12,2.12,2.75,1.12,3.5,3.88,1.25,1.5,2.62,2.12,0.75,4.0,3.0,2.75,2.75,3.0,2.12,2.75,2.75,3.5,4.0,2.75,3.0,3.12,complex_problem_solving|judgment_and_decision_making|operations_analysis|systems_analysis|systems_evaluation
17-2071.00,Electrical Engineers,3.88,3.25,2.0,2.12,1.0,3.0,3.25,2.38,2.25,3.0,2.75,1.38,3.12,2.88,2.88,2.12,3.0,2.0,2.75,3.0,3.25,3.25,2.25,3.0,2.75,4.0,3.25,1.75,2.12,0.0,3.0,3.38,2.62,2.5,3.0,2.88,0.38,3.25,3.12,3.0,1.38,3.12,2.0,2.75,3.0,3.38,3.62,2.0,3.12,2.75,complex_problem_solving|coordination|judgment_and_decision_making|systems_analysis|systems_evaluation
17-2072.00,"Electronics Engineers, Except Computer",4.0,3.0,2.88,2.88,1.62,3.0,3.75,2.0,2.75,2.75,2.75,2.88,3.25,3.0,2.88,2.75,3.12,2.75,2.88,2.88,3.75,3.38,3.0,2.75,3.0,4.12,3.12,3.0,3.12,0.75,3.25,3.88,2.25,2.75,2.88,3.0,3.0,3.5,3.38,3.0,2.88,3.88,3.0,2.88,3.0,3.88,4.0,3.25,2.88,3.12,complex_problem_solving|judgment_and_decision_making|systems_analysis|systems_evaluation|operations_analysis
17-2072.01,Radio Frequency Identification Device Specialists,3.38,3.12,2.0,2.5,2.0,3.0,3.38,1.88,1.88,2.75,2.5,2.25,2.62,2.75,2.88,2.5,2.75,2.0,2.75,3.0,3.25,2.88,2.5,3.0,2.38,3.62,3.38,2.25,2.62,2.25,3.5,3.38,1.62,1.88,2.75,2.75,2.25,3.0,2.88,3.38,2.62,3.0,2.25,2.88,3.12,3.5,3.5,3.12,2.88,3.0,complex_problem_solving|judgment_and_decision_making|systems_analysis|coordination|social_perceptiveness
17-2081.00,Environmental Engineers,3.88,3.75,1.0,1.0,1.0,3.0,3.88,2.25,2.25,2.75,3.0,2.0,2.5,2.62,3.0,1.62,2.62,1.0,2.88,3.0,3.25,3.25,1.62,3.25,1.62,4.12,3.88,0.0,0.0,0.0,3.0,4.12,2.38,2.12,3.0,3.0,1.75,2.5,2.88,3.25,0.88,2.62,0.0,2.88,3.0,3.88,4.12,0.75,3.75,1.0,complex_problem_solving|judgment_and_decision_making|coordination|systems_analysis|systems_evaluation
17-2111.00,"Health and Safety Engineers, Except Mining Safety Engineers and Inspectors",3.62,3.0,1.0,1.0,1.0,3.38,3.62,1.88,1.88,2.62,3.0,2.25,1.75,2.62,3.0,1.88,2.62,1.0,3.12,3.12,3.62,3.5,1.88,3.12,2.0,3.75,3.38,0.0,0.0,0.0,3.62,3.62,1.62,1.5,2.88,3.0,2.38,1.38,2.62,3.5,1.38,2.88,0.0,3.12,3.5,3.38,3.5,2.0,3.25,1.75,complex_problem_solving|judgment_and_decision_making|systems_analysis|systems_evaluation|instructing
17-2111.02,Fire-Prevention and Protection Engineers,4.0,3.12,1.0,2.0,1.0,3.12,4.0,2.62,2.75,3.12,3.0,1.75,3.75,2.88,3.12,1.62,3.38,1.0,3.0,3.12,3.88,3.88,3.0,3.38,2.75,4.0,3.12,0.0,1.75,0.0,3.25,4.12,2.75,2.88,3.0,3.0,1.38,4.0,2.88,3.5,0.88,3.38,0.0,3.0,3.0,4.0,4.12,3.0,3.5,2.75,complex_problem_solving|judgment_and_decision_making|systems_analysis|systems_evaluation|operations_analysis
17-2112.00,Industrial Engineers,3.88,3.12,1.0,1.25,1.0,3.0,3.12,2.12,2.5,2.88,2.38,2.25,2.5,2.38,2.62,1.88,2.25,1.0,2.75,3.0,3.25,3.25,2.12,3.0,2.0,4.12,3.12,0.0,0.38,0.0,3.0,4.0,2.0,2.62,2.88,2.38,2.25,2.5,2.75,2.62,1.12,2.38,0.0,2.75,3.0,3.75,3.88,1.88,3.0,1.75,complex_problem_solving|systems_analysis|systems_evaluation|coordination|judgment_and_decision_making
17-2112.01,Human Factors Engineers and Ergonomists,4.0,3.0,1.0,1.75,1.0,3.12,3.62,2.0,1.88,2.88,2.88,1.62,3.25,2.25,2.88,2.25,2.62,1.0,3.0,3.38,3.25,3.62,3.12,3.12,2.0,4.0,3.12,0.0,1.38,0.0,3.75,4.38,1.75,1.75,3.0,3.0,0.75,3.88,2.12,3.0,2.38,3.0,0.0,3.0,3.5,3.88,4.0,3.88,3.12,2.0,complex_problem_solving|judgment_and_decision_making|systems_evaluation|social_perceptiveness|operations_analysis
17-2112.02,Validation Engineers,3.75,3.0,1.38,1.12,1.0,2.75,3.12,1.75,2.0,2.75,2.75,2.12,3.0,3.12,2.88,1.88,3.0,1.12,2.75,3.12,3.12,3.12,1.88,3.0,2.25,4.0,3.12,0.62,0.12,0.0,3.12,3.62,1.0,2.0,2.88,2.75,2.12,4.0,3.25,2.88,1.0,3.12,0.25,2.88,3.0,3.62,3.38,1.25,3.12,2.25,complex_problem_solving|social_perceptiveness|operations_monitoring|judgment_and_decision_making|systems_analysis
17-2112.03,Manufacturing Engineers,4.0,3.0,2.62,2.88,2.5,3.12,3.88,2.88,3.0,2.88,3.0,2.62,3.25,3.88,3.12,1.88,3.25,2.62,3.0,3.0,3.75,3.75,3.62,3.5,3.5,4.25,3.62,3.12,3.62,3.0,3.75,4.62,3.62,3.5,3.88,3.12,3.25,3.88,3.88,3.62,2.5,3.88,3.0,2.88,3.5,4.62,4.5,4.0,3.88,3.62,complex_problem_solving|operations_monitoring|judgment_and_decision_making|systems_analysis|systems_evaluation
17-2121.00,Marine Engineers and Naval Architects,4.12,3.38,2.62,2.25,1.62,2.88,3.75,2.5,2.62,3.0,2.62,3.0,3.0,3.5,2.75,2.25,3.38,2.5,2.88,3.0,3.38,3.38,2.5,3.5,2.88,4.38,3.88,2.62,2.62,1.0,3.25,4.0,2.88,3.12,3.75,2.88,3.12,2.62,3.62,3.0,1.62,3.62,2.38,2.62,3.25,3.62,3.88,2.5,3.75,3.0,complex_problem_solving|judgment_and_decision_making|operations_monitoring|time_management|coordination
17-2131.00,Materials Engineers,4.0,3.0,1.25,1.75,1.0,3.0,3.62,2.38,2.62,3.0,2.88,2.25,3.25,3.12,3.0,1.62,3.38,1.25,2.75,3.0,3.25,3.25,2.75,3.0,1.88,4.25,3.38,0.38,1.38,0.0,3.88,4.0,2.88,2.75,3.38,2.88,2.25,4.12,3.38,3.0,1.0,4.12,0.25,2.88,3.12,3.88,3.62,3.12,3.12,1.5,complex_problem_solving|judgment_and_decision_making|quality_control_analysis|operations_analysis|systems_analysis
17-2141.00,Mechanical Engineers,3.75,3.0,2.12,2.25,2.0,2.88,3.75,2.5,2.38,2.88,2.62,2.75,3.5,3.12,2.75,2.38,3.12,1.88,2.88,2.88,3.38,3.38,3.12,3.0,2.88,4.5,3.38,1.88,2.5,2.12,3.5,4.12,2.62,2.75,3.12,3.12,2.62,4.38,3.62,3.12,2.25,4.0,1.75,2.88,3.0,3.88,3.88,3.5,3.38,3.25,complex_problem_solving|judgment_and_decision_making|operations_analysis|systems_analysis|systems_evaluation
17-2141.01,Fuel Cell Engineers,3.25,3.0,2.12,2.62,1.62,3.0,3.62,1.75,2.5,2.5,2.62,2.75,3.0,3.12,2.75,2.5,3.12,2.38,2.62,2.88,3.62,3.62,2.88,3.0,3.0,3.88,3.0,2.12,2.75,0.75,3.12,4.0,1.38,2.62,3.0,2.75,2.88,3.12,3.5,2.88,2.38,3.12,2.75,2.62,3.0,4.12,4.12,3.12,2.88,3.0,judgment_and_decision_making|systems_analysis|systems_evaluation|complex_problem_solving|operations_monitoring
17-2141.02,Automotive Engineers,4.12,3.5,1.0,1.88,1.0,3.0,3.88,2.0,2.0,3.0,3.0,2.12,3.75,2.88,3.12,2.75,3.0,1.0,2.88,3.0,3.75,3.75,3.12,3.25,2.0,4.25,3.62,0.0,1.75,0.0,3.62,4.25,2.12,2.0,3.0,3.0,2.12,3.88,3.0,3.25,2.88,3.62,0.0,2.75,3.0,3.88,4.12,3.88,3.25,2.5,complex_problem_solving|judgment_and_decision_making|operations_analysis|systems_analysis|systems_evaluation
17-2151.00,"Mining and Geological Engineers, Including Mining Safety Engineers",4.12,3.5,1.0,2.25,1.0,3.12,4.0,2.88,3.0,3.0,2.88,2.0,3.12,3.0,2.88,2.62,2.88,1.0,2.62,2.88,3.75,3.75,2.5,3.38,1.88,4.38,3.75,0.0,2.5,0.0,3.5,4.62,3.75,3.25,3.62,3.25,2.0,4.12,3.38,3.38,3.0,3.5,0.0,2.62,3.25,4.0,4.25,2.88,3.88,1.88,complex_problem_solving|judgment_and_decision_making|systems_analysis|systems_evaluation|coordination
17-2161.00,Nuclear Engineers,4.0,3.62,1.62,1.75,1.0,3.0,4.0,2.12,2.12,2.75,3.0,2.25,3.75,3.62,3.12,1.88,3.25,1.62,2.88,2.88,3.75,3.75,2.88,3.5,3.12,4.25,3.75,0.62,0.88,0.0,3.25,4.12,1.88,2.12,3.0,3.0,2.25,4.38,4.0,3.0,1.12,3.75,0.62,3.0,3.0,4.0,4.0,2.88,3.88,3.12,complex_problem_solving|judgment_and_decision_making|operations_analysis|systems_analysis|systems_evaluation
17-2171.00,Petroleum Engineers,3.88,3.62,1.12,1.88,1.75,3.0,3.88,2.5,2.75,2.88,2.88,2.12,2.25,2.88,3.0,1.88,2.62,1.0,3.0,3.62,3.88,3.88,2.25,3.62,2.25,4.12,3.75,0.25,1.0,0.88,3.0,3.88,2.5,2.88,3.5,3.38,2.0,1.75,3.12,3.12,1.12,2.62,0.0,3.0,3.62,3.88,3.88,2.25,3.75,2.0,complex_problem_solving|judgment_and_decision_making|systems_analysis|systems_evaluation|social_perceptiveness
17-2199.03,"Energy Engineers, Except Wind and Solar",4.0,3.0,1.0,1.12,1.0,2.88,3.88,2.25,2.0,2.62,2.75,1.88,3.25,2.38,3.0,1.75,2.38,1.0,2.88,3.25,4.0,3.88,2.0,3.0,1.75,4.0,3.62,0.0,0.12,0.0,3.12,4.12,2.25,2.0,2.88,3.12,1.62,4.0,2.38,3.12,1.25,2.5,0.0,3.12,3.38,4.12,4.12,1.88,3.12,1.0,complex_problem_solving|systems_analysis|judgment_and_decision_making|systems_evaluation|social_perceptiveness
17-2199.05,Mechatronics Engineers,3.88,3.0,1.5,2.38,1.62,3.0,3.88,2.0,2.0,2.75,2.62,3.0,3.12,3.12,2.88,2.5,3.0,1.38,2.88,2.75,3.25,3.38,3.12,3.0,2.25,4.25,3.0,0.75,2.5,0.75,3.12,4.12,1.88,1.88,2.88,2.88,3.0,3.62,3.5,3.0,2.38,3.75,0.75,2.88,2.88,4.0,4.0,3.62,3.38,2.5,complex_problem_solving|judgment_and_decision_making|systems_evaluation|systems_analysis|operations_analysis
17-2199.06,Microsystems Engineers,3.88,3.0,1.88,2.25,1.38,3.12,3.62,2.25,2.38,2.88,3.0,2.62,3.0,3.25,2.88,2.62,3.12,2.0,3.0,3.0,3.75,3.5,2.38,3.5,2.5,4.25,3.12,1.62,2.38,0.62,3.5,3.75,2.25,2.38,2.88,3.25,2.75,3.0,3.38,3.0,2.5,3.5,1.75,3.0,3.38,4.0,3.88,2.62,3.62,2.38,complex_problem_solving|systems_analysis|judgment_and_decision_making|systems_evaluation|time_management
17-2199.07,Photonics Engineers,3.38,3.0,2.12,2.88,1.25,3.0,3.38,1.75,2.0,2.62,2.5,2.88,3.25,2.88,2.62,2.25,3.0,2.62,2.5,2.75,3.12,3.12,3.25,2.88,2.75,4.0,3.12,2.25,3.5,0.25,3.5,4.0,1.38,2.0,2.5,2.62,3.0,3.88,3.5,2.75,2.75,4.0,3.0,2.62,2.75,4.0,3.75,3.88,3.0,3.25,complex_problem_solving|judgment_and_decision_making|operations_analysis|technology_design|systems_analysis
17-2199.08,Robotics Engineers,3.88,3.38,3.38,3.12,2.5,3.0,3.88,2.62,2.12,3.12,2.88,2.88,3.25,3.62,3.0,3.12,3.62,2.88,2.38,3.0,3.88,3.38,3.38,3.62,3.62,4.12,3.75,3.75,4.12,3.25,3.5,4.12,2.62,2.25,3.62,2.88,3.38,4.0,3.75,3.38,3.88,4.25,3.75,2.25,3.5,4.0,4.12,4.12,4.0,3.88,complex_problem_solving|judgment_and_decision_making|systems_analysis|operations_monitoring|troubleshooting
17-2199.09,Nanosystems Engineers,3.88,3.0,2.12,2.5,1.0,3.0,3.88,2.25,2.38,2.88,3.0,2.38,3.25,3.0,3.0,2.25,3.12,2.12,2.88,3.12,3.62,3.38,3.12,3.0,2.25,4.12,3.38,2.25,3.38,0.0,3.38,4.0,2.25,2.25,3.12,3.0,2.0,4.0,3.0,3.38,2.88,3.75,2.12,3.0,3.25,3.75,3.75,3.88,3.62,2.62,complex_problem_solving|judgment_and_decision_making|systems_analysis|systems_evaluation|operations_analysis
17-2199.10,Wind Energy Engineers,3.38,3.0,1.12,1.25,1.0,2.75,3.5,2.0,2.25,2.75,2.75,2.25,3.25,2.62,3.0,2.12,2.62,1.0,2.75,3.12,3.38,3.25,2.38,2.88,1.88,4.0,3.5,0.25,0.38,0.0,3.38,4.0,1.75,2.12,3.0,2.88,2.12,3.62,2.75,3.38,1.88,3.0,0.0,2.75,3.0,3.75,3.62,2.62,3.25,1.75,judgment_and_decision_making|complex_problem_solving|systems_analysis|operations_analysis|systems_evaluation
17-2199.11,Solar Energy Systems Engineers,3.88,3.0,2.0,2.0,1.0,3.0,3.38,2.0,2.0,2.62,2.75,2.25,2.75,2.75,3.0,2.25,2.75,2.0,2.75,3.0,2.75,3.0,2.25,3.0,2.38,4.0,3.38,1.75,1.88,0.0,3.0,3.25,2.0,1.88,2.5,3.0,2.25,2.5,3.0,3.0,2.0,3.12,1.62,2.88,3.25,3.12,3.25,2.5,3.12,2.25,complex_problem_solving|judgment_and_decision_making|social_perceptiveness|coordination|persuasion
17-3011.00,Architectural and Civil Drafters,3.12,3.25,1.0,1.0,1.0,2.88,3.38,2.25,2.25,2.75,2.88,1.12,2.12,1.88,3.0,1.75,2.12,1.0,2.88,3.0,3.0,2.75,2.0,3.12,1.88,3.25,3.12,0.0,0.0,0.0,3.0,3.38,2.12,1.88,2.75,2.62,0.25,1.88,1.5,3.0,1.25,1.75,0.0,2.88,3.12,2.88,2.88,1.38,3.12,1.25,judgment_and_decision_making|coordination|complex_problem_solving|time_management|social_perceptiveness
17-3012.00,Electrical and Electronics Drafters,3.38,3.0,1.25,1.62,1.25,2.75,3.5,1.88,1.88,2.5,2.5,1.5,2.62,2.25,2.62,2.12,2.88,1.12,2.75,2.88,2.88,2.88,2.25,3.12,2.38,3.25,3.0,0.38,0.75,0.38,3.25,3.12,1.25,1.25,2.75,2.88,0.75,2.38,2.0,2.88,1.62,2.75,0.25,2.62,3.0,3.0,2.75,1.75,3.12,1.88,judgment_and_decision_making|complex_problem_solving|time_management|coordination|social_perceptiveness
17-3013.00,Mechanical Drafters,3.25,2.88,1.0,1.38,1.0,2.75,3.0,2.0,1.88,2.25,2.25,1.75,3.38,1.88,2.12,2.25,2.88,1.0,2.12,2.75,2.75,2.75,2.25,3.0,1.88,3.25,2.88,0.0,0.5,0.0,3.12,3.0,1.5,1.38,2.38,2.12,1.12,3.12,1.75,2.12,2.0,3.12,0.0,2.12,2.88,2.88,2.88,2.38,3.0,1.38,operations_analysis|complex_problem_solving|judgment_and_decision_making|time_management|coordination
17-3021.00,Aerospace Engineering and Operations Technologists and Technicians,3.5,2.88,2.88,2.62,2.12,2.75,3.25,2.12,2.12,2.38,2.5,3.0,2.75,3.75,2.62,2.12,3.75,3.0,2.62,2.88,3.0,3.0,2.12,3.12,3.25,3.38,2.88,3.38,2.38,1.88,3.0,3.25,1.62,1.62,2.75,2.62,2.88,2.75,3.5,2.88,1.62,3.62,3.0,2.75,3.0,3.12,3.12,1.38,3.25,3.12,operations_monitoring|quality_control_analysis|complex_problem_solving|troubleshooting|judgment_and_decision_making
17-3022.00,Civil Engineering Technologists and Technicians,3.12,3.0,1.0,1.12,1.0,2.38,3.12,2.12,2.12,2.25,2.5,2.12,2.62,2.38,2.5,1.88,2.12,1.0,2.75,2.88,2.88,2.75,1.75,2.88,1.75,3.25,3.0,0.0,0.25,0.0,2.38,3.12,1.62,2.0,2.25,2.75,2.0,3.0,2.38,2.38,1.0,2.0,0.0,2.62,2.88,3.0,2.75,0.75,2.88,0.88,complex_problem_solving|judgment_and_decision_making|coordination|social_perceptiveness|systems_analysis
17-3023.00,Electrical and Electronic Engineering Technologists and Technicians,3.12,2.62,3.0,2.62,2.88,2.38,3.0,2.0,2.12,2.5,1.88,2.75,2.12,3.0,2.0,2.25,3.0,3.5,2.25,2.62,3.25,3.38,2.5,2.75,3.62,3.12,2.62,3.12,2.38,3.25,2.62,2.88,1.75,1.75,2.38,1.38,3.0,2.12,3.0,2.0,2.0,3.0,3.5,2.12,2.62,3.0,3.0,2.0,2.62,3.75,troubleshooting|repairing|systems_evaluation|systems_analysis|complex_problem_solving
17-3024.00,Electro-Mechanical and Mechatronics Technologists and Technicians,3.25,3.0,3.12,3.12,3.12,2.88,3.38,1.75,2.0,2.75,2.0,3.5,2.25,4.0,2.0,2.5,3.62,3.75,2.25,2.88,3.12,3.12,2.12,3.0,3.88,3.12,3.0,3.62,3.12,3.38,3.12,3.12,1.0,1.62,2.88,1.75,4.0,2.25,4.0,1.88,2.62,3.75,3.88,2.25,2.88,3.12,3.12,1.5,3.0,4.0,operations_monitoring|troubleshooting|repairing|quality_control_analysis|operation_and_control
17-3024.01,Robotics Technicians,3.75,3.0,3.88,3.12,3.12,2.88,3.12,1.75,1.75,2.5,2.38,3.38,2.25,3.75,2.5,2.88,3.62,4.0,2.88,2.88,3.12,3.12,2.75,3.12,4.0,3.62,3.12,3.88,3.25,3.25,3.12,3.12,1.0,1.25,2.38,2.25,3.62,2.25,3.88,2.62,2.75,3.88,4.0,3.0,2.75,3.12,3.25,2.88,2.88,4.0,troubleshooting|repairing|equipment_maintenance|complex_problem_solving|operations_monitoring
17-3025.00,Environmental Engineering Technologists and Technicians,3.12,3.0,2.38,2.5,1.0,2.88,3.25,2.12,2.38,3.0,2.88,2.88,2.75,3.0,2.88,2.12,3.12,2.38,2.75,3.0,3.0,2.88,2.0,3.12,2.75,3.38,3.0,2.0,2.25,0.0,2.88,3.62,2.12,2.75,3.0,2.75,2.75,3.0,3.12,2.88,2.0,3.38,2.25,2.88,3.0,3.0,3.0,1.88,3.12,2.62,judgment_and_decision_making|complex_problem_solving|quality_control_analysis|time_management|social_perceptiveness
17-3026.00,Industrial Engineering Technologists and Technicians,3.62,2.88,2.12,2.25,1.12,3.0,3.25,2.25,2.38,2.62,2.5,2.12,3.12,3.0,2.62,2.0,3.38,2.38,2.5,2.88,3.38,3.38,3.12,3.12,2.12,3.88,3.12,2.0,2.25,0.25,3.0,3.88,2.0,2.12,3.0,2.62,1.5,3.25,3.12,3.0,1.5,3.38,2.5,2.75,3.25,3.75,3.88,3.25,3.12,1.38,complex_problem_solving|quality_control_analysis|systems_analysis|systems_evaluation|judgment_and_decision_making
17-3026.01,Nanotechnology Engineering Technologists and Technicians,3.62,3.25,3.25,2.62,1.0,2.88,3.38,1.75,2.25,2.5,2.25,3.25,2.0,3.5,2.38,2.38,3.25,3.38,2.5,2.75,3.5,3.0,2.25,2.88,3.5,3.62,3.25,3.25,2.75,0.0,3.25,3.25,1.25,2.12,2.0,2.12,3.12,1.62,3.38,2.5,1.88,3.5,3.25,2.25,2.62,3.5,2.88,2.0,2.88,3.5,complex_problem_solving|operations_monitoring|troubleshooting|systems_analysis|repairing
17-3027.00,Mechanical Engineering Technologists and Technicians,3.62,3.0,2.62,2.75,1.38,2.75,3.38,1.88,2.0,2.62,2.75,3.0,2.62,3.5,3.0,2.0,3.25,2.62,2.88,3.0,3.25,3.12,2.38,3.12,2.88,3.5,3.12,2.88,2.75,0.5,3.0,3.38,1.25,1.25,2.75,2.5,3.0,3.0,3.25,3.0,1.38,3.25,2.88,2.75,3.12,3.25,3.25,2.38,3.12,3.25,complex_problem_solving|operations_monitoring|judgment_and_decision_making|quality_control_analysis|systems_analysis
17-3027.01,Automotive Engineering Technicians,3.25,3.0,3.0,2.88,2.38,2.38,3.12,1.75,2.12,2.38,2.38,2.88,2.25,3.25,2.38,2.12,3.25,3.12,2.5,3.0,2.62,2.88,2.0,2.88,3.0,3.25,3.0,3.0,2.88,2.38,2.62,3.25,1.5,2.0,2.25,2.25,2.88,2.25,3.0,2.62,1.88,3.25,3.12,2.12,2.5,2.88,2.88,1.75,2.62,3.12,complex_problem_solving|operations_monitoring|quality_control_analysis|repairing|judgment_and_decision_making
17-3029.01,Non-Destructive Testing Specialists,3.12,3.0,2.62,2.62,1.0,3.0,3.12,1.5,1.88,2.75,2.5,3.12,1.75,3.25,2.5,1.5,3.88,2.0,2.62,3.0,3.12,3.12,1.75,3.0,3.0,3.0,2.88,2.75,2.38,0.0,3.0,3.0,0.5,1.12,3.0,2.25,3.0,0.88,3.12,2.5,0.62,4.0,2.0,2.5,3.0,3.12,3.0,0.88,2.88,2.88,quality_control_analysis|operations_monitoring|complex_problem_solving|operation_and_control|judgment_and_decision_making
17-3029.08,Photonics Technicians,3.12,3.0,3.25,2.75,2.88,2.62,3.0,2.0,2.12,2.25,2.0,2.88,1.88,3.38,2.12,2.12,3.38,3.0,2.38,2.75,2.88,2.88,2.25,3.0,3.12,3.25,3.0,3.0,3.0,3.25,2.75,3.12,1.5,1.75,2.38,2.0,3.0,1.75,3.12,2.0,2.0,3.5,3.0,2.5,2.75,3.0,3.12,2.0,3.0,3.62,operations_monitoring|quality_control_analysis|equipment_maintenance|complex_problem_solving|troubleshooting
17-3031.00,Surveying and Mapping Technicians,3.25,2.88,1.88,2.0,1.12,2.5,3.0,1.88,1.75,2.75,2.25,2.62,1.75,2.5,2.38,2.5,2.5,1.75,2.5,2.75,2.88,2.62,2.0,3.12,1.75,3.12,2.88,1.12,1.75,0.12,2.75,3.0,1.75,1.25,2.75,2.0,2.62,0.88,2.25,2.38,2.25,2.38,0.88,2.62,2.75,2.75,2.25,1.12,3.38,1.12,complex_problem_solving|time_management|judgment_and_decision_making|coordination|systems_analysis
19-1011.00,Animal Scientists,4.0,3.12,1.12,1.12,1.0,3.0,4.0,2.0,2.25,3.0,3.0,1.88,2.75,2.5,3.0,2.0,2.75,1.0,3.0,3.12,3.75,3.25,1.88,3.25,1.88,4.12,3.12,0.12,0.25,0.0,3.25,4.5,1.62,2.0,3.12,3.0,1.88,2.75,2.75,3.12,1.12,2.75,0.0,3.0,3.25,3.75,3.88,1.12,3.25,1.0,complex_problem_solving|judgment_and_decision_making|systems_analysis|systems_evaluation|time_management
19-1012.00,Food Scientists and Technologists,3.88,3.12,1.0,1.88,1.0,3.0,3.88,1.88,2.0,2.62,3.12,2.25,2.62,2.88,3.12,1.5,3.38,1.0,3.0,3.25,3.62,3.62,1.88,3.12,2.0,3.88,3.12,0.0,1.12,0.0,3.25,3.88,1.38,1.5,2.75,3.0,2.12,2.5,3.12,3.38,0.62,3.88,0.0,3.0,3.12,3.75,3.75,1.12,3.5,1.75,complex_problem_solving|judgment_and_decision_making|systems_analysis|systems_evaluation|quality_control_analysis
19-1013.00,Soil and Plant Scientists,3.88,3.0,1.0,1.0,1.0,3.12,3.75,2.0,2.0,2.75,2.75,2.25,3.0,2.75,2.88,2.12,3.0,1.0,2.88,3.0,3.5,3.5,1.75,2.88,1.75,4.25,3.0,0.0,0.0,0.0,3.12,4.25,1.62,2.0,2.62,2.75,2.25,3.75,2.88,3.12,2.0,3.0,0.0,2.88,3.0,3.88,3.88,1.5,2.88,1.0,complex_problem_solving|judgment_and_decision_making|systems_analysis|systems_evaluation|instructing
19-1021.00,Biochemists and Biophysicists,4.12,3.0,1.88,2.25,1.12,3.62,4.0,1.88,2.0,3.0,2.5,2.12,3.12,2.75,3.0,2.25,3.0,1.75,2.5,3.0,3.38,3.12,2.12,2.88,1.88,4.25,3.12,1.12,2.38,0.12,4.38,4.25,1.62,2.0,3.0,2.25,2.12,3.62,2.75,3.0,2.75,3.25,1.12,2.62,3.12,4.0,4.0,2.88,3.5,1.38,complex_problem_solving|judgment_and_decision_making|instructing|systems_analysis|operations_analysis
19-1022.00,Microbiologists,3.62,3.0,1.0,1.75,1.0,3.0,3.75,2.25,2.12,3.0,2.62,2.5,2.88,2.75,2.62,1.88,2.88,1.0,3.0,3.0,3.0,2.88,1.88,3.0,2.0,4.0,3.5,0.0,0.88,0.0,3.62,3.88,2.12,2.12,3.5,2.88,2.62,2.75,2.75,2.88,1.88,2.88,0.0,3.12,3.12,3.62,3.62,1.38,3.88,1.62,judgment_and_decision_making|complex_problem_solving|social_perceptiveness|coordination|instructing
19-1023.00,Zoologists and Wildlife Biologists,4.0,3.75,1.0,1.12,1.0,3.0,4.0,2.38,2.38,3.0,3.0,2.12,2.0,2.62,3.0,1.62,2.12,1.0,3.0,3.12,3.38,3.12,2.0,3.25,1.75,4.0,3.12,0.0,0.25,0.0,3.0,4.0,2.38,2.12,3.12,3.12,2.12,2.0,2.62,3.0,0.75,2.0,0.0,3.0,3.25,3.75,3.25,1.12,3.62,0.75,complex_problem_solving|judgment_and_decision_making|coordination|systems_analysis|time_management
19-1029.01,Bioinformatics Scientists,4.0,2.88,1.0,1.38,1.0,3.0,3.75,1.62,1.62,2.62,2.38,1.5,2.5,2.0,2.62,3.0,1.88,1.0,2.62,3.0,3.38,3.25,2.12,3.25,1.38,4.38,3.12,0.0,0.38,0.0,3.25,4.5,1.0,1.12,2.62,2.62,0.88,2.5,2.0,3.25,3.12,1.62,0.0,3.0,3.25,3.75,3.75,2.38,3.12,0.5,complex_problem_solving|judgment_and_decision_making|systems_analysis|systems_evaluation|time_management
19-1029.02,Molecular and Cellular Biologists,4.0,3.12,1.0,1.88,1.0,3.75,4.0,2.62,2.88,3.0,3.0,2.62,3.12,2.88,3.12,2.12,2.88,1.0,2.62,3.25,3.0,3.0,2.0,3.12,2.0,4.12,3.62,0.0,1.5,0.0,4.12,4.62,2.62,3.0,3.25,3.0,2.5,3.25,2.88,3.0,2.5,2.88,0.0,2.25,3.38,3.75,3.88,2.0,3.88,1.5,complex_problem_solving|judgment_and_decision_making|instructing|social_perceptiveness|coordination
19-1029.03,Geneticists,4.0,3.12,1.0,1.12,1.0,3.75,4.0,2.12,2.12,3.12,3.0,1.75,2.12,2.75,3.12,1.88,2.62,1.0,3.0,3.5,3.62,3.0,1.88,3.0,2.0,4.0,3.25,0.0,0.12,0.0,3.75,4.0,2.12,2.12,3.12,3.0,0.88,1.5,2.75,3.12,1.12,2.62,0.0,2.88,3.75,3.62,3.12,1.12,3.5,1.12,complex_problem_solving|judgment_and_decision_making|instructing|systems_analysis|social_perceptiveness
19-1029.04,Biologists,3.75,3.0,1.0,1.0,1.0,3.0,3.75,1.88,1.88,3.0,2.5,1.88,1.75,1.88,2.75,3.0,2.5,1.0,2.62,3.0,3.0,3.0,1.62,3.0,1.62,4.0,3.0,0.0,0.0,0.0,3.88,4.0,2.0,1.88,3.12,2.5,0.88,1.38,1.62,3.0,3.75,2.75,0.0,2.75,3.0,3.0,3.0,0.62,3.62,0.62,complex_problem_solving|judgment_and_decision_making|social_perceptiveness|coordination|instructing
19-1031.00,Conservation Scientists,3.62,3.12,1.12,1.38,1.12,2.88,3.25,2.25,2.38,2.88,3.0,2.25,2.38,2.38,3.12,1.88,2.25,1.12,3.12,3.25,3.12,3.12,1.88,3.25,2.0,3.75,3.38,0.25,0.5,0.25,3.12,3.5,2.12,2.5,2.88,2.75,1.75,2.12,2.0,3.12,1.25,1.62,0.25,3.0,3.25,3.12,3.25,1.12,3.25,1.62,complex_problem_solving|social_perceptiveness|judgment_and_decision_making|time_management|coordination
19-1031.02,Range Managers,3.88,3.25,1.25,1.12,1.0,2.88,3.75,1.75,1.88,2.75,3.0,2.38,3.0,2.5,3.0,1.38,2.38,1.12,3.0,3.12,3.5,3.5,1.88,3.0,1.62,4.12,3.5,0.25,0.12,0.0,3.12,4.0,1.0,1.5,2.88,3.75,2.12,3.5,2.38,3.12,0.38,2.5,0.12,3.25,3.12,3.62,3.5,1.12,3.12,0.88,complex_problem_solving|judgment_and_decision_making|systems_analysis|systems_evaluation|coordination
19-1031.03,Park Naturalists,3.0,3.0,1.12,1.12,1.0,3.12,3.25,2.0,2.0,3.0,2.62,2.0,2.75,2.0,2.88,1.62,1.62,1.0,3.38,3.75,2.88,2.75,1.75,3.0,1.38,3.0,3.0,0.12,0.12,0.0,3.12,3.25,1.5,1.88,3.0,2.62,2.0,2.88,2.0,2.75,0.75,1.25,0.0,3.25,3.62,2.38,2.62,0.88,3.12,0.75,social_perceptiveness|service_orientation|judgment_and_decision_making|instructing|coordination
19-1032.00,Foresters,3.88,3.62,1.25,1.62,1.0,3.0,3.88,3.0,3.12,3.0,3.38,2.75,2.75,2.75,3.0,1.5,2.25,1.25,3.12,3.25,3.62,3.62,1.62,3.5,1.75,4.25,3.75,0.25,0.88,0.0,3.0,4.25,3.12,3.25,3.75,3.88,2.88,3.38,2.88,3.5,0.5,2.12,0.25,3.0,3.5,3.88,3.75,1.25,3.88,1.25,complex_problem_solving|judgment_and_decision_making|coordination|systems_analysis|systems_evaluation
19-1041.00,Epidemiologists,4.25,3.75,1.0,1.12,1.0,3.25,4.25,2.12,2.0,3.12,2.88,1.0,3.0,1.5,3.12,1.62,1.5,1.0,3.25,3.88,4.0,4.0,1.38,3.25,1.0,4.5,4.12,0.0,0.25,0.0,3.88,4.38,1.88,1.75,3.5,2.88,0.0,3.5,0.62,3.62,0.75,0.62,0.0,3.62,4.12,4.12,4.12,0.38,3.75,0.0,complex_problem_solving|judgment_and_decision_making|systems_analysis|systems_evaluation|social_perceptiveness
19-1042.00,"Medical Scientists, Except Epidemiologists",3.88,3.0,1.0,1.62,1.0,3.25,4.0,1.75,1.88,2.88,2.88,1.88,2.88,2.75,2.88,2.0,2.25,1.0,3.12,3.0,3.75,3.25,1.75,3.12,1.75,4.62,3.0,0.0,0.75,0.0,4.0,4.25,1.5,1.75,3.25,2.88,1.12,3.62,2.62,3.0,1.62,2.75,0.0,3.0,3.25,4.0,4.12,0.75,3.62,0.75,judgment_and_decision_making|complex_problem_solving|systems_analysis|instructing|systems_evaluation
19-2011.00,Astronomers,3.5,3.12,1.38,1.62,1.0,3.0,3.62,2.5,2.0,3.0,2.62,1.75,2.62,2.0,3.0,2.25,1.75,1.12,2.88,3.12,3.0,3.0,2.0,2.88,1.38,4.0,3.12,0.38,0.75,0.0,3.62,3.88,2.5,2.0,3.0,2.62,1.0,3.12,2.0,3.12,2.0,1.0,0.12,3.0,3.12,3.0,3.0,2.0,3.0,0.38,judgment_and_decision_making|complex_problem_solving|social_perceptiveness|coordination|persuasion
19-2012.00,Physicists,4.38,3.12,1.5,2.12,1.0,3.88,3.75,2.12,2.12,3.0,2.62,1.88,3.12,2.62,2.88,3.75,2.62,1.5,2.88,3.25,3.5,3.62,2.75,2.88,2.0,5.0,3.5,0.75,1.62,0.0,4.75,4.75,2.25,2.12,3.0,2.75,1.38,3.5,2.62,3.38,4.38,2.88,0.75,2.88,3.38,4.12,4.0,3.25,3.12,1.62,complex_problem_solving|instructing|programming|judgment_and_decision_making|systems_evaluation
19-2021.00,Atmospheric and Space Scientists,3.88,3.0,1.0,1.0,1.0,3.0,3.75,1.75,1.75,2.88,2.5,1.12,2.62,2.0,2.88,2.0,1.62,1.0,2.88,3.12,3.12,2.88,1.75,3.0,1.0,4.0,3.12,0.0,0.0,0.0,3.5,3.88,1.25,1.25,2.88,2.75,0.12,2.75,1.88,2.88,1.75,0.75,0.0,2.88,3.25,3.62,3.0,1.38,3.0,0.0,complex_problem_solving|judgment_and_decision_making|social_perceptiveness|systems_analysis|coordination
19-2031.00,Chemists,3.62,3.0,2.75,2.5,1.0,3.0,3.25,1.88,2.25,2.75,2.12,2.25,2.5,3.0,2.5,2.12,3.25,2.12,2.5,3.0,3.12,3.12,1.62,3.0,2.88,4.12,3.0,2.5,2.5,0.0,3.5,3.5,1.5,2.25,3.0,2.0,2.12,2.88,2.88,2.38,1.88,3.38,2.0,2.38,2.75,3.25,3.38,1.0,3.12,2.62,complex_problem_solving|quality_control_analysis|judgment_and_decision_making|systems_analysis|systems_evaluation
19-2032.00,Materials Scientists,4.0,3.0,1.38,1.38,1.0,2.88,3.62,2.12,2.12,2.5,2.62,2.0,3.12,2.75,3.12,1.88,2.88,1.38,2.75,3.0,3.0,3.12,1.88,3.0,2.0,4.12,3.0,0.5,0.62,0.0,3.12,3.88,1.75,2.12,3.0,2.62,1.88,3.88,2.75,3.12,1.0,3.0,0.38,2.75,3.0,3.12,3.25,1.62,3.12,1.75,complex_problem_solving|judgment_and_decision_making|persuasion|operations_analysis|systems_evaluation
19-2041.00,"Environmental Scientists and Specialists, Including Health",4.0,3.62,1.0,1.0,1.0,3.12,3.25,2.12,2.12,3.12,3.0,2.0,2.62,2.38,3.0,2.0,2.62,1.0,3.0,3.12,3.0,3.0,1.88,3.25,2.0,4.0,3.5,0.0,0.0,0.0,3.75,3.75,2.25,2.12,3.12,3.0,2.0,2.88,3.0,3.0,2.38,2.62,0.0,3.12,3.5,3.62,3.5,1.5,3.75,2.0,complex_problem_solving|coordination|judgment_and_decision_making|time_management|social_perceptiveness
19-2041.01,Climate Change Policy Analysts,3.75,3.0,1.0,1.0,1.0,3.12,3.12,2.0,2.0,2.75,3.0,1.0,2.12,2.0,3.12,1.88,1.12,1.0,3.0,3.12,3.5,3.62,1.88,3.38,1.0,4.12,3.0,0.0,0.0,0.0,3.25,3.62,1.75,1.75,2.88,3.0,0.0,2.12,1.0,3.62,1.25,0.12,0.0,3.12,3.62,3.88,3.62,1.12,3.38,0.0,complex_problem_solving|systems_evaluation|systems_analysis|time_management|social_perceptiveness
19-2041.02,Environmental Restoration Planners,3.88,3.25,1.0,1.38,1.0,2.88,3.88,2.5,2.5,2.88,3.12,2.12,2.88,2.62,3.0,2.25,2.38,1.0,3.12,3.38,3.62,3.5,2.0,3.0,1.62,4.0,3.88,0.0,0.5,0.0,3.0,4.0,2.25,2.5,2.88,3.12,2.25,2.75,2.75,3.12,1.88,2.38,0.0,3.25,3.12,3.88,3.75,1.62,3.38,0.75,complex_problem_solving|judgment_and_decision_making|systems_analysis|systems_evaluation|social_perceptiveness
19-2041.03,Industrial Ecologists,3.75,3.0,1.0,1.0,1.12,3.0,3.75,2.12,2.12,3.0,2.62,1.0,2.38,1.88,3.0,2.0,2.12,1.0,2.75,3.12,3.75,3.38,1.88,3.0,1.0,4.0,3.0,0.0,0.0,0.25,3.62,4.62,2.0,2.12,3.0,2.62,0.0,2.88,1.12,3.12,2.0,1.88,0.0,2.88,3.25,4.12,3.88,1.62,3.12,0.0,complex_problem_solving|judgment_and_decision_making|systems_analysis|systems_evaluation|social_perceptiveness
19-2042.00,"Geoscientists, Except Hydrologists and Geographers",3.88,3.0,1.38,1.88,1.0,3.0,3.88,1.88,2.0,2.62,2.5,2.0,3.12,2.12,2.88,2.25,2.25,1.38,2.62,3.0,3.25,3.25,1.88,3.0,1.88,4.38,3.12,0.5,1.12,0.0,3.0,4.12,1.0,1.0,2.62,2.75,2.0,3.25,2.12,3.0,2.25,2.12,0.62,2.75,3.0,3.75,3.25,1.0,3.0,1.12,complex_problem_solving|judgment_and_decision_making|systems_analysis|systems_evaluation|operations_analysis
19-2043.00,Hydrologists,3.88,3.0,2.0,2.0,1.75,3.0,3.75,2.0,2.0,2.62,2.62,2.12,2.5,2.88,3.0,2.25,2.75,1.88,2.5,3.0,3.5,3.12,1.88,3.0,2.0,4.25,3.0,1.88,1.75,1.5,3.12,4.0,1.62,1.62,2.88,2.88,2.0,3.0,2.5,3.12,2.75,2.88,1.12,2.88,3.0,4.0,3.75,1.0,3.12,1.88,complex_problem_solving|judgment_and_decision_making|systems_analysis|systems_evaluation|social_perceptiveness
19-2099.01,Remote Sensing Scientists and Technologists,3.75,3.0,1.0,1.5,1.0,3.0,3.75,1.75,1.88,2.88,2.5,2.0,3.25,2.5,2.62,2.88,2.38,1.0,2.88,2.88,3.62,3.62,2.38,2.88,1.5,4.12,3.0,0.0,0.5,0.0,3.38,4.12,1.38,1.75,3.0,2.62,1.62,3.62,2.5,2.88,2.75,1.75,0.0,2.88,3.0,3.88,3.88,2.38,3.12,0.75,complex_problem_solving|judgment_and_decision_making|systems_analysis|systems_evaluation|operations_analysis
19-3011.00,Economists,3.75,3.0,1.0,1.0,1.0,3.25,4.0,1.62,1.62,2.5,2.25,1.0,2.62,1.5,3.0,2.12,1.25,1.0,3.0,3.0,3.12,3.25,1.38,3.0,1.0,4.12,3.0,0.0,0.0,0.0,3.12,4.12,1.0,0.75,2.38,2.5,0.0,2.75,0.62,3.5,1.88,0.25,0.0,3.0,3.0,3.88,3.62,0.38,3.0,0.0,judgment_and_decision_making|complex_problem_solving|instructing|systems_evaluation|systems_analysis
19-3011.01,Environmental Economists,3.62,3.0,1.0,1.0,1.0,3.25,3.62,3.12,2.12,2.62,2.5,1.0,2.0,1.0,3.0,1.88,1.88,1.0,2.75,3.0,3.38,3.12,1.75,3.0,1.0,3.88,3.0,0.0,0.0,0.0,3.5,4.0,3.25,2.12,2.62,2.75,0.0,2.12,0.0,3.25,1.75,1.25,0.0,2.88,3.12,3.75,3.75,1.38,3.0,0.0,complex_problem_solving|judgment_and_decision_making|systems_analysis|instructing|systems_evaluation
19-3022.00,Survey Researchers,3.88,3.38,1.0,1.0,1.0,3.0,3.75,1.88,2.0,3.0,2.88,1.0,2.62,1.75,3.0,2.75,2.25,1.0,3.12,3.12,3.25,3.25,1.88,3.12,1.0,3.88,3.25,0.0,0.0,0.0,3.12,3.88,1.0,1.12,3.0,2.75,0.0,2.75,1.0,3.0,2.88,1.62,0.0,3.12,3.38,3.25,3.5,1.12,3.62,0.0,complex_problem_solving|judgment_and_decision_making|coordination|systems_analysis|systems_evaluation
19-3032.00,Industrial-Organizational Psychologists,4.0,3.75,1.0,1.0,1.0,3.62,4.12,2.12,2.12,3.38,3.25,1.0,3.5,2.0,3.75,2.75,2.0,1.0,3.38,3.88,3.88,4.0,1.88,3.62,1.0,4.12,4.0,0.0,0.0,0.0,3.88,4.0,2.38,2.12,4.0,3.25,0.0,3.5,1.75,3.88,2.88,2.0,0.0,3.5,4.12,4.25,4.5,1.12,3.75,0.0,judgment_and_decision_making|complex_problem_solving|systems_evaluation|social_perceptiveness|systems_analysis
19-3033.00,Clinical and Counseling Psychologists,3.75,3.5,1.0,1.0,1.0,3.25,3.75,1.5,1.5,2.75,3.12,1.0,1.62,1.75,3.5,1.62,1.0,1.0,3.75,4.38,3.0,3.0,1.62,3.25,1.0,3.75,3.12,0.0,0.0,0.0,3.75,3.75,0.88,0.88,3.0,3.12,0.0,0.75,0.88,3.75,0.75,0.0,0.0,3.88,5.0,3.12,3.25,0.62,3.25,0.0,social_perceptiveness|service_orientation|complex_problem_solving|judgment_and_decision_making|coordination
19-3034.00,School Psychologists,4.0,3.75,1.0,1.12,1.0,3.38,4.0,1.0,1.0,2.75,3.5,1.0,1.62,1.38,3.5,1.75,1.38,1.0,3.88,4.25,3.12,3.12,1.62,3.5,1.0,4.12,3.88,0.0,0.38,0.0,3.62,4.0,0.0,0.0,2.75,3.62,0.0,1.0,0.5,3.88,1.12,0.5,0.0,3.88,5.12,3.12,3.88,0.62,3.5,0.0,social_perceptiveness|complex_problem_solving|judgment_and_decision_making|service_orientation|coordination
19-3039.02,Neuropsychologists,4.12,3.25,1.0,1.0,1.0,3.38,4.25,1.75,1.75,2.88,3.0,1.12,1.88,2.0,3.25,1.88,2.25,1.0,3.62,4.12,3.25,3.25,1.62,3.12,1.75,4.62,3.38,0.0,0.0,0.0,3.88,4.38,1.5,1.38,2.88,2.88,0.12,1.25,1.75,3.5,1.38,2.0,0.0,4.0,4.88,3.38,3.75,0.62,3.25,1.12,judgment_and_decision_making|social_perceptiveness|complex_problem_solving|service_orientation|instructing
19-3039.03,Clinical Neuropsychologists,4.0,3.5,1.0,1.0,1.0,3.38,4.12,2.0,1.88,2.75,3.0,1.0,1.5,1.88,3.38,1.75,1.38,1.0,3.75,4.12,3.12,2.75,1.75,3.38,1.0,4.12,4.0,0.0,0.0,0.0,3.88,4.25,1.38,1.38,3.25,3.5,0.0,0.75,1.25,3.88,1.0,0.38,0.0,4.0,4.88,2.75,2.5,0.75,3.5,0.0,social_perceptiveness|judgment_and_decision_making|complex_problem_solving|service_orientation|coordination
19-3041.00,Sociologists,3.62,3.12,1.0,1.0,1.0,3.62,3.62,1.62,1.75,2.88,2.75,1.0,2.38,1.38,2.88,1.75,1.12,1.0,3.0,3.88,3.12,3.12,1.62,3.0,1.0,3.88,3.12,0.0,0.0,0.0,3.75,3.75,0.75,1.38,3.0,2.88,0.0,2.5,0.38,3.0,0.75,0.12,0.0,3.0,4.38,3.5,3.12,0.62,2.88,0.0,social_perceptiveness|instructing|complex_problem_solving|judgment_and_decision_making|coordination
19-3051.00,Urban and Regional Planners,3.75,3.25,1.0,1.0,1.0,3.0,4.12,2.5,2.25,3.0,3.38,1.38,3.12,1.75,3.12,1.75,1.62,1.0,3.25,3.62,4.0,3.75,1.62,3.25,1.0,4.12,3.75,0.0,0.0,0.0,2.88,4.25,2.75,2.25,3.12,3.38,0.5,3.75,1.12,3.75,1.38,1.25,0.0,3.0,3.75,4.12,4.0,1.12,3.75,0.0,judgment_and_decision_making|systems_analysis|complex_problem_solving|systems_evaluation|social_perceptiveness
19-3091.00,Anthropologists and Archeologists,3.75,3.12,1.0,1.12,1.0,3.25,3.25,1.88,2.0,3.0,2.62,1.5,1.5,1.75,2.88,1.5,1.62,1.0,2.75,3.12,3.0,2.88,1.5,3.0,1.0,3.88,3.25,0.0,0.12,0.0,3.62,3.62,1.75,2.0,3.0,2.75,0.5,0.88,1.0,3.0,0.75,0.88,0.0,2.38,3.38,3.0,3.0,0.62,3.0,0.0,complex_problem_solving|instructing|judgment_and_decision_making|social_perceptiveness|coordination
19-3092.00,Geographers,3.5,3.0,1.12,1.0,1.0,3.12,3.62,1.62,1.75,2.5,2.75,1.12,2.5,1.62,2.62,1.88,1.38,1.0,3.0,3.0,3.38,3.12,1.75,3.0,1.0,3.62,3.0,0.12,0.0,0.0,3.5,3.62,1.12,1.5,2.5,2.75,0.12,2.75,0.75,2.75,1.12,0.38,0.0,2.88,3.0,3.62,3.12,0.75,3.12,0.0,judgment_and_decision_making|complex_problem_solving|systems_analysis|instructing|systems_evaluation
19-3093.00,Historians,3.38,3.0,1.0,1.0,1.0,3.12,3.12,1.62,1.75,2.5,2.5,1.0,2.0,1.38,2.75,1.38,1.62,1.0,2.38,3.12,2.25,2.25,1.5,2.88,1.0,3.25,3.0,0.0,0.0,0.0,3.25,3.25,0.75,0.88,2.5,2.38,0.0,1.62,0.38,2.88,0.5,0.62,0.0,2.25,3.12,2.0,2.0,0.5,2.62,0.0,complex_problem_solving|social_perceptiveness|instructing|judgment_and_decision_making|coordination
19-3094.00,Political Scientists,3.62,3.0,1.0,1.0,1.0,3.5,3.62,1.62,1.62,2.12,2.75,1.0,2.5,1.38,2.88,1.5,1.38,1.0,3.0,3.75,3.0,3.12,1.5,2.88,1.0,3.75,3.0,0.0,0.0,0.0,3.5,3.88,0.62,0.75,2.0,3.0,0.0,2.38,0.38,3.0,0.75,0.5,0.0,2.88,3.75,3.5,3.38,0.62,2.88,0.0,social_perceptiveness|complex_problem_solving|judgment_and_decision_making|instructing|systems_evaluation
19-3099.01,Transportation Planners,4.0,3.62,1.0,1.12,1.0,2.88,3.88,2.12,2.38,2.75,3.0,1.62,3.25,1.88,3.0,2.25,1.5,1.0,3.0,3.0,3.5,3.75,1.62,3.25,1.0,4.12,3.75,0.0,0.5,0.0,2.88,4.12,2.0,2.25,2.75,3.0,0.88,3.5,1.75,3.38,2.12,0.62,0.0,3.0,3.0,4.0,4.12,1.0,3.5,0.0,complex_problem_solving|judgment_and_decision_making|systems_evaluation|coordination|systems_analysis
19-4012.00,Agricultural Technicians,2.88,3.0,2.0,2.0,1.0,3.0,3.12,1.88,2.0,2.75,2.5,2.75,1.25,3.0,2.5,1.38,2.0,2.12,2.62,2.88,2.62,2.5,1.5,3.0,2.12,3.0,3.0,1.62,1.5,0.0,3.0,3.0,1.62,1.62,3.0,2.38,2.88,0.25,3.0,2.5,0.5,1.25,1.88,2.75,2.88,2.75,2.5,0.5,3.0,2.12,judgment_and_decision_making|coordination|instructing|operations_monitoring|time_management
19-4012.01,Precision Agriculture Technicians,3.38,3.0,2.5,2.12,1.88,2.75,3.25,1.75,1.88,2.25,2.62,2.88,2.88,2.88,2.75,2.38,2.62,2.38,2.75,2.75,3.12,3.12,1.62,3.0,2.62,3.25,3.0,2.38,2.12,1.38,2.88,3.5,0.75,1.0,2.12,2.62,3.0,2.88,3.0,3.0,1.88,2.88,2.12,3.12,3.0,3.25,3.25,0.75,2.88,2.38,complex_problem_solving|judgment_and_decision_making|systems_analysis|systems_evaluation|coordination
19-4013.00,Food Science Technicians,3.12,3.12,2.0,1.62,1.0,3.0,3.0,1.5,2.0,2.62,2.0,2.12,1.38,2.75,2.0,1.38,3.12,1.75,2.25,2.88,2.25,2.38,1.38,3.0,2.12,3.0,3.12,1.62,1.12,0.0,3.0,3.0,0.5,1.62,2.62,2.0,2.0,0.38,2.88,1.75,0.38,3.0,1.38,2.12,2.88,2.12,2.25,0.38,3.0,1.62,coordination|complex_problem_solving|quality_control_analysis|instructing|judgment_and_decision_making
19-4021.00,Biological Technicians,3.12,3.0,2.25,1.88,1.0,2.25,3.12,1.62,2.0,2.12,1.88,2.62,1.5,3.0,2.0,1.62,3.0,1.88,2.12,2.75,2.88,2.88,1.38,3.0,2.75,3.38,3.0,2.12,1.75,0.0,2.38,3.25,0.75,1.75,2.12,1.38,2.75,0.62,3.0,1.88,1.0,3.0,1.38,2.12,2.75,2.88,2.88,0.5,2.88,2.5,complex_problem_solving|judgment_and_decision_making|coordination|operations_monitoring|quality_control_analysis
19-4031.00,Chemical Technicians,3.12,3.0,2.88,2.75,1.0,3.0,3.12,1.75,2.25,2.5,2.62,3.0,2.5,3.25,2.62,1.5,3.12,2.75,2.75,2.88,3.0,3.12,2.0,3.12,2.88,3.12,3.0,3.0,2.75,0.0,3.12,3.25,1.0,1.88,2.5,2.62,3.0,2.62,3.25,2.25,0.62,3.38,2.75,2.75,2.88,3.0,3.12,1.62,3.0,3.0,operations_monitoring|complex_problem_solving|quality_control_analysis|judgment_and_decision_making|systems_evaluation
19-4042.00,"Environmental Science and Protection Technicians, Including Health",3.25,3.0,1.88,1.75,1.0,2.88,3.25,1.88,2.0,2.38,2.75,2.88,2.62,3.0,2.88,1.88,2.75,1.75,3.0,3.0,3.12,3.0,1.5,3.0,2.0,3.5,3.0,1.25,1.38,0.0,3.12,3.25,1.38,1.75,3.0,2.88,3.0,2.75,2.88,3.0,1.12,2.88,1.25,3.0,3.12,3.12,3.12,0.62,3.12,2.25,complex_problem_solving|judgment_and_decision_making|systems_analysis|social_perceptiveness|coordination
19-4043.00,"Geological Technicians, Except Hydrologic Technicians",3.12,3.0,1.88,2.25,1.0,2.62,3.12,1.75,2.12,2.5,2.38,2.75,1.5,3.0,2.62,1.62,2.25,2.0,2.5,2.88,2.62,2.5,2.0,3.25,2.12,3.25,3.0,1.62,2.0,0.0,2.62,3.0,1.25,1.38,2.38,2.38,2.38,0.88,2.62,3.0,1.25,2.38,1.88,2.5,2.62,2.5,2.25,1.12,3.12,2.0,time_management|complex_problem_solving|judgment_and_decision_making|coordination|operations_monitoring
19-4051.00,Nuclear Technicians,3.25,3.12,2.88,2.62,1.38,3.0,3.25,1.75,1.88,2.38,2.62,3.25,1.62,3.88,2.88,2.12,3.5,2.88,2.75,3.0,2.75,3.0,1.88,3.0,3.25,3.12,3.12,3.12,2.5,0.62,3.12,3.25,1.0,1.25,2.62,2.62,3.5,1.25,4.12,2.88,1.62,3.62,3.0,2.75,3.25,2.88,3.12,1.12,3.12,3.25,operations_monitoring|quality_control_analysis|complex_problem_solving|operation_and_control|troubleshooting
19-4051.02,Nuclear Monitoring Technicians,3.12,3.0,2.12,1.5,1.0,3.25,3.38,2.0,2.0,2.75,2.75,2.75,1.25,3.75,2.88,1.5,3.12,1.62,2.88,3.0,3.0,2.5,1.62,3.0,2.75,3.12,3.0,1.25,0.5,0.0,3.0,3.38,1.12,1.12,2.75,2.75,2.88,0.25,3.62,2.75,0.62,3.12,0.75,2.75,2.88,3.0,2.88,0.62,3.12,2.75,operations_monitoring|judgment_and_decision_making|instructing|complex_problem_solving|quality_control_analysis
19-4061.00,Social Science Research Assistants,3.38,2.88,1.0,1.38,1.0,2.62,3.12,1.75,2.0,2.38,2.38,1.62,2.0,2.12,2.5,2.62,2.5,1.0,2.38,2.88,3.0,2.88,1.75,2.88,1.75,3.12,3.0,0.0,0.5,0.0,2.88,3.12,1.5,2.0,2.38,2.38,0.62,2.0,1.88,2.5,2.75,2.88,0.0,2.5,2.88,2.88,3.0,1.25,2.88,1.38,complex_problem_solving|judgment_and_decision_making|systems_analysis|social_perceptiveness|coordination
19-4071.00,Forest and Conservation Technicians,3.0,3.12,2.0,2.12,1.25,3.12,3.25,2.0,2.0,2.88,2.25,2.75,1.88,2.88,2.88,2.0,2.62,2.0,3.0,3.12,3.0,2.75,2.0,3.25,2.0,3.0,3.25,1.88,1.88,0.25,3.0,3.38,1.38,1.75,3.12,2.38,2.88,1.12,2.88,3.12,1.62,2.75,1.88,2.88,3.12,3.0,3.0,1.12,3.25,2.0,judgment_and_decision_making|time_management|social_perceptiveness|coordination|instructing
19-4092.00,Forensic Science Technicians,3.62,3.12,1.62,2.0,1.0,2.75,3.25,1.38,1.5,2.62,2.38,2.62,1.62,2.75,2.75,1.5,2.5,1.5,3.0,3.25,3.0,3.0,1.38,3.0,2.0,3.62,3.12,1.0,1.88,0.0,3.38,3.62,0.38,0.62,3.0,2.25,2.5,1.12,2.62,2.75,0.75,2.5,0.88,3.0,3.25,3.0,2.88,0.38,3.0,1.75,complex_problem_solving|social_perceptiveness|judgment_and_decision_making|coordination|service_orientation
19-4099.01,Quality Control Analysts,3.38,2.75,2.12,1.88,1.5,2.62,3.0,1.5,1.75,1.88,2.38,2.75,2.0,3.25,2.25,1.75,4.0,1.88,2.75,3.0,3.0,3.0,1.62,3.0,3.0,3.25,2.75,1.62,1.12,0.5,3.0,3.12,0.75,1.38,2.0,2.62,3.0,1.88,3.25,2.5,0.75,4.0,1.38,2.88,3.0,3.0,3.0,1.12,3.0,3.0,quality_control_analysis|complex_problem_solving|operations_monitoring|social_perceptiveness|troubleshooting
19-4099.03,Remote Sensing Technicians,3.25,3.12,2.12,2.12,1.12,2.62,3.38,1.88,2.12,2.62,2.5,2.38,2.0,2.75,2.5,2.75,2.88,1.88,2.5,2.88,3.38,2.75,1.88,2.88,2.38,3.38,3.38,2.0,2.38,0.12,3.25,3.62,1.38,1.88,2.5,2.5,2.25,1.88,3.12,2.88,3.25,2.88,1.5,2.62,2.75,3.12,3.0,1.62,2.75,2.38,judgment_and_decision_making|systems_analysis|complex_problem_solving|coordination|social_perceptiveness
19-5011.00,Occupational Health and Safety Specialists,3.75,3.0,1.38,2.0,1.0,3.25,3.75,2.0,2.0,2.5,2.88,2.0,3.0,3.0,3.12,1.88,3.12,1.38,3.0,3.75,3.75,3.75,1.88,3.0,2.0,3.62,3.12,0.5,1.12,0.0,3.38,3.75,1.75,1.88,3.0,2.88,2.0,3.0,3.5,3.62,1.12,3.38,0.38,3.0,3.75,3.62,3.75,1.0,3.0,2.12,social_perceptiveness|complex_problem_solving|judgment_and_decision_making|systems_analysis|systems_evaluation
19-5012.00,Occupational Health and Safety Technicians,3.25,3.0,1.0,1.0,1.0,3.0,3.25,2.0,2.0,2.62,3.12,2.62,2.12,2.88,3.12,1.88,2.88,1.12,3.0,3.12,3.12,3.0,1.88,3.0,2.0,3.25,3.0,0.0,0.0,0.0,3.0,3.25,1.38,1.75,2.12,3.0,2.25,2.5,3.0,3.12,1.0,2.88,0.25,3.0,3.12,3.0,3.0,1.0,3.0,1.62,complex_problem_solving|judgment_and_decision_making|social_perceptiveness|persuasion|negotiation
21-1011.00,Substance Abuse and Behavioral Disorder Counselors,3.75,3.88,1.0,1.0,1.0,3.25,3.75,1.38,1.38,2.75,3.38,1.38,1.88,1.62,3.88,1.62,1.62,1.0,3.88,4.25,3.12,3.38,1.75,3.0,1.25,3.75,4.0,0.0,0.0,0.0,3.25,3.88,0.38,0.38,3.0,3.12,0.38,1.62,1.12,4.0,0.62,0.75,0.0,4.0,5.0,3.12,3.38,0.75,3.0,0.25,social_perceptiveness|coordination|persuasion|service_orientation|complex_problem_solving
21-1012.00,"Educational, Guidance, and Career Counselors and Advisors",3.75,3.62,1.0,1.0,1.0,3.62,3.62,1.5,1.5,2.88,3.38,1.0,1.38,1.5,3.62,1.5,1.5,1.0,4.0,4.12,3.0,3.0,1.38,3.12,1.25,3.75,3.75,0.0,0.0,0.0,3.62,3.88,0.5,0.62,3.0,3.12,0.0,0.5,0.62,3.75,0.62,0.75,0.0,4.0,4.88,3.0,3.25,0.5,3.38,0.25,social_perceptiveness|service_orientation|complex_problem_solving|coordination|persuasion
21-1013.00,Marriage and Family Therapists,4.0,3.75,1.0,1.0,1.0,3.5,4.0,1.0,1.0,3.12,3.75,1.0,2.75,1.38,3.75,1.0,1.0,1.0,4.12,4.38,3.12,3.25,1.5,3.12,1.0,4.12,3.75,0.0,0.0,0.0,3.75,4.12,0.0,0.0,3.12,3.88,0.0,2.75,0.38,3.75,0.0,0.0,0.0,4.25,5.62,3.62,3.75,0.5,3.0,0.0,social_perceptiveness|service_orientation|complex_problem_solving|judgment_and_decision_making|coordination
21-1014.00,Mental Health Counselors,3.75,3.0,1.0,1.0,1.0,3.0,4.0,1.62,1.5,2.75,3.0,1.0,2.5,1.62,3.62,1.62,1.5,1.0,3.88,5.0,3.0,3.0,1.5,3.0,1.0,4.0,3.5,0.0,0.0,0.0,3.12,4.0,0.62,0.5,3.0,3.75,0.0,2.62,0.62,3.88,0.62,0.5,0.0,4.0,5.75,3.5,3.88,0.5,3.12,0.0,social_perceptiveness|judgment_and_decision_making|service_orientation|complex_problem_solving|persuasion
21-1015.00,Rehabilitation Counselors,3.12,4.0,1.0,1.0,1.0,3.0,3.5,2.12,1.75,2.88,2.88,1.12,2.75,1.38,3.0,1.38,1.38,1.0,4.0,4.12,3.12,3.25,1.62,3.12,1.0,3.75,4.0,0.0,0.0,0.0,3.0,3.62,1.75,0.88,3.0,2.88,0.12,2.75,0.5,3.62,0.38,0.38,0.0,4.12,5.0,3.5,3.62,0.62,3.38,0.0,social_perceptiveness|coordination|service_orientation|judgment_and_decision_making|systems_evaluation
21-1021.00,"Child, Family, and School Social Workers",3.88,3.75,1.0,1.0,1.0,3.12,4.0,1.38,1.38,2.88,3.75,2.0,2.62,2.12,3.75,1.38,1.75,1.0,4.0,4.12,3.12,2.88,1.5,3.75,1.5,3.5,3.88,0.0,0.0,0.0,3.25,4.0,0.38,0.38,3.0,4.0,1.62,3.0,2.0,3.88,0.5,1.0,0.0,4.12,4.62,3.0,3.12,0.62,3.88,0.62,social_perceptiveness|service_orientation|judgment_and_decision_making|complex_problem_solving|coordination
21-1022.00,Healthcare Social Workers,3.88,4.0,1.0,1.0,1.0,3.0,3.62,1.62,1.75,3.12,3.12,1.62,2.88,1.62,3.25,1.62,1.62,1.0,4.12,4.25,2.75,3.12,1.62,3.12,1.0,3.88,4.0,0.0,0.0,0.0,3.0,3.88,0.75,0.88,3.12,3.25,0.88,3.0,0.88,3.75,0.75,0.88,0.0,4.38,5.12,2.5,3.62,0.75,3.25,0.0,social_perceptiveness|service_orientation|coordination|complex_problem_solving|judgment_and_decision_making
21-1023.00,Mental Health and Substance Abuse Social Workers,3.88,3.88,1.0,1.0,1.0,3.25,3.5,1.88,1.88,3.0,3.38,1.38,2.5,2.0,3.75,1.88,1.88,1.0,3.88,4.25,3.25,2.88,1.75,3.25,1.0,4.0,4.0,0.0,0.0,0.0,3.75,3.88,1.0,1.0,3.0,3.75,0.62,2.62,2.0,4.0,1.0,1.0,0.0,4.12,5.12,3.25,3.12,1.0,3.88,0.0,social_perceptiveness|coordination|service_orientation|complex_problem_solving|persuasion
21-1091.00,Health Education Specialists,3.12,3.62,1.0,1.0,1.0,3.38,3.25,2.25,2.12,3.0,3.0,1.5,3.0,1.88,3.12,1.38,1.38,1.0,3.25,3.88,3.12,3.0,1.75,3.38,1.0,3.0,3.25,0.0,0.0,0.0,3.25,3.12,2.12,2.12,3.0,3.12,0.75,3.0,1.62,3.25,0.5,0.38,0.0,3.25,3.88,3.12,3.0,1.0,3.25,0.0,social_perceptiveness|coordination|instructing|time_management|service_orientation
21-1092.00,Probation Officers and Correctional Treatment Specialists,3.75,3.12,1.0,1.0,1.0,3.0,3.62,1.62,1.62,2.25,3.12,2.12,1.75,2.25,3.12,1.62,2.0,1.0,3.0,4.0,2.88,2.75,1.5,3.38,1.62,3.38,3.75,0.0,0.0,0.0,3.0,3.75,1.0,0.88,2.5,3.12,1.38,1.62,1.75,3.75,0.75,1.38,0.0,3.5,4.38,3.0,3.0,0.62,3.38,0.62,social_perceptiveness|complex_problem_solving|judgment_and_decision_making|time_management|coordination
21-1093.00,Social and Human Service Assistants,3.25,3.75,1.0,1.0,1.0,2.88,3.25,2.0,2.0,2.25,3.0,2.0,2.0,2.0,3.38,1.62,1.88,1.0,3.88,4.0,2.75,2.88,1.75,3.0,1.12,3.12,3.38,0.0,0.0,0.0,3.12,3.25,1.25,1.38,2.38,3.0,1.62,1.38,1.38,3.38,0.88,1.25,0.0,4.0,4.12,3.12,3.0,0.88,3.12,0.25,social_perceptiveness|service_orientation|coordination|persuasion|complex_problem_solving
21-1094.00,Community Health Workers,3.62,3.62,1.0,1.0,1.0,3.62,3.38,1.5,1.5,3.0,2.88,1.62,1.38,1.75,3.38,1.25,1.38,1.0,3.75,4.0,3.0,3.0,1.12,3.12,1.12,3.5,3.62,0.0,0.0,0.0,3.38,3.38,0.75,0.88,3.0,2.88,1.0,0.5,1.25,3.75,0.25,0.38,0.0,3.88,4.5,3.0,3.25,0.12,3.0,0.12,social_perceptiveness|service_orientation|coordination|instructing|complex_problem_solving
21-2011.00,Clergy,3.75,3.75,1.0,1.0,1.0,4.0,3.88,2.75,2.75,3.38,3.75,1.38,1.75,1.75,3.88,1.5,1.0,1.0,4.0,4.12,2.88,3.0,1.5,3.88,1.0,3.62,3.75,0.0,0.0,0.0,4.0,4.0,2.62,2.62,3.75,3.88,0.38,0.75,0.75,4.0,0.5,0.0,0.0,4.25,5.0,2.88,3.38,0.62,3.88,0.0,social_perceptiveness|instructing|service_orientation|persuasion|judgment_and_decision_making
21-2021.00,"Directors, Religious Activities and Education",3.5,3.75,1.0,1.0,1.0,3.88,3.62,2.75,2.75,3.0,3.0,1.12,2.88,2.0,3.12,1.75,2.0,1.0,3.88,4.0,3.12,2.88,1.88,3.12,1.5,3.75,3.88,0.0,0.0,0.0,3.25,3.12,3.0,2.75,3.5,3.0,0.12,2.75,1.62,3.75,1.0,1.38,0.0,3.75,4.5,3.0,2.88,1.12,3.5,0.5,social_perceptiveness|instructing|service_orientation|coordination|judgment_and_decision_making
23-1011.00,Lawyers,4.12,3.5,1.0,1.0,1.0,3.12,4.12,2.0,2.0,2.88,4.0,1.0,2.38,1.38,4.0,1.5,1.0,1.0,3.12,3.75,3.38,3.0,1.5,3.62,1.0,4.25,3.38,0.0,0.0,0.0,3.12,4.38,2.12,2.0,3.0,4.38,0.0,2.25,0.38,5.0,0.5,0.0,0.0,3.5,4.0,3.5,3.25,0.5,4.0,0.0,complex_problem_solving|judgment_and_decision_making|persuasion|negotiation|social_perceptiveness
23-1012.00,Judicial Law Clerks,3.5,3.0,1.0,1.0,1.0,2.62,3.25,1.0,1.25,1.75,2.75,1.0,1.25,1.25,2.75,1.5,1.75,1.0,2.62,3.0,2.38,2.38,1.62,3.25,1.0,3.62,3.0,0.0,0.0,0.0,2.75,3.62,0.0,0.25,0.88,2.88,0.0,0.38,0.25,3.25,0.62,0.88,0.0,2.88,3.12,2.38,2.38,0.75,3.25,0.0,complex_problem_solving|judgment_and_decision_making|time_management|social_perceptiveness|coordination
23-1021.00,"Administrative Law Judges, Adjudicators, and Hearing Officers",3.88,3.0,1.0,1.0,1.0,2.88,4.25,1.5,1.25,2.38,3.12,1.0,1.5,1.12,3.0,1.25,1.0,1.0,2.88,4.0,2.88,2.88,1.38,3.38,1.0,4.0,3.0,0.0,0.0,0.0,3.0,4.88,0.75,0.25,2.5,3.5,0.0,0.62,0.12,3.62,0.25,0.0,0.0,3.0,4.0,2.88,2.88,0.38,3.38,0.0,judgment_and_decision_making|social_perceptiveness|complex_problem_solving|time_management|negotiation
23-1022.00,"Arbitrators, Mediators, and Conciliators",3.75,3.12,1.0,1.0,1.0,2.88,3.62,1.38,1.25,2.0,4.62,1.12,1.5,1.38,3.75,1.62,1.0,1.0,3.0,3.75,2.62,2.5,1.25,2.88,1.0,3.75,3.12,0.0,0.0,0.0,3.0,3.75,0.5,0.25,1.75,4.88,0.25,0.5,0.38,4.25,0.75,0.0,0.0,3.0,3.75,2.62,2.5,0.25,2.75,0.0,negotiation|social_perceptiveness|persuasion|complex_problem_solving|judgment_and_decision_making
23-1023.00,"Judges, Magistrate Judges, and Magistrates",4.12,3.0,1.0,1.0,1.0,3.0,4.25,1.62,1.62,2.88,3.25,1.0,2.38,1.25,3.0,1.25,1.0,1.0,3.0,4.0,3.0,2.88,1.75,3.38,1.0,5.0,3.25,0.0,0.0,0.0,3.12,4.75,0.75,0.75,3.12,3.88,0.0,2.38,0.25,3.62,0.38,0.0,0.0,2.88,4.0,3.25,3.0,0.75,4.0,0.0,judgment_and_decision_making|complex_problem_solving|social_perceptiveness|time_management|negotiation
23-2011.00,Paralegals and Legal Assistants,3.0,2.88,1.0,1.0,1.0,2.25,3.0,1.0,1.0,2.0,2.75,1.0,1.5,1.75,2.75,1.75,1.0,1.0,3.0,3.0,2.12,2.0,1.62,3.0,1.0,3.0,3.0,0.0,0.0,0.0,2.25,3.0,0.0,0.0,1.88,2.62,0.0,0.5,0.75,2.88,0.88,0.0,0.0,3.0,3.0,2.0,2.0,0.62,2.88,0.0,social_perceptiveness|service_orientation|complex_problem_solving|judgment_and_decision_making|time_management
23-2093.00,"Title Examiners, Abstractors, and Searchers",3.12,3.0,1.0,1.0,1.0,2.25,3.0,1.75,1.62,2.25,2.12,1.0,1.5,1.62,2.5,1.25,1.12,1.0,2.88,2.75,2.12,2.12,1.25,3.38,1.0,3.0,3.0,0.0,0.0,0.0,2.25,2.62,0.88,0.75,2.62,2.0,0.0,0.62,0.62,2.12,0.38,0.12,0.0,3.0,2.75,2.12,1.88,0.25,3.25,0.0,time_management|complex_problem_solving|coordination|judgment_and_decision_making|service_orientation
25-1011.00,"Business Teachers, Postsecondary",3.5,3.0,1.0,1.0,1.0,4.12,3.38,1.62,1.62,2.62,2.75,1.12,2.25,1.5,2.88,1.88,1.5,1.0,2.75,3.25,3.12,3.12,1.62,3.25,1.0,3.75,3.0,0.0,0.0,0.0,4.62,4.0,0.75,0.88,2.5,2.75,0.12,2.12,0.5,2.88,1.25,0.62,0.0,3.0,3.38,3.25,3.25,0.62,3.5,0.0,instructing|complex_problem_solving|judgment_and_decision_making|social_perceptiveness|time_management
25-1021.00,"Computer Science Teachers, Postsecondary",3.75,3.0,1.38,1.5,1.0,4.12,3.88,2.0,2.0,2.75,3.0,1.62,2.25,2.12,3.0,3.0,2.0,1.0,3.12,3.62,3.38,3.25,2.0,3.12,1.38,4.0,3.12,0.38,0.5,0.0,4.75,3.88,1.0,1.62,3.0,2.88,0.75,2.62,1.25,3.0,3.12,1.62,0.0,3.25,3.75,3.62,3.38,1.88,3.62,0.38,instructing|judgment_and_decision_making|complex_problem_solving|social_perceptiveness|systems_analysis
25-1022.00,"Mathematical Science Teachers, Postsecondary",3.62,3.0,1.0,1.0,1.0,4.0,3.25,1.62,1.62,2.0,2.5,1.0,2.12,1.25,2.62,1.75,1.5,1.0,3.0,3.0,2.88,3.12,1.62,3.12,1.0,3.62,3.0,0.0,0.0,0.0,4.25,3.38,0.62,0.75,2.12,2.62,0.0,1.75,0.25,2.75,0.88,0.5,0.0,3.0,3.25,2.88,3.12,0.62,3.25,0.0,instructing|complex_problem_solving|judgment_and_decision_making|systems_evaluation|time_management
25-1031.00,"Architecture Teachers, Postsecondary",3.62,3.25,1.0,1.12,1.0,4.12,3.88,1.75,2.0,2.75,3.0,1.25,3.12,1.88,3.0,1.88,2.0,1.0,3.12,3.62,3.25,3.25,1.75,3.25,1.25,4.25,3.12,0.0,0.38,0.0,4.88,4.12,1.12,2.0,3.0,3.0,0.5,3.12,1.25,3.0,1.0,1.25,0.0,3.25,3.62,3.25,3.5,0.88,3.5,0.38,instructing|judgment_and_decision_making|social_perceptiveness|complex_problem_solving|coordination
25-1032.00,"Engineering Teachers, Postsecondary",3.25,3.12,1.0,1.12,1.0,4.12,3.75,1.75,1.75,2.75,2.88,1.5,2.75,1.88,2.88,2.0,2.0,1.0,2.75,3.0,3.12,3.12,1.88,3.12,1.38,3.38,3.0,0.0,0.38,0.0,4.62,4.0,1.25,1.25,2.75,3.0,0.62,2.88,1.88,2.88,1.62,1.5,0.0,2.88,3.5,3.38,3.38,1.88,3.0,0.5,instructing|judgment_and_decision_making|complex_problem_solving|coordination|systems_analysis
25-1041.00,"Agricultural Sciences Teachers, Postsecondary",3.62,3.5,1.0,1.0,1.0,4.38,3.75,1.75,1.88,2.75,2.5,1.88,1.75,2.0,2.75,1.75,2.0,1.0,2.88,3.12,2.88,3.12,1.75,3.38,1.75,3.88,3.25,0.0,0.0,0.0,4.75,4.0,1.25,1.75,2.88,2.62,1.12,1.5,1.38,2.88,0.88,1.88,0.0,3.0,3.38,3.25,3.38,0.75,3.5,0.88,instructing|judgment_and_decision_making|complex_problem_solving|coordination|time_management
25-1042.00,"Biological Science Teachers, Postsecondary",3.62,3.0,1.38,1.25,1.0,4.12,3.75,1.75,1.88,2.5,2.88,1.12,2.38,1.75,2.88,1.5,1.88,1.62,3.12,3.25,3.12,3.12,1.38,3.62,1.5,3.75,2.88,0.62,0.38,0.0,4.38,4.12,1.5,1.75,2.75,2.88,0.12,2.38,1.0,2.88,0.5,1.38,0.88,3.12,3.38,3.25,3.25,0.38,3.5,0.88,instructing|judgment_and_decision_making|complex_problem_solving|time_management|social_perceptiveness
25-1043.00,"Forestry and Conservation Science Teachers, Postsecondary",3.88,3.12,1.0,1.0,1.0,4.25,3.25,2.0,2.0,2.88,3.0,2.0,2.38,2.12,3.0,1.88,2.0,1.0,3.0,3.25,3.0,3.12,1.88,3.25,1.62,4.0,3.0,0.0,0.0,0.0,4.88,3.5,1.75,1.75,3.0,2.88,1.38,2.62,1.5,2.88,1.12,1.25,0.0,3.0,3.75,3.0,3.12,1.0,3.25,0.62,instructing|complex_problem_solving|social_perceptiveness|judgment_and_decision_making|time_management
25-1051.00,"Atmospheric, Earth, Marine, and Space Sciences Teachers, Postsecondary",3.75,3.0,1.0,1.0,1.0,4.0,3.5,1.75,2.12,2.88,2.88,1.0,2.38,1.75,2.88,1.88,1.62,1.0,3.0,3.12,3.12,3.0,1.75,3.0,1.12,3.88,3.12,0.0,0.0,0.0,4.25,4.0,1.38,2.12,2.88,3.0,0.0,2.88,1.0,3.0,1.0,0.75,0.0,3.25,3.62,3.62,3.25,0.75,3.62,0.12,instructing|complex_problem_solving|judgment_and_decision_making|social_perceptiveness|systems_analysis
25-1052.00,"Chemistry Teachers, Postsecondary",3.88,3.0,1.12,1.62,1.0,3.88,3.62,2.12,2.0,2.75,2.38,1.12,2.62,2.0,3.0,1.88,2.38,1.0,3.0,3.25,3.12,2.88,1.88,3.0,2.0,4.0,3.0,0.12,0.88,0.0,4.62,3.75,1.75,1.75,3.0,2.38,0.25,3.0,1.88,3.0,1.12,2.12,0.0,3.0,3.38,3.25,3.12,1.25,3.62,1.12,instructing|complex_problem_solving|judgment_and_decision_making|social_perceptiveness|systems_analysis
25-1053.00,"Environmental Science Teachers, Postsecondary",3.75,3.0,1.0,1.0,1.0,4.0,3.25,1.75,2.0,2.75,2.75,1.0,2.5,1.75,2.88,1.38,1.88,1.0,3.0,3.0,3.12,3.12,1.38,3.0,1.38,3.88,3.25,0.0,0.0,0.0,4.38,3.88,1.5,2.0,2.88,2.88,0.0,2.88,0.88,3.0,0.38,1.38,0.0,3.12,3.62,3.12,3.12,0.38,3.5,0.5,instructing|complex_problem_solving|judgment_and_decision_making|systems_analysis|systems_evaluation
25-1054.00,"Physics Teachers, Postsecondary",3.62,3.12,2.12,2.0,1.0,4.25,3.75,2.0,2.0,3.0,2.5,1.62,2.62,2.0,3.0,1.88,2.12,2.25,3.0,3.12,2.88,2.88,1.62,3.25,2.12,4.0,3.12,1.25,1.0,0.0,4.38,3.88,1.38,2.0,3.12,2.5,0.62,2.75,1.62,3.0,1.12,2.12,1.38,3.0,3.12,3.12,3.0,1.0,3.12,1.5,instructing|judgment_and_decision_making|complex_problem_solving|time_management|social_perceptiveness
25-1061.00,"Anthropology and Archeology Teachers, Postsecondary",3.62,3.25,1.0,1.0,1.0,4.5,3.75,1.62,1.88,2.88,2.88,1.0,2.12,1.25,3.0,1.5,1.25,1.0,3.0,3.5,3.12,3.12,1.62,3.75,1.0,3.75,3.25,0.0,0.0,0.0,4.75,4.0,0.62,1.0,3.25,2.88,0.0,2.12,0.25,3.0,0.62,0.38,0.0,3.12,3.75,3.12,3.38,0.62,3.62,0.0,instructing|judgment_and_decision_making|time_management|complex_problem_solving|social_perceptiveness
25-1062.00,"Area, Ethnic, and Cultural Studies Teachers, Postsecondary",3.88,3.0,1.0,1.0,1.0,4.12,3.25,2.12,2.0,2.88,2.62,1.0,2.75,1.38,3.12,1.75,1.5,1.0,3.12,3.38,3.12,3.12,1.88,3.25,1.0,3.62,3.0,0.0,0.0,0.0,3.88,3.62,1.62,1.62,3.12,2.38,0.0,2.75,0.38,3.12,1.0,0.62,0.0,3.0,3.5,3.0,3.0,1.0,3.75,0.0,instructing|complex_problem_solving|social_perceptiveness|judgment_and_decision_making|time_management
25-1063.00,"Economics Teachers, Postsecondary",3.25,2.88,1.0,1.0,1.0,4.0,3.38,1.75,1.75,2.75,2.38,1.0,2.62,1.75,2.62,1.88,1.25,1.0,2.75,3.0,3.0,3.12,1.75,2.88,1.0,3.62,3.0,0.0,0.0,0.0,4.25,3.88,1.12,0.88,2.62,2.12,0.0,2.75,1.12,2.5,1.38,0.25,0.0,2.75,3.5,3.12,3.12,0.75,3.0,0.0,instructing|judgment_and_decision_making|complex_problem_solving|systems_evaluation|social_perceptiveness
25-1064.00,"Geography Teachers, Postsecondary",3.88,3.0,1.0,1.0,1.0,4.12,3.25,2.0,2.0,2.88,2.88,1.0,2.5,1.38,3.0,2.0,1.25,1.0,2.88,3.12,3.0,2.88,1.88,3.25,1.0,3.75,3.38,0.0,0.0,0.0,4.75,3.75,1.38,1.25,3.0,3.0,0.0,2.5,0.5,3.12,1.38,0.38,0.0,3.0,3.25,3.0,3.0,1.12,3.25,0.0,instructing|complex_problem_solving|judgment_and_decision_making|time_management|social_perceptiveness
25-1065.00,"Political Science Teachers, Postsecondary",3.75,3.12,1.0,1.0,1.0,4.0,3.25,1.88,1.88,2.75,2.88,1.0,2.75,1.25,3.12,1.25,1.38,1.0,3.0,3.12,2.88,2.75,1.25,3.0,1.0,4.0,3.0,0.0,0.0,0.0,4.25,3.75,0.88,1.0,2.88,2.88,0.0,2.88,0.25,3.12,0.25,0.5,0.0,3.12,3.5,3.0,3.0,0.25,3.12,0.0,instructing|complex_problem_solving|judgment_and_decision_making|social_perceptiveness|coordination
25-1066.00,"Psychology Teachers, Postsecondary",3.75,3.12,1.0,1.0,1.0,4.12,3.75,1.75,1.88,2.88,2.5,1.0,2.5,1.38,2.62,1.88,1.5,1.0,3.0,3.75,3.12,3.12,1.62,3.0,1.0,3.88,3.0,0.0,0.0,0.0,4.25,4.12,0.75,1.0,3.0,2.5,0.0,2.25,0.38,2.88,1.0,0.5,0.0,3.0,4.5,3.12,3.25,0.75,3.5,0.0,instructing|social_perceptiveness|complex_problem_solving|judgment_and_decision_making|coordination
25-1067.00,"Sociology Teachers, Postsecondary",3.12,2.88,1.0,1.0,1.0,4.0,3.25,1.62,1.75,2.88,2.62,1.0,2.62,1.38,2.75,1.5,1.5,1.0,3.0,3.62,2.88,2.88,1.38,3.38,1.0,3.75,2.88,0.0,0.0,0.0,4.62,4.0,0.75,0.88,2.62,2.75,0.0,2.5,0.38,2.88,0.5,0.5,0.0,3.0,3.88,3.25,3.25,0.38,3.62,0.0,instructing|social_perceptiveness|time_management|judgment_and_decision_making|complex_problem_solving
25-1071.00,"Health Specialties Teachers, Postsecondary",3.75,3.12,1.62,1.62,1.0,4.12,3.88,1.88,1.88,2.88,3.0,1.62,2.38,1.88,3.0,1.38,2.0,1.62,3.0,3.25,2.88,2.88,1.38,3.75,1.62,4.0,3.5,0.75,0.62,0.0,4.38,3.88,1.12,1.25,2.88,3.0,0.62,2.75,1.38,3.12,0.5,1.38,0.75,3.0,3.62,2.88,2.88,0.5,3.88,0.75,instructing|judgment_and_decision_making|complex_problem_solving|time_management|social_perceptiveness
25-1072.00,"Nursing Instructors and Teachers, Postsecondary",3.62,3.75,1.0,1.25,1.0,4.25,3.88,2.0,2.0,3.0,3.0,1.5,2.38,2.0,3.12,1.88,2.12,1.0,3.25,3.75,3.12,3.12,1.88,3.25,2.0,4.0,4.0,0.0,0.38,0.0,5.0,3.88,1.62,1.75,3.0,3.0,0.62,2.5,2.0,3.12,1.12,1.88,0.0,3.25,4.0,3.25,3.25,1.12,3.75,1.0,instructing|judgment_and_decision_making|social_perceptiveness|coordination|complex_problem_solving
25-1081.00,"Education Teachers, Postsecondary",3.75,3.0,1.0,1.0,1.0,4.12,3.12,1.88,2.12,2.75,2.88,1.0,2.62,1.25,2.88,1.5,1.25,1.0,3.0,3.25,3.12,3.12,1.62,3.5,1.0,4.0,3.0,0.0,0.0,0.0,4.25,4.0,1.25,1.88,3.0,2.88,0.0,2.62,0.25,2.88,0.5,0.25,0.0,2.88,3.62,3.25,3.25,0.75,3.5,0.0,instructing|complex_problem_solving|time_management|social_perceptiveness|judgment_and_decision_making
25-1082.00,"Library Science Teachers, Postsecondary",3.62,3.12,1.0,1.0,1.0,4.25,3.25,1.75,1.75,2.88,2.62,1.0,2.0,1.5,2.75,1.75,1.62,1.0,3.0,3.25,3.12,3.12,1.75,3.0,1.0,3.75,3.25,0.0,0.0,0.0,4.12,3.75,1.25,1.38,2.88,2.62,0.0,1.62,0.5,2.75,0.75,0.75,0.0,2.88,3.62,3.38,3.38,0.75,3.5,0.0,instructing|complex_problem_solving|social_perceptiveness|judgment_and_decision_making|coordination
25-1111.00,"Criminal Justice and Law Enforcement Teachers, Postsecondary",3.12,2.88,1.0,1.0,1.0,4.0,3.62,1.5,1.62,2.75,2.75,1.0,2.62,1.5,2.88,1.38,1.12,1.0,3.0,3.12,3.12,2.88,1.25,3.12,1.0,3.75,3.0,0.0,0.0,0.0,4.12,3.62,0.5,0.62,2.88,2.75,0.0,2.25,0.5,3.0,0.5,0.12,0.0,3.0,3.75,3.12,2.88,0.38,3.25,0.0,instructing|judgment_and_decision_making|social_perceptiveness|complex_problem_solving|systems_analysis
25-1112.00,"Law Teachers, Postsecondary",3.62,2.88,1.0,1.0,1.0,4.38,3.88,1.25,1.5,2.62,2.88,1.0,1.62,1.12,3.0,1.5,1.5,1.0,2.88,3.25,3.12,3.12,1.38,3.0,1.0,3.88,2.88,0.0,0.0,0.0,4.62,4.12,0.25,0.62,2.62,3.25,0.0,0.75,0.12,3.5,0.5,0.5,0.0,3.0,3.25,3.25,3.62,0.38,3.0,0.0,instructing|judgment_and_decision_making|complex_problem_solving|social_perceptiveness|systems_analysis
25-1113.00,"Social Work Teachers, Postsecondary",3.75,3.5,1.0,1.0,1.0,4.75,3.62,1.62,1.88,2.88,2.88,1.0,2.75,1.5,2.88,1.75,1.38,1.0,3.25,3.75,3.12,3.12,1.75,3.12,1.0,3.88,3.75,0.0,0.0,0.0,4.88,4.0,0.88,1.5,2.88,3.0,0.0,2.88,0.5,3.0,1.0,0.5,0.0,3.62,3.88,3.12,3.38,0.88,3.62,0.0,instructing|social_perceptiveness|complex_problem_solving|judgment_and_decision_making|coordination
25-1121.00,"Art, Drama, and Music Teachers, Postsecondary",3.38,3.12,1.0,1.25,1.12,4.38,3.25,1.75,2.0,2.75,2.5,1.25,2.62,1.5,2.75,1.38,1.62,1.38,2.88,3.62,3.0,2.88,1.62,3.62,1.0,3.38,3.12,0.0,0.25,0.25,4.75,3.62,1.5,2.0,2.88,2.75,0.25,2.62,0.5,3.0,0.38,0.75,0.5,2.88,3.75,3.0,3.0,0.62,3.75,0.0,instructing|social_perceptiveness|time_management|complex_problem_solving|judgment_and_decision_making
25-1122.00,"Communications Teachers, Postsecondary",3.62,3.12,1.0,1.12,1.0,4.25,3.5,2.12,2.12,2.75,3.12,1.0,2.12,1.5,3.12,1.75,1.12,1.0,3.12,3.38,3.12,3.12,1.5,3.12,1.0,3.62,3.12,0.0,0.12,0.0,4.88,3.75,1.75,1.38,3.12,3.12,0.0,2.12,0.5,3.12,0.75,0.12,0.0,3.12,3.75,3.12,3.12,0.5,3.12,0.0,instructing|complex_problem_solving|judgment_and_decision_making|social_perceptiveness|coordination
25-1123.00,"English Language and Literature Teachers, Postsecondary",3.25,3.0,1.0,1.0,1.0,4.62,3.38,1.0,1.5,3.0,3.0,1.0,2.12,1.25,3.0,1.38,1.25,1.0,3.12,3.12,2.88,2.88,1.5,3.12,1.0,3.5,3.12,0.0,0.0,0.0,4.38,3.75,0.0,0.5,3.0,3.0,0.0,2.0,0.25,3.0,0.62,0.25,0.0,3.12,3.75,3.0,3.0,0.5,3.25,0.0,instructing|judgment_and_decision_making|complex_problem_solving|social_perceptiveness|service_orientation
25-1124.00,"Foreign Language and Literature Teachers, Postsecondary",3.5,3.0,1.0,1.0,1.0,4.0,3.5,1.12,1.62,2.62,2.75,1.0,2.38,1.5,2.75,1.75,1.62,1.0,2.88,3.25,2.75,2.75,1.75,3.0,1.0,3.62,3.0,0.0,0.0,0.0,4.12,3.75,0.12,0.62,2.75,2.75,0.0,2.38,0.5,2.75,0.88,0.75,0.0,3.0,3.62,2.88,3.0,0.88,3.25,0.0,instructing|complex_problem_solving|judgment_and_decision_making|social_perceptiveness|coordination
25-1125.00,"History Teachers, Postsecondary",3.38,3.12,1.0,1.0,1.0,4.0,3.62,1.75,1.75,2.75,3.0,1.0,2.5,1.38,3.0,1.25,1.25,1.0,3.12,3.25,3.0,2.88,1.12,3.75,1.0,3.75,3.12,0.0,0.0,0.0,4.25,3.75,0.88,0.75,3.0,2.88,0.0,2.5,0.38,3.0,0.25,0.25,0.0,3.12,3.88,3.0,3.0,0.25,3.75,0.0,instructing|time_management|judgment_and_decision_making|complex_problem_solving|social_perceptiveness
25-1126.00,"Philosophy and Religion Teachers, Postsecondary",3.5,3.0,1.0,1.0,1.0,4.12,3.38,1.25,1.75,2.75,2.38,1.0,2.38,1.5,2.88,1.75,1.38,1.0,3.0,3.38,3.0,3.12,1.62,3.0,1.0,3.75,3.0,0.0,0.0,0.0,4.38,3.62,0.25,0.88,2.75,2.5,0.0,1.88,0.5,3.12,0.75,0.38,0.0,3.0,3.38,3.12,3.25,0.62,3.0,0.0,instructing|complex_problem_solving|social_perceptiveness|judgment_and_decision_making|systems_evaluation
25-1192.00,"Family and Consumer Sciences Teachers, Postsecondary",3.12,3.0,1.0,1.0,1.0,4.0,3.12,1.62,2.0,2.62,2.38,1.0,2.38,1.62,2.75,1.75,1.88,1.0,2.88,3.12,3.12,3.12,1.75,3.0,1.38,3.25,3.0,0.0,0.0,0.0,4.25,3.62,0.88,1.38,2.62,2.5,0.0,2.25,0.62,2.88,0.75,1.38,0.0,3.0,3.25,3.12,3.25,0.75,3.12,0.38,instructing|social_perceptiveness|complex_problem_solving|judgment_and_decision_making|systems_analysis
25-1193.00,"Recreation and Fitness Studies Teachers, Postsecondary",3.62,3.12,1.0,1.0,1.0,4.12,3.75,2.12,2.0,2.88,3.0,1.0,2.62,1.88,3.12,1.25,2.0,1.0,3.0,3.12,3.12,3.0,1.88,3.75,1.75,3.38,3.25,0.0,0.0,0.0,4.25,3.88,1.38,1.25,2.88,3.0,0.0,2.62,1.12,3.12,0.38,1.12,0.0,3.0,3.88,3.12,3.12,1.0,3.38,0.75,instructing|judgment_and_decision_making|time_management|complex_problem_solving|social_perceptiveness
25-1194.00,"Career/Technical Education Teachers, Postsecondary",3.25,3.12,1.88,2.25,1.12,4.0,3.25,2.0,2.0,2.88,3.0,2.25,2.5,2.38,3.0,1.5,2.25,1.75,3.0,3.25,2.75,2.75,1.88,3.0,2.25,3.12,3.0,1.38,2.12,0.25,4.0,3.0,1.5,1.88,2.88,3.0,1.88,2.62,2.5,3.0,0.62,2.38,1.25,3.0,3.25,2.62,2.88,1.12,3.0,1.88,instructing|social_perceptiveness|complex_problem_solving|judgment_and_decision_making|coordination
25-2011.00,"Preschool Teachers, Except Special Education",3.0,3.75,1.0,1.38,1.0,4.0,3.12,1.5,2.0,2.88,2.88,1.0,1.75,1.75,3.0,1.0,2.0,1.0,3.62,3.75,2.5,2.75,1.5,3.0,1.75,3.0,3.62,0.0,0.38,0.0,3.25,3.0,0.62,1.25,2.88,2.88,0.0,1.38,1.0,3.0,0.0,1.75,0.0,3.0,3.62,2.0,2.12,0.62,3.0,0.75,instructing|social_perceptiveness|coordination|service_orientation|judgment_and_decision_making
25-2012.00,"Kindergarten Teachers, Except Special Education",3.38,3.88,1.0,1.0,1.0,4.12,3.5,1.12,1.75,3.0,3.12,1.0,1.62,1.88,3.25,1.25,1.88,1.0,3.62,4.12,2.88,3.0,1.62,3.75,1.5,3.12,3.38,0.0,0.0,0.0,3.25,3.12,0.25,0.88,3.0,3.12,0.0,0.88,1.25,3.12,0.5,1.0,0.0,3.12,4.0,3.0,3.0,0.88,3.25,0.62,social_perceptiveness|instructing|coordination|time_management|service_orientation
25-2021.00,"Elementary School Teachers, Except Special Education",3.12,3.88,1.0,1.5,1.0,4.25,3.75,1.12,1.75,2.62,3.0,1.12,2.12,1.88,3.12,1.75,1.75,1.0,3.88,4.0,3.0,3.0,1.88,3.75,1.0,3.12,3.75,0.0,0.5,0.0,4.0,3.62,0.12,0.88,2.75,3.0,0.25,1.88,1.0,3.0,0.75,1.0,0.0,3.5,4.0,3.0,3.0,1.0,3.38,0.0,instructing|social_perceptiveness|coordination|service_orientation|judgment_and_decision_making
25-2022.00,"Middle School Teachers, Except Special and Career/Technical Education",3.62,3.75,1.0,1.0,1.0,4.25,3.62,1.88,2.0,2.88,3.0,1.0,1.25,1.88,3.12,1.25,1.75,1.0,3.25,3.88,3.0,3.0,1.75,3.75,1.0,3.25,3.75,0.0,0.0,0.0,4.0,3.0,0.88,1.0,3.0,3.0,0.0,0.25,1.12,3.0,0.25,1.0,0.0,3.25,4.0,3.0,3.0,0.75,3.75,0.0,instructing|social_perceptiveness|coordination|time_management|complex_problem_solving
25-2023.00,"Career/Technical Education Teachers, Middle School",3.12,3.25,1.0,1.25,1.0,4.12,3.38,1.5,2.25,2.5,2.88,1.62,2.38,1.75,3.0,1.5,1.75,1.12,3.38,4.0,3.0,3.0,1.75,3.25,1.12,3.12,3.12,0.0,0.38,0.0,4.0,3.12,0.62,2.12,2.62,3.0,1.0,2.25,1.38,3.0,0.5,1.25,0.12,3.12,4.12,3.0,3.0,0.75,3.0,0.25,instructing|social_perceptiveness|service_orientation|judgment_and_decision_making|coordination
25-2031.00,"Secondary School Teachers, Except Special and Career/Technical Education",3.38,3.75,1.0,1.0,1.0,4.12,3.75,1.75,2.12,2.75,3.0,1.0,1.88,1.62,3.0,1.62,2.0,1.0,3.0,3.88,3.0,3.0,1.62,3.25,1.12,3.12,3.0,0.0,0.0,0.0,4.0,3.75,0.88,1.75,3.0,2.88,0.0,1.25,0.75,3.0,0.75,1.5,0.0,3.38,4.0,3.0,3.0,0.62,3.12,0.12,instructing|social_perceptiveness|coordination|judgment_and_decision_making|complex_problem_solving
25-2032.00,"Career/Technical Education Teachers, Secondary School",3.75,3.88,2.0,1.88,1.0,4.5,3.75,1.88,2.12,2.75,3.12,2.0,1.75,2.38,3.12,1.62,2.25,1.88,3.75,4.0,2.88,3.0,1.88,3.62,2.12,3.5,3.5,1.12,1.0,0.0,4.25,3.12,1.0,2.0,2.62,3.0,2.0,0.88,2.0,3.5,0.75,1.75,1.12,3.38,3.75,3.0,3.0,0.88,3.5,1.5,instructing|social_perceptiveness|coordination|service_orientation|complex_problem_solving
25-2051.00,"Special Education Teachers, Preschool",3.38,3.25,1.0,1.0,1.0,3.88,3.12,1.25,1.5,2.62,2.88,1.0,1.75,1.5,3.0,1.25,1.75,1.0,3.62,4.0,3.0,3.0,1.5,3.0,1.38,3.38,3.5,0.0,0.0,0.0,3.25,3.25,0.38,0.75,2.62,2.88,0.0,1.12,0.5,3.12,0.25,0.88,0.0,3.62,4.12,3.12,3.38,0.5,3.0,0.38,social_perceptiveness|instructing|service_orientation|complex_problem_solving|coordination
25-2055.00,"Special Education Teachers, Kindergarten",3.38,3.38,1.0,1.12,1.0,3.88,3.5,1.25,1.38,2.62,3.0,1.0,1.88,1.75,3.0,1.5,1.0,1.0,3.5,3.62,3.0,2.88,1.5,3.5,1.0,3.0,3.12,0.0,0.25,0.0,3.25,3.25,0.5,0.62,2.62,2.88,0.0,1.38,1.0,3.12,0.62,0.0,0.0,3.25,3.62,3.0,2.62,0.75,3.25,0.0,instructing|social_perceptiveness|service_orientation|judgment_and_decision_making|time_management
25-2056.00,"Special Education Teachers, Elementary School",3.5,3.38,1.0,1.25,1.0,4.25,3.62,1.62,2.12,2.75,2.75,1.5,1.75,1.75,3.12,1.62,2.38,1.0,3.62,4.12,2.75,2.88,2.0,3.12,1.62,3.38,3.25,0.0,0.5,0.0,3.62,3.25,0.88,1.38,2.62,2.5,0.75,1.0,1.0,3.0,0.75,2.12,0.0,3.25,4.25,2.38,2.62,1.25,3.0,0.62,instructing|social_perceptiveness|service_orientation|judgment_and_decision_making|complex_problem_solving
25-2057.00,"Special Education Teachers, Middle School",3.38,3.75,1.0,1.0,1.0,4.12,3.75,1.12,1.38,2.88,3.0,1.12,1.5,1.25,3.0,1.12,1.25,1.0,4.0,4.0,3.0,2.88,1.5,3.75,1.0,3.25,3.75,0.0,0.0,0.0,4.12,3.25,0.12,0.38,3.0,3.0,0.12,0.62,0.25,3.12,0.12,0.25,0.0,3.62,4.12,3.0,3.12,0.5,3.88,0.0,instructing|social_perceptiveness|service_orientation|coordination|judgment_and_decision_making
25-2058.00,"Special Education Teachers, Secondary School",3.75,3.88,1.0,1.0,1.0,4.12,3.62,1.75,1.88,2.88,3.0,1.0,1.88,1.88,3.0,1.5,1.62,1.0,3.88,3.88,3.0,3.0,1.75,3.75,1.0,3.25,3.88,0.0,0.0,0.0,4.0,3.75,0.75,1.5,2.38,3.0,0.0,1.75,1.25,3.0,0.5,1.12,0.0,3.88,4.0,3.0,3.0,0.88,3.38,0.0,instructing|social_perceptiveness|coordination|service_orientation|complex_problem_solving
25-2059.01,Adapted Physical Education Specialists,3.38,3.75,1.0,1.25,1.0,4.12,3.75,1.75,1.88,2.75,3.0,1.25,2.12,1.88,3.12,1.25,2.0,1.0,3.88,4.0,3.12,3.12,1.88,3.25,1.88,3.38,3.75,0.0,0.25,0.0,3.75,3.62,0.88,1.12,2.88,3.0,0.25,2.12,1.75,3.62,0.25,1.75,0.0,3.88,4.0,3.12,3.12,1.25,3.25,0.88,instructing|social_perceptiveness|service_orientation|coordination|judgment_and_decision_making
25-3011.00,"Adult Basic Education, Adult Secondary Education, and English as a Second Language Instructors",3.12,3.0,1.0,1.0,1.0,4.25,3.38,1.12,1.12,2.62,3.0,1.0,1.38,1.88,2.88,1.38,1.12,1.0,3.38,3.5,2.88,2.75,1.88,3.25,1.0,3.0,3.38,0.0,0.0,0.0,4.0,3.0,0.12,0.12,2.88,3.12,0.0,0.62,1.12,3.0,0.62,0.12,0.0,3.12,3.75,2.88,2.88,1.12,3.25,0.0,instructing|social_perceptiveness|service_orientation|judgment_and_decision_making|time_management
25-3021.00,Self-Enrichment Teachers,2.88,3.0,1.0,1.0,1.0,3.38,3.0,1.25,1.5,2.5,2.12,1.62,1.88,1.88,2.62,1.75,2.0,1.0,3.0,3.12,2.25,2.25,1.75,2.88,1.62,2.88,3.0,0.0,0.0,0.0,3.25,3.0,0.25,0.5,2.25,2.0,0.75,1.5,1.38,2.88,0.75,1.25,0.0,3.0,3.25,2.12,2.12,0.75,2.75,0.62,instructing|social_perceptiveness|coordination|service_orientation|judgment_and_decision_making
25-3031.00,"Substitute Teachers, Short-Term",2.88,2.88,1.0,1.12,1.0,3.38,2.75,1.0,1.25,2.5,2.62,1.12,1.62,1.5,2.88,1.25,1.25,1.0,3.0,3.5,2.25,2.0,1.5,3.12,1.0,2.75,2.75,0.0,0.12,0.0,3.12,2.75,0.0,0.5,2.25,2.62,0.12,0.75,0.75,2.88,0.38,0.5,0.0,3.0,3.62,2.12,1.75,0.88,2.88,0.0,social_perceptiveness|instructing|time_management|service_orientation|coordination
25-3041.00,Tutors,3.62,3.0,1.0,1.0,1.0,4.12,3.25,1.0,1.25,2.75,3.0,1.0,1.75,1.38,3.0,1.38,1.12,1.0,3.38,3.75,2.5,2.25,1.38,3.12,1.0,3.12,3.0,0.0,0.0,0.0,3.88,3.25,0.0,0.38,2.62,2.88,0.0,0.88,0.5,3.12,0.5,0.25,0.0,3.12,3.12,2.75,2.75,0.5,3.38,0.0,instructing|social_perceptiveness|complex_problem_solving|service_orientation|judgment_and_decision_making
25-4011.00,Archivists,3.25,2.88,1.0,1.0,1.0,2.88,3.12,1.88,2.0,2.5,2.5,1.0,2.12,1.75,2.62,1.5,2.12,1.0,3.12,2.75,2.88,2.88,1.62,2.88,1.62,3.12,2.88,0.0,0.0,0.0,2.88,3.25,1.62,2.0,2.88,2.5,0.0,2.12,1.38,2.75,0.62,2.0,0.0,3.12,2.88,3.0,2.88,0.88,2.88,0.62,complex_problem_solving|service_orientation|judgment_and_decision_making|coordination|instructing
25-4012.00,Curators,3.62,3.12,1.0,1.12,1.12,3.0,3.5,2.88,3.0,3.0,3.0,1.38,2.38,1.75,3.0,1.75,2.38,1.0,2.88,3.25,3.38,3.25,1.75,3.12,1.5,3.62,3.75,0.0,0.12,0.12,3.38,3.88,3.62,3.75,3.62,3.38,0.38,2.38,1.25,3.62,1.0,2.5,0.0,3.0,3.38,3.38,3.75,0.88,3.62,0.5,complex_problem_solving|judgment_and_decision_making|systems_analysis|social_perceptiveness|systems_evaluation
25-4013.00,Museum Technicians and Conservators,3.25,3.0,1.5,1.5,1.5,3.0,3.25,1.88,2.25,2.75,2.38,1.88,1.62,2.0,2.38,1.38,2.75,1.75,2.75,3.0,2.62,2.62,1.5,2.88,1.62,3.25,3.25,0.62,0.62,0.5,3.0,3.25,1.62,2.0,2.75,2.5,1.38,0.88,1.88,2.5,0.5,2.88,1.0,2.88,3.12,2.62,2.62,0.88,2.75,0.88,complex_problem_solving|judgment_and_decision_making|social_perceptiveness|coordination|instructing
25-4022.00,Librarians and Media Collections Specialists,3.0,3.0,1.12,1.12,1.0,3.12,3.25,2.75,2.62,2.88,2.5,1.38,1.75,1.62,2.5,1.75,1.75,1.12,3.38,3.25,2.5,2.5,1.5,3.0,1.38,2.88,3.0,0.12,0.12,0.0,3.12,3.12,2.75,2.5,3.0,2.5,0.5,1.25,0.88,2.5,0.88,1.12,0.12,3.38,3.12,2.25,2.25,0.62,3.12,0.5,service_orientation|social_perceptiveness|judgment_and_decision_making|instructing|coordination
25-4031.00,Library Technicians,2.5,3.0,1.62,1.12,1.0,2.62,2.88,1.88,2.0,2.75,1.75,1.75,1.62,1.88,2.12,1.62,1.5,1.12,3.12,3.0,2.0,2.0,1.38,2.75,1.62,2.0,3.0,0.62,0.12,0.0,2.88,2.5,1.0,1.38,2.62,1.5,0.88,1.0,1.0,2.0,0.75,0.5,0.12,3.25,2.88,2.0,1.88,0.5,2.62,0.75,service_orientation|social_perceptiveness|coordination|judgment_and_decision_making|time_management
25-9021.00,Farm and Home Management Educators,3.75,3.75,1.0,1.25,1.0,3.88,3.88,2.62,2.5,2.88,3.12,2.25,2.5,2.25,3.5,1.62,1.88,1.0,3.62,3.88,3.62,3.62,1.88,3.38,1.38,4.0,3.88,0.0,0.25,0.0,3.88,4.0,2.75,2.5,2.88,3.25,2.25,2.5,2.12,3.88,0.88,1.25,0.0,3.88,4.0,3.88,4.0,1.5,3.25,0.5,social_perceptiveness|instructing|judgment_and_decision_making|coordination|complex_problem_solving
25-9031.00,Instructional Coordinators,3.88,3.88,1.0,1.12,1.0,4.12,3.75,2.25,2.5,3.12,3.12,1.0,2.0,1.62,3.25,1.62,1.88,1.0,3.62,3.88,3.25,3.25,1.75,3.62,1.5,3.88,3.88,0.0,0.12,0.0,4.25,4.12,2.38,2.5,3.38,3.38,0.0,1.5,1.25,3.38,0.62,1.5,0.0,3.62,4.0,3.75,3.88,0.75,3.88,0.5,instructing|social_perceptiveness|coordination|complex_problem_solving|judgment_and_decision_making
25-9042.00,"Teaching Assistants, Preschool, Elementary, Middle, and Secondary School, Except Special Education",3.12,3.5,1.0,1.0,1.0,3.38,2.75,1.75,2.38,2.38,2.88,1.12,1.25,2.0,3.0,1.5,1.62,1.0,3.5,3.75,2.12,2.25,1.62,3.25,1.75,3.0,3.12,0.0,0.0,0.0,3.0,2.88,0.88,1.5,2.25,2.88,0.25,0.62,1.38,3.0,0.62,1.25,0.0,3.38,3.38,2.0,2.0,1.0,3.12,1.25,social_perceptiveness|coordination|service_orientation|instructing|time_management
25-9043.00,"Teaching Assistants, Special Education",3.0,3.12,1.12,1.38,1.0,3.5,2.88,1.12,1.38,2.38,2.88,1.38,1.38,1.62,3.12,1.62,1.38,1.0,3.62,3.75,2.25,2.25,1.5,2.75,1.0,2.25,3.0,0.12,0.62,0.0,3.0,2.5,0.25,0.38,1.75,2.62,0.62,0.62,0.88,3.0,0.75,0.75,0.0,3.12,3.38,1.62,1.88,0.88,2.38,0.0,social_perceptiveness|service_orientation|instructing|coordination|persuasion
25-9044.00,"Teaching Assistants, Postsecondary",3.12,3.12,1.0,1.0,1.0,3.5,3.0,1.38,1.75,2.25,2.38,1.0,2.0,2.0,2.38,1.75,2.12,1.0,3.12,3.12,2.25,2.25,1.88,3.0,1.75,3.12,3.0,0.0,0.0,0.0,3.5,3.0,0.38,0.88,2.25,2.25,0.0,2.0,1.25,2.62,1.0,1.5,0.0,3.12,3.12,2.38,2.12,1.12,3.0,0.88,instructing|social_perceptiveness|coordination|service_orientation|complex_problem_solving
27-1011.00,Art Directors,3.62,3.62,1.12,1.12,1.0,3.12,3.75,2.5,2.38,3.0,3.0,1.0,3.38,1.75,3.38,1.5,2.12,1.12,3.0,3.25,3.0,3.0,1.5,3.62,1.12,3.75,3.88,0.12,0.12,0.0,3.38,3.88,2.75,2.62,3.25,3.25,0.0,3.5,1.0,3.75,0.75,2.0,0.12,3.12,3.38,3.0,3.38,0.5,3.62,0.12,judgment_and_decision_making|coordination|complex_problem_solving|time_management|persuasion
27-1012.00,Craft Artists,2.75,2.5,1.88,2.0,1.0,1.62,2.88,2.12,2.38,2.0,2.0,2.0,2.62,2.0,2.75,1.38,2.5,1.88,2.75,2.88,2.0,2.0,1.5,2.5,1.88,2.75,2.12,1.38,2.0,0.0,0.88,3.0,2.0,2.0,2.0,2.0,2.0,2.12,2.0,3.0,0.38,2.38,1.38,2.88,3.0,1.88,2.0,0.5,2.0,1.38,social_perceptiveness|judgment_and_decision_making|persuasion|service_orientation|complex_problem_solving
27-1013.00,"Fine Artists, Including Painters, Sculptors, and Illustrators",2.88,2.5,1.0,2.0,1.0,1.75,3.0,2.0,1.88,1.75,2.0,2.12,2.62,2.38,2.38,1.62,2.38,1.0,2.5,2.88,2.25,2.12,1.62,2.88,1.88,2.88,2.25,0.0,1.62,0.0,0.88,3.0,1.75,1.38,1.25,1.75,1.88,2.75,2.0,2.0,0.62,2.5,0.0,2.5,2.75,2.0,2.12,1.25,2.75,1.38,judgment_and_decision_making|social_perceptiveness|complex_problem_solving|time_management|operations_analysis
27-1014.00,Special Effects Artists and Animators,3.0,2.88,1.0,1.88,1.0,2.75,3.12,1.88,1.88,2.38,2.62,2.25,2.12,2.0,2.88,2.12,1.75,1.0,2.75,2.88,2.88,2.75,1.88,3.0,1.12,3.25,3.62,0.0,1.12,0.0,3.0,3.12,1.88,1.88,2.5,3.0,2.0,1.75,1.88,3.0,1.62,0.88,0.0,2.88,2.88,3.0,2.75,1.75,3.0,0.12,judgment_and_decision_making|complex_problem_solving|time_management|social_perceptiveness|coordination
27-1021.00,Commercial and Industrial Designers,3.75,3.12,1.0,1.88,1.0,2.75,3.25,2.0,2.0,2.75,2.88,2.0,3.25,2.38,3.12,1.88,2.75,1.0,2.88,3.12,3.0,3.0,3.12,3.25,1.75,3.88,3.62,0.0,1.88,0.0,2.88,3.75,1.75,2.12,2.88,2.75,1.5,3.88,2.5,3.62,1.5,2.88,0.0,2.38,3.25,3.5,3.75,3.62,3.12,0.88,complex_problem_solving|operations_analysis|judgment_and_decision_making|time_management|social_perceptiveness
27-1022.00,Fashion Designers,3.62,3.75,1.0,1.5,1.0,3.5,3.75,2.62,2.75,3.5,3.62,1.0,3.25,2.12,3.62,1.38,2.38,1.0,3.5,3.75,3.0,2.88,1.75,3.75,1.75,3.25,3.75,0.0,0.5,0.0,3.0,3.62,2.75,2.62,3.25,3.12,0.0,3.25,1.75,3.62,0.5,2.25,0.0,2.88,3.75,3.0,3.5,1.0,3.75,0.88,social_perceptiveness|coordination|judgment_and_decision_making|time_management|persuasion
27-1023.00,Floral Designers,2.75,2.75,1.0,1.38,1.0,2.25,3.0,2.0,2.62,2.12,2.38,1.5,2.75,1.5,2.75,1.12,2.0,1.0,3.25,3.12,2.12,2.0,1.5,3.12,1.12,2.88,2.75,0.0,0.38,0.0,2.25,2.75,1.75,2.25,2.0,2.62,0.5,2.75,0.62,2.75,0.12,1.38,0.0,3.0,2.88,2.0,2.0,0.5,2.88,0.12,service_orientation|social_perceptiveness|time_management|judgment_and_decision_making|coordination
27-1024.00,Graphic Designers,3.12,3.12,1.0,1.12,1.0,2.75,3.12,1.88,2.0,2.25,3.0,1.12,2.75,2.0,3.0,2.12,1.88,1.0,3.0,3.12,2.88,2.62,2.25,3.12,1.0,3.12,3.12,0.0,0.12,0.0,3.0,3.0,1.12,1.12,2.5,3.12,0.12,2.75,1.75,3.12,1.38,1.12,0.0,3.0,3.0,2.75,2.75,1.88,3.0,0.0,social_perceptiveness|coordination|complex_problem_solving|judgment_and_decision_making|time_management
27-1025.00,Interior Designers,3.62,3.75,1.0,1.0,1.0,3.0,3.5,2.75,2.75,2.88,3.12,1.75,3.12,2.0,3.5,1.88,2.0,1.0,3.75,3.75,3.0,2.62,1.88,3.38,1.88,3.75,3.75,0.0,0.0,0.0,3.0,3.25,2.88,2.75,3.0,3.62,0.88,3.0,1.88,3.62,1.0,1.88,0.0,3.88,3.25,3.12,2.88,1.0,3.0,0.88,social_perceptiveness|coordination|service_orientation|complex_problem_solving|persuasion
27-1026.00,Merchandise Displayers and Window Trimmers,2.88,3.0,1.0,1.38,1.12,2.25,3.12,1.62,2.0,2.25,2.38,1.75,2.38,1.75,2.88,1.5,2.12,1.0,2.88,3.0,2.38,2.25,1.75,3.0,1.62,2.88,3.12,0.0,0.5,0.12,2.38,3.0,0.75,1.5,2.38,2.25,1.0,2.0,1.0,3.0,0.5,1.75,0.0,2.88,2.88,2.38,2.38,0.75,2.88,0.75,judgment_and_decision_making|social_perceptiveness|coordination|time_management|persuasion
27-1027.00,Set and Exhibit Designers,3.38,3.5,1.38,1.88,1.5,3.0,3.38,2.75,2.75,2.88,3.0,1.75,3.75,2.0,3.0,1.75,2.25,1.38,3.0,3.0,3.0,2.88,1.88,3.75,1.5,3.88,3.5,0.5,1.38,0.62,3.0,3.12,2.75,2.75,3.38,3.0,1.25,3.75,1.88,3.25,0.88,2.25,0.38,3.12,3.12,3.0,2.88,1.62,3.62,1.0,operations_analysis|time_management|coordination|complex_problem_solving|judgment_and_decision_making
27-2011.00,Actors,2.5,3.0,1.0,1.0,1.0,2.38,2.88,1.0,1.0,1.62,2.38,1.0,1.5,1.0,2.62,1.0,1.12,1.0,2.25,3.62,2.0,2.0,1.38,3.0,1.0,2.38,3.0,0.0,0.0,0.0,2.25,2.88,0.0,0.0,1.25,2.5,0.0,0.75,0.0,2.75,0.0,0.12,0.0,2.12,3.75,1.75,1.88,0.5,2.88,0.0,social_perceptiveness|coordination|time_management|judgment_and_decision_making|persuasion
27-2012.00,Producers and Directors,3.38,3.88,1.0,1.75,1.0,2.88,3.5,3.0,2.75,3.62,3.25,1.88,2.12,2.25,3.0,1.75,2.5,1.0,3.0,3.88,3.5,3.25,2.0,3.62,1.75,3.5,4.5,0.0,1.12,0.0,3.25,3.62,3.62,3.25,4.0,3.38,1.75,2.0,2.12,3.5,0.88,2.5,0.0,2.88,3.88,3.5,3.25,1.62,4.12,1.0,social_perceptiveness|coordination|time_management|management_of_personnel_resources|judgment_and_decision_making
27-2012.03,Media Programming Directors,3.75,4.0,1.0,1.0,1.0,3.0,4.12,2.75,3.0,3.88,3.62,2.25,3.0,2.38,3.25,1.5,2.25,1.0,3.0,3.75,3.25,3.25,1.75,4.0,1.38,4.0,4.25,0.0,0.0,0.0,3.38,4.12,2.88,3.0,3.75,3.25,2.0,3.12,2.38,3.5,0.75,1.38,0.0,3.0,3.88,3.62,3.75,1.0,3.88,0.38,judgment_and_decision_making|coordination|time_management|management_of_personnel_resources|social_perceptiveness
27-2012.04,Talent Directors,3.25,3.25,1.0,1.0,1.0,3.0,3.88,2.0,1.88,3.0,3.38,1.0,2.12,1.38,3.12,1.62,1.5,1.0,2.75,3.88,2.62,2.38,1.5,3.25,1.25,3.25,3.38,0.0,0.0,0.0,3.0,3.5,1.75,1.38,3.0,3.75,0.0,2.0,0.5,3.25,0.62,0.62,0.0,3.0,3.75,2.88,2.62,0.5,3.0,0.25,social_perceptiveness|judgment_and_decision_making|negotiation|coordination|complex_problem_solving
27-2012.05,Media Technical Directors/Managers,3.5,4.0,2.0,2.5,1.0,3.0,3.62,1.75,2.38,2.88,2.88,3.0,2.0,3.25,3.38,1.75,3.12,1.88,2.75,3.38,3.12,3.12,1.88,3.5,2.0,3.62,4.0,2.0,2.75,0.0,3.62,3.62,1.5,2.0,3.5,3.0,3.0,1.88,3.25,3.25,1.12,3.12,1.5,2.88,3.62,3.75,3.25,1.62,3.75,2.0,coordination|judgment_and_decision_making|complex_problem_solving|time_management|social_perceptiveness
27-2021.00,Athletes and Sports Competitors,3.0,3.62,1.88,1.0,1.0,3.0,3.25,1.62,1.75,2.88,2.88,1.75,2.0,2.38,3.0,1.0,2.0,1.0,2.88,3.12,2.12,2.38,1.88,3.0,1.88,2.88,3.75,0.88,0.0,0.0,3.0,2.88,1.0,1.12,2.5,2.38,1.38,2.0,1.88,2.5,0.0,1.38,0.0,2.75,3.0,2.12,2.38,0.88,3.0,1.0,coordination|judgment_and_decision_making|social_perceptiveness|persuasion|instructing
27-2022.00,Coaches and Scouts,3.88,3.88,1.0,1.88,1.0,4.75,4.0,2.0,2.5,3.88,3.62,1.62,2.75,2.0,3.88,1.25,2.62,1.0,3.75,4.0,3.88,3.62,1.88,3.88,1.88,3.88,4.12,0.0,1.38,0.0,4.75,4.12,2.38,2.62,4.38,4.0,1.25,2.88,2.0,4.12,0.38,2.5,0.0,3.88,4.0,3.88,4.12,1.5,4.0,1.0,instructing|social_perceptiveness|judgment_and_decision_making|coordination|persuasion
27-2023.00,"Umpires, Referees, and Other Sports Officials",3.0,3.0,1.12,1.12,1.0,2.88,3.25,1.0,1.0,2.12,2.75,1.12,1.75,1.75,2.75,1.0,2.0,1.0,2.75,3.0,2.0,2.38,1.5,2.88,1.38,2.75,3.0,0.12,0.12,0.0,2.75,3.0,0.0,0.0,2.0,2.75,0.12,1.0,0.75,2.62,0.0,1.0,0.0,2.75,2.75,2.0,1.88,0.5,2.88,0.38,judgment_and_decision_making|social_perceptiveness|coordination|complex_problem_solving|instructing
27-2031.00,Dancers,2.5,3.0,1.0,1.0,1.0,2.5,2.62,1.0,1.0,2.38,2.0,1.0,1.5,1.38,2.5,1.0,1.0,1.0,2.75,2.88,2.0,1.75,1.12,2.88,1.0,2.12,3.75,0.0,0.0,0.0,2.75,2.25,0.0,0.0,2.0,2.12,0.0,0.62,0.38,2.62,0.0,0.0,0.0,2.62,3.0,1.75,1.38,0.12,2.5,0.0,coordination|social_perceptiveness|time_management|service_orientation|judgment_and_decision_making
27-2032.00,Choreographers,3.0,3.88,1.0,1.0,1.0,4.0,3.25,1.62,1.75,3.12,3.0,1.0,2.75,1.5,3.0,1.12,1.25,1.0,3.25,3.62,2.62,2.75,1.62,3.38,1.0,3.0,4.0,0.0,0.0,0.0,4.0,3.0,0.62,0.88,3.38,3.0,0.0,2.75,0.5,3.12,0.12,0.25,0.0,3.25,3.88,2.62,2.75,0.75,3.38,0.0,instructing|coordination|social_perceptiveness|time_management|service_orientation
27-2041.00,Music Directors and Composers,3.12,3.38,1.0,1.38,1.0,2.88,3.5,2.25,2.12,3.12,3.0,1.38,2.25,1.25,3.25,1.88,1.62,1.0,2.75,3.12,2.88,3.0,1.62,3.12,1.25,3.12,3.75,0.0,1.0,0.0,3.0,3.12,2.38,1.5,3.12,3.12,0.62,2.12,0.38,3.25,1.12,1.12,0.0,2.62,3.62,3.0,3.0,1.25,3.12,0.38,judgment_and_decision_making|coordination|persuasion|social_perceptiveness|complex_problem_solving
27-2042.00,Musicians and Singers,2.38,3.0,1.12,1.38,1.12,2.5,2.62,1.25,1.38,2.12,2.62,1.38,1.88,2.12,2.75,1.25,1.62,1.12,2.88,3.12,2.75,2.5,1.75,2.88,1.38,2.62,3.12,0.25,0.5,0.25,3.0,2.75,0.38,0.62,2.25,2.5,0.62,1.5,1.5,2.38,0.38,1.0,0.25,2.62,3.12,2.62,2.38,1.0,2.5,0.62,social_perceptiveness|coordination|service_orientation|time_management|persuasion
27-2091.00,"Disc Jockeys, Except Radio",2.38,3.0,1.75,1.88,1.12,2.0,2.88,2.38,2.38,2.5,2.62,2.88,1.5,2.75,2.88,1.62,2.62,1.75,3.25,3.75,2.12,2.12,1.5,3.25,2.0,2.0,2.75,1.0,1.12,0.12,2.38,2.25,2.0,2.12,2.0,2.5,2.62,0.62,2.62,2.75,0.88,2.62,1.38,3.12,3.12,1.88,1.88,0.62,2.75,1.62,social_perceptiveness|service_orientation|time_management|coordination|persuasion
27-3011.00,Broadcast Announcers and Radio Disc Jockeys,3.0,3.0,1.38,1.38,1.0,2.12,3.0,1.5,1.5,2.0,2.5,2.12,1.88,2.12,2.88,1.12,1.88,1.25,3.0,3.75,2.0,2.12,1.12,3.25,1.5,3.0,3.38,0.38,0.38,0.0,2.0,3.0,0.5,0.5,2.0,2.75,2.0,1.0,2.0,2.88,0.12,1.38,0.25,3.0,3.75,2.0,2.0,0.12,3.12,0.5,social_perceptiveness|time_management|coordination|service_orientation|complex_problem_solving
27-3023.00,"News Analysts, Reporters, and Journalists",3.38,3.38,1.0,1.12,1.0,2.38,3.25,1.62,1.62,2.5,2.75,1.62,1.38,1.75,3.25,1.75,1.75,1.0,2.88,3.75,2.5,2.5,1.62,3.62,1.0,3.25,3.38,0.0,0.12,0.0,2.5,3.38,0.75,0.75,2.5,2.88,1.25,0.62,1.25,3.5,0.88,1.25,0.0,2.75,3.88,2.25,2.25,0.88,3.25,0.0,social_perceptiveness|time_management|coordination|complex_problem_solving|persuasion
27-3031.00,Public Relations Specialists,3.38,3.88,1.0,1.0,1.0,3.0,3.5,1.88,1.75,2.62,3.25,1.0,2.75,1.62,3.75,1.38,1.38,1.0,3.12,4.0,3.12,3.25,1.75,3.88,1.0,3.5,4.0,0.0,0.0,0.0,3.0,4.0,1.75,1.5,2.75,3.38,0.0,2.88,0.62,4.12,0.5,0.5,0.0,3.12,4.12,3.12,3.38,1.38,3.88,0.0,social_perceptiveness|coordination|time_management|persuasion|judgment_and_decision_making
27-3041.00,Editors,3.25,3.0,1.0,1.0,1.0,3.0,3.25,2.12,1.62,3.12,3.12,1.0,2.12,2.0,3.0,1.75,3.0,1.0,2.88,3.12,3.0,2.62,1.75,3.38,1.0,3.25,3.12,0.0,0.0,0.0,3.0,3.38,1.38,0.88,3.38,3.62,0.0,2.0,1.5,3.12,0.88,2.75,0.0,2.88,3.38,3.12,2.88,0.88,3.88,0.0,time_management|complex_problem_solving|judgment_and_decision_making|social_perceptiveness|negotiation
27-3042.00,Technical Writers,2.75,3.0,1.0,1.0,1.0,2.5,3.12,1.38,1.62,2.12,2.62,1.0,2.5,1.5,2.88,1.38,2.25,1.0,2.12,2.75,2.38,1.88,1.38,3.12,1.12,3.0,3.0,0.0,0.0,0.0,2.75,3.0,0.38,0.62,2.12,2.38,0.0,2.5,0.5,2.88,0.38,1.88,0.0,1.88,2.75,2.12,1.25,0.38,3.0,0.12,judgment_and_decision_making|time_management|coordination|persuasion|social_perceptiveness
27-3043.00,Writers and Authors,3.12,2.88,1.0,1.0,1.0,2.5,3.12,1.12,1.12,2.25,2.75,1.0,1.25,1.25,3.0,1.75,1.38,1.0,2.62,3.0,2.12,2.0,1.62,3.75,1.0,3.0,3.0,0.0,0.0,0.0,2.0,3.0,0.12,0.12,2.38,2.75,0.0,0.25,0.25,3.38,0.75,0.38,0.0,2.75,3.0,2.12,2.0,0.62,3.12,0.0,time_management|complex_problem_solving|judgment_and_decision_making|social_perceptiveness|persuasion
27-3043.05,"Poets, Lyricists and Creative Writers",3.12,2.75,1.0,1.0,1.0,2.12,3.25,1.62,1.5,2.0,2.38,1.0,1.88,1.25,2.75,1.75,1.5,1.0,2.5,3.12,2.0,2.0,1.62,2.75,1.0,3.25,3.0,0.0,0.0,0.0,2.12,3.25,0.62,0.5,1.0,2.5,0.0,1.38,0.25,3.12,0.75,0.75,0.0,2.12,3.5,2.12,2.12,0.62,2.75,0.0,judgment_and_decision_making|social_perceptiveness|complex_problem_solving|coordination|persuasion
27-3091.00,Interpreters and Translators,3.0,3.0,1.0,1.0,1.0,3.0,3.12,1.25,1.25,2.75,2.38,1.0,1.62,2.0,2.88,1.12,2.0,1.0,3.12,3.12,2.12,2.12,1.88,3.0,1.25,3.0,3.0,0.0,0.0,0.0,3.0,3.0,0.38,0.38,2.5,2.25,0.0,0.75,1.38,2.38,0.12,1.25,0.0,3.12,3.62,2.12,2.12,1.0,3.0,0.25,social_perceptiveness|service_orientation|judgment_and_decision_making|coordination|instructing
27-3092.00,Court Reporters and Simultaneous Captioners,2.0,1.88,1.62,1.38,1.0,1.0,2.0,1.0,1.12,1.25,1.5,2.0,1.0,1.88,1.62,1.12,2.62,1.38,1.62,2.62,1.75,1.75,1.0,2.75,1.5,1.75,1.75,0.62,0.38,0.0,0.0,2.0,0.0,0.12,0.25,0.5,1.62,0.0,1.5,0.62,0.12,2.0,0.38,1.25,2.38,0.88,0.75,0.0,2.75,0.5,time_management|social_perceptiveness|quality_control_analysis|complex_problem_solving|operation_and_control
27-4011.00,Audio and Video Technicians,3.25,3.12,2.38,2.75,2.5,2.88,3.0,1.88,2.0,2.88,2.5,3.0,2.12,3.5,2.62,2.0,2.88,2.25,3.12,3.0,3.0,2.88,2.0,3.0,2.75,3.0,3.12,2.38,2.25,2.12,3.0,2.88,1.0,1.75,2.75,2.5,3.0,1.62,3.12,2.5,1.25,3.0,2.5,3.12,3.0,2.88,2.75,1.75,3.0,2.88,operations_monitoring|complex_problem_solving|coordination|service_orientation|social_perceptiveness
27-4012.00,Broadcast Technicians,3.12,3.0,3.12,3.0,2.38,2.5,3.12,1.75,1.88,2.62,2.0,3.38,2.0,3.88,2.25,2.0,3.25,3.0,2.5,2.88,3.25,3.25,2.0,3.0,3.12,3.0,3.0,3.0,3.0,2.38,2.88,3.0,1.12,1.75,2.5,1.88,3.25,1.75,3.62,2.25,1.62,3.25,3.12,2.38,3.0,3.12,3.12,2.0,3.0,3.12,operations_monitoring|operation_and_control|quality_control_analysis|systems_analysis|systems_evaluation
27-4014.00,Sound Engineering Technicians,3.38,3.12,2.75,2.5,1.5,2.62,3.25,1.75,2.0,2.12,2.62,3.25,1.25,3.25,2.88,1.75,2.88,2.5,3.12,3.0,3.12,3.0,2.12,3.12,2.88,3.12,3.12,2.75,2.5,0.62,2.88,3.0,0.88,1.75,2.38,2.62,3.25,0.38,3.12,3.0,0.88,3.0,2.38,3.12,3.0,3.12,3.12,1.75,3.0,2.75,complex_problem_solving|operations_monitoring|operation_and_control|judgment_and_decision_making|coordination
27-4021.00,Photographers,3.12,3.0,1.88,2.25,1.38,2.88,3.12,1.62,1.88,2.75,2.75,2.25,2.75,2.62,2.88,1.62,2.5,1.5,3.25,3.12,2.5,2.38,1.88,3.0,2.12,3.0,3.0,1.0,2.25,0.38,2.88,3.0,0.88,1.12,2.88,2.88,2.0,2.88,2.25,3.0,0.62,2.5,0.75,3.12,3.0,2.38,2.38,1.62,3.0,1.75,service_orientation|social_perceptiveness|complex_problem_solving|judgment_and_decision_making|coordination
27-4031.00,"Camera Operators, Television, Video, and Film",3.0,3.25,2.25,2.62,1.12,2.38,3.25,1.75,1.88,2.5,2.5,2.88,2.12,2.88,2.88,1.38,2.88,2.38,2.88,3.12,2.25,2.25,2.0,3.12,2.38,3.12,3.75,2.0,2.88,0.12,2.75,3.12,0.75,1.62,2.75,2.38,2.88,2.12,3.0,2.88,0.5,3.0,1.88,2.88,3.12,2.12,2.12,2.0,3.12,2.12,coordination|judgment_and_decision_making|social_perceptiveness|time_management|complex_problem_solving
27-4032.00,Film and Video Editors,3.25,3.0,1.38,1.75,1.0,2.38,3.12,1.62,1.62,2.25,2.5,1.88,2.12,2.25,2.75,1.5,2.5,1.38,2.5,2.88,2.75,2.62,1.75,3.12,1.88,3.12,3.0,0.5,1.25,0.0,2.62,3.12,0.88,0.75,1.88,2.62,1.25,2.0,2.12,3.0,0.62,2.38,0.5,2.62,2.88,2.88,2.75,1.38,3.0,1.25,complex_problem_solving|judgment_and_decision_making|time_management|coordination|social_perceptiveness
29-1011.00,Chiropractors,3.88,2.88,1.0,1.0,1.0,3.12,3.88,1.62,1.62,2.5,2.38,1.75,1.75,1.75,3.0,1.12,1.75,1.0,3.75,3.88,3.0,3.0,1.62,3.0,1.25,3.75,3.25,0.0,0.0,0.0,3.12,3.75,0.75,0.88,2.5,2.5,1.38,1.5,1.25,3.12,0.12,1.38,0.0,3.75,4.0,3.0,3.12,0.88,3.0,0.38,social_perceptiveness|complex_problem_solving|judgment_and_decision_making|service_orientation|instructing
29-1021.00,"Dentists, General",3.88,3.75,1.62,2.38,1.12,3.12,4.12,3.0,3.0,3.62,3.0,3.0,2.5,2.62,3.5,1.25,2.75,1.62,4.0,4.0,3.0,2.88,1.88,3.75,1.88,4.12,3.88,0.62,2.38,0.12,3.88,4.12,3.0,3.0,3.75,3.0,3.0,2.5,2.62,3.62,0.25,2.88,0.62,4.0,4.12,3.0,3.0,1.88,3.88,1.38,judgment_and_decision_making|social_perceptiveness|service_orientation|complex_problem_solving|coordination
29-1022.00,Oral and Maxillofacial Surgeons,4.12,3.38,2.12,2.12,1.0,2.62,4.0,2.12,2.12,3.0,2.62,2.88,2.88,3.0,2.88,1.62,2.62,2.0,3.12,3.75,3.25,3.0,1.88,3.25,2.0,4.38,3.38,1.5,2.0,0.0,3.5,4.12,1.88,2.0,3.12,2.75,3.0,3.0,2.62,3.12,0.75,3.0,1.25,3.62,3.88,3.12,3.62,1.62,3.25,1.5,complex_problem_solving|judgment_and_decision_making|social_perceptiveness|coordination|systems_analysis
29-1023.00,Orthodontists,4.0,3.88,1.0,2.0,1.0,3.25,3.75,2.0,2.25,3.12,3.0,2.25,3.0,2.5,3.25,1.38,2.38,1.0,3.38,3.88,3.0,2.75,2.0,3.75,2.0,4.0,3.88,0.0,1.38,0.0,3.62,3.88,2.0,2.25,3.25,3.0,2.0,3.62,2.75,3.25,0.5,2.25,0.0,3.25,3.88,3.0,2.88,2.0,4.0,1.25,complex_problem_solving|social_perceptiveness|coordination|judgment_and_decision_making|time_management
29-1024.00,Prosthodontists,3.75,3.0,1.88,2.0,1.25,3.12,3.38,2.0,2.12,3.0,2.75,2.12,2.88,2.62,2.88,1.75,2.5,1.88,3.12,3.62,2.75,2.75,2.0,3.25,2.12,3.88,3.0,1.12,1.62,0.25,3.12,3.38,2.0,2.12,3.0,2.75,2.25,3.25,2.88,3.0,0.88,3.0,1.12,3.25,3.5,2.75,2.75,1.88,3.25,2.12,complex_problem_solving|social_perceptiveness|judgment_and_decision_making|time_management|instructing
29-1031.00,Dietitians and Nutritionists,3.88,3.75,1.0,1.0,1.0,3.75,4.0,2.75,2.75,2.88,3.12,1.0,3.12,1.88,3.38,1.75,2.88,1.0,3.88,4.0,3.12,3.25,1.75,3.25,1.5,4.12,3.88,0.0,0.0,0.0,3.88,4.0,3.38,2.88,3.5,3.62,0.0,3.38,1.75,4.0,1.0,3.0,0.0,4.12,4.25,3.5,3.62,1.25,3.5,0.62,social_perceptiveness|judgment_and_decision_making|service_orientation|complex_problem_solving|coordination
29-1041.00,Optometrists,3.38,3.38,1.0,1.0,1.0,3.25,3.38,2.12,2.12,3.12,3.0,2.25,2.12,2.12,3.25,1.88,2.5,1.0,3.25,3.88,3.0,3.0,1.88,3.25,2.0,3.88,3.5,0.0,0.0,0.0,3.25,3.88,2.12,2.12,3.12,3.0,2.25,2.12,2.12,3.38,1.12,2.88,0.0,3.75,3.88,3.12,3.12,0.88,3.25,1.88,social_perceptiveness|coordination|complex_problem_solving|judgment_and_decision_making|persuasion
29-1051.00,Pharmacists,3.88,3.38,1.0,1.12,1.0,3.0,3.88,2.12,2.62,3.12,2.88,1.38,2.62,2.0,2.88,1.5,2.62,1.0,3.88,3.88,3.0,3.0,1.75,3.88,1.88,3.88,3.62,0.0,0.12,0.0,3.5,4.0,2.0,2.62,3.12,3.0,0.38,2.62,1.88,3.0,0.5,2.5,0.0,4.0,4.0,3.0,3.12,0.75,3.75,0.88,social_perceptiveness|service_orientation|complex_problem_solving|judgment_and_decision_making|time_management
29-1071.00,Physician Assistants,3.88,3.25,1.0,1.12,1.0,3.12,4.0,2.12,2.25,3.0,3.12,1.0,2.62,2.25,3.25,1.88,2.38,1.0,4.0,4.0,3.12,3.25,1.88,3.25,2.0,4.0,4.0,0.0,0.25,0.0,4.0,4.12,1.25,1.5,3.0,3.12,0.0,2.75,2.0,3.5,1.12,2.25,0.0,4.12,4.12,3.12,3.75,1.12,3.75,1.12,social_perceptiveness|service_orientation|judgment_and_decision_making|complex_problem_solving|coordination
29-1071.01,Anesthesiologist Assistants,3.38,3.12,1.5,1.88,1.12,2.75,3.62,1.38,1.62,2.62,2.12,2.88,1.38,3.5,2.38,1.25,2.62,1.25,3.25,3.12,2.62,2.75,1.38,3.12,2.0,3.25,3.38,0.62,1.5,0.12,3.25,3.62,0.38,1.12,2.62,2.12,3.25,0.5,3.38,2.25,0.25,2.88,0.5,3.38,3.25,2.75,2.88,0.38,3.12,1.75,judgment_and_decision_making|operations_monitoring|complex_problem_solving|service_orientation|social_perceptiveness
29-1081.00,Podiatrists,3.75,3.38,1.0,2.25,1.0,3.0,3.88,2.25,2.25,3.0,2.62,2.12,2.62,2.25,2.88,1.5,2.38,1.0,3.25,3.88,3.12,3.12,2.25,3.0,2.0,4.12,3.75,0.0,1.88,0.0,3.5,4.0,2.5,2.5,3.0,3.0,2.12,2.62,2.25,3.12,0.5,2.62,0.0,3.62,4.12,3.12,3.12,2.38,3.5,1.88,social_perceptiveness|judgment_and_decision_making|complex_problem_solving|coordination|service_orientation
29-1122.00,Occupational Therapists,3.25,3.75,1.0,1.25,1.0,4.0,4.0,2.25,2.12,3.0,3.0,1.62,3.12,2.12,3.0,1.75,2.12,1.0,4.12,4.0,3.12,3.12,1.88,3.75,1.88,3.75,3.88,0.0,0.25,0.0,4.0,3.88,1.62,2.0,3.0,2.88,1.0,3.0,2.12,3.12,1.0,1.75,0.0,4.0,4.0,3.12,3.12,1.38,3.88,1.0,service_orientation|social_perceptiveness|instructing|judgment_and_decision_making|coordination
29-1122.01,"Low Vision Therapists, Orientation and Mobility Specialists, and Vision Rehabilitation Therapists",3.5,3.0,1.0,1.12,1.0,3.88,3.38,1.12,1.62,2.75,3.0,2.0,1.38,2.25,3.12,1.38,1.88,1.0,3.88,3.88,3.0,3.0,2.0,3.0,1.62,3.5,3.12,0.0,0.25,0.0,3.75,3.38,0.12,0.75,2.88,3.0,2.0,0.75,2.25,3.12,0.5,1.38,0.0,3.5,4.0,3.12,3.12,1.62,3.12,0.62,social_perceptiveness|instructing|service_orientation|complex_problem_solving|judgment_and_decision_making
29-1123.00,Physical Therapists,3.38,3.25,1.38,1.75,1.12,3.38,3.75,2.0,2.0,2.88,3.0,2.0,2.75,2.25,3.0,1.62,2.0,1.38,4.0,4.0,3.12,3.12,1.88,3.62,2.0,3.38,3.75,0.62,0.88,0.25,3.62,3.88,1.12,1.5,3.12,3.0,1.75,2.75,2.12,3.12,0.88,1.88,0.62,4.0,4.0,3.12,3.0,1.62,3.75,1.75,social_perceptiveness|service_orientation|judgment_and_decision_making|time_management|instructing
29-1124.00,Radiation Therapists,3.12,3.25,2.75,2.62,1.0,3.0,2.88,2.0,2.12,2.88,2.62,3.12,2.62,3.38,2.62,1.75,2.88,2.25,3.25,3.38,2.62,2.62,1.88,3.12,2.88,3.0,3.12,2.75,2.62,0.0,3.38,3.12,1.0,1.38,2.88,2.5,3.5,2.62,3.38,2.75,1.12,3.38,2.12,3.25,3.62,2.75,2.75,1.0,3.25,2.75,social_perceptiveness|operations_monitoring|coordination|service_orientation|complex_problem_solving
29-1125.00,Recreational Therapists,3.5,4.0,1.0,1.38,1.0,3.88,3.12,1.88,2.0,2.75,3.12,1.75,2.75,1.75,3.38,1.5,1.88,1.0,4.12,4.0,3.0,3.0,1.88,3.25,1.5,3.5,3.88,0.0,0.38,0.0,3.75,3.12,1.62,1.88,3.0,3.12,1.25,3.0,1.5,3.75,0.62,1.38,0.0,4.25,4.12,2.88,3.0,1.12,3.12,0.5,service_orientation|social_perceptiveness|coordination|instructing|complex_problem_solving
29-1126.00,Respiratory Therapists,3.62,3.25,2.12,2.38,1.0,3.12,3.38,1.62,1.75,2.75,2.75,3.12,1.75,3.12,3.0,1.25,3.12,2.0,3.75,3.88,2.88,2.88,1.62,3.0,2.38,3.25,3.12,2.12,2.12,0.0,3.25,3.5,0.75,1.38,2.75,2.88,3.0,1.5,3.12,3.12,0.38,3.12,1.88,3.88,4.12,2.88,2.88,1.25,3.0,2.12,social_perceptiveness|service_orientation|complex_problem_solving|judgment_and_decision_making|coordination
29-1127.00,Speech-Language Pathologists,3.88,3.25,1.0,1.5,1.0,3.88,3.75,1.0,1.12,2.38,2.88,1.62,3.0,2.12,2.88,1.62,2.25,1.0,3.75,4.12,3.12,3.12,1.88,3.25,1.62,3.88,3.75,0.0,0.62,0.0,4.0,3.88,0.0,0.12,2.62,2.88,0.75,3.12,1.88,3.0,0.88,2.25,0.0,3.75,4.25,3.25,3.62,1.88,3.25,0.62,social_perceptiveness|instructing|complex_problem_solving|service_orientation|judgment_and_decision_making
29-1128.00,Exercise Physiologists,3.88,3.0,1.0,1.88,1.0,4.12,3.88,1.62,1.62,2.75,3.0,2.12,2.5,2.12,3.0,1.75,2.12,1.0,3.88,3.88,3.0,3.0,1.88,3.0,2.0,3.88,3.5,0.0,1.0,0.0,4.0,4.0,0.75,0.75,3.0,3.0,2.0,2.5,2.12,3.62,0.88,2.12,0.0,4.0,4.12,3.12,3.12,1.75,3.12,1.12,instructing|social_perceptiveness|service_orientation|complex_problem_solving|judgment_and_decision_making
29-1129.01,Art Therapists,3.38,3.12,1.0,1.75,1.0,3.0,3.88,1.38,1.62,2.88,3.0,1.0,2.12,1.88,3.0,1.75,1.62,1.0,3.88,4.25,3.12,3.12,1.88,3.12,1.0,3.75,3.12,0.0,0.88,0.0,3.12,4.0,0.38,0.75,3.0,3.0,0.0,2.12,0.88,3.0,0.88,0.75,0.0,4.0,5.0,3.12,3.25,0.88,3.38,0.0,social_perceptiveness|service_orientation|judgment_and_decision_making|complex_problem_solving|coordination
29-1129.02,Music Therapists,3.25,3.25,1.0,1.62,1.0,3.25,3.75,2.0,2.0,2.75,3.25,1.0,1.88,2.0,3.25,1.38,2.12,1.0,4.0,4.25,3.12,2.88,1.88,3.0,2.0,3.38,3.38,0.0,0.75,0.0,3.62,3.75,1.0,1.62,2.88,3.25,0.0,1.25,1.88,3.25,0.38,1.38,0.0,3.88,4.5,3.12,3.25,1.25,3.12,1.12,social_perceptiveness|service_orientation|judgment_and_decision_making|coordination|persuasion
29-1131.00,Veterinarians,3.88,3.12,1.12,1.75,1.0,3.0,3.88,2.0,2.0,3.0,2.88,1.88,2.75,2.25,2.88,1.25,2.12,1.0,3.38,3.25,2.88,3.0,1.88,3.25,1.88,3.75,3.5,0.12,1.12,0.0,3.62,4.12,2.0,2.0,3.0,2.88,1.5,2.75,2.38,3.0,0.25,2.12,0.0,3.62,3.88,3.12,3.25,1.0,3.5,1.0,complex_problem_solving|judgment_and_decision_making|service_orientation|social_perceptiveness|time_management
29-1141.00,Registered Nurses,3.5,4.0,1.0,1.88,1.0,3.25,3.88,1.62,1.88,2.62,2.75,2.25,2.0,3.0,2.88,1.62,2.88,1.12,4.0,4.12,3.0,3.0,1.88,3.12,1.88,3.38,4.0,0.0,0.88,0.0,3.75,3.75,1.38,1.75,2.88,2.88,2.12,1.75,2.88,2.88,0.62,3.0,0.12,4.0,4.38,2.88,3.0,1.12,3.12,1.38,social_perceptiveness|coordination|service_orientation|judgment_and_decision_making|complex_problem_solving
29-1141.01,Acute Care Nurses,4.0,4.0,1.0,2.12,1.0,3.5,4.0,2.0,2.12,3.12,3.0,2.75,2.12,3.0,3.12,1.38,2.5,1.0,4.12,4.0,3.0,3.12,1.88,3.5,2.12,3.5,3.88,0.0,1.25,0.0,4.12,3.88,1.5,1.75,3.0,3.0,2.88,2.25,3.12,3.25,0.5,2.62,0.0,4.25,4.75,3.0,3.38,1.38,3.38,1.62,service_orientation|social_perceptiveness|coordination|complex_problem_solving|judgment_and_decision_making
29-1141.02,Advanced Practice Psychiatric Nurses,3.88,3.75,1.0,1.0,1.0,3.75,4.0,2.0,2.0,2.88,3.62,1.0,1.5,2.0,3.62,1.62,1.38,1.0,3.75,4.25,3.38,3.12,1.62,4.0,1.0,3.5,3.88,0.0,0.0,0.0,3.25,4.0,1.88,2.0,3.0,3.88,0.0,0.62,1.75,3.75,0.75,0.38,0.0,3.88,4.88,3.25,3.12,0.75,3.88,0.0,social_perceptiveness|judgment_and_decision_making|time_management|complex_problem_solving|coordination
29-1141.03,Critical Care Nurses,3.88,3.88,1.0,1.5,1.25,3.25,3.88,2.12,2.12,3.0,3.12,2.75,2.62,3.38,3.12,1.75,2.62,1.0,4.0,4.0,2.88,2.75,1.88,3.25,2.0,3.38,4.0,0.0,0.62,0.25,3.75,4.0,1.75,1.88,3.0,3.12,2.62,2.75,3.12,3.62,0.88,2.62,0.0,4.0,4.12,2.75,2.88,1.0,3.62,2.0,social_perceptiveness|service_orientation|coordination|complex_problem_solving|judgment_and_decision_making
29-1141.04,Clinical Nurse Specialists,3.88,3.88,1.0,1.0,1.0,3.5,4.0,1.88,2.0,3.12,3.0,1.75,3.0,2.75,3.62,1.12,2.12,1.0,4.0,4.0,3.0,3.12,1.5,3.62,1.75,4.12,4.0,0.0,0.0,0.0,4.12,4.25,1.12,1.75,3.0,3.0,1.5,3.62,2.75,3.88,0.12,2.38,0.0,4.0,4.25,3.25,3.25,0.5,4.0,0.88,social_perceptiveness|service_orientation|judgment_and_decision_making|coordination|complex_problem_solving
29-1151.00,Nurse Anesthetists,4.0,3.38,2.25,2.75,1.0,3.25,4.0,2.0,2.25,2.88,3.0,2.88,2.62,3.25,3.12,1.25,3.0,2.0,3.88,3.88,3.12,3.12,1.88,3.38,2.38,4.25,3.88,2.12,2.75,0.0,3.75,4.12,1.75,2.12,2.88,3.12,2.88,3.0,3.25,3.12,0.38,3.12,2.12,4.0,3.88,3.12,3.12,1.0,3.38,2.5,complex_problem_solving|judgment_and_decision_making|social_perceptiveness|service_orientation|coordination
29-1161.00,Nurse Midwives,3.88,3.88,1.0,1.25,1.0,3.25,3.75,1.75,1.88,2.62,2.75,1.75,2.38,2.38,2.75,1.62,2.12,1.0,3.88,4.12,3.12,3.0,1.75,3.12,1.5,3.75,3.75,0.0,0.25,0.0,3.75,3.88,0.88,1.38,2.88,2.62,1.0,2.25,2.12,2.88,0.62,2.0,0.0,4.12,4.12,3.0,3.25,0.88,3.25,0.62,social_perceptiveness|coordination|service_orientation|complex_problem_solving|judgment_and_decision_making
29-1171.00,Nurse Practitioners,4.12,3.75,1.0,1.62,1.0,3.12,4.0,2.0,2.0,3.0,3.0,1.75,3.0,2.12,3.25,1.38,2.12,1.0,3.88,4.0,3.0,3.12,1.75,3.38,2.0,4.12,3.88,0.0,0.75,0.0,3.88,4.12,1.25,1.25,3.12,3.12,1.38,3.38,2.62,3.88,0.5,2.5,0.0,4.0,4.62,3.25,3.12,1.0,3.88,1.12,complex_problem_solving|social_perceptiveness|judgment_and_decision_making|service_orientation|coordination
29-1181.00,Audiologists,3.62,3.38,2.12,2.12,1.25,3.12,3.75,1.88,1.88,2.88,2.88,2.12,2.88,3.0,3.12,1.75,3.0,2.12,3.62,4.0,3.12,3.12,1.88,3.25,2.12,3.88,3.5,2.0,2.62,0.25,3.88,4.0,1.62,1.75,3.0,2.75,2.12,3.0,3.0,3.0,1.0,3.12,2.12,3.75,4.5,3.12,3.25,1.5,3.0,2.62,social_perceptiveness|judgment_and_decision_making|service_orientation|complex_problem_solving|coordination
29-1211.00,Anesthesiologists,4.0,3.25,1.0,1.25,1.0,3.38,4.25,2.12,2.12,3.12,2.88,2.88,2.62,3.62,3.0,1.38,2.62,1.0,3.38,4.0,3.12,3.12,1.75,3.88,2.12,4.12,3.88,0.0,0.38,0.0,4.0,4.38,2.12,2.12,3.5,2.88,3.12,2.75,3.5,3.0,0.5,2.75,0.0,3.88,4.0,3.12,3.12,0.75,3.88,2.12,judgment_and_decision_making|social_perceptiveness|complex_problem_solving|time_management|operations_monitoring
29-1213.00,Dermatologists,3.5,3.25,1.0,1.25,1.0,3.25,3.75,2.0,2.0,3.0,3.12,1.25,1.88,2.0,3.25,1.88,1.75,1.0,4.0,3.88,2.75,2.88,1.88,3.12,1.38,3.88,3.88,0.0,0.5,0.0,3.88,4.0,1.88,1.25,3.0,3.12,0.38,1.62,1.38,3.62,1.12,1.5,0.0,4.0,4.0,3.12,3.12,1.0,3.12,0.38,service_orientation|social_perceptiveness|judgment_and_decision_making|complex_problem_solving|coordination
29-1214.00,Emergency Medicine Physicians,4.12,4.0,1.0,1.0,1.0,3.62,4.12,2.0,1.88,2.88,3.25,2.38,1.75,2.5,3.62,1.75,1.88,1.0,4.12,4.25,3.25,3.0,1.5,3.25,1.5,4.38,4.12,0.0,0.0,0.0,4.12,4.5,1.62,1.62,3.12,3.38,2.25,1.0,2.5,4.0,1.25,1.88,0.0,4.25,4.75,3.5,3.5,0.62,3.12,0.75,social_perceptiveness|service_orientation|complex_problem_solving|judgment_and_decision_making|coordination
29-1215.00,Family Medicine Physicians,4.0,3.12,1.0,1.25,1.0,3.38,4.0,1.62,1.62,3.0,2.88,1.12,2.5,2.12,3.0,1.25,2.12,1.0,3.88,3.88,2.88,2.88,1.25,4.0,1.5,4.25,3.88,0.0,0.38,0.0,4.0,4.75,1.0,1.25,3.5,3.0,0.25,2.75,2.12,3.62,0.38,2.0,0.0,3.88,3.88,2.88,2.88,0.38,3.88,0.62,complex_problem_solving|judgment_and_decision_making|time_management|social_perceptiveness|service_orientation
29-1216.00,General Internal Medicine Physicians,4.0,3.25,1.12,1.62,1.12,3.12,4.0,1.88,2.0,3.0,3.0,1.5,2.75,2.0,3.12,1.75,2.5,1.25,3.75,4.0,3.25,3.12,1.75,3.12,1.75,4.0,3.5,0.12,0.75,0.25,3.62,4.25,1.12,1.25,3.12,3.12,0.62,3.25,1.88,3.62,0.88,2.25,0.38,4.0,4.0,3.25,3.62,0.88,3.38,0.88,social_perceptiveness|complex_problem_solving|judgment_and_decision_making|service_orientation|coordination
29-1217.00,Neurologists,4.12,3.75,1.0,1.38,1.0,3.5,4.0,2.0,2.12,3.0,2.75,1.25,2.12,2.12,3.5,1.75,2.38,1.0,3.5,4.12,3.38,3.25,1.88,3.25,1.75,4.62,3.75,0.0,0.62,0.0,4.62,4.5,1.75,2.0,3.38,2.88,0.5,1.88,2.0,3.75,0.88,2.25,0.0,3.62,4.62,3.38,3.62,1.0,3.88,1.38,social_perceptiveness|complex_problem_solving|judgment_and_decision_making|coordination|persuasion
29-1218.00,Obstetricians and Gynecologists,4.0,3.88,1.0,1.0,1.0,3.12,4.0,2.0,2.12,2.88,2.88,2.0,2.5,2.12,3.0,1.38,1.88,1.0,3.62,3.88,3.12,3.0,1.38,3.75,1.38,4.0,3.88,0.0,0.0,0.0,3.75,4.25,1.88,2.25,3.38,3.12,1.25,3.38,2.0,3.12,0.62,1.0,0.0,3.75,4.0,3.25,3.0,0.5,3.88,0.5,complex_problem_solving|judgment_and_decision_making|social_perceptiveness|coordination|time_management
29-1221.00,"Pediatricians, General",4.0,3.38,1.0,1.0,1.0,3.38,4.25,2.12,2.0,2.88,3.0,1.0,2.88,1.88,3.25,1.38,1.88,1.0,3.88,4.0,2.88,3.0,1.38,3.0,1.75,4.12,3.5,0.0,0.0,0.0,3.88,4.38,1.12,1.12,3.0,3.0,0.0,3.62,1.38,3.25,0.5,1.0,0.0,3.88,4.0,3.0,3.75,0.38,3.5,0.75,judgment_and_decision_making|social_perceptiveness|complex_problem_solving|service_orientation|coordination
29-1222.00,"Physicians, Pathologists",4.0,3.0,1.0,1.62,1.0,3.25,3.88,2.62,2.75,3.12,3.0,2.0,2.0,2.25,3.0,1.88,2.75,1.0,3.0,3.12,3.0,3.0,1.88,3.25,2.0,4.62,3.5,0.0,0.75,0.0,4.38,4.75,2.88,2.88,3.62,3.0,1.25,1.62,2.12,3.12,1.75,2.88,0.0,3.0,3.5,3.62,3.62,1.5,3.88,1.25,complex_problem_solving|judgment_and_decision_making|instructing|time_management|social_perceptiveness
29-1223.00,Psychiatrists,3.88,3.62,1.0,1.0,1.0,3.62,4.0,1.88,1.75,3.0,3.0,1.0,2.88,1.62,3.5,1.5,1.5,1.0,4.0,4.75,3.12,3.25,1.62,3.38,1.5,4.12,3.75,0.0,0.0,0.0,3.88,4.12,1.12,1.0,3.12,3.88,0.0,3.38,0.75,4.0,0.62,0.75,0.0,4.25,5.38,3.25,3.62,0.62,3.62,0.5,social_perceptiveness|service_orientation|judgment_and_decision_making|complex_problem_solving|coordination
29-1224.00,Radiologists,4.0,3.25,1.5,1.62,1.0,3.38,4.12,1.75,2.0,3.0,2.75,2.88,1.62,3.12,2.88,1.38,3.12,1.5,3.62,4.0,3.0,3.0,1.5,3.5,2.0,4.25,3.5,0.62,1.0,0.0,4.12,4.25,1.5,1.88,3.12,2.88,3.0,1.0,3.38,2.88,0.5,3.0,0.62,3.62,4.12,3.38,3.25,0.75,3.62,1.62,judgment_and_decision_making|social_perceptiveness|complex_problem_solving|service_orientation|time_management
29-1229.01,Allergists and Immunologists,4.0,3.0,1.0,1.38,1.0,3.5,4.12,2.0,2.12,2.88,3.0,1.0,1.38,2.12,3.0,1.5,1.88,1.0,3.75,3.75,3.25,3.12,1.88,3.75,1.5,4.12,3.5,0.0,0.5,0.0,3.62,4.5,1.75,2.12,2.88,3.0,0.0,0.5,1.88,3.62,0.75,1.62,0.0,3.75,4.12,3.12,3.75,1.12,3.75,0.5,judgment_and_decision_making|complex_problem_solving|social_perceptiveness|service_orientation|time_management
29-1229.02,Hospitalists,4.12,3.88,1.0,1.12,1.0,3.25,4.12,1.62,1.62,3.0,3.0,1.12,2.0,2.0,3.25,1.5,2.25,1.0,4.0,4.12,3.12,3.12,1.62,3.25,1.38,4.25,4.0,0.0,0.12,0.0,4.38,4.38,1.0,0.88,3.12,3.0,0.12,1.88,1.12,3.62,0.5,2.0,0.0,4.12,4.88,3.62,3.88,0.75,3.62,0.62,social_perceptiveness|complex_problem_solving|judgment_and_decision_making|service_orientation|coordination
29-1229.03,Urologists,4.0,3.38,1.0,1.5,1.0,3.12,4.25,2.0,2.12,3.12,2.88,2.25,1.25,3.0,3.0,1.62,2.5,1.0,3.38,3.88,3.5,3.25,1.38,3.62,1.88,4.25,3.88,0.0,0.5,0.0,4.0,4.25,1.88,1.88,3.25,3.12,2.38,0.5,3.0,3.25,0.75,2.75,0.0,3.88,3.88,3.25,3.25,0.5,3.75,1.62,judgment_and_decision_making|complex_problem_solving|social_perceptiveness|time_management|systems_analysis
29-1229.04,Physical Medicine and Rehabilitation Physicians,4.0,3.88,1.0,1.12,1.0,3.75,4.0,1.88,2.12,3.0,2.75,2.0,2.12,2.12,3.0,1.75,2.5,1.0,3.75,4.0,3.12,3.38,2.0,3.75,2.0,4.25,4.0,0.0,0.12,0.0,4.0,4.25,1.5,1.75,3.0,3.0,2.0,1.88,2.0,3.75,0.88,2.5,0.0,3.88,4.62,3.12,3.38,1.5,4.0,1.12,social_perceptiveness|complex_problem_solving|judgment_and_decision_making|coordination|instructing
29-1229.05,Preventive Medicine Physicians,4.25,4.0,1.0,1.0,1.0,3.75,4.25,2.0,1.75,3.75,3.0,1.25,2.88,1.62,3.62,1.5,2.38,1.0,3.75,4.0,3.75,3.75,1.62,3.5,1.5,5.0,4.5,0.0,0.0,0.0,4.62,5.0,1.75,1.38,4.25,3.12,0.25,3.12,0.88,4.0,0.62,2.12,0.0,4.62,4.88,4.12,4.38,0.62,3.88,0.62,complex_problem_solving|judgment_and_decision_making|social_perceptiveness|coordination|instructing
29-1229.06,Sports Medicine Physicians,4.0,3.88,1.0,1.38,1.0,3.62,4.25,2.0,1.75,2.88,3.0,2.12,2.0,2.38,3.25,1.38,2.62,1.0,3.88,4.0,3.38,3.75,1.62,3.5,1.5,4.12,4.0,0.0,0.5,0.0,3.75,4.38,1.38,1.25,2.88,3.0,2.0,1.75,2.62,3.88,0.5,2.75,0.0,4.0,4.38,3.75,3.88,1.0,3.62,0.62,judgment_and_decision_making|social_perceptiveness|complex_problem_solving|coordination|service_orientation
29-1241.00,"Ophthalmologists, Except Pediatric",4.0,3.75,1.5,1.88,1.0,3.75,4.0,2.12,2.12,3.12,3.0,2.75,2.0,3.0,3.62,1.88,2.62,1.5,3.88,4.0,3.0,3.0,2.0,3.88,2.0,4.12,4.0,0.62,1.0,0.0,4.62,4.0,2.0,2.12,3.12,3.12,2.25,2.12,2.5,3.75,1.0,2.38,0.5,4.0,4.12,3.0,3.5,1.25,4.0,1.5,social_perceptiveness|complex_problem_solving|judgment_and_decision_making|service_orientation|time_management
29-1291.00,Acupuncturists,3.25,3.12,1.0,1.62,1.0,2.75,3.5,1.75,1.88,2.0,2.0,1.38,1.75,1.62,2.62,1.25,1.88,1.0,3.75,3.75,2.88,2.88,1.38,3.0,1.38,3.12,3.0,0.0,0.62,0.0,2.75,3.5,0.75,0.88,1.88,2.0,0.38,0.75,1.0,2.75,0.25,1.62,0.0,3.38,3.88,3.0,3.0,0.38,3.0,0.38,social_perceptiveness|service_orientation|judgment_and_decision_making|complex_problem_solving|coordination
29-1292.00,Dental Hygienists,2.88,3.0,2.12,1.62,1.0,3.0,3.0,1.5,1.88,2.25,2.38,2.25,1.75,2.88,3.0,1.38,2.38,1.88,3.12,3.12,2.0,2.12,1.88,3.0,2.25,2.75,3.0,1.62,1.12,0.0,3.0,3.0,0.62,0.88,2.5,2.25,1.88,1.12,2.88,3.0,0.5,2.25,1.12,3.0,3.0,2.12,2.12,0.88,3.0,2.12,social_perceptiveness|service_orientation|coordination|persuasion|instructing
29-1299.01,Naturopathic Physicians,3.88,3.12,1.0,1.12,1.0,3.12,4.0,2.0,2.0,3.0,2.88,1.25,1.88,2.0,3.12,1.62,2.12,1.0,3.88,4.0,3.12,2.88,1.75,3.12,1.5,4.0,3.5,0.0,0.12,0.0,3.12,4.25,1.75,1.75,3.0,2.88,0.25,1.0,1.75,3.75,0.75,1.25,0.0,4.0,4.62,3.12,3.5,0.88,3.12,0.5,social_perceptiveness|judgment_and_decision_making|service_orientation|complex_problem_solving|coordination
29-1299.02,Orthoptists,3.38,3.0,1.0,1.25,1.0,3.12,3.25,1.38,1.38,2.12,2.12,1.25,2.5,2.0,2.75,1.75,1.75,1.0,3.25,3.75,3.0,3.0,1.88,3.0,1.0,4.0,3.0,0.0,0.25,0.0,3.62,4.0,0.38,0.38,2.38,2.5,0.25,2.62,2.0,2.88,0.75,0.88,0.0,3.88,3.88,3.12,3.12,1.0,3.0,0.0,social_perceptiveness|complex_problem_solving|service_orientation|judgment_and_decision_making|instructing
29-2011.00,Medical and Clinical Laboratory Technologists,3.38,3.0,3.0,2.88,1.12,3.12,3.12,1.88,2.0,2.88,2.38,3.38,1.88,3.62,2.75,2.0,3.75,2.38,2.88,3.0,2.75,2.75,1.5,3.38,3.0,3.25,3.0,3.0,3.12,0.12,3.75,3.25,1.38,1.88,3.0,2.38,3.38,1.62,3.88,2.88,1.75,3.88,2.38,3.0,3.25,3.0,2.75,0.5,3.38,3.0,quality_control_analysis|operations_monitoring|complex_problem_solving|operation_and_control|time_management
29-2011.01,Cytogenetic Technologists,3.25,2.88,2.0,1.75,1.0,2.88,3.38,1.62,1.62,2.5,1.75,2.0,1.75,2.62,2.0,1.25,2.62,1.75,2.38,2.88,3.0,2.75,1.38,3.0,1.75,3.25,2.88,1.12,1.0,0.0,3.0,3.5,1.0,0.88,2.5,1.5,1.75,1.0,2.38,1.88,0.25,2.75,0.75,2.62,2.88,2.88,2.75,0.38,3.0,1.0,judgment_and_decision_making|complex_problem_solving|systems_analysis|time_management|social_perceptiveness
29-2011.02,Cytotechnologists,3.25,2.88,2.0,1.75,1.0,2.88,3.12,2.0,2.0,2.62,2.0,2.5,1.5,2.62,2.25,2.0,2.62,2.0,2.88,3.0,2.12,2.12,1.5,3.0,2.5,3.12,3.0,1.88,1.38,0.0,3.0,3.12,1.0,1.12,2.62,2.0,2.38,0.62,2.75,2.0,1.0,2.62,1.88,2.38,3.0,2.12,2.12,0.38,3.0,2.0,complex_problem_solving|judgment_and_decision_making|social_perceptiveness|time_management|coordination
29-2011.04,Histotechnologists,3.25,3.0,2.38,2.12,1.25,2.62,3.38,1.88,2.12,2.62,2.5,2.62,1.25,3.25,2.62,1.75,2.75,2.25,2.62,2.88,2.5,2.75,1.62,3.12,2.62,3.0,3.0,2.38,1.75,0.38,2.88,3.0,1.38,1.75,2.5,2.62,2.5,0.5,3.0,2.75,1.25,2.75,2.0,2.88,2.88,2.5,2.75,1.0,3.12,2.75,judgment_and_decision_making|complex_problem_solving|operations_monitoring|time_management|coordination
29-2012.00,Medical and Clinical Laboratory Technicians,3.12,3.0,2.62,2.5,1.0,2.88,3.12,1.62,1.88,2.75,2.5,2.75,2.0,3.25,2.38,1.62,3.25,2.25,2.62,2.75,2.5,2.12,1.88,3.12,2.62,3.0,3.0,2.5,2.12,0.0,2.88,3.12,0.62,1.0,2.88,2.0,2.5,1.75,3.0,2.12,0.75,3.25,1.88,2.88,2.88,2.38,2.12,1.0,3.12,2.75,operations_monitoring|quality_control_analysis|complex_problem_solving|judgment_and_decision_making|time_management
29-2012.01,Histology Technicians,3.25,3.0,1.75,2.0,1.0,2.25,3.12,1.62,2.12,2.25,1.88,2.75,1.38,2.88,2.0,1.62,2.62,1.25,2.25,2.88,2.12,2.12,1.62,3.0,2.38,2.88,2.62,0.88,1.38,0.0,2.12,2.75,0.75,1.62,1.5,1.62,2.38,0.5,2.38,1.75,0.75,2.38,0.25,2.12,2.38,1.75,1.5,0.88,2.62,2.0,complex_problem_solving|judgment_and_decision_making|coordination|time_management|social_perceptiveness
29-2031.00,Cardiovascular Technologists and Technicians,3.12,3.0,2.5,2.0,1.0,3.0,3.25,1.75,1.88,2.5,2.62,3.12,1.62,3.75,2.75,1.62,2.75,2.25,3.25,3.62,2.38,2.25,1.75,3.0,2.5,3.12,3.0,2.38,2.12,0.0,3.25,3.25,0.75,1.25,2.75,2.5,3.0,0.62,3.12,2.25,0.62,2.5,2.25,3.25,3.25,2.75,2.62,0.88,3.0,2.5,operations_monitoring|social_perceptiveness|service_orientation|judgment_and_decision_making|complex_problem_solving
29-2032.00,Diagnostic Medical Sonographers,3.0,3.25,2.25,1.88,1.0,3.0,3.12,1.5,1.88,2.62,2.5,3.38,1.5,3.25,2.88,1.38,2.88,1.75,3.12,3.62,2.38,2.0,1.5,3.0,2.12,3.0,3.0,1.88,1.75,0.0,3.25,3.25,0.88,1.38,2.62,2.75,3.0,1.0,3.12,2.88,0.38,3.0,1.38,3.25,3.25,2.38,1.88,0.75,3.0,1.62,social_perceptiveness|operation_and_control|coordination|operations_monitoring|service_orientation
29-2033.00,Nuclear Medicine Technologists,3.12,3.25,2.38,2.25,1.0,2.88,3.25,1.75,2.0,2.62,2.38,3.0,1.75,3.12,2.75,1.62,2.88,2.12,3.25,3.38,2.38,2.38,1.75,3.0,2.38,3.0,3.25,2.12,1.88,0.0,3.38,2.88,1.0,1.38,2.75,2.38,2.75,1.12,2.88,2.75,0.88,3.12,2.0,3.25,3.62,2.5,2.25,0.75,3.0,2.25,social_perceptiveness|coordination|service_orientation|judgment_and_decision_making|complex_problem_solving
29-2034.00,Radiologic Technologists and Technicians,2.88,3.0,2.0,2.0,1.0,2.75,3.0,1.5,2.0,2.62,2.0,3.12,1.25,3.12,2.12,1.88,3.0,1.88,3.5,3.5,2.5,2.25,1.75,3.0,2.5,2.88,3.0,1.25,1.88,0.0,2.88,3.0,0.75,1.25,2.75,2.0,3.0,0.25,2.88,2.12,1.0,2.88,0.88,3.12,3.0,2.12,2.12,0.75,3.0,2.0,social_perceptiveness|service_orientation|operations_monitoring|operation_and_control|coordination
29-2035.00,Magnetic Resonance Imaging Technologists,3.12,3.0,1.75,2.0,1.0,3.0,3.0,1.5,2.12,2.12,2.62,3.25,1.25,3.62,2.88,1.75,2.62,1.75,3.12,3.12,3.0,2.88,1.5,3.0,2.62,3.0,3.0,1.0,2.0,0.0,3.0,3.0,0.5,1.75,2.12,2.62,3.12,0.25,3.38,3.0,0.75,2.75,1.0,2.88,3.12,3.0,3.0,0.62,2.88,2.62,operations_monitoring|operation_and_control|social_perceptiveness|service_orientation|complex_problem_solving
29-2036.00,Medical Dosimetrists,3.62,3.12,1.0,1.25,1.0,3.0,3.62,1.75,1.88,3.0,2.5,1.88,2.12,2.62,2.88,2.0,2.5,1.0,3.25,3.38,3.12,3.0,1.88,3.5,2.0,3.88,3.38,0.0,0.62,0.0,3.62,3.75,1.25,1.25,3.0,2.5,1.25,1.62,2.5,3.12,1.62,2.5,0.0,3.5,3.62,3.25,3.12,1.25,3.5,1.75,complex_problem_solving|judgment_and_decision_making|time_management|social_perceptiveness|service_orientation
29-2043.00,Paramedics,3.25,3.75,1.0,1.38,1.0,3.12,3.38,1.5,1.88,2.38,2.62,3.0,1.25,2.75,3.12,1.5,1.75,1.0,3.88,3.75,2.38,2.25,1.5,2.88,1.75,3.25,3.38,0.0,0.75,0.0,3.38,3.25,0.75,1.12,2.5,2.62,2.75,0.25,2.38,3.0,0.5,1.75,0.0,3.75,3.62,2.12,1.88,0.62,2.88,1.25,service_orientation|social_perceptiveness|coordination|judgment_and_decision_making|complex_problem_solving
29-2051.00,Dietetic Technicians,3.12,3.0,1.0,1.0,1.0,3.12,3.12,2.12,2.12,2.75,2.88,2.12,2.25,2.75,2.88,1.5,2.88,1.0,3.12,3.12,2.75,2.75,1.75,3.0,2.0,3.0,3.12,0.0,0.0,0.0,3.0,3.0,2.0,2.0,2.88,2.62,2.12,2.25,2.75,3.0,0.5,2.88,0.0,3.5,3.12,2.88,2.88,1.0,3.0,1.75,social_perceptiveness|instructing|service_orientation|complex_problem_solving|judgment_and_decision_making
29-2052.00,Pharmacy Technicians,3.12,3.0,1.0,1.0,1.0,2.25,3.12,1.75,2.12,2.5,2.0,2.12,1.75,2.25,2.5,1.5,2.12,1.0,3.12,3.12,2.38,2.12,1.75,3.0,1.75,2.88,3.0,0.0,0.0,0.0,2.12,3.0,1.5,2.0,2.0,1.75,1.12,0.75,2.0,2.0,0.5,2.12,0.0,3.12,3.12,2.0,2.0,0.75,3.0,0.75,social_perceptiveness|service_orientation|complex_problem_solving|judgment_and_decision_making|coordination
29-2053.00,Psychiatric Technicians,3.0,3.88,1.12,1.12,1.0,3.25,3.0,1.38,1.5,2.75,3.0,1.62,1.88,2.0,3.12,1.5,2.0,1.0,3.62,4.12,2.75,2.62,1.88,3.0,2.0,3.0,3.25,0.12,0.12,0.0,3.38,3.0,0.38,0.5,2.88,3.0,1.12,1.0,1.88,3.12,0.5,1.75,0.0,3.5,4.25,3.0,2.75,0.75,2.88,1.12,social_perceptiveness|coordination|service_orientation|instructing|persuasion
29-2055.00,Surgical Technologists,3.0,3.0,2.88,2.25,1.0,3.0,3.0,2.12,3.0,2.62,2.38,3.0,1.88,3.25,2.62,1.12,2.75,2.5,3.12,3.0,2.5,2.62,1.75,3.12,2.75,3.0,3.5,2.62,2.12,0.0,3.0,3.0,1.62,2.38,2.38,2.0,2.88,1.38,3.0,2.62,0.12,3.0,2.12,3.12,3.0,2.75,2.75,0.75,3.12,2.25,operations_monitoring|service_orientation|time_management|social_perceptiveness|coordination
29-2056.00,Veterinary Technologists and Technicians,3.25,3.12,2.25,2.12,1.0,2.88,3.12,1.88,2.38,2.75,2.62,2.62,2.0,2.88,2.88,1.75,2.38,2.12,3.12,3.12,2.75,2.62,1.88,3.0,2.5,3.12,3.0,2.25,2.0,0.0,2.88,3.12,1.5,2.0,2.88,2.88,2.5,1.5,2.75,2.88,0.75,2.75,1.88,3.0,3.0,2.75,2.75,1.0,2.88,2.25,complex_problem_solving|social_perceptiveness|coordination|service_orientation|judgment_and_decision_making
29-2057.00,Ophthalmic Medical Technicians,2.62,3.0,2.12,2.12,1.0,2.62,2.88,1.12,1.38,2.0,1.88,2.0,1.38,2.12,2.25,1.5,2.25,1.88,3.12,3.12,2.12,2.12,1.0,2.62,2.12,2.38,3.0,2.0,2.5,0.0,2.62,2.88,0.12,0.38,2.0,1.75,1.5,0.38,2.0,1.75,0.5,2.12,1.25,3.12,3.0,2.0,2.0,0.0,2.62,1.75,social_perceptiveness|service_orientation|coordination|judgment_and_decision_making|instructing
29-2061.00,Licensed Practical and Licensed Vocational Nurses,3.25,4.0,1.0,1.12,1.0,3.12,3.62,1.62,1.88,2.88,2.88,2.62,1.75,2.62,2.88,1.25,2.0,1.0,4.12,4.0,3.0,2.88,1.75,3.62,1.75,3.0,4.0,0.0,0.12,0.0,3.12,3.25,0.62,1.12,2.88,3.0,2.0,1.5,2.5,2.88,0.25,1.75,0.0,4.0,4.25,2.88,2.88,1.0,3.25,1.0,service_orientation|social_perceptiveness|coordination|judgment_and_decision_making|time_management
29-2072.00,Medical Records Specialists,3.0,2.88,1.0,1.0,1.0,2.5,3.0,2.25,2.25,2.25,2.5,1.0,1.25,1.88,2.62,1.62,2.0,1.0,3.0,3.0,2.38,2.38,1.5,3.12,1.5,2.5,2.62,0.0,0.0,0.0,2.38,2.62,1.38,1.38,2.12,2.38,0.0,0.5,1.25,2.38,0.88,1.88,0.0,3.0,2.62,2.38,2.12,0.62,2.88,0.88,time_management|social_perceptiveness|service_orientation|complex_problem_solving|judgment_and_decision_making
29-2081.00,"Opticians, Dispensing",3.0,3.25,1.5,2.12,1.0,2.88,3.0,1.88,2.0,2.75,2.75,2.38,2.12,2.5,3.25,1.5,2.62,1.88,3.5,3.25,2.12,2.5,1.88,3.0,2.0,3.0,3.12,0.75,1.38,0.0,3.0,2.88,1.25,1.5,2.75,3.12,2.0,1.88,2.38,3.0,0.75,2.25,1.25,3.5,3.0,2.25,2.38,1.25,2.88,1.75,service_orientation|social_perceptiveness|coordination|persuasion|complex_problem_solving
29-2091.00,Orthotists and Prosthetists,3.75,3.25,1.88,2.25,1.0,3.12,3.25,1.75,2.0,2.5,2.75,2.25,3.12,3.0,3.0,1.38,3.0,2.0,3.75,3.75,2.88,2.88,2.88,3.12,2.12,3.75,3.25,1.38,2.25,0.0,3.25,3.62,0.75,1.88,2.75,2.75,2.38,3.38,2.88,3.12,0.38,3.0,1.62,3.88,4.12,3.0,3.12,3.12,3.0,2.0,social_perceptiveness|service_orientation|complex_problem_solving|coordination|judgment_and_decision_making
29-2092.00,Hearing Aid Specialists,3.12,3.0,2.12,2.0,1.0,3.5,3.12,1.62,2.0,2.0,2.75,1.62,1.62,2.62,3.12,1.5,2.88,2.25,3.62,3.25,2.88,2.88,1.75,3.0,2.62,3.0,3.0,2.0,2.0,0.0,3.25,3.12,1.12,1.62,2.25,2.75,0.75,0.62,2.62,3.25,0.62,2.88,2.25,3.75,3.25,2.88,3.0,1.38,3.0,2.12,service_orientation|instructing|social_perceptiveness|persuasion|complex_problem_solving
29-2099.01,Neurodiagnostic Technologists,3.12,3.0,2.12,1.88,1.0,3.12,3.12,1.75,1.88,2.38,2.12,2.88,1.12,3.12,2.0,1.62,3.0,2.5,3.12,3.25,3.0,3.0,1.5,3.0,2.88,3.0,2.88,2.12,1.38,0.0,3.12,3.25,1.0,1.5,2.12,2.0,3.0,0.12,3.0,1.75,0.75,3.0,2.25,3.12,3.12,3.12,3.12,0.5,3.0,2.62,social_perceptiveness|instructing|service_orientation|complex_problem_solving|operations_monitoring
29-2099.05,Ophthalmic Medical Technologists,3.0,3.12,1.38,1.62,1.0,3.12,3.0,1.5,1.38,2.88,2.38,2.0,1.12,2.62,2.75,1.62,2.0,1.38,3.38,3.62,2.38,2.12,1.38,3.0,2.0,2.88,3.12,0.75,1.25,0.0,3.0,3.12,0.5,0.75,2.62,2.12,1.88,0.25,2.25,2.75,0.88,1.88,0.38,3.12,3.25,2.38,2.0,0.38,3.12,1.5,social_perceptiveness|service_orientation|coordination|instructing|complex_problem_solving
29-2099.08,Patient Representatives,3.25,3.88,1.0,1.0,1.0,3.0,3.12,2.0,2.0,2.75,3.0,1.0,1.12,1.88,3.62,1.88,1.0,1.0,4.0,3.88,2.5,2.75,1.75,3.12,1.0,3.12,3.38,0.0,0.0,0.0,3.0,3.12,1.75,1.62,2.75,3.0,0.0,0.12,1.0,3.62,0.88,0.0,0.0,3.88,3.88,2.62,2.88,0.75,3.0,0.0,service_orientation|social_perceptiveness|coordination|persuasion|complex_problem_solving
29-9091.00,Athletic Trainers,3.25,3.12,1.25,1.62,1.0,3.62,3.88,1.88,1.88,2.88,2.75,2.0,2.12,2.75,3.0,1.25,2.75,1.0,3.62,3.75,2.88,2.88,1.88,3.25,2.0,3.38,3.0,0.38,0.75,0.0,3.75,3.75,1.12,1.5,2.62,2.5,1.75,2.25,2.25,3.25,0.25,2.62,0.0,3.62,4.0,3.0,3.0,1.75,3.0,1.38,judgment_and_decision_making|social_perceptiveness|instructing|service_orientation|complex_problem_solving
29-9092.00,Genetic Counselors,4.0,3.12,1.0,1.0,1.0,3.12,3.38,1.0,1.0,2.62,3.0,1.0,1.12,1.62,3.0,1.25,1.12,1.0,3.12,4.0,3.0,3.0,1.25,3.12,1.0,4.0,3.12,0.0,0.0,0.0,3.12,3.88,0.0,0.0,2.75,3.0,0.0,0.12,0.75,3.0,0.38,0.25,0.0,3.12,4.12,3.0,3.0,0.25,3.12,0.0,social_perceptiveness|complex_problem_solving|judgment_and_decision_making|coordination|instructing
29-9093.00,Surgical Assistants,3.25,3.38,1.0,1.75,1.25,2.62,3.12,1.88,2.12,2.38,2.75,2.88,1.5,3.25,2.75,1.5,2.75,1.0,3.38,3.12,2.75,2.62,1.62,2.88,2.12,3.12,3.25,0.0,1.12,0.38,2.88,3.12,1.25,1.75,2.12,2.62,2.75,0.88,3.38,2.62,0.88,2.62,0.0,3.25,3.38,2.75,2.75,1.12,2.75,1.75,coordination|service_orientation|complex_problem_solving|operations_monitoring|social_perceptiveness
29-9099.01,Midwives,3.38,3.62,1.0,1.5,1.0,3.25,3.75,1.62,1.88,2.75,2.62,1.5,1.38,2.25,3.0,1.62,1.88,1.0,3.75,4.12,3.0,3.0,1.62,3.0,1.75,3.25,3.75,0.0,0.62,0.0,3.5,4.0,1.0,1.5,2.38,2.62,0.88,0.5,1.88,3.0,0.75,1.62,0.0,3.75,4.88,2.62,3.0,0.75,2.88,1.0,social_perceptiveness|service_orientation|judgment_and_decision_making|coordination|complex_problem_solving
31-1121.00,Home Health Aides,3.0,2.88,1.5,1.38,1.0,3.0,3.0,2.12,2.12,2.0,2.75,1.38,1.0,2.0,2.88,1.12,2.0,1.5,4.0,3.75,2.0,2.0,1.0,3.12,1.88,3.0,3.0,0.5,0.38,0.0,3.0,3.0,1.25,1.38,2.0,2.62,0.38,0.0,1.88,3.0,0.12,1.25,0.5,3.38,3.12,2.0,2.0,0.0,3.0,1.0,service_orientation|social_perceptiveness|time_management|instructing|complex_problem_solving
31-1122.00,Personal Care Aides,2.88,3.12,1.0,1.0,1.0,3.0,2.88,1.38,1.75,2.25,2.38,2.0,1.12,2.38,2.38,1.12,2.0,1.0,4.0,3.88,2.12,2.25,1.25,3.0,1.88,2.38,2.88,0.0,0.0,0.0,2.5,2.62,0.5,1.0,2.0,2.12,1.5,0.25,1.88,2.38,0.25,1.88,0.0,3.88,3.12,1.62,1.75,0.38,2.75,1.12,service_orientation|social_perceptiveness|coordination|instructing|time_management
31-1131.00,Nursing Assistants,2.62,3.12,1.0,1.25,1.0,2.5,2.88,1.38,1.62,2.0,1.88,1.62,1.12,2.25,2.0,1.0,2.25,1.0,4.0,3.62,2.0,2.12,1.5,2.88,1.88,2.25,3.0,0.0,0.38,0.0,2.62,2.5,0.38,0.62,1.88,1.75,0.88,0.12,1.88,1.75,0.0,1.88,0.0,3.88,3.25,1.38,2.0,0.62,2.25,0.88,service_orientation|social_perceptiveness|coordination|judgment_and_decision_making|time_management
31-1132.00,Orderlies,2.25,2.88,1.12,1.25,1.0,2.12,2.62,1.0,1.25,1.88,2.38,1.88,1.12,2.0,2.25,1.0,1.88,1.0,3.38,3.38,1.88,1.75,1.12,2.5,2.0,1.62,2.62,0.12,0.25,0.0,2.25,1.62,0.0,0.25,1.62,1.62,1.25,0.12,1.38,1.5,0.0,1.25,0.0,2.62,2.5,1.25,1.0,0.25,2.12,1.62,social_perceptiveness|service_orientation|coordination|judgment_and_decision_making|time_management
31-1133.00,Psychiatric Aides,3.12,3.25,1.0,1.0,1.0,3.12,3.12,1.88,1.88,2.25,3.0,2.0,1.25,2.0,3.0,1.12,2.0,1.0,3.88,3.88,2.0,2.38,1.62,2.88,2.0,3.0,3.62,0.0,0.0,0.0,2.88,3.0,1.0,1.0,2.38,2.88,1.5,0.38,2.12,3.0,0.12,1.62,0.0,3.25,4.12,2.0,2.0,0.75,2.88,1.0,social_perceptiveness|service_orientation|coordination|instructing|complex_problem_solving
31-2011.00,Occupational Therapy Assistants,3.0,3.12,1.62,1.38,1.12,3.25,3.12,1.75,2.0,2.62,2.88,1.88,1.62,2.38,2.88,1.38,1.88,1.25,3.88,3.88,3.0,2.88,1.75,3.5,2.0,3.0,3.12,0.62,0.38,0.12,3.25,3.0,0.75,1.5,2.62,3.0,1.75,0.75,2.25,3.0,0.38,1.5,0.25,3.25,3.88,2.88,2.88,0.88,2.88,1.88,social_perceptiveness|service_orientation|time_management|instructing|coordination
31-2012.00,Occupational Therapy Aides,3.12,3.38,1.5,1.25,1.0,3.0,3.0,1.5,1.75,2.12,2.5,1.88,1.88,2.38,2.88,1.12,2.12,1.5,3.75,3.62,2.12,2.12,1.5,3.0,1.88,2.88,3.0,0.75,0.38,0.0,3.0,2.88,0.5,0.88,2.38,2.25,1.12,1.62,2.12,2.88,0.12,1.62,0.75,3.75,3.5,2.12,2.12,0.62,2.88,1.12,service_orientation|social_perceptiveness|coordination|complex_problem_solving|instructing
31-2021.00,Physical Therapist Assistants,3.12,3.12,1.75,2.12,1.0,3.12,3.12,1.88,1.88,2.62,2.25,2.12,1.88,2.75,3.0,1.75,2.62,1.62,3.25,3.75,2.75,2.75,1.88,3.0,2.12,3.0,3.12,0.88,1.62,0.0,3.38,3.0,0.88,0.88,2.62,2.12,1.88,1.62,2.62,3.12,1.0,2.75,1.0,3.75,3.75,2.88,2.75,1.25,3.0,2.12,social_perceptiveness|service_orientation|coordination|instructing|complex_problem_solving
31-2022.00,Physical Therapist Aides,2.88,3.12,1.5,1.25,1.0,3.0,2.75,1.38,1.5,2.12,2.25,1.62,1.62,2.12,2.88,1.25,2.0,1.0,3.25,3.12,2.25,2.0,1.88,3.0,2.0,2.62,3.0,0.5,0.25,0.0,2.88,2.12,0.38,0.5,2.12,2.12,1.25,0.75,2.0,2.25,0.38,1.88,0.0,3.0,3.38,2.12,2.12,1.12,2.38,1.62,service_orientation|social_perceptiveness|coordination|instructing|time_management
31-9011.00,Massage Therapists,2.88,2.12,1.0,1.0,1.0,2.0,3.0,1.25,1.62,1.62,1.75,1.0,1.75,1.0,1.88,1.0,1.25,1.0,3.12,3.12,2.12,2.12,1.62,2.75,1.12,2.75,2.0,0.0,0.0,0.0,2.0,2.88,0.25,0.62,0.62,1.38,0.0,1.0,0.0,1.62,0.0,0.25,0.0,3.12,3.0,2.0,2.12,0.75,2.12,0.12,social_perceptiveness|service_orientation|judgment_and_decision_making|complex_problem_solving|time_management
31-9091.00,Dental Assistants,3.0,2.88,1.88,2.0,1.0,3.12,2.88,1.75,2.12,2.25,2.5,2.12,1.75,2.62,2.5,1.38,2.5,1.88,3.12,3.12,2.38,2.12,1.75,2.75,2.0,2.88,2.75,1.25,1.75,0.0,3.0,2.62,0.88,1.88,2.0,2.38,2.0,0.88,2.62,2.62,0.38,2.25,1.38,3.12,3.0,2.0,2.0,1.0,2.62,1.88,social_perceptiveness|instructing|service_orientation|complex_problem_solving|coordination
31-9092.00,Medical Assistants,3.0,3.5,1.5,1.62,1.0,3.12,3.0,2.0,2.12,2.38,2.5,2.12,1.62,2.5,2.75,1.5,2.12,1.5,3.5,4.0,2.38,2.38,1.5,3.0,1.75,2.88,3.12,0.5,1.0,0.0,3.0,3.0,1.12,1.38,2.25,2.38,1.25,0.75,2.25,2.88,0.62,1.75,0.75,3.25,3.88,2.38,2.38,0.62,2.88,1.38,social_perceptiveness|coordination|service_orientation|instructing|complex_problem_solving
31-9093.00,Medical Equipment Preparers,2.75,3.0,2.75,2.0,2.12,2.12,3.0,1.75,2.62,2.0,1.75,2.88,1.38,3.25,2.0,1.62,3.38,2.38,2.75,2.75,2.5,2.12,1.5,3.0,3.12,2.5,2.88,2.62,2.0,2.12,2.25,2.75,0.88,2.0,1.62,1.38,2.62,0.38,3.0,1.62,0.75,3.12,2.38,2.5,2.62,2.12,2.0,0.5,2.75,2.62,quality_control_analysis|operations_monitoring|troubleshooting|coordination|judgment_and_decision_making
31-9094.00,Medical Transcriptionists,2.62,2.5,1.0,1.0,1.0,2.12,3.0,1.0,1.12,1.75,1.88,1.12,1.62,1.5,1.88,1.38,1.62,1.0,2.12,2.75,1.88,1.88,1.12,3.0,1.0,2.5,2.12,0.0,0.0,0.0,1.62,2.62,0.0,0.12,1.12,1.25,0.12,0.88,0.75,1.38,0.5,1.12,0.0,2.0,2.75,1.38,1.38,0.12,2.75,0.0,judgment_and_decision_making|time_management|social_perceptiveness|complex_problem_solving|coordination
31-9095.00,Pharmacy Aides,2.75,3.0,1.5,1.38,1.0,2.0,3.0,1.75,2.0,1.88,1.88,1.75,1.5,1.88,2.25,1.5,2.0,1.12,3.38,3.25,2.12,1.88,1.62,2.62,1.75,2.38,2.75,0.5,0.38,0.0,2.0,2.25,0.88,1.38,1.62,1.62,1.0,0.5,1.62,1.75,0.5,1.75,0.12,3.12,2.88,1.5,1.12,0.62,2.25,0.88,service_orientation|social_perceptiveness|coordination|judgment_and_decision_making|complex_problem_solving
31-9096.00,Veterinary Assistants and Laboratory Animal Caretakers,2.88,3.0,1.62,1.62,1.0,2.88,2.88,2.0,2.25,2.12,2.12,2.0,1.88,2.12,2.12,1.25,2.12,1.62,3.12,3.0,2.0,2.12,1.75,3.0,2.0,2.25,3.0,0.75,0.75,0.0,2.88,2.75,1.75,2.0,2.0,2.25,1.88,1.62,2.12,2.25,0.38,2.0,0.62,3.12,3.0,2.0,2.0,0.88,2.38,1.75,service_orientation|social_perceptiveness|coordination|time_management|instructing
31-9097.00,Phlebotomists,3.0,3.12,1.88,1.75,1.0,3.12,3.0,1.62,1.62,2.38,2.0,1.88,1.38,2.25,2.25,1.25,2.62,1.75,3.62,3.5,2.12,2.0,1.38,2.88,1.88,2.75,3.0,1.0,0.88,0.0,3.12,2.88,0.75,0.75,2.25,1.88,1.5,0.38,1.75,2.38,0.25,2.25,0.75,3.0,3.12,1.75,1.75,0.38,2.75,1.62,service_orientation|social_perceptiveness|coordination|instructing|complex_problem_solving
31-9099.01,Speech-Language Pathology Assistants,3.25,2.88,1.38,1.25,1.0,3.0,3.12,1.5,1.75,2.12,2.62,1.38,1.5,2.12,2.62,1.38,1.5,1.12,3.38,3.5,2.62,2.75,1.75,2.88,1.25,3.12,3.0,0.38,0.25,0.0,3.0,3.12,0.62,1.0,2.0,2.5,0.38,0.75,1.75,2.62,0.38,0.5,0.12,3.38,3.88,2.62,3.12,1.0,2.88,0.25,social_perceptiveness|service_orientation|complex_problem_solving|judgment_and_decision_making|instructing
31-9099.02,Endoscopy Technicians,3.0,3.0,2.88,2.38,1.0,3.0,3.0,1.5,1.88,2.25,2.0,3.0,1.25,3.12,2.38,1.25,2.75,2.88,3.0,3.25,2.5,2.25,1.62,3.0,2.88,3.0,3.0,2.88,2.12,0.0,3.0,2.88,0.5,1.0,2.0,2.0,3.0,0.25,3.0,2.25,0.25,3.0,2.5,3.0,3.12,2.38,2.12,0.62,2.88,2.75,social_perceptiveness|operations_monitoring|coordination|instructing|service_orientation
33-1011.00,First-Line Supervisors of Correctional Officers,3.25,4.0,1.0,1.0,1.0,3.12,3.12,1.88,2.0,3.75,3.5,2.0,2.12,2.12,3.5,1.5,2.0,1.0,3.0,4.0,3.12,3.0,1.62,3.25,1.75,3.25,4.0,0.0,0.0,0.0,3.38,3.25,1.25,1.88,4.0,3.12,1.62,1.62,2.0,3.62,0.5,1.88,0.0,3.0,4.0,3.12,3.12,0.62,3.88,1.0,social_perceptiveness|coordination|management_of_personnel_resources|persuasion|negotiation
33-1012.00,First-Line Supervisors of Police and Detectives,3.75,3.88,1.5,1.5,1.0,3.88,3.75,2.5,2.5,4.0,3.25,2.5,2.12,2.5,3.88,1.5,2.12,1.5,3.5,4.0,3.12,3.12,1.5,3.5,2.0,4.0,4.0,0.75,0.88,0.0,3.88,3.88,2.75,2.75,4.0,3.12,2.0,2.12,2.25,4.0,0.5,2.12,0.75,3.5,4.0,3.25,3.25,0.62,3.88,1.38,social_perceptiveness|management_of_personnel_resources|coordination|persuasion|instructing
33-1021.00,First-Line Supervisors of Firefighting and Prevention Workers,3.62,3.62,2.25,2.25,1.12,3.62,3.75,2.12,2.5,3.88,3.0,2.62,1.88,3.0,3.12,1.75,2.38,2.0,3.5,3.62,2.88,3.12,1.75,3.62,2.12,3.12,3.88,2.12,2.25,0.25,3.12,3.25,1.88,2.25,3.75,3.0,2.25,0.88,3.0,3.25,0.75,2.38,1.88,3.38,3.75,3.0,3.0,0.88,3.75,2.12,management_of_personnel_resources|judgment_and_decision_making|social_perceptiveness|coordination|instructing
33-1091.00,First-Line Supervisors of Security Workers,3.62,3.62,1.88,1.62,1.0,3.25,3.88,2.38,2.38,3.75,3.12,2.0,1.88,2.38,3.25,1.62,2.38,1.75,3.12,3.62,3.0,2.75,1.5,3.62,2.0,3.38,3.88,1.12,1.0,0.0,3.25,3.12,2.62,2.38,3.75,2.88,1.88,1.5,1.88,3.25,0.88,2.12,1.25,3.0,3.5,2.75,2.75,0.5,3.38,1.75,judgment_and_decision_making|management_of_personnel_resources|social_perceptiveness|coordination|complex_problem_solving
33-2011.00,Firefighters,3.12,3.88,2.75,2.62,1.25,2.75,3.5,1.75,2.0,2.0,2.5,3.0,1.5,3.0,2.62,1.38,2.5,2.0,3.5,3.12,2.75,2.5,1.62,3.0,2.62,3.0,4.0,2.88,2.62,0.25,3.0,3.12,0.88,1.75,2.0,2.62,3.0,0.5,3.0,2.75,0.38,2.5,2.0,3.12,3.5,2.62,2.5,0.62,2.88,2.75,coordination|service_orientation|judgment_and_decision_making|social_perceptiveness|complex_problem_solving
33-2021.00,Fire Inspectors and Investigators,3.12,3.0,1.12,1.12,1.0,3.25,3.12,2.12,2.12,2.62,2.88,2.12,1.88,2.62,3.25,1.62,2.75,1.25,3.25,3.38,2.75,3.0,1.88,3.0,2.38,3.25,3.62,0.25,0.25,0.0,3.12,3.0,1.75,2.0,2.5,2.75,1.88,1.75,2.62,3.25,1.0,2.38,0.38,3.38,3.12,3.0,2.75,1.12,3.12,1.75,social_perceptiveness|persuasion|instructing|service_orientation|complex_problem_solving
33-2022.00,Forest Fire Inspectors and Prevention Specialists,3.5,3.75,2.25,2.25,1.0,3.25,3.62,1.88,2.0,3.12,2.88,2.38,1.62,2.62,3.0,1.62,2.25,1.88,2.88,3.0,2.75,2.88,1.75,3.12,2.25,3.25,3.75,1.38,1.38,0.0,3.0,3.25,1.12,1.75,3.38,2.88,2.38,1.0,2.62,3.12,0.62,2.25,1.12,3.0,2.88,3.12,3.12,0.88,3.38,2.12,coordination|judgment_and_decision_making|complex_problem_solving|instructing|time_management
33-3011.00,Bailiffs,2.88,2.88,1.0,1.0,1.0,2.25,3.25,1.25,1.38,2.38,2.75,1.5,1.12,2.0,2.88,1.12,1.88,1.0,2.88,4.0,1.88,1.5,1.25,3.0,1.25,2.38,2.88,0.0,0.0,0.0,2.12,3.0,0.25,0.38,2.12,2.75,0.75,0.25,1.5,2.88,0.25,1.12,0.0,2.5,3.38,1.38,0.75,0.38,2.38,0.38,social_perceptiveness|judgment_and_decision_making|time_management|coordination|persuasion
33-3012.00,Correctional Officers and Jailers,3.25,3.5,1.62,1.5,1.0,3.0,3.25,1.5,1.62,2.5,3.25,2.12,1.38,2.75,3.38,1.5,2.25,1.62,3.0,4.0,2.75,2.62,1.62,3.0,2.12,2.88,3.5,1.0,1.0,0.0,2.88,3.0,0.75,0.88,2.5,3.0,2.12,0.5,2.25,3.0,0.62,2.12,0.88,3.0,3.75,2.62,2.12,0.75,3.0,1.62,social_perceptiveness|coordination|persuasion|negotiation|complex_problem_solving
33-3021.00,Detectives and Criminal Investigators,3.88,3.62,1.5,1.62,1.0,2.88,3.88,1.5,1.62,2.38,3.25,2.25,1.38,2.0,3.38,1.38,2.12,1.5,3.12,4.12,2.75,2.88,1.38,3.25,1.75,3.75,3.62,0.62,0.75,0.0,3.0,3.75,0.62,0.75,2.25,3.12,2.0,0.38,1.88,3.38,0.38,1.75,0.62,3.0,4.12,2.75,2.88,0.38,3.12,1.25,social_perceptiveness|complex_problem_solving|judgment_and_decision_making|coordination|persuasion
33-3021.02,Police Identification and Records Officers,3.0,3.0,1.0,1.0,1.0,2.88,3.0,1.62,1.62,2.0,2.5,2.25,1.5,2.5,2.75,1.25,2.0,1.0,2.75,3.0,2.62,2.0,1.62,3.0,1.62,3.0,3.0,0.0,0.0,0.0,3.0,3.0,0.62,0.62,2.5,3.0,2.62,0.5,2.62,3.0,0.25,1.88,0.0,3.0,3.0,2.62,2.12,0.62,3.0,0.62,social_perceptiveness|coordination|complex_problem_solving|judgment_and_decision_making|time_management
33-3021.06,Intelligence Analysts,3.62,3.12,1.0,1.0,1.0,3.0,3.12,1.5,1.5,2.0,3.0,1.0,2.0,1.75,3.0,1.75,1.12,1.0,2.88,3.0,2.88,3.0,1.62,3.0,1.0,3.62,3.5,0.0,0.0,0.0,3.12,3.75,0.5,0.5,2.12,3.0,0.0,2.12,1.38,3.12,1.38,0.12,0.0,2.88,3.12,2.88,3.0,0.75,3.0,0.0,complex_problem_solving|coordination|judgment_and_decision_making|social_perceptiveness|persuasion
33-3031.00,Fish and Game Wardens,3.0,3.0,1.5,1.5,1.0,2.75,3.62,2.0,2.0,2.5,2.75,3.0,2.0,3.0,3.12,1.5,2.25,1.5,3.0,3.12,3.12,2.88,1.75,2.88,2.0,3.0,3.12,0.88,0.62,0.0,2.88,3.25,1.0,1.0,2.88,2.75,3.0,2.38,2.75,3.38,0.62,2.38,0.88,3.0,3.38,3.12,2.88,0.88,3.0,1.75,judgment_and_decision_making|social_perceptiveness|persuasion|systems_analysis|coordination
33-3041.00,Parking Enforcement Workers,2.75,2.88,2.0,1.5,1.0,2.38,2.62,1.25,1.5,2.12,2.75,2.38,1.25,2.12,2.75,1.38,1.88,1.62,2.88,3.0,1.88,1.88,1.12,3.0,1.88,2.38,2.88,1.88,0.5,0.0,2.38,2.0,0.25,0.62,2.12,2.12,2.25,0.25,2.0,2.25,0.38,1.75,0.88,2.62,2.75,1.62,1.62,0.12,2.5,1.62,social_perceptiveness|time_management|coordination|service_orientation|persuasion
33-3051.00,Police and Sheriff's Patrol Officers,3.12,3.62,1.12,1.12,1.0,2.88,3.75,1.88,2.12,2.62,3.12,2.0,1.0,2.5,3.5,1.38,1.88,1.0,3.62,4.0,2.62,2.25,1.75,3.0,1.88,3.0,3.62,0.25,0.25,0.0,3.0,3.5,0.88,1.12,2.75,3.12,2.0,0.0,2.0,3.62,0.5,1.12,0.0,3.5,4.0,2.75,2.62,0.75,3.0,1.0,social_perceptiveness|judgment_and_decision_making|coordination|service_orientation|persuasion
33-3051.04,Customs and Border Protection Officers,3.12,3.38,1.0,1.0,1.0,2.75,3.62,1.75,1.75,2.75,3.0,2.25,1.5,2.38,3.12,1.5,2.12,1.0,3.0,3.88,2.62,2.38,1.5,3.0,1.75,3.0,3.38,0.0,0.0,0.0,3.0,3.5,0.75,1.12,2.75,3.0,2.12,0.62,2.25,3.12,0.5,1.88,0.0,3.0,3.38,2.38,2.5,0.5,3.25,0.88,social_perceptiveness|judgment_and_decision_making|coordination|persuasion|complex_problem_solving
33-3052.00,Transit and Railroad Police,3.75,3.25,1.0,1.0,1.0,3.0,3.25,2.0,2.0,2.88,3.12,2.5,1.88,2.75,3.0,1.62,2.0,1.0,3.12,3.38,3.0,2.38,1.5,3.0,1.88,3.0,3.25,0.0,0.0,0.0,3.0,3.12,1.12,1.12,2.88,3.12,2.25,1.75,2.25,3.38,0.75,1.62,0.0,3.0,3.25,2.75,2.25,0.62,3.12,1.5,complex_problem_solving|social_perceptiveness|coordination|judgment_and_decision_making|negotiation
33-9011.00,Animal Control Workers,2.88,3.0,1.0,1.0,1.0,2.62,3.0,1.62,1.75,2.0,2.75,2.0,1.5,2.0,2.88,1.12,1.75,1.0,3.0,3.0,2.0,2.0,1.12,3.0,1.25,2.88,3.0,0.0,0.0,0.0,2.62,2.88,0.62,0.75,2.0,2.62,1.62,0.5,1.75,3.0,0.12,1.0,0.0,3.0,3.0,2.0,2.0,0.12,3.0,0.38,social_perceptiveness|coordination|service_orientation|judgment_and_decision_making|time_management
33-9021.00,Private Detectives and Investigators,3.75,3.0,1.0,1.25,1.0,2.25,3.38,1.75,1.88,2.25,2.88,2.12,1.88,1.88,2.88,1.75,1.75,1.0,3.0,3.5,2.88,2.75,1.62,3.0,1.38,3.0,2.88,0.0,0.38,0.0,2.25,3.38,1.12,1.0,2.0,2.88,1.38,1.5,0.88,3.0,1.0,1.25,0.0,2.88,3.5,2.88,2.88,0.62,3.0,0.38,complex_problem_solving|social_perceptiveness|judgment_and_decision_making|coordination|service_orientation
33-9031.00,Gambling Surveillance Officers and Gambling Investigators,3.0,2.88,1.0,1.0,1.0,3.0,3.38,1.62,1.62,2.62,2.38,2.0,1.5,2.38,2.5,1.38,2.25,1.25,2.62,3.12,2.5,2.38,1.62,2.88,1.75,2.5,3.0,0.0,0.0,0.0,3.0,3.12,0.62,0.62,2.5,2.38,1.62,0.5,2.12,2.38,0.38,1.88,0.25,2.38,2.88,2.25,2.38,0.62,3.0,0.75,judgment_and_decision_making|social_perceptiveness|instructing|complex_problem_solving|coordination
33-9032.00,Security Guards,2.62,3.12,1.12,1.0,1.0,2.25,3.0,1.38,1.38,2.12,2.62,2.12,1.5,2.25,2.88,1.12,2.0,1.0,2.88,3.0,2.0,2.0,1.12,2.5,2.0,2.38,3.0,0.12,0.0,0.0,2.25,2.5,0.5,0.5,2.0,2.38,2.0,0.62,2.25,3.0,0.25,1.25,0.0,2.62,3.12,1.25,1.38,0.25,2.12,1.25,coordination|social_perceptiveness|judgment_and_decision_making|persuasion|service_orientation
33-9091.00,Crossing Guards and Flaggers,2.38,2.75,1.0,1.0,1.0,1.88,2.75,1.38,1.5,1.62,2.12,1.0,1.25,1.62,2.12,1.0,1.25,1.0,2.75,3.0,1.88,1.75,1.0,2.0,1.38,1.88,2.5,0.0,0.0,0.0,1.5,2.5,0.38,0.5,1.0,1.38,0.0,0.25,0.62,1.75,0.0,0.25,0.0,2.62,2.5,0.88,0.75,0.0,1.62,0.38,social_perceptiveness|coordination|service_orientation|judgment_and_decision_making|complex_problem_solving
33-9092.00,"Lifeguards, Ski Patrol, and Other Recreational Protective Service Workers",3.0,3.0,1.25,1.38,1.0,2.75,3.0,1.12,1.25,2.0,2.0,1.38,1.25,2.12,2.5,1.0,1.88,1.25,3.25,3.38,1.88,2.0,1.0,2.38,1.62,2.62,2.88,0.25,0.5,0.0,2.5,3.0,0.12,0.38,2.0,2.0,0.5,0.25,1.25,2.5,0.0,1.5,0.25,3.12,3.25,1.12,1.38,0.0,1.88,0.75,social_perceptiveness|service_orientation|coordination|complex_problem_solving|judgment_and_decision_making
33-9093.00,Transportation Security Screeners,2.75,3.25,2.0,1.88,1.0,2.88,3.12,1.62,1.88,2.5,2.62,2.62,1.88,2.75,3.0,1.5,2.5,1.62,3.0,3.25,2.12,2.38,1.0,2.62,2.25,2.75,3.38,1.5,1.62,0.0,2.88,2.88,1.0,1.12,2.38,2.5,2.5,1.38,2.88,3.0,0.88,2.5,1.25,2.75,3.0,2.0,2.38,0.0,2.12,1.88,social_perceptiveness|coordination|judgment_and_decision_making|persuasion|service_orientation
33-9094.00,School Bus Monitors,2.25,2.88,1.0,1.0,1.0,1.88,2.88,1.38,1.38,2.0,2.5,2.12,1.0,1.88,2.75,1.0,1.62,1.0,3.0,3.25,2.0,1.88,1.5,2.38,1.62,2.0,2.25,0.0,0.0,0.0,1.62,2.38,0.38,0.38,1.25,2.12,1.88,0.0,1.12,2.38,0.0,1.0,0.0,2.75,2.75,1.38,1.5,0.5,1.88,0.75,social_perceptiveness|service_orientation|coordination|judgment_and_decision_making|persuasion
33-9099.02,Retail Loss Prevention Specialists,3.0,3.12,1.0,1.12,1.0,2.88,3.38,2.0,1.88,2.88,2.75,1.88,1.38,2.62,2.75,1.62,2.38,1.0,2.88,3.38,3.0,2.88,1.62,3.0,2.25,2.88,3.12,0.0,0.38,0.0,3.0,3.0,1.62,1.5,2.88,2.62,1.38,0.75,2.38,2.88,1.0,2.25,0.0,2.75,3.12,2.75,3.0,0.88,2.75,1.88,social_perceptiveness|judgment_and_decision_making|coordination|complex_problem_solving|systems_analysis
35-1011.00,Chefs and Head Cooks,3.25,4.12,2.0,2.12,1.0,3.62,3.62,3.12,3.25,3.88,3.12,2.5,2.62,2.88,3.0,1.5,3.25,2.0,3.75,3.88,3.0,3.0,1.62,3.88,2.12,3.5,4.12,1.12,1.88,0.0,3.5,3.12,3.25,3.38,3.88,3.75,2.38,2.62,2.62,3.62,0.5,3.12,1.0,3.38,3.75,3.0,3.12,0.75,3.88,1.75,coordination|social_perceptiveness|time_management|management_of_personnel_resources|service_orientation
35-1012.00,First-Line Supervisors of Food Preparation and Serving Workers,3.0,3.88,1.38,1.25,1.0,3.75,3.0,2.88,3.0,4.0,3.12,2.0,1.75,2.38,3.0,1.25,2.88,1.38,3.62,3.12,3.0,3.0,1.5,3.12,2.0,3.0,4.0,0.62,0.38,0.0,3.12,3.0,2.88,3.0,3.88,3.12,1.75,1.12,2.25,3.12,0.25,2.75,0.62,3.62,3.62,3.0,3.12,0.5,3.62,1.38,management_of_personnel_resources|coordination|instructing|service_orientation|social_perceptiveness
35-2011.00,"Cooks, Fast Food",2.0,2.75,1.0,1.0,1.0,2.0,2.38,1.62,1.5,2.0,1.88,2.0,1.25,2.25,2.12,1.0,1.88,1.0,3.12,2.5,1.88,1.88,1.25,2.5,1.25,1.75,2.25,0.0,0.0,0.0,2.0,2.0,0.62,0.5,1.75,1.62,1.62,0.25,1.88,2.12,0.0,1.12,0.0,2.38,2.25,1.0,1.0,0.25,2.0,0.38,service_orientation|coordination|social_perceptiveness|time_management|judgment_and_decision_making
35-2012.00,"Cooks, Institution and Cafeteria",3.0,3.0,1.25,1.5,1.0,2.75,3.12,2.25,2.62,3.0,2.5,2.88,1.88,3.12,2.62,1.0,3.12,1.0,3.12,2.88,2.5,2.38,1.62,3.0,2.0,2.88,3.12,0.25,0.62,0.0,2.75,2.88,1.88,2.62,3.0,2.0,2.0,1.62,2.38,2.5,0.0,2.5,0.0,3.0,2.88,2.0,2.12,0.75,3.0,1.12,service_orientation|operations_monitoring|quality_control_analysis|judgment_and_decision_making|coordination
35-2013.00,"Cooks, Private Household",3.0,2.88,1.0,1.75,1.0,2.12,3.0,2.5,2.88,2.62,2.12,2.38,2.12,2.38,2.75,1.25,2.25,1.12,3.12,3.0,2.25,2.25,1.62,3.0,2.0,2.88,3.0,0.0,0.88,0.0,1.38,3.0,2.38,2.88,2.88,2.25,2.0,2.0,2.38,2.88,0.38,1.88,0.25,3.5,3.0,2.0,2.0,0.75,3.0,1.25,service_orientation|social_perceptiveness|complex_problem_solving|judgment_and_decision_making|time_management
35-2014.00,"Cooks, Restaurant",2.38,2.62,1.0,1.75,1.0,2.0,2.62,2.0,2.0,2.25,2.12,2.25,1.5,2.5,2.12,1.0,2.38,1.0,2.38,2.5,2.38,2.0,1.0,3.0,1.5,2.0,2.62,0.0,0.88,0.0,2.0,2.38,1.62,1.75,2.38,2.12,2.0,0.62,2.25,1.75,0.0,2.25,0.0,2.12,2.62,1.88,2.12,0.0,3.0,0.5,time_management|coordination|judgment_and_decision_making|social_perceptiveness|operations_monitoring
35-2015.00,"Cooks, Short Order",2.62,3.0,1.0,1.25,1.0,2.38,2.62,1.75,2.0,2.25,2.25,2.0,1.0,2.25,2.25,1.0,2.25,1.0,3.0,2.62,1.75,1.88,1.12,3.12,1.88,2.25,3.0,0.0,0.38,0.0,2.25,2.0,1.0,1.62,2.0,2.0,1.12,0.0,1.62,2.12,0.0,1.62,0.0,2.75,2.5,1.12,1.75,0.12,3.12,1.38,time_management|coordination|service_orientation|social_perceptiveness|complex_problem_solving
35-2021.00,Food Preparation Workers,2.0,2.88,1.0,1.12,1.0,2.0,2.38,1.5,1.5,2.0,1.88,1.75,1.0,2.0,2.0,1.0,2.12,1.0,3.0,2.62,2.0,1.88,1.0,3.0,1.88,2.0,2.12,0.0,0.12,0.0,2.0,2.0,0.5,0.5,1.5,1.62,0.88,0.0,1.88,1.75,0.0,1.75,0.0,2.0,2.12,1.5,1.38,0.0,2.12,1.0,service_orientation|time_management|coordination|social_perceptiveness|judgment_and_decision_making
35-3011.00,Bartenders,3.0,3.12,1.12,1.25,1.0,3.0,2.88,2.25,2.38,2.5,2.88,1.62,1.0,2.0,3.12,1.25,2.25,1.0,3.62,3.25,2.25,2.25,1.5,3.0,1.88,2.62,3.0,0.12,0.25,0.0,3.0,2.88,2.0,2.12,2.5,2.88,0.88,0.0,2.0,3.0,0.25,1.88,0.0,3.12,3.0,2.0,2.12,0.5,2.5,1.25,service_orientation|social_perceptiveness|coordination|persuasion|instructing
35-3023.00,Fast Food and Counter Workers,1.88,3.0,1.0,1.0,1.0,2.0,2.38,1.5,1.75,2.0,1.88,1.62,1.0,2.0,2.0,1.12,1.62,1.0,3.0,3.0,2.0,1.88,1.25,2.38,1.5,1.62,2.75,0.0,0.0,0.0,2.0,1.88,0.5,1.12,1.75,1.62,0.62,0.0,1.62,2.0,0.12,1.0,0.0,2.75,2.0,1.62,1.62,0.25,1.88,0.5,social_perceptiveness|coordination|service_orientation|judgment_and_decision_making|time_management
35-3023.01,Baristas,2.25,3.0,1.5,1.12,1.0,2.25,2.0,1.5,1.75,2.0,2.38,2.62,1.12,2.12,2.5,1.0,2.12,1.38,3.38,3.0,1.88,1.88,1.0,2.38,1.75,1.88,2.75,0.88,0.12,0.0,2.12,1.88,0.5,0.88,2.0,2.25,2.12,0.12,1.75,2.38,0.0,1.75,0.62,2.88,2.5,1.12,1.12,0.0,2.12,1.25,service_orientation|social_perceptiveness|coordination|operation_and_control|persuasion
35-3031.00,Waiters and Waitresses,2.62,3.12,1.0,1.0,1.0,2.12,2.75,1.62,1.75,1.88,2.12,1.38,1.0,2.0,2.75,1.12,2.25,1.0,3.88,3.38,2.0,2.0,1.0,2.75,1.75,2.0,2.62,0.0,0.0,0.0,1.88,2.0,0.62,0.75,1.62,2.0,0.38,0.0,1.12,2.38,0.12,1.38,0.0,3.0,2.5,1.5,1.38,0.0,2.12,0.75,service_orientation|social_perceptiveness|coordination|persuasion|judgment_and_decision_making
35-3041.00,"Food Servers, Nonrestaurant",2.12,2.88,1.12,1.12,1.0,2.12,2.75,1.88,1.88,2.25,2.12,2.0,1.5,2.12,2.12,1.12,2.12,1.0,3.0,2.88,2.0,2.0,1.75,2.88,2.0,2.12,2.62,0.25,0.12,0.0,1.88,2.12,1.0,1.0,2.0,1.38,1.12,0.62,1.38,2.0,0.12,2.0,0.0,2.12,2.62,1.25,1.12,0.75,2.12,1.12,service_orientation|social_perceptiveness|coordination|time_management|judgment_and_decision_making
35-9011.00,Dining Room and Cafeteria Attendants and Bartender Helpers,2.0,3.0,1.0,1.0,1.0,2.0,2.88,2.0,2.0,2.25,2.0,1.75,1.12,2.12,2.0,1.12,2.0,1.0,3.0,2.88,2.0,2.0,1.12,2.25,2.0,2.0,2.88,0.0,0.0,0.0,1.88,2.12,1.38,1.12,2.12,1.75,0.88,0.25,1.5,1.88,0.12,1.5,0.0,2.12,2.0,1.12,1.12,0.12,2.12,1.12,coordination|service_orientation|social_perceptiveness|judgment_and_decision_making|time_management
35-9021.00,Dishwashers,1.88,2.75,2.0,1.5,1.0,2.0,2.25,1.5,1.5,1.88,1.88,2.88,1.0,2.5,1.88,1.0,2.38,1.88,2.12,2.5,1.88,1.88,1.0,2.62,2.0,1.75,2.0,2.0,1.0,0.0,1.0,2.0,0.5,0.5,1.5,1.5,2.0,0.0,2.0,1.62,0.0,2.0,1.75,2.0,2.0,0.88,0.88,0.0,2.0,2.0,operation_and_control|coordination|time_management|social_perceptiveness|operations_monitoring
35-9031.00,"Hosts and Hostesses, Restaurant, Lounge, and Coffee Shop",1.88,2.88,1.0,1.0,1.0,2.38,2.12,1.12,1.12,2.0,2.62,1.25,1.0,1.75,2.62,1.0,2.0,1.0,3.12,3.0,2.0,1.88,1.0,2.62,1.25,1.62,2.88,0.0,0.0,0.0,2.0,2.0,0.12,0.12,2.0,2.5,0.25,0.0,0.75,2.62,0.0,1.0,0.0,3.0,2.88,1.75,1.38,0.0,2.12,0.25,service_orientation|social_perceptiveness|coordination|persuasion|negotiation
37-1011.00,First-Line Supervisors of Housekeeping and Janitorial Workers,3.12,3.25,2.12,2.0,1.0,3.12,3.0,2.38,2.75,3.38,3.0,2.0,1.88,2.25,2.88,1.0,3.0,1.88,3.12,3.12,2.38,2.62,1.38,3.25,2.12,2.88,3.5,1.75,1.12,0.0,3.12,2.88,2.5,3.0,3.88,3.0,1.75,1.5,2.0,3.12,0.0,2.62,1.38,3.12,3.38,2.12,2.38,0.38,3.75,1.88,management_of_personnel_resources|coordination|time_management|social_perceptiveness|instructing
37-1012.00,"First-Line Supervisors of Landscaping, Lawn Service, and Groundskeeping Workers",3.12,3.75,2.25,2.25,1.38,3.25,3.25,2.25,2.88,3.88,2.88,3.0,2.12,3.0,3.12,1.62,3.12,2.12,3.12,3.25,2.88,2.88,1.88,4.0,2.25,3.0,3.75,2.12,1.62,0.38,3.0,3.0,2.25,2.88,3.88,3.0,2.88,2.12,3.0,3.0,0.75,2.88,1.88,3.12,3.62,2.88,2.88,1.0,3.88,2.12,time_management|management_of_personnel_resources|coordination|social_perceptiveness|instructing
37-2011.00,"Janitors and Cleaners, Except Maids and Housekeeping Cleaners",2.25,2.75,2.0,2.0,1.0,2.12,2.38,1.38,1.5,2.12,2.0,2.0,1.12,2.25,2.12,1.25,2.0,2.0,2.5,2.62,2.0,1.88,1.25,2.75,2.12,2.12,2.25,2.0,1.5,0.0,1.38,2.12,0.5,0.62,1.75,1.88,1.5,0.12,2.0,2.0,0.25,1.5,1.62,2.25,2.12,1.38,1.25,0.25,2.12,2.12,coordination|time_management|social_perceptiveness|service_orientation|judgment_and_decision_making
37-2012.00,Maids and Housekeeping Cleaners,2.12,3.0,1.0,1.25,1.0,2.12,2.12,1.62,1.88,2.12,2.12,1.62,1.12,2.0,2.12,1.0,2.0,1.0,3.12,2.88,2.0,2.0,1.0,3.0,1.88,2.12,2.62,0.0,0.25,0.0,2.12,2.12,0.62,0.88,2.0,2.12,0.62,0.25,1.38,2.12,0.0,1.75,0.0,2.62,2.12,1.0,1.0,0.0,2.25,0.88,service_orientation|coordination|time_management|social_perceptiveness|persuasion
37-2021.00,Pest Control Workers,3.25,3.12,2.25,2.12,1.0,2.88,3.12,2.12,2.12,3.0,3.12,3.0,1.88,3.0,3.12,1.0,2.62,2.25,3.25,3.38,2.88,2.62,1.62,3.5,2.5,3.0,3.0,1.88,1.88,0.0,2.88,2.88,2.0,2.0,2.88,2.88,2.62,1.25,2.75,3.0,0.0,2.38,1.88,3.0,2.88,2.62,2.0,0.62,3.0,2.0,time_management|social_perceptiveness|service_orientation|complex_problem_solving|coordination
37-3011.00,Landscaping and Groundskeeping Workers,1.88,2.12,1.88,2.12,1.12,1.88,2.0,1.25,1.38,1.75,1.62,3.0,1.38,2.38,1.75,1.0,1.88,1.88,1.88,2.12,1.62,1.62,1.25,2.12,1.88,1.62,1.75,1.62,1.75,0.12,1.25,1.75,0.38,0.38,1.5,0.88,2.88,0.38,2.0,1.25,0.0,1.62,1.62,1.5,1.62,0.75,0.88,0.25,1.75,1.62,operation_and_control|operations_monitoring|social_perceptiveness|coordination|equipment_selection
37-3012.00,"Pesticide Handlers, Sprayers, and Applicators, Vegetation",2.62,2.75,2.25,1.88,1.0,2.0,2.88,1.88,1.88,2.25,2.0,2.88,1.12,3.0,2.0,1.12,2.12,1.75,2.5,2.88,2.0,2.0,1.25,3.0,2.0,2.62,2.5,1.5,1.38,0.0,1.88,2.88,1.0,1.0,2.12,1.62,2.88,0.12,2.88,2.0,0.25,2.0,1.25,2.25,2.62,1.88,2.0,0.38,2.88,2.0,operations_monitoring|time_management|social_perceptiveness|operation_and_control|judgment_and_decision_making
37-3013.00,Tree Trimmers and Pruners,3.12,3.0,2.75,2.88,1.25,3.0,2.75,1.88,1.88,2.75,2.25,3.75,1.38,3.62,2.38,1.0,2.75,2.25,2.88,2.62,2.25,2.0,1.62,2.75,2.75,2.75,3.12,2.38,2.12,0.38,3.0,2.5,1.0,1.0,2.62,2.0,3.12,0.38,3.0,2.12,0.0,2.62,2.0,2.5,2.5,2.0,1.62,0.62,3.0,2.25,operation_and_control|operations_monitoring|complex_problem_solving|coordination|instructing
39-1013.00,First-Line Supervisors of Gambling Services Workers,3.25,3.38,1.75,1.75,1.25,3.25,3.12,1.88,1.88,3.38,3.12,2.12,1.5,2.38,3.0,1.88,2.12,1.75,3.88,3.5,3.0,2.75,1.5,3.5,1.88,3.0,3.12,1.25,1.12,0.38,3.38,3.0,1.25,1.12,3.5,3.12,1.38,0.88,2.0,3.12,1.25,1.5,1.12,3.5,3.5,2.62,2.88,0.75,3.38,1.25,service_orientation|social_perceptiveness|time_management|coordination|management_of_personnel_resources
39-1014.00,"First-Line Supervisors of Entertainment and Recreation Workers, Except Gambling Services",2.88,3.38,1.0,1.25,1.0,3.5,3.12,1.38,1.5,3.5,3.25,1.75,1.5,2.12,3.25,1.62,2.0,1.12,3.38,3.5,2.75,2.62,1.38,3.5,1.62,2.88,3.75,0.0,0.5,0.0,3.25,2.62,0.75,1.12,2.88,3.38,1.0,0.88,1.5,3.25,0.88,1.38,0.25,3.5,3.5,2.62,2.5,0.5,3.38,0.88,social_perceptiveness|instructing|time_management|management_of_personnel_resources|coordination
39-1022.00,First-Line Supervisors of Personal Service Workers,3.12,3.75,1.0,1.0,1.0,3.25,3.25,2.12,2.12,3.75,3.0,1.88,1.88,2.25,3.5,1.25,2.62,1.0,3.62,3.75,3.0,3.0,1.62,3.75,1.88,3.0,3.62,0.0,0.0,0.0,3.0,3.0,1.88,2.0,3.88,3.0,1.0,1.25,2.12,3.0,0.25,2.5,0.0,3.0,3.88,2.88,2.88,0.62,3.75,1.0,social_perceptiveness|coordination|time_management|management_of_personnel_resources|service_orientation
39-2011.00,Animal Trainers,3.0,3.0,1.0,1.12,1.0,3.75,3.12,1.75,2.0,2.62,2.5,1.75,1.75,2.0,2.88,1.12,2.12,1.0,3.0,3.0,2.88,2.88,1.75,3.0,1.75,2.75,3.0,0.0,0.12,0.0,3.12,2.88,1.5,1.75,2.5,2.25,1.75,1.0,1.5,2.88,0.12,2.12,0.0,3.0,3.0,2.62,2.62,0.75,2.75,1.25,instructing|judgment_and_decision_making|social_perceptiveness|coordination|service_orientation
39-2021.00,Animal Caretakers,2.62,3.0,1.5,1.62,1.12,2.12,3.0,1.75,1.75,2.0,2.0,1.62,1.0,1.88,1.88,1.25,2.0,1.25,3.0,2.75,2.12,2.12,1.62,2.5,1.88,2.25,2.5,0.5,0.62,0.12,2.0,2.12,0.75,0.88,1.75,1.62,0.75,0.0,1.38,1.75,0.25,1.5,0.25,2.88,2.25,1.75,1.62,0.62,2.0,1.25,coordination|service_orientation|judgment_and_decision_making|social_perceptiveness|complex_problem_solving
39-3011.00,Gambling Dealers,2.25,2.88,1.12,1.0,1.0,2.62,2.5,1.5,1.25,2.12,2.38,1.25,1.0,1.62,2.62,1.0,1.62,1.0,3.12,3.12,1.5,1.62,1.12,2.5,1.38,2.0,2.75,0.12,0.0,0.0,2.62,2.38,0.5,0.25,1.75,2.25,0.25,0.0,0.88,2.38,0.0,1.0,0.0,2.88,2.75,0.88,1.12,0.12,2.5,0.38,social_perceptiveness|service_orientation|coordination|persuasion|instructing
39-3012.00,Gambling and Sports Book Writers and Runners,2.5,3.0,1.0,1.0,1.0,2.25,2.62,1.75,1.75,2.38,2.25,1.62,1.12,2.0,2.5,1.38,1.88,1.0,2.88,3.0,1.88,1.88,1.0,2.38,1.75,2.25,3.0,0.0,0.0,0.0,2.25,2.5,1.12,0.88,2.62,2.0,0.75,0.12,1.75,2.5,0.38,1.62,0.0,2.62,2.88,1.75,1.0,0.0,2.12,0.75,social_perceptiveness|coordination|service_orientation|judgment_and_decision_making|persuasion
39-3021.00,Motion Picture Projectionists,2.88,2.88,2.75,2.12,1.25,2.0,2.88,1.0,1.5,1.88,2.0,3.0,1.88,3.12,2.12,1.38,2.75,2.88,2.5,2.88,2.12,2.12,1.12,2.88,2.88,2.25,2.62,2.62,2.0,0.5,1.88,2.25,0.0,0.5,1.62,2.0,2.75,1.62,3.0,2.0,0.62,2.62,2.25,2.5,2.25,1.25,1.12,0.25,2.62,2.75,operations_monitoring|operation_and_control|social_perceptiveness|coordination|complex_problem_solving
39-3031.00,"Ushers, Lobby Attendants, and Ticket Takers",2.75,3.0,1.0,1.0,1.0,2.12,2.12,1.0,1.0,2.0,2.5,1.88,1.0,2.0,2.5,1.25,1.62,1.0,3.0,3.0,2.0,2.0,1.0,2.38,1.5,2.12,2.25,0.0,0.0,0.0,1.12,2.0,0.0,0.0,1.88,2.12,0.88,0.0,1.75,2.5,0.25,1.12,0.0,3.12,3.0,1.0,1.12,0.0,2.12,0.5,social_perceptiveness|coordination|service_orientation|complex_problem_solving|persuasion
39-3091.00,Amusement and Recreation Attendants,2.12,2.88,1.75,1.12,1.0,2.12,2.62,1.0,1.38,2.0,2.0,2.25,1.12,2.38,2.38,1.25,1.88,1.75,3.12,3.0,2.0,2.0,1.38,2.62,2.0,2.12,2.62,0.88,0.12,0.0,2.0,2.12,0.0,0.5,2.0,2.12,2.0,0.25,2.25,2.5,0.25,1.38,0.88,2.75,2.38,1.12,1.12,0.62,2.12,1.38,service_orientation|social_perceptiveness|coordination|judgment_and_decision_making|time_management
39-3092.00,Costume Attendants,2.25,3.12,1.0,1.12,1.0,2.5,2.38,1.88,2.0,2.25,2.75,2.0,2.12,1.88,2.75,1.0,2.0,1.0,2.88,3.0,2.12,2.38,1.62,2.75,1.62,2.38,3.12,0.0,0.12,0.0,2.0,2.38,1.38,1.38,2.12,2.38,1.25,2.12,1.25,2.38,0.0,1.5,0.0,2.75,3.0,1.62,1.75,0.62,2.25,0.75,coordination|social_perceptiveness|service_orientation|persuasion|negotiation
39-3093.00,"Locker Room, Coatroom, and Dressing Room Attendants",2.0,2.5,1.25,1.12,1.0,2.0,2.25,1.12,1.38,1.88,2.12,1.5,1.12,1.62,2.12,1.0,1.38,1.25,3.62,3.12,1.12,1.38,1.12,2.38,1.38,1.75,2.12,0.38,0.12,0.0,1.75,2.0,0.25,0.62,1.12,1.88,0.62,0.12,0.75,1.88,0.0,0.38,0.25,2.88,2.5,0.25,0.5,0.12,1.88,0.38,service_orientation|social_perceptiveness|coordination|time_management|judgment_and_decision_making
39-4011.00,Embalmers,2.88,3.0,1.5,1.62,1.0,2.62,3.0,2.0,2.0,2.75,2.38,2.12,2.0,2.75,2.25,1.25,2.25,1.5,3.12,3.12,2.12,2.12,1.88,3.12,2.0,3.0,3.0,1.0,1.0,0.0,2.62,3.0,1.12,1.25,2.75,2.62,2.25,1.88,2.12,2.12,0.25,1.88,1.0,3.0,3.88,2.12,2.12,1.0,3.12,1.62,social_perceptiveness|service_orientation|time_management|coordination|judgment_and_decision_making
39-4021.00,Funeral Attendants,2.25,3.0,1.88,1.5,1.0,2.0,2.38,1.5,1.5,1.75,1.88,2.12,1.62,2.12,2.0,1.25,2.0,1.25,3.25,3.25,2.0,1.88,1.25,2.38,2.0,2.0,3.0,1.0,0.5,0.0,1.5,2.38,0.62,0.62,1.12,1.5,1.88,0.62,1.75,2.0,0.25,1.5,0.25,3.12,3.25,1.62,0.88,0.25,2.38,1.12,social_perceptiveness|service_orientation|coordination|judgment_and_decision_making|time_management
39-4031.00,"Morticians, Undertakers, and Funeral Arrangers",3.0,3.75,1.0,1.25,1.0,3.0,3.12,2.62,2.5,3.0,3.12,2.62,2.38,2.75,3.12,1.38,2.5,1.0,3.88,4.12,3.0,2.88,1.62,3.38,1.75,3.12,4.0,0.0,0.38,0.0,3.0,3.0,2.62,2.5,3.5,3.5,2.62,2.38,2.75,3.5,0.38,2.5,0.0,4.0,4.38,3.0,3.25,0.75,3.5,0.75,social_perceptiveness|service_orientation|coordination|time_management|persuasion
39-5011.00,Barbers,2.25,2.62,2.0,1.88,1.0,2.12,2.88,2.0,2.0,2.12,2.0,2.0,1.88,2.0,2.38,1.25,2.0,1.88,2.88,3.12,1.88,1.88,1.5,2.62,1.88,2.0,2.12,1.12,1.0,0.0,1.25,2.0,1.38,1.38,2.0,1.88,1.5,1.0,2.0,2.25,0.25,1.75,1.0,3.0,3.0,1.0,1.0,0.5,2.62,0.88,social_perceptiveness|service_orientation|judgment_and_decision_making|coordination|time_management
39-5012.00,"Hairdressers, Hairstylists, and Cosmetologists",3.0,2.88,1.38,1.75,1.0,2.88,3.25,1.5,1.88,2.5,2.75,1.38,2.5,2.0,2.88,1.38,1.62,1.0,3.62,3.12,2.25,2.25,1.75,3.0,1.5,2.88,2.5,0.38,1.12,0.0,3.0,2.5,0.75,1.12,2.25,2.38,0.5,1.88,1.62,2.75,0.38,1.0,0.0,3.25,3.12,2.12,2.25,1.0,2.62,0.62,service_orientation|judgment_and_decision_making|social_perceptiveness|complex_problem_solving|time_management
39-5091.00,"Makeup Artists, Theatrical and Performance",3.0,3.12,1.0,2.0,1.0,2.62,3.25,2.88,2.75,2.5,2.38,1.12,2.38,2.0,2.88,1.38,2.25,1.0,3.0,3.0,2.5,2.38,1.75,3.0,1.62,2.62,3.0,0.0,1.25,0.0,2.75,3.0,3.0,2.75,2.12,2.25,0.12,2.38,1.25,2.75,0.38,2.38,0.0,3.0,3.0,2.12,2.12,1.0,2.75,0.62,judgment_and_decision_making|coordination|social_perceptiveness|service_orientation|complex_problem_solving
39-5092.00,Manicurists and Pedicurists,2.25,2.75,1.0,1.5,1.0,2.12,2.38,1.38,1.5,2.0,2.5,1.12,1.5,1.5,2.62,1.0,1.75,1.0,3.0,3.0,2.0,2.0,1.75,2.75,1.38,2.0,2.25,0.0,0.62,0.0,2.0,2.12,0.38,0.5,1.88,2.12,0.12,0.5,0.88,2.12,0.0,1.38,0.0,2.62,2.62,1.75,1.75,0.88,2.12,0.38,social_perceptiveness|service_orientation|coordination|time_management|persuasion
39-5093.00,Shampooers,2.12,2.75,1.0,1.38,1.0,2.12,2.5,1.38,1.38,2.0,2.25,1.25,1.12,2.12,2.38,1.0,1.5,1.0,3.0,2.75,1.5,1.5,1.38,2.5,1.38,1.88,2.62,0.0,0.38,0.0,2.0,2.12,0.5,0.38,1.62,1.62,0.38,0.25,1.62,1.62,0.0,0.62,0.0,2.75,2.62,0.75,0.75,0.38,2.25,0.62,service_orientation|social_perceptiveness|coordination|judgment_and_decision_making|time_management
39-5094.00,Skincare Specialists,3.0,3.0,1.0,1.88,1.0,2.88,2.88,1.5,1.75,2.0,2.62,2.0,2.0,2.12,2.75,1.25,2.12,1.0,3.62,3.12,2.38,2.25,1.38,3.0,1.5,2.62,2.75,0.0,1.0,0.0,2.62,2.88,0.75,1.0,1.88,2.38,1.25,1.75,1.62,2.5,0.38,1.38,0.0,3.5,3.0,2.0,1.88,0.5,2.75,0.5,service_orientation|social_perceptiveness|coordination|complex_problem_solving|time_management
39-6011.00,Baggage Porters and Bellhops,2.88,3.0,1.62,1.5,1.0,2.5,2.75,1.88,1.88,2.12,2.25,2.38,1.12,2.38,2.25,1.25,2.0,1.62,3.75,2.88,2.12,2.0,1.25,2.88,2.0,2.12,2.75,0.75,0.5,0.0,2.5,2.25,1.0,1.0,2.25,2.12,2.12,0.25,2.12,2.12,0.25,1.62,0.75,3.0,2.38,2.0,2.12,0.25,2.25,1.75,service_orientation|coordination|social_perceptiveness|complex_problem_solving|time_management
39-6012.00,Concierges,2.88,3.5,1.0,1.0,1.0,2.0,3.0,1.75,1.75,2.0,2.75,1.0,1.25,1.38,3.0,1.25,1.25,1.0,4.0,4.0,2.0,2.0,1.75,3.0,1.25,2.88,3.0,0.0,0.0,0.0,2.0,3.0,0.88,0.88,2.0,2.88,0.0,0.25,0.38,3.0,0.25,0.38,0.0,4.0,3.0,2.0,2.0,0.88,2.88,0.25,social_perceptiveness|service_orientation|coordination|persuasion|judgment_and_decision_making
39-7011.00,Tour Guides and Escorts,2.12,3.0,1.0,1.0,1.0,2.38,2.75,1.0,1.25,2.0,2.12,1.12,1.75,1.75,2.62,1.0,1.25,1.0,3.12,3.25,1.62,1.88,1.62,3.0,1.0,2.12,3.0,0.0,0.0,0.0,2.25,2.12,0.0,0.38,1.62,2.0,0.12,0.88,0.88,2.12,0.0,0.25,0.0,2.88,3.0,1.0,1.0,0.62,2.12,0.0,social_perceptiveness|service_orientation|coordination|time_management|judgment_and_decision_making
39-7012.00,Travel Guides,3.12,3.75,1.0,1.5,1.0,2.75,3.12,2.62,2.75,2.88,3.12,2.12,2.0,2.0,3.75,1.88,2.12,1.12,4.12,3.88,2.75,2.62,1.75,3.25,1.5,3.12,3.62,0.0,0.5,0.0,3.0,3.0,2.38,2.38,2.75,3.38,2.0,1.62,2.12,3.38,1.0,1.5,0.12,3.88,3.25,2.62,2.62,1.0,3.0,0.5,service_orientation|social_perceptiveness|coordination|persuasion|time_management
39-9011.00,Childcare Workers,3.0,3.12,1.0,1.0,1.0,3.0,3.0,1.0,1.25,2.25,2.75,1.0,1.12,1.88,2.88,1.0,2.0,1.0,3.38,3.25,2.38,2.38,1.75,2.88,1.88,2.88,3.0,0.0,0.0,0.0,2.88,3.0,0.0,0.25,2.12,2.62,0.0,0.12,1.5,2.88,0.0,1.88,0.0,3.25,3.25,2.12,2.25,0.88,2.88,1.12,service_orientation|social_perceptiveness|coordination|instructing|complex_problem_solving
39-9011.01,Nannies,3.38,3.5,1.0,1.0,1.0,3.25,3.62,2.0,2.0,2.38,3.0,1.88,1.88,1.88,3.62,1.0,1.88,1.0,3.75,3.88,2.12,2.88,1.88,3.5,1.38,3.0,3.12,0.0,0.0,0.0,3.0,3.0,1.38,1.62,2.12,3.0,1.25,1.0,1.25,3.12,0.0,1.12,0.0,3.5,3.75,2.0,2.5,1.0,3.0,0.38,social_perceptiveness|service_orientation|persuasion|judgment_and_decision_making|coordination
39-9031.00,Exercise Trainers and Group Fitness Instructors,2.62,3.0,1.5,1.75,1.0,4.0,3.0,1.0,1.38,2.12,2.0,1.62,2.0,1.88,2.88,1.12,1.88,1.12,3.75,3.12,2.25,2.12,1.75,3.0,1.88,2.75,3.0,0.62,0.88,0.0,3.75,3.0,0.0,0.38,2.0,2.0,0.75,1.88,1.25,2.88,0.12,1.38,0.12,3.25,3.0,2.0,2.38,1.0,3.0,1.38,instructing|service_orientation|social_perceptiveness|coordination|judgment_and_decision_making
39-9032.00,Recreation Workers,3.12,4.0,1.0,1.38,1.0,3.75,3.0,2.0,2.62,3.12,3.0,1.62,2.0,2.0,3.12,1.38,1.88,1.0,4.0,4.0,2.88,2.75,1.88,3.25,1.88,3.0,4.0,0.0,0.38,0.0,3.38,3.0,2.12,2.38,3.38,2.88,0.75,1.88,1.75,3.12,0.38,1.5,0.0,3.75,4.0,2.75,2.75,1.0,3.12,0.88,social_perceptiveness|coordination|service_orientation|instructing|time_management
39-9041.00,Residential Advisors,3.12,3.75,1.0,1.0,1.0,2.88,3.12,2.12,2.25,2.88,3.62,1.75,2.0,2.0,3.38,1.38,2.0,1.0,3.62,4.0,2.75,2.75,1.88,3.62,1.75,3.0,3.38,0.0,0.0,0.0,3.0,3.12,2.0,2.12,3.0,3.0,1.0,1.75,2.0,3.0,0.5,1.25,0.0,3.12,3.5,2.88,2.75,0.88,3.25,0.88,social_perceptiveness|coordination|negotiation|service_orientation|time_management
41-1011.00,First-Line Supervisors of Retail Sales Workers,3.0,3.5,1.0,1.0,1.0,3.25,3.12,2.5,2.62,3.25,3.25,1.5,2.5,1.88,3.25,1.75,2.12,1.0,3.75,3.5,3.0,3.0,1.88,3.12,1.38,3.5,3.62,0.0,0.0,0.0,3.62,3.0,2.75,2.75,3.62,3.62,0.88,2.12,1.5,3.62,1.0,2.0,0.0,3.75,3.75,2.88,3.0,0.88,3.62,0.38,service_orientation|social_perceptiveness|coordination|persuasion|negotiation
41-1012.00,First-Line Supervisors of Non-Retail Sales Workers,3.62,3.88,1.0,1.0,1.0,3.25,3.88,2.88,2.88,4.0,3.62,1.62,2.0,1.75,3.75,1.5,2.25,1.0,3.12,3.88,3.12,3.12,1.5,3.88,1.12,3.62,4.0,0.0,0.0,0.0,4.0,3.88,3.0,3.0,4.0,3.75,0.88,2.12,1.0,3.88,0.62,2.0,0.0,3.12,4.0,3.12,3.5,0.5,4.0,0.12,management_of_personnel_resources|social_perceptiveness|coordination|judgment_and_decision_making|time_management
41-2011.00,Cashiers,2.0,2.75,1.0,1.0,1.0,2.38,2.5,1.5,1.38,2.0,2.38,1.5,1.0,1.88,2.38,1.0,1.38,1.0,3.12,3.0,2.0,2.0,1.0,2.62,1.38,2.0,2.62,0.0,0.0,0.0,2.0,2.0,0.62,0.5,2.0,2.0,0.5,0.0,1.25,2.0,0.0,0.38,0.0,2.88,2.75,1.75,1.5,0.0,2.5,0.38,service_orientation|social_perceptiveness|coordination|time_management|judgment_and_decision_making
41-2012.00,Gambling Change Persons and Booth Cashiers,2.88,3.0,1.62,1.62,1.0,2.38,2.75,2.12,2.0,2.25,2.62,2.0,1.12,2.38,2.62,1.25,2.25,2.0,3.0,3.0,2.0,2.0,1.0,2.38,2.12,2.25,2.38,1.0,1.0,0.0,2.12,2.12,1.12,1.0,2.12,2.12,1.75,0.25,2.12,2.25,0.38,2.0,1.62,2.88,2.12,1.62,1.5,0.0,1.75,1.75,social_perceptiveness|coordination|service_orientation|complex_problem_solving|judgment_and_decision_making
41-2021.00,Counter and Rental Clerks,2.75,3.0,1.62,1.62,1.0,2.5,2.88,2.0,2.12,2.38,2.88,2.0,1.0,2.38,2.88,1.38,1.62,1.62,3.38,3.12,2.0,2.0,1.62,3.0,1.62,2.38,3.0,0.62,0.75,0.0,2.62,2.25,1.75,1.88,2.25,2.88,2.0,0.0,2.25,2.88,0.5,1.0,0.62,3.25,2.88,1.88,1.88,0.75,2.38,1.0,service_orientation|social_perceptiveness|coordination|time_management|persuasion
41-2022.00,Parts Salespersons,2.88,2.88,1.88,2.12,1.0,2.88,3.0,1.5,2.12,2.12,2.88,2.0,1.25,2.25,3.75,1.38,2.12,1.88,3.62,3.38,2.25,2.12,1.5,3.0,2.0,2.88,3.0,1.75,2.0,0.0,2.5,2.88,0.5,1.62,2.0,3.0,2.0,0.25,2.12,3.25,0.38,2.12,1.75,3.12,2.88,2.0,2.0,0.5,2.75,1.75,persuasion|service_orientation|social_perceptiveness|judgment_and_decision_making|time_management
41-2031.00,Retail Salespersons,2.75,3.0,1.0,1.0,1.0,2.88,2.88,2.12,2.0,2.38,3.5,2.0,1.5,2.0,3.88,1.25,2.0,1.0,3.75,3.5,2.0,2.0,1.88,3.0,1.75,2.5,3.0,0.0,0.0,0.0,2.75,2.75,1.25,1.0,2.12,3.75,1.38,0.62,1.5,4.0,0.25,1.25,0.0,3.88,3.12,1.88,2.0,1.0,2.88,0.88,persuasion|service_orientation|social_perceptiveness|negotiation|coordination
41-3011.00,Advertising Sales Agents,3.12,3.0,1.0,1.0,1.0,2.25,3.12,2.12,1.75,2.38,3.88,1.62,2.25,1.75,4.12,1.5,1.62,1.0,3.62,3.88,3.0,2.5,1.75,3.0,1.0,3.0,3.0,0.0,0.0,0.0,2.5,3.12,2.25,1.5,2.38,4.0,1.12,2.38,1.25,4.25,0.62,0.75,0.0,3.75,3.75,3.0,2.88,0.88,3.0,0.0,persuasion|social_perceptiveness|negotiation|service_orientation|complex_problem_solving
41-3021.00,Insurance Sales Agents,2.88,3.0,1.0,1.0,1.0,2.62,3.0,1.25,1.12,2.0,3.25,1.75,1.88,1.75,3.62,1.75,1.12,1.0,3.38,3.12,2.75,2.75,1.75,3.5,1.0,3.12,3.0,0.0,0.0,0.0,2.88,3.25,0.25,0.12,1.88,3.38,1.0,1.5,1.25,3.88,0.75,0.12,0.0,3.5,3.0,3.0,3.0,0.75,3.0,0.0,persuasion|time_management|service_orientation|negotiation|social_perceptiveness
41-3031.00,"Securities, Commodities, and Financial Services Sales Agents",3.38,2.88,1.12,1.12,1.12,2.88,3.62,3.12,2.0,2.75,3.0,1.12,2.0,1.62,3.5,1.88,1.38,1.0,3.25,3.38,3.25,3.12,1.62,3.12,1.12,3.5,3.12,0.12,0.38,0.12,3.25,3.5,2.75,1.38,2.62,3.25,0.12,1.62,0.88,3.62,1.5,0.88,0.0,3.62,3.25,3.38,3.62,0.88,2.88,0.12,judgment_and_decision_making|persuasion|social_perceptiveness|complex_problem_solving|service_orientation
41-3041.00,Travel Agents,3.0,3.12,1.0,1.12,1.0,2.62,3.38,2.12,1.75,1.88,3.12,1.62,1.75,1.75,3.62,1.75,1.25,1.0,4.12,3.75,2.38,2.25,1.75,3.0,1.0,2.88,2.88,0.0,0.12,0.0,2.62,3.0,2.0,0.75,1.62,3.25,0.62,1.25,0.75,3.5,0.75,0.25,0.0,4.0,3.12,2.0,2.0,0.88,2.88,0.0,service_orientation|social_perceptiveness|persuasion|judgment_and_decision_making|coordination
41-3091.00,"Sales Representatives of Services, Except Advertising, Insurance, Financial Services, and Travel",3.0,2.88,1.0,1.0,1.0,2.62,3.0,2.0,1.88,2.38,3.38,1.0,1.12,1.62,3.38,1.62,1.0,1.0,3.38,3.38,2.88,2.75,1.5,3.38,1.0,2.75,2.75,0.0,0.0,0.0,2.75,3.12,1.75,1.12,2.38,3.25,0.0,0.25,1.0,3.5,1.25,0.0,0.0,3.62,3.25,2.62,2.88,0.88,2.75,0.0,social_perceptiveness|persuasion|negotiation|service_orientation|time_management
41-4011.00,"Sales Representatives, Wholesale and Manufacturing, Technical and Scientific Products",3.38,3.62,1.0,1.62,1.0,2.88,3.12,2.62,2.5,2.62,4.0,2.0,2.12,1.88,4.25,2.0,1.88,1.0,3.75,3.88,2.88,2.12,2.0,3.12,1.0,3.12,3.38,0.0,0.62,0.0,3.12,3.38,2.62,2.5,2.5,4.0,1.25,2.5,1.62,4.0,1.0,1.12,0.0,3.38,3.75,3.0,2.62,1.62,3.0,0.0,persuasion|negotiation|social_perceptiveness|service_orientation|coordination
41-4011.07,Solar Sales Representatives and Assessors,3.12,3.0,1.0,1.25,1.0,2.88,3.12,1.88,1.62,2.12,3.25,1.75,2.0,2.0,3.62,1.5,2.0,1.0,3.62,3.5,2.75,2.75,1.88,2.88,1.62,3.12,3.12,0.0,0.38,0.0,3.0,3.0,1.75,0.88,2.0,3.62,1.12,1.75,1.5,3.88,0.5,2.0,0.0,3.75,3.12,2.75,3.0,1.38,2.88,0.75,persuasion|service_orientation|social_perceptiveness|negotiation|complex_problem_solving
41-4012.00,"Sales Representatives, Wholesale and Manufacturing, Except Technical and Scientific Products",3.12,3.12,1.0,1.0,1.0,2.75,3.12,1.88,1.88,1.88,3.75,1.75,1.75,1.62,3.75,1.5,1.25,1.0,3.12,3.75,2.25,2.25,1.62,3.0,1.0,3.0,3.12,0.0,0.0,0.0,2.75,3.0,1.0,1.0,1.75,3.88,1.0,1.25,0.75,4.0,0.5,0.38,0.0,3.12,3.5,2.12,2.12,0.75,3.0,0.0,social_perceptiveness|persuasion|negotiation|coordination|service_orientation
41-9011.00,Demonstrators and Product Promoters,3.0,3.0,1.0,1.0,1.0,2.38,3.0,1.62,1.62,2.38,2.38,1.75,2.0,2.12,3.5,1.12,2.12,1.0,3.25,3.0,2.12,2.25,1.88,3.0,2.0,2.38,3.25,0.0,0.0,0.0,3.0,2.62,0.62,0.88,2.38,2.88,0.88,2.0,2.0,3.88,0.12,1.88,0.0,3.12,3.25,2.0,2.12,0.88,2.88,1.62,persuasion|service_orientation|social_perceptiveness|coordination|complex_problem_solving
41-9012.00,Models,1.88,2.62,1.0,1.0,1.0,1.25,2.12,1.0,1.0,1.5,2.0,1.0,1.38,1.0,2.0,1.0,1.12,1.0,1.88,2.88,1.75,1.12,1.5,2.5,1.0,1.75,2.0,0.0,0.0,0.0,0.38,1.88,0.0,0.0,0.75,1.75,0.0,0.38,0.0,1.75,0.0,0.12,0.0,1.62,2.62,0.75,0.12,0.5,2.0,0.0,social_perceptiveness|coordination|time_management|judgment_and_decision_making|persuasion
41-9021.00,Real Estate Brokers,3.12,3.12,1.0,1.0,1.0,2.5,3.5,2.12,1.62,2.25,4.12,1.5,1.5,1.5,3.88,1.25,2.25,1.0,3.38,3.38,2.12,2.12,1.12,3.0,1.38,2.88,2.88,0.0,0.0,0.0,2.25,4.0,2.12,0.75,2.12,4.0,0.5,0.5,0.5,4.0,0.25,2.0,0.0,3.5,3.25,2.0,2.12,0.12,3.12,0.38,negotiation|persuasion|judgment_and_decision_making|social_perceptiveness|service_orientation
41-9022.00,Real Estate Sales Agents,3.12,3.75,1.0,1.0,1.0,2.62,3.25,2.12,2.0,2.75,3.88,2.0,1.62,2.0,3.75,1.75,2.0,1.0,3.75,3.75,2.75,2.75,1.75,3.25,1.88,3.0,3.5,0.0,0.0,0.0,3.0,3.62,2.0,1.62,2.62,4.0,1.62,0.75,1.75,4.0,1.0,1.75,0.0,3.88,3.62,2.75,2.88,1.0,3.25,1.12,negotiation|social_perceptiveness|coordination|persuasion|service_orientation
41-9031.00,Sales Engineers,3.88,3.38,1.0,1.88,1.0,3.38,4.0,2.38,2.25,2.62,3.88,1.62,2.75,1.88,4.12,1.88,1.88,1.0,3.75,4.0,3.62,3.5,2.75,3.5,1.75,4.0,3.62,0.0,1.0,0.0,3.75,4.0,2.38,2.38,3.0,4.0,1.0,2.75,1.75,4.25,1.38,1.75,0.0,3.88,3.88,3.88,3.75,2.88,3.12,1.5,persuasion|social_perceptiveness|judgment_and_decision_making|negotiation|complex_problem_solving
41-9041.00,Telemarketers,2.38,2.5,1.0,1.0,1.0,2.25,2.38,1.25,1.25,1.62,3.0,1.12,1.38,1.25,4.12,1.25,1.12,1.0,3.5,3.25,1.75,1.62,1.25,2.38,1.0,2.0,2.25,0.0,0.0,0.0,1.25,2.12,0.25,0.25,1.12,2.62,0.12,0.38,0.25,3.62,0.25,0.12,0.0,3.12,3.0,0.88,0.88,0.25,2.12,0.0,persuasion|service_orientation|social_perceptiveness|negotiation|coordination
41-9091.00,"Door-to-Door Sales Workers, News and Street Vendors, and Related Workers",2.62,3.25,1.0,1.0,1.0,2.38,3.0,1.62,1.75,1.88,3.25,1.38,1.75,1.38,4.0,1.62,1.12,1.0,3.62,3.75,2.0,2.12,1.75,2.75,1.0,2.25,3.12,0.0,0.0,0.0,2.12,2.88,0.88,1.25,1.38,3.38,0.62,1.12,0.38,4.0,0.62,0.12,0.0,3.12,3.12,1.75,2.0,0.75,2.88,0.0,persuasion|social_perceptiveness|service_orientation|coordination|negotiation
43-1011.00,First-Line Supervisors of Office and Administrative Support Workers,3.38,4.0,1.0,1.0,1.0,3.75,3.75,2.5,2.75,3.75,3.62,1.12,2.38,2.25,3.62,1.88,2.88,1.0,3.62,4.0,3.0,3.12,1.5,3.75,2.0,3.25,3.75,0.0,0.0,0.0,3.62,3.12,2.62,2.62,3.75,3.62,0.25,2.5,2.0,3.5,1.0,2.75,0.0,3.5,3.88,3.0,3.0,0.62,3.75,1.38,social_perceptiveness|coordination|instructing|judgment_and_decision_making|time_management
43-2011.00,"Switchboard Operators, Including Answering Service",2.5,3.0,1.0,1.0,1.0,2.0,2.62,1.0,1.0,1.88,2.12,1.75,1.38,2.0,2.38,1.25,1.62,1.0,3.12,3.5,2.0,1.88,1.0,2.75,1.5,2.12,2.62,0.0,0.0,0.0,1.88,2.12,0.0,0.0,1.38,2.12,0.75,0.5,1.38,2.25,0.38,0.75,0.0,2.88,3.0,1.62,0.88,0.0,2.25,0.5,social_perceptiveness|service_orientation|coordination|time_management|judgment_and_decision_making
43-2021.00,Telephone Operators,2.62,2.5,1.0,1.0,1.0,2.0,2.25,1.38,1.38,2.0,1.88,1.25,1.12,1.75,2.0,1.38,1.12,1.0,3.5,3.12,2.0,1.88,1.25,2.5,1.0,2.5,2.25,0.0,0.0,0.0,1.88,1.88,0.38,0.38,1.75,1.75,0.25,0.12,0.88,1.75,0.38,0.12,0.0,3.12,2.88,1.62,1.12,0.25,2.0,0.0,service_orientation|social_perceptiveness|complex_problem_solving|coordination|time_management
43-3011.00,Bill and Account Collectors,2.88,2.88,1.0,1.0,1.0,2.38,2.88,1.5,1.5,2.12,3.0,1.0,1.12,1.88,3.38,1.25,1.62,1.0,3.0,3.38,2.25,2.0,1.0,3.0,1.5,2.88,2.88,0.0,0.0,0.0,2.38,2.75,0.75,0.5,2.0,3.12,0.0,0.25,1.0,3.62,0.38,0.88,0.0,2.75,3.0,2.38,2.0,0.0,2.88,0.5,social_perceptiveness|persuasion|negotiation|service_orientation|time_management
43-3021.00,Billing and Posting Clerks,2.62,2.5,1.12,1.0,1.0,2.0,2.62,1.5,1.5,2.0,2.0,1.62,1.12,2.0,2.0,1.75,1.75,1.25,2.62,2.75,2.0,2.0,1.0,2.88,1.5,2.62,2.5,0.12,0.0,0.0,2.0,2.38,0.5,0.5,1.75,2.0,0.62,0.12,1.0,2.0,0.75,0.88,0.25,2.62,2.62,2.0,2.0,0.0,2.75,0.5,time_management|social_perceptiveness|service_orientation|complex_problem_solving|judgment_and_decision_making
43-3031.00,"Bookkeeping, Accounting, and Auditing Clerks",2.88,2.88,1.0,1.0,1.0,2.12,2.75,2.0,1.75,2.12,2.25,1.12,1.38,1.62,2.25,1.38,1.12,1.0,2.88,2.75,2.12,2.12,1.12,3.0,1.0,2.88,2.75,0.0,0.0,0.0,2.0,2.88,1.75,0.88,2.0,2.38,0.12,0.38,0.62,2.12,0.38,0.12,0.0,2.88,2.75,2.12,2.12,0.12,2.88,0.0,time_management|coordination|service_orientation|complex_problem_solving|social_perceptiveness
43-3041.00,Gambling Cage Workers,2.25,2.88,1.0,1.0,1.0,2.88,2.88,1.88,1.5,2.25,2.88,2.0,1.12,2.12,2.88,1.25,2.0,1.0,3.0,3.0,2.0,2.0,1.0,3.0,1.38,2.25,2.75,0.0,0.0,0.0,2.75,2.38,1.0,0.75,2.25,2.62,1.38,0.12,1.5,2.25,0.38,1.75,0.0,3.0,3.0,1.38,1.25,0.0,2.75,0.5,social_perceptiveness|service_orientation|time_management|coordination|persuasion
43-3051.00,Payroll and Timekeeping Clerks,3.0,2.75,1.0,1.0,1.0,2.25,2.88,1.25,1.0,2.0,2.0,1.0,1.25,1.88,2.0,1.88,1.62,1.0,3.0,2.88,2.12,2.0,1.38,2.88,1.0,3.0,2.12,0.0,0.0,0.0,2.12,2.88,0.25,0.0,2.0,2.0,0.0,0.38,1.0,2.0,1.0,0.75,0.0,2.75,2.88,2.25,1.88,0.38,3.0,0.0,service_orientation|complex_problem_solving|social_perceptiveness|judgment_and_decision_making|time_management
43-3061.00,Procurement Clerks,3.5,3.12,1.0,1.0,1.0,2.5,3.5,2.38,2.38,2.75,2.88,1.0,1.88,1.25,2.88,1.38,1.62,1.0,3.12,3.62,2.25,2.25,1.5,3.0,1.0,3.12,2.88,0.0,0.0,0.0,2.25,3.12,2.62,2.12,2.75,3.5,0.0,1.25,0.25,2.38,0.62,0.88,0.0,3.0,3.0,2.38,2.0,0.5,3.0,0.0,social_perceptiveness|complex_problem_solving|judgment_and_decision_making|coordination|service_orientation
43-3071.00,Tellers,2.88,2.88,1.0,1.0,1.0,2.88,2.88,1.62,1.5,2.38,2.5,2.0,1.12,2.0,2.75,1.25,1.88,1.0,3.12,3.12,2.12,2.38,1.38,3.0,1.5,2.88,2.75,0.0,0.0,0.0,2.88,2.88,1.0,0.88,2.25,2.12,1.38,0.25,2.0,2.38,0.38,1.5,0.0,3.0,3.0,2.12,2.25,0.5,2.88,0.62,social_perceptiveness|service_orientation|time_management|coordination|instructing
43-4011.00,Brokerage Clerks,2.88,2.88,1.0,1.0,1.0,2.5,3.0,2.0,1.88,2.62,2.88,1.12,1.75,1.88,2.5,2.0,1.12,1.0,3.0,3.0,2.88,2.5,1.0,3.5,1.0,2.88,2.88,0.0,0.0,0.0,2.0,2.88,1.25,1.0,2.12,2.5,0.25,0.75,1.12,2.12,1.75,0.12,0.0,3.12,3.0,2.12,2.25,0.0,3.12,0.0,time_management|social_perceptiveness|service_orientation|judgment_and_decision_making|coordination
43-4021.00,Correspondence Clerks,2.88,2.88,1.0,1.0,1.0,2.25,3.25,1.38,1.5,2.25,2.62,1.12,1.25,1.38,2.75,1.38,1.5,1.0,3.0,3.12,2.12,2.12,1.25,3.0,1.0,2.75,2.88,0.0,0.0,0.0,2.0,3.0,0.38,0.5,2.25,2.75,0.12,0.25,0.38,2.88,0.38,0.5,0.0,3.0,2.88,2.12,2.12,0.25,2.88,0.0,judgment_and_decision_making|social_perceptiveness|service_orientation|time_management|coordination
43-4031.00,"Court, Municipal, and License Clerks",2.62,3.0,1.0,1.0,1.0,2.0,3.0,1.88,1.88,2.38,2.0,1.12,1.12,1.62,2.12,1.62,1.5,1.0,3.0,3.0,2.62,2.12,1.38,3.0,1.0,2.62,3.0,0.0,0.0,0.0,2.0,2.62,0.88,1.0,2.5,2.0,0.25,0.25,0.75,2.12,0.75,0.75,0.0,3.0,2.75,2.12,2.0,0.5,3.0,0.0,social_perceptiveness|coordination|service_orientation|judgment_and_decision_making|time_management
43-4041.00,"Credit Authorizers, Checkers, and Clerks",2.75,3.0,1.0,1.0,1.0,2.75,3.0,1.88,1.75,2.62,2.38,1.12,1.25,1.0,2.62,1.62,1.25,1.0,3.0,3.12,2.12,2.12,1.0,3.12,1.0,2.25,2.75,0.0,0.0,0.0,2.5,3.25,1.38,1.25,2.38,2.5,0.12,0.25,0.0,2.75,0.88,0.38,0.0,3.0,3.0,1.75,1.62,0.0,2.75,0.0,social_perceptiveness|time_management|coordination|service_orientation|judgment_and_decision_making
43-4051.00,Customer Service Representatives,3.12,2.88,1.0,1.0,1.0,2.75,2.88,1.38,1.38,2.38,3.0,1.0,1.62,1.75,3.0,1.5,1.12,1.0,4.0,3.0,2.25,2.25,1.88,3.12,1.0,3.0,3.0,0.0,0.0,0.0,2.88,3.0,0.5,0.5,2.12,3.0,0.0,0.62,1.0,3.0,0.62,0.12,0.0,3.62,3.0,2.12,2.12,0.88,3.0,0.0,service_orientation|complex_problem_solving|time_management|social_perceptiveness|persuasion
43-4061.00,"Eligibility Interviewers, Government Programs",3.12,3.12,1.0,1.0,1.0,2.12,3.25,1.12,1.0,2.25,3.0,1.0,1.0,1.5,2.88,1.25,1.0,1.0,3.62,3.75,2.12,2.25,1.25,3.0,1.0,3.0,3.0,0.0,0.0,0.0,2.38,3.25,0.12,0.0,1.88,2.88,0.0,0.0,0.5,2.88,0.25,0.0,0.0,3.62,3.88,2.38,2.25,0.25,3.0,0.0,social_perceptiveness|service_orientation|judgment_and_decision_making|coordination|complex_problem_solving
43-4071.00,File Clerks,2.88,2.88,1.0,1.12,1.0,2.25,2.75,1.88,2.0,2.25,2.38,2.0,1.75,1.75,2.25,1.5,2.0,1.0,3.12,3.0,2.0,2.25,1.38,3.0,1.12,2.38,2.38,0.0,0.12,0.0,2.0,2.0,1.0,1.25,1.75,2.0,1.38,0.88,0.88,2.12,0.75,1.5,0.0,2.88,2.5,1.88,1.75,0.38,2.75,0.12,service_orientation|social_perceptiveness|time_management|coordination|complex_problem_solving
43-4081.00,"Hotel, Motel, and Resort Desk Clerks",3.0,3.12,1.0,1.0,1.0,2.88,3.0,1.62,1.38,3.0,2.88,1.12,1.0,2.12,2.88,1.75,2.0,1.0,3.62,3.75,2.25,2.25,1.88,3.0,1.38,2.75,3.12,0.0,0.0,0.0,2.88,2.88,0.88,0.75,3.0,2.88,0.12,0.0,1.5,2.88,0.88,1.38,0.0,3.62,3.25,2.12,2.25,0.88,3.0,0.5,social_perceptiveness|service_orientation|coordination|complex_problem_solving|judgment_and_decision_making
43-4111.00,"Interviewers, Except Eligibility and Loan",3.12,3.0,1.0,1.0,1.0,2.88,2.62,1.5,1.5,2.88,3.0,1.0,1.88,2.0,3.0,1.88,1.12,1.0,3.25,3.38,2.25,2.12,1.25,3.25,1.0,3.12,3.0,0.0,0.0,0.0,2.88,2.75,0.88,0.88,2.88,3.12,0.0,1.62,1.12,3.12,1.12,0.12,0.0,3.25,3.25,2.25,2.25,0.38,3.25,0.0,social_perceptiveness|service_orientation|time_management|complex_problem_solving|coordination
43-4121.00,"Library Assistants, Clerical",2.88,3.0,1.25,1.0,1.0,2.75,2.75,1.88,2.0,2.25,2.0,1.0,1.12,1.75,2.12,1.5,2.0,1.25,3.38,2.88,2.0,2.0,1.38,2.88,1.25,2.12,2.88,0.25,0.0,0.0,2.5,2.25,1.12,1.62,2.12,2.12,0.0,0.25,1.0,2.12,0.5,1.25,0.25,3.0,2.75,1.88,1.75,0.38,2.5,0.25,service_orientation|coordination|social_perceptiveness|complex_problem_solving|time_management
43-4131.00,Loan Interviewers and Clerks,3.5,3.0,1.0,1.0,1.0,3.0,3.38,2.12,1.25,2.0,2.88,1.0,2.0,1.88,3.0,1.75,1.75,1.0,3.0,3.38,2.5,2.5,1.75,3.25,1.5,3.0,3.0,0.0,0.0,0.0,3.0,3.75,1.25,0.25,2.25,3.0,0.0,2.12,1.62,3.12,1.12,1.0,0.0,3.25,3.12,2.75,2.62,0.75,3.12,0.62,complex_problem_solving|social_perceptiveness|judgment_and_decision_making|time_management|coordination
43-4141.00,New Accounts Clerks,2.75,3.12,1.0,1.0,1.0,2.38,3.0,1.38,1.12,2.12,2.38,1.25,1.38,1.62,3.0,1.62,1.62,1.0,3.38,3.25,2.38,2.0,1.25,2.88,1.0,2.62,2.88,0.0,0.0,0.0,2.0,3.0,0.5,0.12,1.75,2.0,0.25,0.38,0.75,2.88,0.75,0.62,0.0,3.38,3.0,2.0,2.0,0.25,2.5,0.0,service_orientation|social_perceptiveness|coordination|persuasion|judgment_and_decision_making
43-4151.00,Order Clerks,2.88,3.0,1.0,1.0,1.0,2.38,3.12,1.62,1.75,2.12,2.88,1.62,1.5,1.62,3.0,1.38,2.25,1.0,3.5,3.0,2.25,2.12,1.25,2.88,1.5,2.62,3.0,0.0,0.0,0.0,2.0,2.75,1.12,1.25,1.62,2.88,0.75,0.75,0.88,3.0,0.38,2.25,0.0,3.25,3.0,2.0,2.12,0.25,2.75,0.5,service_orientation|judgment_and_decision_making|social_perceptiveness|coordination|persuasion
43-4161.00,"Human Resources Assistants, Except Payroll and Timekeeping",3.0,3.0,1.0,1.0,1.0,2.5,3.0,1.62,1.62,2.38,2.62,1.25,1.75,1.75,2.88,1.75,1.25,1.0,3.0,3.38,2.25,2.25,1.62,3.12,1.0,2.75,3.0,0.0,0.0,0.0,2.88,3.0,0.75,0.75,2.62,2.5,0.25,1.25,1.12,2.75,0.75,0.38,0.0,3.0,3.38,2.12,2.12,0.75,2.88,0.0,social_perceptiveness|time_management|coordination|service_orientation|complex_problem_solving
43-4171.00,Receptionists and Information Clerks,2.75,3.0,1.0,1.0,1.0,2.62,2.38,1.38,1.38,2.0,2.25,1.0,1.12,1.62,2.62,1.38,1.88,1.0,3.62,3.12,2.0,2.0,1.0,2.88,1.38,2.62,2.88,0.0,0.0,0.0,2.0,2.12,0.5,0.38,2.0,2.38,0.0,0.25,0.88,2.5,0.5,1.38,0.0,3.25,2.88,2.0,2.0,0.0,2.62,0.38,service_orientation|social_perceptiveness|coordination|time_management|complex_problem_solving
43-4181.00,Reservation and Transportation Ticket Agents and Travel Clerks,3.0,3.12,1.0,1.0,1.0,2.88,3.12,1.38,1.38,2.25,2.88,1.5,1.75,2.12,3.25,1.88,1.88,1.0,4.0,3.62,2.75,2.38,1.5,3.12,1.38,3.0,3.0,0.0,0.0,0.0,2.75,3.0,0.38,0.5,2.0,2.88,0.5,1.0,1.62,3.0,0.88,1.12,0.0,3.75,3.12,2.25,2.25,0.5,3.0,0.5,service_orientation|social_perceptiveness|persuasion|coordination|judgment_and_decision_making
43-5011.00,Cargo and Freight Agents,3.0,3.0,1.62,1.62,1.12,2.5,2.75,1.38,2.12,2.12,3.12,1.62,2.0,2.38,2.88,1.38,2.25,1.5,3.0,3.0,2.25,2.0,1.38,3.12,2.0,2.88,3.0,0.62,0.75,0.25,2.5,2.75,0.38,1.38,2.25,3.12,1.25,1.38,1.62,2.88,0.38,2.0,0.5,3.0,3.0,2.12,2.12,0.38,3.0,1.38,negotiation|time_management|social_perceptiveness|coordination|service_orientation
43-5011.01,Freight Forwarders,3.12,3.75,1.5,1.5,1.0,2.75,3.0,2.38,2.12,2.5,3.25,1.5,1.75,2.25,3.12,1.62,1.62,1.5,3.25,3.25,3.0,3.0,1.75,3.25,1.5,3.12,3.38,0.75,0.75,0.0,2.88,3.0,2.0,2.0,2.62,3.38,0.75,0.75,2.12,3.25,0.75,0.88,0.62,3.12,3.25,3.12,3.0,0.75,3.12,0.88,coordination|social_perceptiveness|negotiation|service_orientation|time_management
43-5021.00,Couriers and Messengers,2.62,2.75,1.75,1.12,1.0,1.88,2.88,1.62,1.62,1.88,2.12,2.62,1.38,2.5,2.38,1.0,1.88,1.12,3.0,2.75,2.0,2.0,1.38,3.25,1.88,2.38,2.38,1.0,0.12,0.0,1.62,2.0,0.75,0.62,1.38,1.75,2.25,0.38,2.12,1.75,0.0,1.38,0.12,2.62,2.38,1.88,1.62,0.38,2.75,1.5,time_management|service_orientation|judgment_and_decision_making|social_perceptiveness|coordination
43-5031.00,Public Safety Telecommunicators,3.25,3.75,1.5,1.5,1.12,3.0,3.38,1.88,2.0,2.5,2.88,2.0,2.0,2.5,3.12,1.88,2.0,1.62,3.75,3.88,2.62,2.0,1.75,2.88,2.12,3.12,3.75,0.62,0.75,0.12,3.0,3.12,1.0,1.12,2.62,3.0,1.0,1.62,2.12,3.12,1.0,2.0,0.62,3.38,4.0,2.62,2.25,0.75,3.0,1.88,social_perceptiveness|coordination|service_orientation|judgment_and_decision_making|complex_problem_solving
43-5032.00,"Dispatchers, Except Police, Fire, and Ambulance",3.12,3.88,1.0,1.0,1.0,2.75,3.12,1.75,1.88,2.38,2.62,1.25,1.62,2.0,2.75,1.38,2.0,1.0,3.12,3.12,2.88,2.75,1.62,3.75,1.62,3.0,3.62,0.0,0.0,0.0,2.5,2.88,1.0,1.38,2.75,2.75,0.38,0.75,1.75,2.88,0.38,1.88,0.0,2.88,3.0,2.75,2.75,0.75,3.12,0.62,coordination|time_management|social_perceptiveness|service_orientation|complex_problem_solving
43-5041.00,"Meter Readers, Utilities",2.62,2.38,2.25,1.5,1.75,2.0,2.5,1.38,1.5,1.88,1.75,2.88,1.25,3.0,2.0,1.38,2.0,2.0,2.75,2.38,1.88,1.88,1.25,2.88,2.38,2.38,2.12,1.62,0.62,1.12,2.0,2.38,0.5,0.5,1.62,1.25,2.25,0.25,2.25,1.62,0.38,1.88,1.25,2.5,2.0,1.62,1.62,0.25,2.5,1.88,operations_monitoring|operation_and_control|time_management|service_orientation|complex_problem_solving
43-5051.00,Postal Service Clerks,2.75,2.75,1.0,1.0,1.0,2.0,2.88,1.88,1.88,2.12,2.25,1.75,1.5,2.0,2.62,1.62,2.0,1.0,3.12,3.0,2.0,2.0,1.5,3.0,1.88,2.5,2.25,0.0,0.0,0.0,2.0,2.12,1.62,1.25,2.0,2.0,1.0,0.5,1.62,2.5,0.62,2.0,0.0,3.0,2.38,1.88,1.25,0.5,2.62,1.5,service_orientation|social_perceptiveness|time_management|judgment_and_decision_making|coordination
43-5052.00,Postal Service Mail Carriers,2.25,2.75,1.0,1.0,1.0,1.12,2.62,1.12,1.38,1.0,2.0,2.25,1.75,2.25,2.0,1.0,1.75,1.0,2.62,3.0,2.0,2.0,1.0,2.88,1.12,2.12,2.62,0.0,0.0,0.0,0.12,2.12,0.12,0.5,0.0,2.0,2.12,1.0,2.12,2.12,0.0,0.88,0.0,2.12,2.75,1.25,1.12,0.0,2.38,0.12,social_perceptiveness|time_management|coordination|service_orientation|judgment_and_decision_making
43-5053.00,"Postal Service Mail Sorters, Processors, and Processing Machine Operators",2.5,3.0,1.62,1.12,1.0,2.25,2.88,1.0,1.0,2.12,1.75,2.75,1.5,2.88,2.0,1.62,2.25,1.38,2.5,2.75,2.12,1.88,1.0,2.88,2.12,2.0,2.88,0.62,0.12,0.0,2.38,2.12,0.0,0.0,1.88,1.38,2.38,0.62,2.62,1.5,0.62,1.88,0.38,1.88,2.38,1.62,1.25,0.0,2.5,1.62,coordination|operations_monitoring|judgment_and_decision_making|time_management|social_perceptiveness
43-5061.00,"Production, Planning, and Expediting Clerks",3.12,3.0,1.0,1.12,1.0,2.12,2.88,2.25,2.62,2.5,2.62,1.5,1.62,2.12,2.62,1.88,2.25,1.0,2.62,2.88,2.88,2.75,1.88,3.5,2.0,3.12,3.0,0.0,0.12,0.0,2.12,2.88,2.12,2.38,2.38,2.75,0.5,1.25,1.88,2.75,1.0,1.88,0.0,2.5,2.88,3.0,2.12,1.0,3.5,1.25,time_management|complex_problem_solving|coordination|social_perceptiveness|judgment_and_decision_making
43-5071.00,"Shipping, Receiving, and Inventory Clerks",2.88,2.88,1.0,1.25,1.0,2.5,2.88,1.88,2.0,2.12,2.38,2.0,1.38,2.25,2.75,1.62,2.12,1.0,2.62,2.88,2.12,2.12,1.88,3.0,2.0,2.25,2.88,0.0,0.25,0.0,2.25,2.75,1.12,1.12,2.12,2.12,2.0,0.62,2.12,2.12,0.62,2.0,0.0,2.25,2.5,2.25,1.62,0.88,2.38,1.25,time_management|social_perceptiveness|coordination|complex_problem_solving|judgment_and_decision_making
43-5111.00,"Weighers, Measurers, Checkers, and Samplers, Recordkeeping",2.88,3.0,1.75,1.75,1.0,2.5,2.88,1.62,1.62,2.38,2.5,2.0,1.25,2.62,2.88,1.75,3.0,1.62,3.0,3.0,2.38,2.25,1.38,2.88,1.75,2.75,3.0,1.25,1.25,0.0,2.38,2.88,1.12,1.0,2.75,2.12,1.75,0.5,2.25,2.25,1.12,2.75,1.25,3.0,2.88,2.12,2.12,0.5,2.88,1.38,social_perceptiveness|coordination|service_orientation|quality_control_analysis|persuasion
43-6011.00,Executive Secretaries and Executive Administrative Assistants,2.88,3.38,1.0,1.12,1.0,2.88,3.12,1.88,2.0,2.38,3.0,1.25,1.5,1.75,2.88,1.88,2.12,1.12,3.75,3.25,2.75,2.62,1.75,3.25,1.0,3.0,3.0,0.0,0.12,0.0,2.88,2.88,1.25,1.25,2.38,2.62,0.38,0.88,1.25,2.88,1.25,1.88,0.12,3.75,3.12,2.5,2.62,0.75,3.0,0.0,service_orientation|coordination|social_perceptiveness|time_management|judgment_and_decision_making
43-6012.00,Legal Secretaries and Administrative Assistants,2.88,3.0,1.0,1.0,1.0,2.12,2.75,1.25,1.0,2.12,2.12,1.0,1.25,2.0,2.38,1.38,2.0,1.0,3.0,3.0,2.0,2.0,1.38,3.25,1.25,2.88,2.88,0.0,0.0,0.0,2.0,2.75,0.38,0.0,1.88,2.12,0.0,0.25,1.12,2.12,0.38,1.75,0.0,3.0,3.0,2.0,1.88,0.5,3.0,0.25,time_management|social_perceptiveness|coordination|service_orientation|complex_problem_solving
43-6013.00,Medical Secretaries and Administrative Assistants,3.12,3.12,1.0,1.0,1.0,2.12,2.88,1.38,1.62,2.62,1.88,1.25,1.62,1.75,2.12,1.38,1.12,1.0,3.62,3.0,2.0,2.0,1.25,3.12,1.0,2.75,2.75,0.0,0.0,0.0,2.12,2.25,0.38,0.62,2.12,1.75,0.25,0.75,0.75,2.0,0.38,0.12,0.0,3.25,3.0,2.0,2.0,0.25,2.88,0.0,service_orientation|coordination|complex_problem_solving|time_management|social_perceptiveness
43-6014.00,"Secretaries and Administrative Assistants, Except Legal, Medical, and Executive",2.88,3.12,1.0,1.0,1.0,2.12,3.0,1.62,1.75,2.62,2.38,1.25,1.88,1.88,2.25,1.62,1.88,1.0,3.5,3.0,2.0,2.0,1.5,3.5,1.0,2.62,2.88,0.0,0.0,0.0,2.38,2.62,1.25,1.5,2.62,2.12,0.25,1.12,1.0,2.12,0.75,1.38,0.0,3.12,3.0,2.12,1.75,0.5,3.0,0.0,service_orientation|time_management|coordination|social_perceptiveness|judgment_and_decision_making
43-9021.00,Data Entry Keyers,2.88,2.75,1.0,1.5,1.0,2.62,2.62,1.88,1.88,2.62,2.12,1.0,1.12,2.0,2.38,1.75,2.0,1.0,2.75,2.62,2.0,2.0,1.38,3.0,1.0,2.5,2.12,0.0,0.5,0.0,2.38,2.38,0.88,0.88,2.25,2.12,0.0,0.25,1.88,2.12,1.0,1.0,0.0,2.12,2.5,2.12,2.0,0.38,2.88,0.0,time_management|complex_problem_solving|coordination|service_orientation|social_perceptiveness
43-9022.00,Word Processors and Typists,2.0,2.5,1.25,1.12,1.0,1.88,2.12,1.38,1.5,1.88,1.75,1.5,1.5,1.75,2.0,1.38,2.25,1.0,2.5,2.62,1.88,1.88,1.5,2.88,1.25,2.0,2.12,0.25,0.12,0.0,1.38,1.75,0.5,0.62,1.25,1.38,0.62,0.5,0.88,1.62,0.62,1.62,0.0,2.25,2.38,1.25,0.88,0.5,2.62,0.25,time_management|social_perceptiveness|coordination|service_orientation|quality_control_analysis
43-9031.00,Desktop Publishers,3.12,2.88,1.5,1.62,1.0,2.75,3.62,2.0,2.0,2.88,2.5,2.0,2.88,2.38,2.62,2.62,2.5,1.62,2.88,3.0,2.75,2.62,1.88,3.12,1.75,3.62,3.38,1.0,1.62,0.0,3.62,3.0,1.75,1.62,2.88,2.75,1.38,2.88,1.88,2.88,2.62,2.38,1.25,3.0,3.0,2.88,2.75,1.75,3.5,1.25,judgment_and_decision_making|complex_problem_solving|time_management|social_perceptiveness|coordination
43-9041.00,Insurance Claims and Policy Processing Clerks,3.0,3.12,1.0,1.0,1.0,2.5,3.0,1.5,1.38,2.0,2.88,1.25,1.38,1.88,2.75,1.62,1.62,1.0,3.12,3.12,2.62,2.62,1.12,3.5,1.12,2.88,2.75,0.0,0.0,0.0,2.25,2.88,0.75,0.62,2.0,2.88,0.38,0.62,1.25,2.75,0.88,0.75,0.0,3.25,2.88,2.38,2.12,0.12,3.0,0.12,time_management|social_perceptiveness|coordination|service_orientation|complex_problem_solving
43-9051.00,"Mail Clerks and Mail Machine Operators, Except Postal Service",2.25,2.88,1.88,1.62,1.0,2.0,2.88,1.75,1.75,1.88,1.75,2.88,1.12,2.88,1.88,1.5,2.38,1.75,2.62,2.75,2.12,2.0,1.25,3.0,2.12,1.88,2.88,1.0,0.88,0.0,1.88,2.62,0.88,0.75,1.62,1.12,2.88,0.12,2.5,1.5,0.5,2.12,0.88,1.88,2.62,1.88,1.38,0.25,2.62,1.38,time_management|coordination|operations_monitoring|operation_and_control|judgment_and_decision_making
43-9061.00,"Office Clerks, General",2.62,3.0,1.0,1.0,1.0,2.75,2.75,1.62,1.88,2.12,2.62,1.38,1.12,2.12,2.62,1.25,1.75,1.0,3.0,3.0,2.0,2.0,1.38,3.0,1.5,2.25,3.0,0.0,0.0,0.0,2.75,2.25,0.88,1.38,2.0,2.12,0.38,0.25,2.0,2.12,0.38,1.0,0.0,2.88,3.0,1.88,1.75,0.38,2.75,0.5,social_perceptiveness|coordination|service_orientation|time_management|instructing
43-9071.00,"Office Machine Operators, Except Computer",2.88,2.75,2.75,2.5,1.12,2.12,3.0,2.12,2.25,2.5,2.25,3.25,1.62,3.12,2.25,1.75,2.75,2.62,2.75,2.88,2.62,2.12,1.75,3.0,2.75,2.5,2.62,2.5,1.75,0.25,2.12,2.5,1.88,2.0,2.12,2.12,2.62,0.75,2.88,2.12,0.88,2.62,1.88,2.75,2.25,2.12,2.0,0.75,2.62,2.5,operation_and_control|operations_monitoring|judgment_and_decision_making|time_management|social_perceptiveness
43-9081.00,Proofreaders and Copy Markers,2.38,2.25,1.0,1.0,1.0,1.75,2.5,1.0,1.0,1.62,1.75,1.0,1.38,1.0,1.88,1.25,2.38,1.0,1.75,2.25,2.0,2.0,1.0,2.75,1.0,2.38,2.12,0.0,0.0,0.0,1.25,2.25,0.0,0.0,0.88,1.0,0.0,0.38,0.0,1.5,0.25,1.88,0.0,0.88,1.88,1.0,1.12,0.0,2.5,0.0,time_management|judgment_and_decision_making|complex_problem_solving|quality_control_analysis|social_perceptiveness
43-9111.00,Statistical Assistants,3.62,2.88,1.0,1.0,1.0,2.75,3.25,1.38,1.38,2.62,2.62,1.0,1.88,1.38,2.75,3.0,2.25,1.0,2.88,2.88,2.5,2.5,1.88,3.25,1.0,3.38,2.75,0.0,0.0,0.0,2.88,3.0,0.5,0.38,2.0,2.62,0.0,1.38,0.75,2.62,3.5,1.75,0.0,2.75,2.88,2.5,2.62,1.0,3.0,0.0,complex_problem_solving|judgment_and_decision_making|time_management|programming|social_perceptiveness
45-1011.00,"First-Line Supervisors of Farming, Fishing, and Forestry Workers",3.25,3.75,2.5,2.5,1.12,3.38,3.25,2.75,2.75,3.5,3.0,3.0,1.5,3.38,3.0,1.5,3.12,2.25,2.62,3.38,3.0,3.0,1.88,3.5,2.75,3.12,3.75,2.38,2.5,0.12,3.38,3.25,2.88,2.75,3.62,3.12,3.0,0.88,3.12,3.25,0.75,3.12,2.0,2.75,3.5,2.75,2.75,1.38,3.5,2.5,coordination|time_management|management_of_personnel_resources|social_perceptiveness|instructing
45-2011.00,Agricultural Inspectors,3.12,3.12,1.0,1.12,1.0,3.0,3.25,1.62,1.75,2.62,2.88,2.5,1.75,3.25,2.88,1.5,4.12,1.0,2.88,2.75,3.12,3.12,1.75,2.88,2.0,3.25,3.0,0.0,0.12,0.0,2.88,3.38,0.75,1.0,2.25,2.75,2.38,1.38,3.38,2.88,0.5,3.88,0.0,2.88,2.75,3.25,3.25,0.75,2.88,1.5,quality_control_analysis|operations_monitoring|judgment_and_decision_making|coordination|complex_problem_solving
45-2021.00,Animal Breeders,3.0,2.5,1.0,1.38,1.0,1.88,3.0,2.12,2.0,2.0,1.75,2.62,1.62,2.88,2.38,1.5,2.62,1.0,2.38,2.62,2.38,2.12,1.25,2.75,2.0,2.88,2.25,0.0,0.5,0.0,1.62,3.0,1.62,1.75,1.75,1.5,2.62,1.25,2.75,2.38,0.5,2.75,0.0,2.12,2.38,2.25,1.88,0.25,2.75,1.62,complex_problem_solving|judgment_and_decision_making|operations_monitoring|time_management|social_perceptiveness
45-2041.00,"Graders and Sorters, Agricultural Products",2.12,2.5,1.0,1.0,1.0,1.62,2.25,1.12,1.12,1.38,1.75,1.5,1.0,1.62,1.88,1.0,1.88,1.0,1.88,2.12,1.88,1.62,1.0,2.25,1.5,1.62,2.5,0.0,0.0,0.0,0.88,1.88,0.12,0.12,0.62,1.12,0.62,0.0,1.0,1.5,0.0,1.0,0.0,1.25,1.75,1.25,0.88,0.0,1.88,0.5,coordination|judgment_and_decision_making|time_management|social_perceptiveness|complex_problem_solving
45-2091.00,Agricultural Equipment Operators,2.5,2.75,3.0,2.5,1.38,2.25,2.5,1.38,1.5,2.25,2.12,3.88,1.12,3.75,2.0,1.0,3.0,3.0,2.25,2.88,2.0,2.0,1.5,2.25,3.12,2.38,2.5,3.0,2.0,0.38,2.0,2.12,0.5,0.75,2.25,1.38,3.75,0.12,3.62,1.75,0.0,2.75,3.0,1.62,2.12,1.38,1.25,0.5,2.12,3.0,operation_and_control|operations_monitoring|troubleshooting|equipment_maintenance|repairing
45-2092.00,"Farmworkers and Laborers, Crop, Nursery, and Greenhouse",2.38,2.5,2.62,2.38,1.62,2.25,2.38,1.88,2.0,2.38,2.12,2.75,1.5,3.0,2.5,1.62,2.62,2.75,2.38,2.75,2.5,2.38,1.5,2.75,2.62,2.5,2.38,2.62,2.38,1.0,2.0,2.25,1.25,1.25,2.0,2.0,2.62,1.0,2.62,2.25,0.75,2.25,2.5,2.25,2.38,2.38,2.25,0.75,2.5,2.25,operations_monitoring|social_perceptiveness|operation_and_control|repairing|time_management
45-2093.00,"Farmworkers, Farm, Ranch, and Aquacultural Animals",3.0,3.0,2.75,2.88,1.0,2.38,3.12,1.75,2.0,2.5,2.12,3.12,1.38,3.12,2.5,1.0,2.88,2.75,2.38,2.62,2.25,2.25,1.38,2.88,3.0,2.25,3.0,2.62,2.12,0.0,2.5,3.0,0.75,1.38,2.12,2.0,3.0,0.38,3.0,2.0,0.0,2.75,2.62,2.0,2.12,2.12,2.12,0.38,2.88,2.5,operations_monitoring|operation_and_control|judgment_and_decision_making|coordination|complex_problem_solving
45-3031.00,Fishing and Hunting Workers,2.75,3.12,2.62,2.5,1.25,2.75,3.12,2.12,2.5,2.62,2.12,2.62,1.25,2.62,2.12,1.12,2.25,2.25,2.25,2.62,2.38,2.12,1.5,2.88,2.62,2.12,2.75,1.88,1.75,0.38,2.12,2.25,1.5,2.0,2.25,1.5,2.0,0.25,2.0,2.0,0.25,1.62,2.25,1.88,2.62,1.62,1.5,0.75,2.38,2.12,coordination|judgment_and_decision_making|time_management|instructing|complex_problem_solving
45-4011.00,Forest and Conservation Workers,2.88,3.0,2.25,2.12,1.0,2.25,3.0,1.38,1.62,2.12,2.0,2.62,1.25,2.75,2.38,1.38,2.12,2.12,2.38,2.75,2.25,2.0,1.38,2.88,2.12,2.5,3.25,2.0,2.0,0.0,2.25,2.88,0.5,0.88,1.75,1.75,2.62,0.25,2.75,2.12,0.38,2.0,2.0,2.38,2.75,2.38,1.88,0.38,2.75,2.0,coordination|judgment_and_decision_making|complex_problem_solving|time_management|social_perceptiveness
45-4021.00,Fallers,2.75,2.5,2.75,2.62,1.0,2.12,3.0,1.38,1.38,2.12,2.0,3.12,1.88,3.12,2.12,1.0,2.62,2.75,2.0,2.25,1.25,1.88,1.0,2.88,2.75,2.75,2.75,2.62,2.12,0.0,1.62,2.88,0.38,0.38,1.38,1.62,2.88,1.12,2.75,1.88,0.0,2.38,2.25,1.38,1.88,0.25,0.88,0.0,2.25,2.62,operations_monitoring|operation_and_control|judgment_and_decision_making|time_management|complex_problem_solving
45-4022.00,Logging Equipment Operators,2.88,2.75,3.12,2.75,1.12,2.25,2.88,1.75,1.88,2.25,2.25,4.0,1.5,3.75,2.38,1.0,3.0,2.88,2.25,2.75,2.38,2.25,1.25,2.88,3.0,2.12,2.75,3.0,2.0,0.12,2.25,2.5,1.0,1.0,2.25,2.12,4.0,0.5,3.88,2.12,0.0,3.0,3.0,2.12,2.25,2.0,2.12,0.25,2.75,3.0,operation_and_control|operations_monitoring|equipment_maintenance|troubleshooting|quality_control_analysis
45-4023.00,Log Graders and Scalers,2.88,3.0,1.62,1.75,1.0,2.5,3.0,1.75,1.88,2.38,2.62,2.75,1.62,2.88,2.75,1.5,2.5,1.38,2.62,2.75,2.5,2.12,1.38,2.88,2.0,2.75,3.0,1.0,1.0,0.0,2.5,3.0,0.88,1.5,1.88,2.62,2.25,0.62,2.62,2.75,0.5,2.5,0.75,2.5,2.75,2.25,2.12,0.38,2.88,1.38,coordination|judgment_and_decision_making|complex_problem_solving|operations_monitoring|time_management
47-1011.00,First-Line Supervisors of Construction Trades and Extraction Workers,3.12,3.88,2.0,2.88,1.0,3.0,3.25,2.0,2.12,3.62,3.0,2.88,2.5,2.88,3.0,1.25,3.0,2.0,2.88,3.12,2.88,2.88,1.5,3.38,2.12,3.25,3.88,2.0,2.62,0.0,3.0,3.12,2.0,2.25,3.88,3.0,3.0,2.62,2.88,3.12,0.25,3.12,2.0,3.0,3.38,3.0,3.12,0.75,3.5,2.0,coordination|management_of_personnel_resources|time_management|judgment_and_decision_making|social_perceptiveness
47-1011.03,Solar Energy Installation Managers,3.12,3.75,2.12,2.25,1.88,3.38,3.25,2.75,2.88,3.75,3.12,2.75,2.0,3.0,3.38,1.5,3.12,2.12,3.12,3.12,3.0,3.0,1.88,3.75,2.5,3.25,3.75,2.12,2.25,1.75,3.25,3.38,3.0,2.88,3.88,3.62,3.0,1.88,3.0,3.38,0.5,3.12,2.38,3.12,3.5,3.0,3.12,1.62,3.75,2.62,coordination|time_management|management_of_personnel_resources|persuasion|instructing
47-2011.00,Boilermakers,3.0,2.88,3.12,3.0,2.0,2.62,3.0,1.62,1.75,2.0,2.0,3.75,2.75,4.0,2.0,1.12,3.12,3.12,2.5,2.75,2.12,2.0,1.62,3.0,3.12,3.12,2.88,3.25,3.0,2.0,2.12,3.0,0.62,1.12,2.0,2.0,3.88,2.62,3.12,2.0,0.12,3.12,3.25,2.0,2.62,2.0,2.0,0.62,3.0,3.25,operations_monitoring|operation_and_control|equipment_maintenance|troubleshooting|repairing
47-2021.00,Brickmasons and Blockmasons,2.88,3.12,2.0,2.62,1.12,2.25,2.88,1.88,2.0,2.25,2.25,2.62,2.12,3.0,2.5,1.0,3.0,2.0,2.25,2.75,2.12,2.0,1.62,3.0,2.0,2.25,3.12,2.0,2.0,0.12,2.12,2.12,1.0,1.75,2.12,2.12,2.12,1.62,2.25,2.25,0.0,2.88,1.88,2.12,2.25,2.12,2.12,0.75,2.62,2.0,coordination|operations_monitoring|quality_control_analysis|time_management|complex_problem_solving
47-2022.00,Stonemasons,3.25,3.12,2.0,2.25,1.0,2.62,3.25,1.62,2.25,2.88,2.62,2.88,1.75,3.12,2.62,1.0,2.75,2.25,2.62,2.62,2.62,2.25,1.88,3.25,2.25,2.88,3.75,1.88,2.0,0.0,2.38,2.75,1.0,1.62,2.5,2.62,2.62,1.25,2.12,2.62,0.0,2.5,2.12,2.38,2.38,2.12,2.25,1.12,3.0,2.12,complex_problem_solving|judgment_and_decision_making|time_management|coordination|operations_monitoring
47-2031.00,Carpenters,3.0,3.25,2.25,2.75,2.25,2.62,3.0,1.88,2.38,2.62,2.5,2.88,1.75,2.88,2.5,1.5,3.12,2.38,2.75,2.75,2.5,2.62,1.75,3.0,2.38,2.88,3.88,2.0,2.62,1.75,3.0,2.88,1.62,2.12,2.5,2.5,2.62,1.62,2.75,2.38,0.5,3.12,2.38,2.5,2.75,2.25,2.38,0.88,2.88,2.12,coordination|quality_control_analysis|complex_problem_solving|judgment_and_decision_making|time_management
47-2041.00,Carpet Installers,2.75,3.12,1.75,2.25,1.38,2.5,2.88,1.5,2.0,2.5,2.25,2.5,2.0,2.62,2.38,1.0,3.0,1.88,2.62,2.88,2.0,2.12,1.62,3.0,2.12,2.75,3.12,1.62,2.0,0.62,2.62,2.5,0.88,1.5,1.88,1.75,2.12,1.5,2.12,1.88,0.0,2.62,1.62,2.88,2.25,1.88,1.88,1.0,2.38,1.88,coordination|quality_control_analysis|time_management|social_perceptiveness|judgment_and_decision_making
47-2042.00,"Floor Layers, Except Carpet, Wood, and Hard Tiles",2.75,2.88,1.0,1.62,1.0,2.38,2.88,1.12,1.25,2.38,2.5,2.38,1.88,2.25,2.38,1.0,2.0,1.0,2.38,2.88,1.75,1.75,1.25,2.88,1.62,2.5,3.12,0.0,0.88,0.0,2.5,2.25,0.12,0.25,1.75,2.25,2.12,1.38,2.12,2.5,0.0,1.5,0.0,2.38,2.25,1.25,1.25,0.38,2.38,0.88,social_perceptiveness|coordination|judgment_and_decision_making|time_management|complex_problem_solving
47-2043.00,Floor Sanders and Finishers,2.75,3.0,2.25,2.12,1.0,2.12,2.62,1.38,1.62,1.88,2.0,3.12,1.38,2.88,2.12,1.0,2.62,2.12,2.5,2.38,2.0,2.0,1.38,2.88,2.12,2.5,3.0,2.0,1.75,0.0,2.12,2.25,0.38,0.75,1.62,1.62,2.75,0.38,2.5,1.75,0.0,2.38,2.0,2.25,2.0,1.38,1.25,0.38,2.62,2.0,operation_and_control|coordination|operations_monitoring|time_management|complex_problem_solving
47-2044.00,Tile and Stone Setters,3.0,3.0,2.0,2.12,1.5,2.62,2.75,1.5,2.0,2.25,2.38,2.25,1.75,2.5,2.25,1.0,2.62,2.0,2.62,2.5,2.12,2.0,1.62,3.0,2.0,2.75,3.0,1.88,2.0,0.62,2.75,2.5,0.5,1.5,1.88,2.12,2.12,1.5,2.25,2.0,0.0,2.38,1.88,2.38,2.25,2.0,2.0,0.75,2.88,1.88,coordination|complex_problem_solving|time_management|judgment_and_decision_making|instructing
47-2051.00,Cement Masons and Concrete Finishers,3.0,3.12,2.0,2.12,1.38,2.5,3.0,1.75,1.88,2.5,2.0,2.88,1.38,2.75,2.12,1.12,3.12,1.88,2.25,2.5,2.0,2.0,1.75,3.12,2.38,2.62,3.25,1.25,1.62,0.38,2.0,2.12,0.88,1.12,2.12,1.5,2.75,0.38,2.38,1.62,0.12,2.75,1.12,1.62,1.88,1.62,1.62,0.75,2.75,1.75,coordination|quality_control_analysis|time_management|complex_problem_solving|judgment_and_decision_making
47-2053.00,Terrazzo Workers and Finishers,2.62,3.0,2.12,2.5,1.25,2.12,2.88,1.62,1.88,2.12,1.88,2.75,1.88,2.75,2.0,1.0,3.0,2.0,2.38,2.62,2.0,1.88,1.38,2.75,2.12,2.38,3.12,1.75,2.0,0.25,2.0,2.25,0.62,1.0,1.88,1.62,2.5,1.0,2.0,1.75,0.0,2.38,1.75,1.88,2.0,1.75,1.5,0.38,2.5,1.88,coordination|quality_control_analysis|judgment_and_decision_making|operations_monitoring|operation_and_control
47-2061.00,Construction Laborers,2.75,3.12,2.5,2.62,1.88,2.12,2.38,1.5,1.62,2.0,2.0,3.12,1.62,3.0,2.0,1.0,2.12,2.25,2.12,2.62,1.88,2.0,1.5,2.5,2.25,2.62,3.25,2.12,2.12,1.25,2.0,2.12,0.5,0.88,1.75,2.0,3.0,0.75,2.88,2.0,0.0,2.12,2.0,1.88,2.12,1.0,1.12,0.62,2.38,2.0,coordination|operation_and_control|operations_monitoring|complex_problem_solving|social_perceptiveness
47-2071.00,"Paving, Surfacing, and Tamping Equipment Operators",2.62,3.0,2.88,2.5,1.62,2.0,2.88,1.5,1.5,1.88,1.88,3.38,1.5,3.62,1.88,1.0,2.75,3.0,2.0,2.5,2.12,2.12,1.62,2.75,3.0,2.5,3.12,3.0,2.12,0.88,2.0,2.5,0.5,0.62,1.62,1.62,3.12,0.62,3.12,1.75,0.0,2.88,3.0,1.88,1.75,1.88,1.88,0.75,2.12,2.88,operations_monitoring|operation_and_control|coordination|troubleshooting|repairing
47-2072.00,Pile Driver Operators,2.75,3.0,3.25,2.12,1.0,2.12,2.75,1.5,1.75,1.88,1.88,4.12,1.12,4.0,1.88,1.0,2.88,2.75,2.0,2.5,2.0,2.0,1.5,2.88,3.12,2.25,3.12,3.12,1.88,0.0,2.12,2.5,0.5,0.75,1.38,1.62,3.75,0.12,3.62,1.62,0.0,2.88,2.88,1.75,2.0,1.25,1.25,0.5,2.75,3.0,operation_and_control|operations_monitoring|equipment_maintenance|troubleshooting|coordination
47-2073.00,Operating Engineers and Other Construction Equipment Operators,2.88,2.88,3.25,2.38,1.38,2.38,2.88,1.75,1.88,2.12,2.0,4.12,1.75,3.25,2.25,1.12,2.88,2.88,2.25,2.75,2.0,2.0,1.75,3.0,3.0,2.62,2.88,3.25,2.12,0.62,2.38,2.62,0.88,1.0,2.12,2.12,4.12,1.25,3.25,2.12,0.25,2.75,3.0,2.25,2.38,2.0,1.75,1.0,2.88,3.0,operation_and_control|operations_monitoring|equipment_maintenance|troubleshooting|time_management
47-2081.00,Drywall and Ceiling Tile Installers,2.62,2.88,1.88,2.38,1.75,2.12,2.88,1.62,1.75,2.0,1.75,2.5,1.88,2.5,2.0,1.0,2.5,1.62,2.0,2.5,2.0,2.0,1.75,2.88,2.0,2.5,3.12,1.38,1.88,1.12,2.12,2.5,0.62,0.75,2.0,1.5,2.38,1.5,2.25,1.62,0.0,2.25,1.12,1.62,2.25,1.88,1.5,0.75,2.62,1.88,coordination|judgment_and_decision_making|time_management|complex_problem_solving|social_perceptiveness
47-2082.00,Tapers,1.88,2.62,1.75,1.88,1.38,2.0,2.12,1.12,1.38,1.88,1.88,1.88,1.38,1.88,1.88,1.0,2.12,1.62,2.0,2.62,1.88,1.88,1.12,2.75,1.88,1.75,2.25,1.0,1.38,0.5,1.75,2.0,0.12,0.38,1.5,1.5,1.62,0.38,1.62,1.62,0.0,1.62,1.0,1.75,1.88,1.12,1.12,0.12,2.38,1.5,time_management|social_perceptiveness|coordination|quality_control_analysis|judgment_and_decision_making
47-2111.00,Electricians,3.12,3.12,3.0,3.0,3.25,3.0,3.25,2.38,2.38,2.88,2.25,3.0,2.75,3.12,3.0,1.0,3.25,3.5,3.0,2.88,3.0,2.88,2.12,3.0,4.0,3.0,3.75,3.0,2.88,3.75,3.0,3.12,2.38,2.38,3.25,2.38,3.0,2.75,3.25,3.25,0.0,3.88,3.75,3.0,3.12,3.12,3.0,2.0,3.12,4.0,troubleshooting|repairing|installation|quality_control_analysis|judgment_and_decision_making
47-2121.00,Glaziers,2.88,3.0,1.88,2.12,2.25,2.12,2.88,1.88,1.88,2.12,2.12,2.88,1.75,2.88,2.25,1.0,2.25,1.88,2.5,2.88,2.0,2.0,1.75,3.0,2.0,2.5,3.0,1.12,1.75,1.38,2.12,2.25,0.88,0.88,2.0,1.5,2.88,1.38,2.62,2.12,0.0,2.25,1.12,2.25,2.75,1.75,1.88,0.75,2.75,1.88,coordination|time_management|social_perceptiveness|complex_problem_solving|operations_monitoring
47-2131.00,"Insulation Workers, Floor, Ceiling, and Wall",2.75,2.88,2.0,2.25,1.25,2.25,2.62,2.0,2.0,2.12,2.5,3.0,1.88,2.88,2.62,1.0,2.62,2.12,2.38,2.75,2.0,2.0,1.75,2.75,2.38,2.12,2.75,1.88,1.88,0.38,2.12,2.38,1.0,1.0,2.12,2.0,3.0,1.12,2.88,2.12,0.0,2.62,1.88,2.12,2.25,1.75,1.75,1.0,2.38,2.0,operation_and_control|coordination|operations_monitoring|social_perceptiveness|complex_problem_solving
47-2132.00,"Insulation Workers, Mechanical",2.62,3.0,1.38,1.75,2.12,2.5,2.88,1.38,1.75,2.25,2.12,2.62,1.88,2.75,2.0,1.0,2.75,1.38,2.12,2.62,2.0,2.0,1.5,3.0,2.12,2.38,3.0,0.38,1.0,1.38,2.0,2.5,0.38,1.12,2.0,1.75,2.12,1.38,2.5,1.75,0.0,2.0,0.38,2.0,2.38,1.75,1.62,0.5,2.75,1.88,coordination|time_management|judgment_and_decision_making|operations_monitoring|quality_control_analysis
47-2141.00,"Painters, Construction and Maintenance",1.88,2.88,1.38,1.75,1.0,2.0,2.75,1.75,1.88,2.0,1.88,2.0,1.62,2.0,2.0,1.0,2.0,1.62,2.38,2.88,1.88,2.0,1.38,3.0,1.88,1.75,2.88,0.38,0.88,0.0,1.25,2.0,0.75,1.0,2.12,1.88,2.0,0.62,2.0,2.0,0.0,2.0,0.62,2.0,2.62,1.62,1.25,0.38,2.75,1.25,time_management|social_perceptiveness|coordination|judgment_and_decision_making|service_orientation
47-2142.00,Paperhangers,2.75,3.0,1.0,1.5,1.12,2.0,2.75,1.25,1.5,2.12,2.0,2.38,1.38,2.38,2.12,1.0,2.25,1.0,2.38,2.62,1.62,1.62,1.25,2.88,2.0,2.5,2.88,0.0,0.62,0.12,2.0,2.25,0.25,0.5,1.75,1.62,2.0,0.62,2.38,1.88,0.0,1.88,0.0,2.0,2.12,1.12,1.12,0.25,2.38,1.38,coordination|time_management|complex_problem_solving|judgment_and_decision_making|social_perceptiveness
47-2151.00,Pipelayers,2.38,3.0,2.62,2.62,2.75,2.0,2.88,1.5,1.5,2.0,2.0,3.12,1.0,3.0,2.0,1.0,3.0,2.75,2.0,2.62,2.0,1.88,1.62,2.88,2.75,2.0,3.0,2.0,2.0,3.0,2.0,2.38,0.62,0.5,2.0,1.88,3.0,0.0,3.0,2.0,0.0,3.0,2.88,1.88,2.5,2.0,1.75,0.62,2.88,3.0,operation_and_control|coordination|operations_monitoring|quality_control_analysis|judgment_and_decision_making
47-2152.00,"Plumbers, Pipefitters, and Steamfitters",3.0,3.0,2.62,2.75,2.75,2.62,3.25,1.88,1.88,2.5,2.0,3.0,1.75,3.0,2.25,1.5,2.75,3.25,2.75,2.75,2.88,2.88,1.88,3.0,3.25,2.88,3.0,2.75,2.38,3.0,2.5,3.12,1.62,1.5,2.5,1.75,2.88,1.38,3.0,1.88,0.62,2.88,3.12,2.25,2.5,2.88,2.75,0.88,2.88,3.12,troubleshooting|repairing|judgment_and_decision_making|coordination|complex_problem_solving
47-2152.04,Solar Thermal Installers and Technicians,3.0,2.88,3.0,2.88,4.75,3.0,3.12,1.75,1.88,2.38,2.75,2.88,1.75,3.25,2.75,1.62,3.38,2.88,3.0,2.88,2.75,2.75,2.25,3.12,3.12,3.0,2.88,3.25,3.0,4.12,3.25,2.88,1.12,1.38,2.38,2.88,2.88,1.12,3.38,2.88,0.75,3.62,3.12,3.0,2.88,2.75,3.12,1.88,3.0,3.25,installation|quality_control_analysis|operations_monitoring|troubleshooting|judgment_and_decision_making
47-2161.00,Plasterers and Stucco Masons,2.75,2.88,1.5,2.12,1.75,2.5,2.75,1.88,2.25,2.62,2.25,2.75,1.88,2.88,2.25,1.0,3.0,1.62,2.88,2.75,2.12,2.12,1.75,3.0,2.12,2.25,2.75,0.62,1.62,0.88,2.12,2.5,1.25,1.88,2.12,2.12,2.25,1.25,2.5,2.12,0.0,2.88,0.88,2.25,2.12,1.62,1.88,0.88,2.75,1.88,quality_control_analysis|time_management|coordination|service_orientation|operations_monitoring
47-2171.00,Reinforcing Iron and Rebar Workers,2.75,3.12,1.75,2.0,1.12,2.25,2.88,1.62,1.75,2.12,1.88,2.88,1.88,2.75,1.88,1.0,2.62,1.62,2.0,2.5,2.12,1.88,1.75,2.75,2.0,2.38,3.25,1.12,1.75,0.12,2.12,2.75,0.62,0.75,1.88,1.62,2.88,1.0,2.38,1.62,0.0,2.38,0.88,1.62,2.12,2.0,1.75,0.88,2.5,1.75,coordination|operation_and_control|judgment_and_decision_making|complex_problem_solving|operations_monitoring
47-2181.00,Roofers,2.75,3.75,1.88,2.12,2.12,2.25,2.62,1.75,2.0,2.12,1.88,3.0,1.5,2.88,2.12,1.0,2.62,2.12,2.0,2.5,1.88,2.0,1.5,3.0,2.12,2.62,3.88,1.12,1.62,1.38,2.0,2.38,0.88,1.12,2.12,1.62,2.62,0.62,2.62,1.88,0.0,2.12,1.62,1.75,2.38,1.75,1.88,0.5,3.0,1.75,coordination|operation_and_control|time_management|operations_monitoring|complex_problem_solving
47-2211.00,Sheet Metal Workers,2.88,3.12,2.88,2.62,2.62,2.88,3.0,1.5,1.75,2.62,2.12,2.88,2.12,2.88,2.12,1.38,2.75,2.88,2.25,2.5,2.38,2.25,1.75,3.0,2.88,2.62,3.12,2.88,2.25,2.38,2.75,2.88,0.75,1.12,2.62,1.88,2.88,1.88,2.75,1.88,0.38,3.12,2.88,2.0,2.0,2.0,2.0,1.12,3.0,2.88,coordination|judgment_and_decision_making|time_management|instructing|complex_problem_solving
47-2221.00,Structural Iron and Steel Workers,2.88,3.38,2.12,2.12,1.75,2.62,3.0,1.62,2.0,2.38,2.0,3.5,1.88,3.5,2.12,1.0,2.88,1.88,2.75,2.5,2.0,2.0,1.88,3.0,2.38,2.88,3.0,1.62,1.88,1.0,2.5,2.5,0.62,1.38,2.0,1.88,3.12,1.75,3.0,2.0,0.0,3.0,1.5,2.25,2.5,2.0,2.0,0.88,2.88,1.75,operations_monitoring|operation_and_control|coordination|judgment_and_decision_making|time_management
47-2231.00,Solar Photovoltaic Installers,3.0,3.0,2.62,2.75,3.38,2.62,3.12,2.0,2.25,2.62,2.25,2.62,1.88,3.12,2.62,1.5,3.12,2.62,2.5,2.75,2.75,2.75,1.88,3.0,3.0,3.0,3.0,2.88,2.75,3.38,2.88,2.88,1.25,1.75,2.12,2.12,2.88,1.75,2.88,2.25,0.62,3.25,2.62,2.12,2.25,2.88,2.88,1.38,3.0,3.12,installation|operations_monitoring|quality_control_analysis|judgment_and_decision_making|coordination
47-3011.00,"Helpers--Brickmasons, Blockmasons, Stonemasons, and Tile and Marble Setters",2.62,3.0,2.38,2.38,1.25,2.5,2.88,1.62,1.88,1.88,1.88,3.0,1.88,2.75,1.88,1.0,2.5,2.25,2.0,2.75,2.0,2.0,1.88,3.0,2.75,2.38,3.12,2.0,1.88,0.25,2.38,2.38,0.62,1.5,1.75,1.5,2.38,0.88,2.5,1.62,0.0,2.38,2.0,1.75,2.25,1.75,1.62,0.88,2.5,2.25,coordination|operation_and_control|time_management|judgment_and_decision_making|social_perceptiveness
47-3012.00,Helpers--Carpenters,3.0,3.0,2.38,2.88,2.25,2.38,2.88,1.88,2.0,2.0,2.12,2.25,1.62,2.88,2.25,1.0,2.38,2.62,2.25,3.0,2.0,2.0,1.88,2.88,2.25,2.12,3.12,2.12,2.12,1.5,2.12,2.12,0.88,1.0,2.0,2.0,2.12,0.62,2.12,2.0,0.0,2.62,2.12,2.12,2.25,1.25,1.38,1.0,2.25,2.12,social_perceptiveness|coordination|complex_problem_solving|equipment_selection|operations_monitoring
47-3013.00,Helpers--Electricians,2.88,3.0,2.75,2.75,2.88,2.25,3.0,1.5,2.0,2.0,2.0,2.62,1.62,2.88,2.12,1.25,3.0,2.88,2.25,2.5,2.0,2.0,1.25,2.75,3.0,2.25,2.88,2.62,2.25,2.62,1.88,2.25,0.62,1.12,1.62,1.38,2.75,0.75,2.88,1.75,0.25,2.88,2.75,2.12,2.12,1.38,1.38,0.38,2.12,3.0,coordination|troubleshooting|quality_control_analysis|judgment_and_decision_making|complex_problem_solving
47-3014.00,"Helpers--Painters, Paperhangers, Plasterers, and Stucco Masons",2.38,3.0,2.5,2.25,1.12,2.25,2.5,1.0,1.12,2.12,2.25,2.12,1.0,2.62,2.25,1.0,2.62,2.5,2.5,2.62,2.0,1.88,1.0,2.75,2.5,2.12,2.62,2.12,1.62,0.12,2.0,2.12,0.0,0.12,2.0,1.75,2.0,0.0,2.38,1.75,0.0,2.38,2.12,2.25,2.25,1.12,1.12,0.0,2.5,2.38,coordination|time_management|social_perceptiveness|operations_monitoring|quality_control_analysis
47-3015.00,"Helpers--Pipelayers, Plumbers, Pipefitters, and Steamfitters",2.62,2.75,2.12,2.38,2.0,2.0,2.88,1.62,2.12,1.88,2.0,2.38,1.25,2.25,2.0,1.0,2.12,2.62,2.38,2.5,1.88,1.75,1.62,2.5,2.38,2.0,3.0,1.75,2.0,1.5,2.12,2.12,0.75,1.25,1.38,1.62,2.0,0.25,1.88,1.62,0.0,2.0,2.62,1.75,2.12,1.0,0.88,0.62,2.12,2.0,judgment_and_decision_making|coordination|complex_problem_solving|repairing|social_perceptiveness
47-3016.00,Helpers--Roofers,2.5,2.88,2.38,2.5,1.88,2.0,2.62,1.5,1.88,2.0,2.0,2.0,1.0,2.12,2.0,1.0,2.5,2.12,2.38,2.38,2.0,2.0,1.38,2.5,2.0,2.38,3.75,2.0,1.88,0.88,1.62,2.12,0.5,0.88,1.88,1.38,2.0,0.0,2.0,1.38,0.0,2.38,2.0,2.0,2.0,1.88,1.88,0.38,2.5,1.88,coordination|judgment_and_decision_making|complex_problem_solving|equipment_selection|quality_control_analysis
47-4011.00,Construction and Building Inspectors,3.38,2.88,1.0,1.0,1.0,3.0,3.38,1.5,1.88,2.88,3.0,1.88,2.0,2.75,3.12,1.62,3.0,1.0,2.62,3.0,3.0,3.25,1.75,3.25,1.88,3.0,3.0,0.0,0.0,0.0,3.0,3.38,0.62,1.0,3.0,3.0,1.75,1.88,2.88,3.0,0.62,3.12,0.0,2.75,3.0,3.0,3.0,0.75,3.25,1.75,complex_problem_solving|judgment_and_decision_making|systems_evaluation|time_management|persuasion
47-4011.01,Energy Auditors,3.25,3.0,1.5,2.0,1.5,2.88,3.62,1.75,1.88,2.5,2.88,2.62,2.88,3.0,3.0,1.5,2.88,1.25,3.0,2.88,3.12,3.12,2.0,3.0,2.25,3.38,3.0,0.62,1.75,0.5,3.0,3.75,1.5,1.88,2.5,2.88,2.5,3.0,3.0,3.0,0.75,2.88,0.38,2.88,2.88,3.38,3.75,1.75,3.0,2.12,judgment_and_decision_making|complex_problem_solving|systems_analysis|systems_evaluation|coordination
47-4021.00,Elevator and Escalator Installers and Repairers,3.38,3.0,4.0,3.38,3.5,2.25,3.38,1.62,1.75,2.12,2.0,3.25,1.62,3.62,2.38,1.38,3.5,4.0,2.5,2.62,3.12,3.0,1.88,3.0,4.0,3.12,3.0,4.0,3.25,3.38,2.12,3.0,0.62,0.88,2.0,1.75,3.25,1.25,3.5,2.25,0.38,3.62,4.0,2.5,2.38,3.0,2.75,1.25,3.0,4.0,equipment_maintenance|troubleshooting|repairing|operations_monitoring|installation
47-4031.00,Fence Erectors,2.62,3.0,2.12,2.62,1.12,2.25,2.88,1.75,2.0,2.25,2.0,2.88,1.75,2.88,2.0,1.0,2.62,2.0,2.25,2.62,2.12,2.0,1.5,3.0,2.0,2.5,3.12,1.88,2.0,0.12,2.12,2.88,1.12,1.5,2.25,1.75,2.88,1.0,2.75,2.0,0.0,2.75,1.88,2.25,2.12,1.75,1.75,0.62,2.88,1.88,coordination|time_management|operations_monitoring|operation_and_control|judgment_and_decision_making
47-4041.00,Hazardous Materials Removal Workers,2.88,3.0,2.38,2.25,1.38,2.5,3.0,1.5,1.62,2.5,2.38,3.0,1.38,3.0,2.5,1.0,2.75,1.88,2.62,2.88,2.38,2.12,1.25,3.0,2.25,2.88,3.12,2.25,2.0,0.38,2.62,3.0,0.5,1.12,2.25,2.25,3.0,0.38,3.0,2.38,0.0,2.75,1.75,2.5,2.62,1.88,1.75,0.25,3.0,2.25,coordination|operations_monitoring|operation_and_control|judgment_and_decision_making|time_management
47-4051.00,Highway Maintenance Workers,3.0,3.12,2.5,1.88,1.38,2.38,2.88,1.62,1.62,2.12,2.38,3.62,1.12,3.5,2.5,1.12,2.88,2.38,2.38,2.88,2.0,2.0,1.62,2.75,2.88,2.75,3.5,2.25,1.5,0.5,2.12,2.62,0.62,0.62,1.88,2.12,3.12,0.12,3.0,2.38,0.12,2.88,2.25,2.25,2.62,1.88,1.75,0.62,2.5,2.75,operation_and_control|operations_monitoring|coordination|complex_problem_solving|social_perceptiveness
47-4061.00,Rail-Track Laying and Maintenance Equipment Operators,2.75,2.75,3.25,2.5,1.25,2.25,3.0,1.88,2.0,2.38,2.0,3.75,1.5,3.75,2.0,1.0,3.0,3.12,2.0,2.5,2.0,2.0,1.62,3.0,3.0,2.25,3.0,3.0,2.12,0.25,2.38,3.0,1.0,1.25,2.0,1.62,3.0,0.5,3.12,1.75,0.0,3.0,3.0,1.75,2.0,2.0,2.0,0.62,2.88,3.0,operations_monitoring|operation_and_control|equipment_maintenance|repairing|troubleshooting
47-4071.00,Septic Tank Servicers and Sewer Pipe Cleaners,2.88,2.88,3.0,2.62,2.0,2.5,2.75,2.0,2.0,2.38,2.38,3.88,1.5,3.62,2.38,1.0,3.0,3.0,2.75,2.75,2.12,2.25,1.88,3.0,3.0,3.0,2.75,2.88,1.88,1.5,2.38,2.75,1.62,1.88,2.12,2.0,3.0,0.75,3.0,2.38,0.0,2.62,3.12,2.25,2.62,2.25,2.12,1.0,2.88,3.0,operation_and_control|operations_monitoring|equipment_maintenance|troubleshooting|repairing
47-4091.00,Segmental Pavers,2.88,3.25,2.25,2.0,1.25,2.88,3.12,1.62,1.62,2.88,2.62,3.12,2.25,3.0,3.0,1.0,2.5,2.25,3.0,3.12,2.25,2.25,1.5,3.0,2.38,2.75,3.75,2.12,2.0,0.5,2.62,2.62,0.88,1.0,2.75,2.62,2.88,1.75,2.62,2.75,0.0,2.62,2.0,2.75,2.75,2.12,2.12,1.0,2.88,2.5,coordination|social_perceptiveness|operation_and_control|judgment_and_decision_making|persuasion
47-4099.03,Weatherization Installers and Technicians,2.88,3.0,2.5,2.38,3.25,2.75,3.25,2.38,2.25,2.75,2.75,3.0,2.12,3.12,2.75,1.62,3.0,2.75,3.0,2.88,3.12,3.0,2.12,3.0,3.0,2.38,3.0,2.62,2.12,2.88,2.62,3.0,2.0,2.0,2.5,2.25,3.0,1.88,2.88,2.75,0.88,2.88,2.88,3.0,2.38,2.75,2.5,1.38,2.88,3.0,installation|judgment_and_decision_making|operations_monitoring|systems_analysis|coordination
47-5011.00,"Derrick Operators, Oil and Gas",3.25,3.0,3.12,2.75,1.12,2.88,3.12,1.88,2.25,3.0,2.5,3.88,1.38,4.0,2.5,1.0,3.25,3.38,2.38,2.88,2.25,2.5,1.12,2.88,3.25,2.88,3.38,3.38,2.38,0.12,2.88,2.62,1.12,1.62,3.38,2.12,3.62,0.38,3.88,2.0,0.0,3.62,3.62,1.88,2.75,2.0,2.25,0.12,2.75,3.25,operations_monitoring|operation_and_control|repairing|complex_problem_solving|troubleshooting
47-5012.00,"Rotary Drill Operators, Oil and Gas",3.12,3.25,3.0,2.62,1.12,3.38,3.12,1.25,1.62,2.88,2.88,3.62,1.75,3.62,2.88,1.0,3.0,3.0,2.38,2.88,2.12,2.12,1.38,2.88,3.0,3.12,3.38,3.12,2.25,0.38,3.38,3.0,0.38,1.12,3.25,2.75,3.62,1.0,3.5,2.88,0.0,3.25,3.25,2.25,2.75,2.12,1.88,0.5,3.38,3.0,operations_monitoring|operation_and_control|instructing|coordination|complex_problem_solving
47-5013.00,"Service Unit Operators, Oil and Gas",3.12,2.88,3.12,2.62,2.12,2.88,3.25,1.88,2.12,3.0,2.75,3.75,1.5,4.0,2.75,1.75,3.0,3.0,2.75,3.0,2.62,2.88,1.38,2.75,3.38,3.0,3.0,3.25,2.5,2.12,2.5,2.62,1.12,1.75,2.5,2.38,3.5,0.88,3.62,2.62,0.88,3.12,3.12,2.5,2.75,2.38,2.5,0.5,2.88,3.12,operations_monitoring|operation_and_control|troubleshooting|judgment_and_decision_making|complex_problem_solving
47-5022.00,"Excavating and Loading Machine and Dragline Operators, Surface Mining",3.0,3.0,3.0,3.0,1.5,2.5,3.0,1.75,1.88,2.88,2.38,4.12,2.0,3.62,3.0,1.0,2.75,3.0,2.5,3.0,2.25,2.25,1.88,3.0,3.0,2.88,3.12,3.12,2.88,0.62,2.25,2.75,0.75,0.88,2.88,2.25,3.62,1.62,3.25,2.75,0.0,2.75,3.12,2.25,2.62,2.12,2.12,1.12,2.88,3.0,operation_and_control|operations_monitoring|social_perceptiveness|coordination|persuasion
47-5023.00,"Earth Drillers, Except Oil and Gas",3.0,3.0,3.25,3.0,1.88,2.75,2.88,1.75,1.88,2.38,2.25,3.88,1.88,4.0,2.38,1.0,3.0,2.88,2.38,2.62,2.25,2.12,1.88,2.88,3.0,2.75,3.0,3.25,2.5,1.0,2.75,2.62,1.0,1.25,2.12,2.12,4.0,1.38,4.0,2.12,0.0,3.0,3.0,2.25,2.12,2.12,2.12,1.12,2.25,3.0,operations_monitoring|operation_and_control|equipment_maintenance|coordination|complex_problem_solving
47-5032.00,"Explosives Workers, Ordnance Handling Experts, and Blasters",3.38,3.12,2.38,2.5,1.38,3.0,3.62,1.62,2.12,3.0,2.62,3.5,2.25,3.5,2.5,1.0,2.5,2.12,2.62,2.88,2.62,2.62,1.75,3.38,2.75,3.25,3.5,2.25,2.38,0.88,3.38,3.25,1.0,1.88,3.25,2.62,3.12,1.88,3.25,2.62,0.0,2.5,2.25,2.38,2.75,2.62,2.75,1.12,3.25,2.88,judgment_and_decision_making|operations_monitoring|operation_and_control|complex_problem_solving|time_management
47-5041.00,Continuous Mining Machine Operators,3.0,2.75,3.38,2.38,1.88,2.38,3.12,1.38,1.38,2.62,2.0,3.88,1.88,3.88,2.12,1.0,2.88,3.12,2.38,2.75,2.12,2.12,1.62,3.0,3.25,3.0,3.0,3.38,2.25,1.12,2.38,3.0,0.38,0.38,2.75,2.12,3.62,1.25,3.88,2.25,0.0,2.5,3.0,2.12,2.25,2.25,2.12,0.75,2.75,3.0,operations_monitoring|operation_and_control|equipment_maintenance|troubleshooting|repairing
47-5043.00,"Roof Bolters, Mining",3.0,3.0,3.12,2.88,2.0,2.88,3.0,1.88,2.0,2.25,2.12,3.62,1.25,3.25,2.25,1.0,3.0,3.0,2.38,2.88,2.25,2.25,1.12,3.0,3.25,2.38,3.5,3.0,2.25,1.5,2.62,2.38,1.12,1.12,2.25,2.12,3.12,0.25,3.25,2.12,0.0,3.0,2.88,2.12,2.25,2.0,2.12,0.12,3.0,3.0,operation_and_control|operations_monitoring|troubleshooting|equipment_maintenance|coordination
47-5044.00,"Loading and Moving Machine Operators, Underground Mining",2.62,3.0,3.0,2.5,1.25,2.25,2.38,1.62,1.88,2.25,2.12,3.38,1.75,3.25,2.25,1.0,2.12,2.75,2.12,2.88,1.62,1.5,1.0,2.38,3.12,2.5,3.0,3.12,2.38,0.38,2.25,2.25,0.62,0.88,2.0,2.12,3.25,1.0,3.25,2.12,0.0,2.62,3.0,2.25,2.38,0.75,0.62,0.0,2.12,3.12,operation_and_control|operations_monitoring|troubleshooting|coordination|equipment_maintenance
47-5051.00,"Rock Splitters, Quarry",2.75,2.75,2.25,2.0,1.0,2.0,2.62,1.5,1.5,1.88,1.88,3.25,1.25,3.12,2.0,1.0,2.25,2.12,2.12,2.5,1.62,1.62,1.0,2.75,2.38,2.5,2.75,2.0,1.75,0.0,1.75,2.25,0.62,0.62,1.62,1.62,3.0,0.25,2.88,2.0,0.0,2.5,1.75,2.12,2.25,0.75,0.75,0.0,2.38,2.25,operation_and_control|operations_monitoring|coordination|complex_problem_solving|time_management
47-5071.00,"Roustabouts, Oil and Gas",2.62,2.75,2.88,2.38,1.12,2.25,3.0,1.62,1.88,2.38,2.0,3.0,1.12,3.0,2.0,1.0,3.0,2.88,2.12,2.88,2.0,2.0,1.5,2.88,2.75,2.12,3.0,2.75,2.12,0.12,2.0,2.12,0.75,1.0,1.88,1.75,2.75,0.25,2.88,1.5,0.0,2.75,2.75,1.88,2.25,2.0,2.0,0.5,2.25,2.62,operations_monitoring|operation_and_control|quality_control_analysis|judgment_and_decision_making|social_perceptiveness
47-5081.00,Helpers--Extraction Workers,2.88,3.12,3.5,3.12,1.25,2.38,3.0,1.75,2.0,2.5,2.0,3.5,1.0,3.62,2.12,1.0,3.12,3.38,2.38,2.75,2.12,1.88,1.75,2.62,3.38,2.62,3.25,3.12,2.75,0.38,2.25,2.62,0.88,1.5,2.0,1.88,3.0,0.0,3.38,2.0,0.0,2.62,3.12,2.0,2.38,1.88,1.62,1.0,2.25,3.0,operations_monitoring|operation_and_control|equipment_maintenance|troubleshooting|repairing
49-1011.00,"First-Line Supervisors of Mechanics, Installers, and Repairers",3.12,3.75,2.88,2.75,1.75,3.0,3.75,2.88,2.88,3.88,3.0,3.0,2.5,3.38,3.0,1.88,3.62,2.88,3.0,3.12,3.25,3.12,1.88,3.75,3.12,3.62,3.75,3.12,2.75,0.88,3.5,3.75,3.62,3.75,4.0,3.38,3.0,2.5,3.38,3.5,1.12,3.62,3.12,3.0,3.75,3.75,3.0,1.25,3.88,3.75,management_of_personnel_resources|coordination|judgment_and_decision_making|time_management|quality_control_analysis
49-2011.00,"Computer, Automated Teller, and Office Machine Repairers",3.38,3.0,3.25,3.25,3.0,2.62,3.0,1.75,2.12,2.5,2.75,2.75,2.12,3.12,2.5,2.12,3.25,3.62,3.0,2.88,2.75,2.38,2.0,3.25,3.38,3.12,2.88,2.88,3.0,2.5,2.88,2.62,0.88,1.25,2.12,2.12,2.88,2.0,3.0,2.75,1.25,3.0,3.12,2.88,3.0,2.62,2.38,1.88,3.0,3.25,repairing|complex_problem_solving|troubleshooting|equipment_selection|equipment_maintenance
49-2021.00,"Radio, Cellular, and Tower Equipment Installers and Repairers",3.0,3.0,3.38,2.88,3.38,2.75,3.0,1.88,1.88,2.38,2.38,2.88,1.25,3.12,2.62,2.0,3.12,3.5,2.5,3.0,3.0,2.88,1.88,3.12,3.0,2.88,3.25,2.88,2.88,3.88,2.88,3.12,0.88,1.12,2.38,2.25,3.0,0.38,3.0,2.38,1.25,3.62,3.38,2.38,2.5,3.0,2.88,1.12,3.12,3.62,repairing|installation|equipment_maintenance|operations_monitoring|quality_control_analysis
49-2022.00,"Telecommunications Equipment Installers and Repairers, Except Line Installers",3.25,3.0,3.38,3.0,3.62,2.75,3.25,1.62,1.62,2.12,2.25,3.25,2.0,3.75,2.25,1.88,3.75,3.88,2.88,2.75,3.12,2.88,1.75,3.0,3.88,3.38,3.12,3.25,3.12,3.88,2.75,3.0,0.62,0.62,2.12,2.12,3.25,1.62,3.38,2.25,1.5,3.75,3.5,2.88,2.75,3.0,3.0,1.0,3.0,3.88,troubleshooting|repairing|operations_monitoring|quality_control_analysis|installation
49-2091.00,Avionics Technicians,3.5,3.0,3.88,3.0,2.75,2.88,3.25,1.5,1.75,2.62,2.38,2.5,2.25,3.75,2.88,1.62,3.75,3.88,2.75,2.88,3.0,2.88,1.88,3.12,3.88,3.5,3.12,4.0,3.0,2.88,2.88,3.25,0.62,1.12,2.62,2.25,2.5,2.12,3.62,2.75,0.88,3.62,4.0,2.62,3.0,3.12,3.12,1.12,3.25,4.0,equipment_maintenance|troubleshooting|repairing|operations_monitoring|quality_control_analysis
49-2092.00,"Electric Motor, Power Tool, and Related Repairers",3.62,2.88,3.88,3.75,3.0,2.5,3.12,1.88,2.12,2.38,2.25,3.25,1.62,3.5,2.5,1.75,3.75,4.12,2.75,2.75,3.0,2.75,1.75,2.88,3.88,3.0,2.88,3.75,3.0,2.88,2.88,3.0,1.75,1.75,2.25,1.75,3.0,1.25,3.38,2.38,0.88,3.62,4.0,2.75,2.75,2.88,2.75,1.25,2.88,3.88,repairing|equipment_maintenance|troubleshooting|equipment_selection|quality_control_analysis
49-2093.00,"Electrical and Electronics Installers and Repairers, Transportation Equipment",3.12,3.0,3.0,2.62,2.75,2.12,3.0,2.0,2.0,2.25,2.25,3.0,2.12,3.25,2.88,1.62,3.25,3.12,2.25,3.0,2.25,2.25,2.0,3.0,3.0,3.0,3.0,3.0,2.25,2.38,2.5,2.88,1.12,1.0,2.25,2.12,2.5,1.62,3.12,2.75,0.75,3.25,3.12,2.25,3.0,2.25,2.38,1.38,3.12,3.25,operations_monitoring|quality_control_analysis|complex_problem_solving|repairing|social_perceptiveness
49-2094.00,"Electrical and Electronics Repairers, Commercial and Industrial Equipment",3.25,2.88,3.75,3.12,2.88,2.88,3.25,2.0,2.0,2.5,2.25,3.0,2.12,3.88,2.88,2.12,3.75,3.88,2.88,3.0,3.0,2.88,2.12,3.0,3.75,3.88,3.0,3.75,3.25,2.75,2.88,3.0,1.62,1.62,2.62,2.62,3.5,2.12,3.88,2.88,2.12,3.88,3.88,2.88,3.0,3.25,3.0,2.38,3.0,3.88,operations_monitoring|repairing|equipment_maintenance|troubleshooting|quality_control_analysis
49-2095.00,"Electrical and Electronics Repairers, Powerhouse, Substation, and Relay",3.12,2.88,3.62,2.88,1.62,2.75,3.0,2.0,2.0,2.75,2.5,2.88,2.12,3.25,2.38,1.88,3.25,3.62,2.88,2.62,3.0,2.75,1.88,3.0,3.5,3.0,3.0,4.0,2.25,0.75,2.88,3.0,1.5,1.62,2.75,2.25,3.12,2.25,3.25,2.12,1.12,3.25,4.0,2.75,2.75,3.0,3.0,1.0,3.0,4.0,equipment_maintenance|repairing|troubleshooting|operations_monitoring|quality_control_analysis
49-2096.00,"Electronic Equipment Installers and Repairers, Motor Vehicles",3.12,3.0,3.25,3.0,3.25,2.62,2.88,2.12,2.0,2.12,2.75,2.88,1.88,3.5,2.75,1.88,3.0,3.62,3.0,2.88,2.38,2.25,2.12,3.12,3.62,3.0,3.0,2.88,2.75,3.0,2.38,2.88,1.25,1.12,2.12,2.5,3.0,1.75,3.0,2.38,1.12,3.0,3.62,2.88,2.88,2.25,2.38,1.38,3.0,3.62,troubleshooting|repairing|operations_monitoring|installation|equipment_maintenance
49-2097.00,Audiovisual Equipment Installers and Repairers,3.38,2.88,3.38,3.0,3.38,2.75,3.25,1.88,2.12,2.38,2.12,2.88,1.88,3.12,2.5,1.62,3.62,3.62,3.0,2.75,2.88,2.75,1.75,3.0,3.62,3.12,2.62,3.0,2.88,3.25,2.75,2.88,1.38,1.75,2.38,2.0,2.62,1.5,3.0,2.38,1.25,3.5,3.38,3.0,2.5,2.88,2.75,1.0,2.88,3.5,troubleshooting|repairing|quality_control_analysis|complex_problem_solving|installation
49-2098.00,Security and Fire Alarm Systems Installers,3.12,2.88,2.75,2.25,3.38,2.62,3.12,1.75,1.88,2.12,2.0,2.88,1.88,3.12,2.12,1.75,3.12,3.0,2.88,2.88,2.62,2.62,1.88,3.0,3.0,3.0,2.88,2.62,2.0,3.12,2.62,3.0,0.75,1.0,2.0,1.88,2.75,1.75,2.88,1.88,0.88,3.12,2.75,2.88,2.88,2.5,2.5,0.88,2.88,3.25,installation|complex_problem_solving|operations_monitoring|quality_control_analysis|judgment_and_decision_making
49-3011.00,Aircraft Mechanics and Service Technicians,3.88,2.88,4.88,3.38,2.75,2.88,3.5,1.62,2.12,2.62,2.12,3.75,2.12,4.25,2.75,1.62,3.75,4.88,2.75,2.88,3.25,3.25,1.88,3.0,4.5,3.5,3.25,5.38,3.0,2.75,2.88,3.5,0.75,2.12,2.25,2.0,3.62,2.25,3.88,2.88,0.75,3.88,4.38,2.62,3.0,3.38,3.5,1.38,3.0,4.38,equipment_maintenance|repairing|troubleshooting|operations_monitoring|complex_problem_solving
49-3021.00,Automotive Body and Related Repairers,2.88,2.88,2.62,2.75,2.0,2.25,2.88,1.88,1.88,2.12,2.25,2.88,2.0,3.0,2.62,1.75,3.0,3.25,2.88,2.88,2.12,2.12,1.88,3.0,3.12,3.0,2.88,2.75,2.5,1.75,2.62,2.75,1.38,1.75,2.25,2.12,3.0,1.62,2.88,2.25,0.75,3.0,3.25,2.75,2.88,2.25,2.25,1.0,2.75,3.0,repairing|troubleshooting|operations_monitoring|quality_control_analysis|time_management
49-3022.00,Automotive Glass Installers and Repairers,2.75,2.75,2.12,3.0,3.12,2.38,2.75,1.38,1.75,2.0,2.38,2.75,1.75,2.75,2.38,1.12,2.75,2.38,2.88,2.88,2.12,2.0,1.62,2.88,2.25,2.5,2.5,1.75,2.38,2.75,2.25,2.38,0.5,1.0,1.88,2.0,2.62,1.12,2.62,2.12,0.12,2.75,2.0,2.62,2.62,1.88,1.88,0.62,3.0,1.88,installation|equipment_selection|social_perceptiveness|service_orientation|time_management
49-3023.00,Automotive Service Technicians and Mechanics,3.25,2.88,3.75,3.0,3.25,2.25,3.0,1.75,1.88,2.0,2.25,3.25,1.38,3.38,2.5,1.5,3.25,3.88,2.88,2.62,3.0,3.0,1.62,3.0,3.88,3.12,2.88,3.62,3.0,3.38,2.62,3.0,0.88,0.88,2.0,1.88,3.0,0.38,3.12,2.38,0.62,3.25,3.88,3.0,2.38,3.0,3.0,0.75,2.75,3.88,troubleshooting|repairing|equipment_maintenance|operations_monitoring|complex_problem_solving
49-3031.00,Bus and Truck Mechanics and Diesel Engine Specialists,3.0,2.88,3.38,3.12,2.12,2.12,3.12,1.88,1.88,2.0,2.0,3.0,1.88,3.5,2.0,1.88,3.25,4.0,2.12,2.75,2.88,2.75,1.88,3.0,4.0,3.0,2.88,3.38,3.0,1.88,2.75,3.0,0.88,0.88,2.0,2.0,3.12,1.12,3.25,2.25,1.12,3.25,3.88,2.12,2.75,2.5,2.38,0.88,2.88,3.75,troubleshooting|repairing|operations_monitoring|equipment_maintenance|quality_control_analysis
49-3041.00,Farm Equipment Mechanics and Service Technicians,3.38,2.75,4.25,3.25,2.62,2.25,3.12,1.88,2.12,2.25,2.0,3.75,1.62,3.38,2.38,1.62,3.38,4.25,2.5,2.75,3.0,2.88,1.88,3.0,4.0,3.0,2.5,4.12,3.0,2.5,2.25,3.0,1.5,1.12,2.12,1.5,3.12,0.75,3.12,2.25,0.62,3.38,4.12,2.25,2.38,2.62,2.62,1.12,2.88,3.88,equipment_maintenance|repairing|troubleshooting|operation_and_control|complex_problem_solving
49-3042.00,"Mobile Heavy Equipment Mechanics, Except Engines",3.12,2.88,4.0,3.38,2.38,2.75,3.12,1.75,2.5,2.75,2.38,3.62,1.88,3.75,2.5,1.62,3.38,4.12,2.62,2.88,2.75,2.5,1.88,3.0,4.12,3.25,3.12,3.88,3.25,2.75,3.0,3.12,1.5,2.25,2.88,2.12,3.38,1.38,3.5,2.5,0.62,3.75,4.0,2.62,2.75,2.75,2.38,1.62,3.0,4.0,troubleshooting|repairing|equipment_maintenance|operations_monitoring|operation_and_control
49-3043.00,Rail Car Repairers,2.75,2.88,3.75,2.75,2.62,2.5,2.88,1.75,1.88,2.5,2.12,3.12,1.75,3.25,2.25,1.0,3.25,4.0,2.38,2.75,2.62,2.62,1.88,2.88,4.0,2.62,2.62,3.25,2.38,2.5,2.25,2.75,0.88,1.0,2.25,2.12,3.0,1.12,3.0,2.12,0.0,3.25,4.0,2.12,2.25,2.25,2.38,1.0,3.0,3.75,troubleshooting|repairing|equipment_maintenance|operations_monitoring|quality_control_analysis
49-3051.00,Motorboat Mechanics and Service Technicians,3.12,2.5,3.88,3.12,1.62,1.88,3.12,1.75,2.0,1.88,1.88,3.62,1.5,3.5,2.0,1.62,3.12,4.0,2.62,2.62,2.25,2.25,1.88,2.75,3.75,2.88,2.25,3.5,2.62,0.75,1.88,2.75,0.75,1.38,1.75,1.5,3.38,0.5,3.38,1.62,0.62,3.0,4.0,2.12,2.62,2.25,2.25,0.88,2.38,3.75,repairing|equipment_maintenance|troubleshooting|operation_and_control|operations_monitoring
49-3052.00,Motorcycle Mechanics,3.12,3.0,3.5,3.0,2.0,2.62,3.12,1.38,1.88,2.12,2.12,3.12,2.0,3.12,2.5,1.25,3.12,3.88,2.88,2.75,2.38,2.25,1.88,3.12,3.88,3.0,3.0,3.38,2.25,1.62,2.62,3.0,0.62,1.25,1.88,2.0,3.0,1.38,3.0,2.5,0.25,3.0,3.75,3.0,2.62,2.25,2.25,1.0,3.0,3.88,troubleshooting|repairing|equipment_maintenance|complex_problem_solving|operations_monitoring
49-3053.00,Outdoor Power Equipment and Other Small Engine Mechanics,3.0,2.75,3.88,3.25,1.75,2.12,2.88,1.75,2.0,1.88,2.0,3.25,1.5,3.38,2.12,1.38,3.12,3.88,2.38,2.75,2.25,2.38,1.75,2.75,3.75,2.75,2.88,3.62,2.75,0.75,2.25,2.75,1.12,1.12,1.75,1.62,3.0,0.5,3.0,2.12,0.38,3.0,3.62,2.5,2.38,2.12,2.0,0.75,2.62,3.62,equipment_maintenance|repairing|troubleshooting|operations_monitoring|equipment_selection
49-3091.00,Bicycle Repairers,2.88,2.75,3.0,2.88,2.88,2.62,2.75,2.0,2.0,2.25,2.62,2.5,1.62,2.75,2.88,1.12,3.0,3.88,3.25,3.0,2.62,2.5,1.88,3.12,3.38,3.0,2.62,2.88,2.62,2.25,2.62,2.75,1.38,1.5,2.12,2.62,2.0,0.62,2.38,2.75,0.12,3.12,3.0,3.0,3.0,2.25,2.25,1.5,2.88,3.0,repairing|troubleshooting|service_orientation|time_management|social_perceptiveness
49-3092.00,Recreational Vehicle Service Technicians,3.12,2.88,3.12,3.0,1.88,2.5,3.0,1.75,1.88,1.88,2.5,3.12,1.62,3.12,2.5,1.5,3.12,4.0,3.0,2.75,2.88,2.88,1.62,2.88,3.62,3.0,2.88,3.25,2.88,1.38,2.5,3.0,0.88,0.88,1.62,2.5,3.0,0.62,3.0,2.5,0.5,3.12,4.0,3.0,2.88,2.62,2.75,0.75,2.88,3.88,repairing|troubleshooting|complex_problem_solving|operations_monitoring|operation_and_control
49-3093.00,Tire Repairers and Changers,2.62,2.5,2.12,2.12,1.75,2.0,2.5,1.62,1.88,2.0,2.0,2.75,1.0,2.75,2.0,1.0,2.62,2.75,2.88,2.5,2.0,2.0,1.25,3.0,2.75,2.12,2.12,2.0,1.75,1.0,2.0,2.12,0.62,1.25,1.88,2.0,2.75,0.0,2.75,1.88,0.0,2.25,2.62,2.75,2.12,1.88,2.0,0.25,2.75,2.5,time_management|service_orientation|operations_monitoring|operation_and_control|troubleshooting
49-9011.00,Mechanical Door Repairers,3.12,3.0,2.88,2.75,3.38,2.75,2.88,1.75,1.75,2.5,2.25,3.0,1.62,3.12,2.5,1.25,3.25,3.25,2.88,2.88,2.12,2.12,1.62,2.88,3.0,3.0,3.0,2.75,2.25,3.38,2.75,2.62,1.12,1.25,2.12,2.25,3.0,0.88,3.0,2.25,0.25,3.38,3.12,2.75,2.75,2.0,2.0,1.12,2.5,3.0,installation|repairing|quality_control_analysis|complex_problem_solving|operations_monitoring
49-9012.00,"Control and Valve Installers and Repairers, Except Mechanical Door",3.0,3.0,3.12,2.88,2.38,2.25,3.12,1.88,1.75,2.0,2.12,3.0,1.62,3.12,2.0,1.62,3.12,3.25,2.5,2.88,2.25,2.12,1.88,2.75,3.12,3.0,3.0,3.25,2.5,2.12,2.38,3.0,0.88,0.88,1.5,1.88,3.0,0.75,3.0,1.75,0.75,3.25,3.25,2.38,2.75,2.12,2.12,0.88,2.5,3.12,repairing|operations_monitoring|equipment_maintenance|troubleshooting|quality_control_analysis
49-9021.00,"Heating, Air Conditioning, and Refrigeration Mechanics and Installers",3.12,3.0,3.25,3.12,3.25,2.62,3.12,2.0,2.25,2.62,2.0,3.0,2.0,3.75,2.62,1.88,3.0,3.38,2.75,3.0,3.12,3.12,1.88,3.0,3.75,3.12,3.0,3.12,3.12,4.0,2.75,3.0,1.75,2.12,2.88,2.0,3.0,1.12,3.62,2.75,1.0,3.25,3.62,2.88,2.88,3.12,3.12,1.0,2.88,3.75,operations_monitoring|troubleshooting|repairing|installation|equipment_maintenance
49-9031.00,Home Appliance Repairers,3.12,2.75,3.62,3.0,3.0,2.25,3.0,2.0,2.12,2.5,2.25,2.88,1.88,3.5,2.75,1.62,3.5,3.88,3.0,2.75,2.62,2.25,1.88,3.0,3.62,3.0,2.75,3.12,2.88,2.38,2.5,3.0,1.25,1.75,2.12,2.12,3.0,1.62,3.25,2.12,0.62,3.62,3.88,2.88,2.75,2.12,2.0,1.0,3.0,3.62,repairing|equipment_maintenance|troubleshooting|operations_monitoring|quality_control_analysis
49-9041.00,Industrial Machinery Mechanics,3.12,3.0,4.0,3.12,2.62,2.62,3.12,1.62,1.75,2.62,1.88,4.0,1.88,4.0,2.12,1.75,3.75,4.0,2.25,2.75,2.88,2.88,2.0,3.0,4.0,3.0,3.0,4.12,3.12,3.0,2.75,3.0,0.88,0.88,2.12,1.75,4.0,1.75,4.0,1.75,1.5,3.75,4.0,2.25,2.12,2.88,2.88,1.88,3.0,4.0,operations_monitoring|operation_and_control|equipment_maintenance|troubleshooting|repairing
49-9043.00,"Maintenance Workers, Machinery",2.88,3.0,3.75,2.75,2.88,2.25,3.0,1.75,1.88,2.12,2.12,3.62,1.88,3.75,2.12,1.75,3.12,3.75,2.12,2.62,2.12,2.0,1.88,3.0,3.75,2.88,3.0,3.75,2.75,2.38,2.0,2.5,0.88,0.88,1.88,2.0,3.25,1.62,3.75,2.0,0.75,3.12,3.62,2.0,2.12,2.12,2.0,0.88,2.62,3.38,operations_monitoring|equipment_maintenance|troubleshooting|repairing|operation_and_control
49-9044.00,Millwrights,3.12,3.0,3.75,2.88,3.75,2.88,3.12,2.0,2.0,2.62,2.88,3.38,1.88,3.62,2.88,1.75,3.25,3.62,3.0,3.0,2.75,2.62,1.88,3.25,3.75,3.0,3.5,3.75,2.5,3.38,3.0,3.0,1.62,1.75,2.75,2.62,3.62,1.0,3.75,2.62,0.75,3.25,3.75,2.62,2.75,2.75,2.75,1.38,3.12,3.62,installation|equipment_maintenance|troubleshooting|operations_monitoring|repairing
49-9045.00,"Refractory Materials Repairers, Except Brickmasons",2.62,2.88,3.0,2.62,1.38,2.5,2.75,1.5,1.62,2.25,2.0,3.0,2.0,3.25,2.0,1.0,2.62,3.12,2.38,2.75,1.88,1.75,1.62,2.88,2.88,2.12,2.75,2.75,1.88,0.38,2.38,2.62,0.62,0.88,1.88,1.88,3.0,1.25,3.25,1.75,0.0,2.75,2.75,2.0,2.38,1.62,1.38,0.75,2.5,2.88,operations_monitoring|repairing|operation_and_control|equipment_maintenance|coordination
49-9051.00,Electrical Power-Line Installers and Repairers,3.12,3.12,3.0,2.62,3.0,2.5,3.12,1.5,1.62,2.88,2.0,3.25,1.88,3.25,2.62,1.25,3.12,3.12,2.62,2.75,3.12,2.88,1.88,3.0,3.38,3.0,3.25,3.0,2.12,2.38,2.62,3.0,0.38,0.62,3.0,2.12,3.25,1.62,3.25,2.75,0.25,3.12,3.25,2.5,2.62,3.0,3.0,1.12,2.88,3.38,troubleshooting|operations_monitoring|operation_and_control|coordination|complex_problem_solving
49-9052.00,Telecommunications Line Installers and Repairers,2.88,3.0,3.0,2.25,3.0,2.0,3.0,1.38,1.5,1.88,2.12,3.0,1.88,3.0,2.12,1.38,3.12,3.0,2.75,2.75,2.25,2.12,1.75,3.0,3.0,2.88,3.25,3.0,2.0,2.88,2.0,3.0,0.38,0.5,1.75,1.88,3.0,1.0,3.0,2.0,0.38,3.0,3.0,2.62,2.75,2.12,2.12,0.75,3.0,3.12,quality_control_analysis|coordination|installation|operations_monitoring|operation_and_control
49-9061.00,Camera and Photographic Equipment Repairers,3.12,2.25,3.38,3.0,1.88,1.62,3.12,2.0,2.25,2.0,2.0,2.12,1.88,3.0,2.12,1.75,3.38,3.75,2.38,2.75,2.12,2.12,2.12,3.12,3.88,3.12,2.25,3.62,3.12,1.38,0.88,3.0,1.75,1.88,1.62,2.0,1.75,1.75,3.0,2.12,1.25,3.38,3.88,2.25,2.5,2.12,2.12,2.25,3.0,3.62,troubleshooting|repairing|equipment_maintenance|quality_control_analysis|complex_problem_solving
49-9062.00,Medical Equipment Repairers,3.0,2.75,4.0,3.0,2.5,2.62,3.0,2.0,2.0,2.25,2.12,2.88,2.0,3.5,2.5,2.0,3.38,4.25,2.75,2.88,3.0,2.5,2.12,3.0,3.88,3.0,2.62,4.0,3.0,2.25,2.88,3.0,1.62,1.75,2.38,2.38,3.0,1.88,3.88,2.75,1.38,3.62,4.0,2.88,2.88,3.0,2.62,2.0,2.88,4.0,repairing|equipment_maintenance|troubleshooting|operations_monitoring|quality_control_analysis
49-9063.00,Musical Instrument Repairers and Tuners,3.12,2.38,3.0,3.0,1.5,2.38,3.12,2.0,2.25,1.88,2.12,2.88,1.88,2.88,2.38,1.25,3.88,3.75,3.12,2.88,2.75,2.88,1.88,3.0,3.75,3.0,2.12,2.88,2.88,0.88,2.25,3.12,1.62,1.88,1.75,1.88,2.88,1.5,3.0,2.5,0.25,3.62,3.38,2.75,2.62,2.62,2.88,1.12,3.0,3.25,quality_control_analysis|troubleshooting|repairing|service_orientation|complex_problem_solving
49-9064.00,Watch and Clock Repairers,2.88,2.25,3.0,2.62,1.5,2.0,3.0,2.12,2.25,2.0,2.25,2.75,2.0,3.12,2.12,1.0,3.0,3.88,2.75,2.75,2.0,2.12,1.88,2.38,3.0,2.88,2.12,3.12,2.25,0.62,1.62,3.0,1.5,1.5,1.88,1.62,2.12,1.0,2.5,2.12,0.0,3.0,3.5,2.75,2.5,1.88,2.0,1.12,2.25,3.12,repairing|operations_monitoring|equipment_maintenance|troubleshooting|quality_control_analysis
49-9071.00,"Maintenance and Repair Workers, General",3.12,3.0,3.88,3.0,3.0,2.38,3.0,2.12,2.25,2.38,2.38,3.12,2.12,3.12,2.25,1.38,3.12,3.88,2.38,2.75,2.5,2.25,2.12,3.0,3.75,3.0,3.0,3.88,3.0,3.12,2.38,2.88,1.25,1.5,2.25,2.38,3.12,2.12,3.12,2.25,0.5,3.25,3.88,2.25,2.62,2.25,2.25,1.88,2.88,3.75,equipment_maintenance|repairing|troubleshooting|complex_problem_solving|operations_monitoring
49-9081.00,Wind Turbine Service Technicians,3.25,3.0,4.0,3.0,1.88,3.0,3.12,1.62,2.25,2.62,2.12,3.12,1.62,4.0,2.0,1.62,3.25,4.0,2.25,2.75,3.12,3.12,1.75,3.0,4.0,3.0,3.25,3.75,2.88,1.12,2.88,3.0,1.0,2.25,2.5,1.88,3.12,1.0,3.25,1.75,0.62,3.12,3.88,2.12,2.75,3.12,3.0,1.5,2.88,4.0,operations_monitoring|equipment_maintenance|troubleshooting|repairing|complex_problem_solving
49-9091.00,"Coin, Vending, and Amusement Machine Servicers and Repairers",2.88,2.62,3.38,2.5,2.12,1.88,2.88,1.88,2.0,2.0,1.88,3.0,1.5,3.0,2.0,1.38,3.0,3.5,2.88,2.62,2.88,2.75,1.0,2.88,3.25,2.75,2.62,3.0,2.12,1.62,1.62,2.62,1.25,1.25,1.62,1.5,3.0,0.5,3.0,1.75,0.38,2.88,3.0,2.62,2.5,2.75,2.25,0.0,2.75,3.0,repairing|equipment_maintenance|troubleshooting|operations_monitoring|operation_and_control
49-9092.00,Commercial Divers,3.12,3.12,3.12,3.0,2.62,2.88,3.12,1.88,2.0,2.75,2.75,3.12,1.75,3.5,2.75,1.0,3.38,3.12,2.75,3.0,2.75,2.75,1.62,3.12,3.12,3.0,3.12,3.12,2.88,2.25,3.0,3.0,1.0,1.12,3.0,2.62,3.12,1.12,3.5,2.75,0.0,3.0,3.0,2.38,3.0,2.75,2.75,0.62,3.0,3.0,operations_monitoring|quality_control_analysis|coordination|complex_problem_solving|operation_and_control
49-9094.00,Locksmiths and Safe Repairers,3.0,2.5,2.88,2.88,3.0,2.38,2.88,2.0,2.12,2.38,2.12,3.0,1.25,2.88,2.25,1.62,3.12,3.5,3.12,2.75,2.5,2.12,1.75,3.25,3.0,2.5,2.5,2.75,2.12,2.5,2.0,2.38,1.38,1.62,1.88,2.12,3.0,0.25,2.25,2.25,0.62,3.0,3.12,2.25,2.12,2.38,2.12,0.88,2.88,3.0,repairing|time_management|service_orientation|quality_control_analysis|complex_problem_solving
49-9095.00,Manufactured Building and Mobile Home Installers,3.38,3.5,2.62,2.88,2.62,3.25,3.5,2.25,2.62,3.38,3.12,3.75,2.25,3.62,3.0,1.0,3.75,3.12,3.12,3.0,2.75,2.62,2.0,3.38,3.25,3.25,3.62,2.62,2.62,2.38,3.12,3.0,2.12,2.38,3.12,2.75,3.25,2.0,3.12,3.0,0.0,3.62,3.38,2.75,2.75,2.62,2.88,1.5,3.12,3.25,operation_and_control|quality_control_analysis|operations_monitoring|coordination|judgment_and_decision_making
49-9096.00,Riggers,3.0,3.12,2.75,2.88,2.0,2.12,3.0,1.38,1.38,2.5,2.12,3.25,2.12,3.12,2.25,1.0,2.88,2.75,2.38,2.75,2.12,2.12,1.5,3.0,2.88,3.0,3.12,2.5,2.75,1.75,2.12,3.0,0.38,0.38,2.88,2.12,3.25,2.12,3.12,2.12,0.0,3.0,2.62,2.25,2.5,2.12,2.12,0.62,2.88,2.88,operation_and_control|coordination|operations_monitoring|complex_problem_solving|judgment_and_decision_making
49-9097.00,Signal and Track Switch Repairers,3.38,2.75,4.0,3.62,2.88,2.62,3.0,1.62,1.75,2.0,2.25,3.12,1.12,3.75,2.12,2.0,3.88,4.0,2.12,2.75,2.38,2.38,1.5,3.0,4.12,3.0,2.75,3.88,2.75,2.62,2.75,2.88,0.75,0.88,2.12,2.12,3.0,0.25,3.75,2.12,0.88,3.88,3.88,2.12,2.12,2.25,2.25,0.62,3.0,4.0,troubleshooting|equipment_maintenance|repairing|quality_control_analysis|operations_monitoring
49-9098.00,"Helpers--Installation, Maintenance, and Repair Workers",2.62,3.0,3.12,2.75,2.38,2.12,2.88,1.25,1.5,1.88,1.88,3.12,1.62,3.12,1.88,1.38,3.0,3.12,2.38,2.62,2.12,2.12,1.62,2.75,3.12,2.12,2.88,3.25,2.38,2.25,2.0,2.62,0.38,0.62,1.5,1.5,3.0,0.75,3.0,1.75,0.38,3.0,3.25,2.0,2.0,2.12,1.88,0.62,2.5,3.12,operations_monitoring|operation_and_control|equipment_maintenance|troubleshooting|repairing
49-9099.01,Geothermal Technicians,3.12,3.0,3.12,2.88,3.0,2.62,3.12,2.0,2.0,2.62,2.38,3.38,2.0,3.88,2.25,1.88,3.25,3.12,2.88,2.88,3.0,2.88,1.88,2.88,3.62,2.88,3.12,3.25,2.88,3.12,2.62,3.0,1.38,1.75,2.25,2.12,3.75,1.62,4.0,2.25,1.12,3.25,3.62,2.38,2.25,3.0,3.0,1.5,3.0,3.75,operations_monitoring|troubleshooting|operation_and_control|quality_control_analysis|complex_problem_solving
51-1011.00,First-Line Supervisors of Production and Operating Workers,3.12,3.75,2.12,2.25,1.12,3.0,3.62,2.25,2.12,3.88,3.0,2.75,2.88,3.12,3.0,1.25,3.0,2.25,3.0,3.75,3.12,3.0,2.0,3.88,2.25,3.62,3.88,2.12,2.25,0.12,3.12,3.25,2.62,2.62,3.75,3.12,2.75,2.75,3.38,3.12,0.38,3.12,2.12,2.88,3.88,3.0,3.0,1.25,3.88,2.5,time_management|management_of_personnel_resources|social_perceptiveness|coordination|judgment_and_decision_making
51-2011.00,"Aircraft Structure, Surfaces, Rigging, and Systems Assemblers",3.0,2.88,3.0,2.88,2.88,2.88,3.0,2.0,2.12,2.25,2.25,2.88,1.88,2.88,2.25,1.5,3.38,2.88,2.38,2.75,2.88,2.88,2.0,3.0,2.88,2.88,2.88,3.0,2.88,3.0,2.88,3.0,1.38,1.62,2.38,2.25,2.88,1.38,3.0,2.25,1.0,3.75,3.12,2.38,2.25,2.88,2.62,1.88,3.0,2.88,quality_control_analysis|complex_problem_solving|equipment_maintenance|judgment_and_decision_making|time_management
51-2021.00,"Coil Winders, Tapers, and Finishers",2.38,2.88,1.62,1.62,1.12,2.0,2.75,1.5,1.5,1.88,1.75,3.0,1.5,3.12,1.88,1.0,2.12,1.38,1.88,2.62,2.0,1.88,1.75,2.38,2.0,1.88,2.88,0.62,0.62,0.12,2.12,2.5,0.5,0.5,1.0,1.12,3.12,0.62,3.12,1.25,0.0,2.25,0.38,1.5,2.25,1.5,1.25,0.75,2.12,1.88,operations_monitoring|operation_and_control|coordination|judgment_and_decision_making|social_perceptiveness
51-2022.00,Electrical and Electronic Equipment Assemblers,2.75,2.75,1.62,1.62,1.75,2.25,2.88,1.62,1.62,2.0,2.0,2.75,1.5,3.0,2.0,1.12,2.62,1.62,2.0,2.38,2.0,2.0,1.75,2.75,2.38,2.5,2.88,1.0,1.0,1.38,2.25,2.62,0.62,0.62,2.0,2.0,2.75,0.5,3.0,2.0,0.12,2.38,1.12,2.12,2.38,1.62,1.62,0.75,2.75,2.0,operations_monitoring|judgment_and_decision_making|coordination|complex_problem_solving|operation_and_control
51-2023.00,Electromechanical Equipment Assemblers,2.5,2.38,2.75,2.38,1.62,1.88,2.88,1.62,1.75,1.88,1.88,2.62,1.75,3.25,1.88,1.5,3.25,2.75,2.0,2.5,2.12,2.12,1.88,2.88,3.0,2.12,2.0,2.88,2.0,1.0,1.5,2.38,0.62,0.75,1.62,1.62,2.25,0.75,3.0,1.62,0.5,3.25,2.75,1.75,1.75,1.88,1.5,1.0,2.62,3.12,operations_monitoring|quality_control_analysis|troubleshooting|judgment_and_decision_making|time_management
51-2031.00,Engine and Other Machine Assemblers,2.88,2.75,2.88,2.5,2.0,2.12,2.62,1.62,2.0,2.12,2.12,2.88,1.75,3.38,2.25,1.75,3.12,2.88,2.25,2.88,2.38,2.12,1.88,2.88,2.88,2.25,2.25,2.88,2.25,1.38,2.25,2.5,0.62,1.12,2.12,2.0,2.88,0.75,3.12,2.0,0.75,3.25,2.88,2.0,2.12,2.0,2.0,1.0,2.25,3.0,operations_monitoring|quality_control_analysis|social_perceptiveness|complex_problem_solving|operation_and_control
51-2041.00,Structural Metal Fabricators and Fitters,2.12,2.38,2.0,2.12,1.12,2.25,2.38,1.38,1.38,2.12,2.0,2.38,1.88,2.88,2.12,1.0,2.25,1.88,2.12,2.62,1.62,1.62,1.62,2.62,2.12,2.12,2.75,1.12,1.62,0.25,2.0,2.12,0.38,0.38,2.0,2.0,2.12,1.0,2.5,2.0,0.0,2.5,0.88,2.0,2.38,0.75,0.75,0.62,2.0,2.12,operations_monitoring|social_perceptiveness|time_management|coordination|operation_and_control
51-2051.00,Fiberglass Laminators and Fabricators,3.0,2.88,1.88,2.12,1.0,2.88,2.88,1.88,2.0,2.38,2.38,2.88,1.12,3.12,2.38,1.0,2.88,1.62,2.38,2.75,2.25,2.12,1.88,2.88,2.38,2.88,2.62,1.12,1.5,0.0,2.75,2.62,0.88,1.5,2.25,2.25,3.0,0.25,3.0,2.5,0.0,2.88,1.12,2.12,2.38,2.0,2.12,0.88,2.62,2.25,operations_monitoring|complex_problem_solving|coordination|instructing|operation_and_control
51-2061.00,Timing Device Assemblers and Adjusters,2.75,2.25,2.75,2.62,1.62,2.12,2.75,1.5,1.5,2.0,1.62,2.75,1.62,3.0,2.0,1.38,3.25,3.38,2.62,2.75,2.12,2.0,1.62,2.75,3.25,2.75,2.0,2.88,2.5,1.25,2.25,2.62,0.75,0.62,1.62,0.88,2.62,0.88,2.5,1.88,0.5,2.75,3.12,2.38,2.38,1.88,2.0,0.88,2.62,2.62,repairing|troubleshooting|quality_control_analysis|operations_monitoring|social_perceptiveness
51-2092.00,Team Assemblers,2.88,3.0,2.25,2.0,1.0,3.0,2.75,1.88,2.0,2.75,2.25,2.75,1.38,3.0,2.38,1.62,3.12,2.0,2.25,3.0,2.25,2.12,1.5,3.0,2.12,2.62,3.25,2.0,1.5,0.0,2.88,2.75,1.12,1.25,2.5,2.25,2.75,0.62,3.0,2.38,0.62,3.0,2.0,2.25,3.0,2.0,2.0,0.5,2.75,2.12,quality_control_analysis|social_perceptiveness|coordination|instructing|operations_monitoring
51-3011.00,Bakers,2.0,2.75,1.5,1.5,1.0,2.0,3.0,1.5,2.0,2.0,2.0,2.38,1.75,2.62,2.0,1.0,2.88,1.0,2.5,2.62,2.12,2.25,1.5,3.0,1.88,2.0,2.75,0.5,0.62,0.0,2.0,2.62,0.62,1.12,1.62,1.75,2.25,1.12,2.5,1.75,0.0,2.5,0.0,2.12,2.5,2.0,2.0,0.5,2.88,1.0,judgment_and_decision_making|time_management|quality_control_analysis|coordination|social_perceptiveness
51-3021.00,Butchers and Meat Cutters,2.88,2.88,1.62,1.5,1.0,2.62,2.88,2.12,2.25,2.62,2.75,2.38,1.75,2.5,2.75,1.12,2.62,1.62,3.0,3.0,2.38,2.38,1.38,3.0,2.0,2.5,2.75,1.12,0.88,0.0,2.25,2.38,2.0,1.75,3.0,2.75,2.0,1.0,2.12,2.88,0.12,2.0,1.0,2.88,2.88,2.0,2.0,0.5,3.0,1.88,social_perceptiveness|service_orientation|time_management|coordination|complex_problem_solving
51-3022.00,"Meat, Poultry, and Fish Cutters and Trimmers",2.38,2.88,1.75,2.0,1.0,2.62,3.0,1.75,1.88,2.62,2.25,2.25,1.12,2.5,2.25,1.0,2.12,1.75,2.75,2.88,1.62,1.62,1.25,2.88,2.25,2.12,2.38,1.25,1.38,0.0,2.12,2.12,0.88,1.0,2.25,2.12,2.12,0.12,2.38,2.12,0.0,2.12,1.25,2.38,2.38,1.12,1.12,0.25,2.12,2.0,judgment_and_decision_making|social_perceptiveness|coordination|time_management|service_orientation
51-3023.00,Slaughterers and Meat Packers,1.88,2.0,1.38,1.38,1.0,1.88,2.0,1.5,1.62,1.88,1.75,2.12,1.12,2.25,1.88,1.0,2.12,1.38,2.0,2.38,1.88,1.88,1.0,2.0,2.12,1.75,1.88,0.75,0.5,0.0,1.62,1.75,0.5,0.62,1.5,1.12,2.12,0.12,2.0,0.88,0.0,2.0,0.75,1.75,1.75,1.12,1.12,0.0,1.88,1.38,social_perceptiveness|operations_monitoring|operation_and_control|troubleshooting|quality_control_analysis
51-3091.00,"Food and Tobacco Roasting, Baking, and Drying Machine Operators and Tenders",3.0,3.0,2.12,2.12,1.62,2.62,3.0,1.25,1.38,2.12,2.25,3.12,1.88,3.62,2.5,1.25,3.12,2.12,2.62,3.0,2.25,2.0,1.5,2.88,2.25,2.75,3.0,2.25,2.0,0.62,2.62,2.62,0.25,0.5,2.0,2.12,3.12,1.5,3.62,2.25,0.25,2.88,2.0,2.12,2.12,1.62,1.5,0.5,2.12,2.25,operations_monitoring|operation_and_control|quality_control_analysis|social_perceptiveness|coordination
51-3092.00,Food Batchmakers,2.88,3.0,1.62,1.62,1.0,2.12,2.88,1.25,1.5,2.12,2.0,3.0,1.88,3.25,2.0,1.12,2.75,1.5,2.12,2.75,2.0,2.0,1.5,2.75,2.12,2.62,3.0,1.25,0.88,0.0,2.12,2.38,0.38,0.62,2.12,2.0,2.88,1.75,3.0,2.12,0.12,2.12,0.62,2.12,2.62,1.5,1.5,0.5,2.5,2.0,operations_monitoring|coordination|operation_and_control|complex_problem_solving|judgment_and_decision_making
51-3093.00,Food Cooking Machine Operators and Tenders,2.88,2.88,1.62,1.5,1.0,2.0,2.75,1.62,1.88,2.0,1.88,3.12,1.62,3.5,2.0,1.25,2.75,1.38,2.0,2.62,2.0,2.12,1.38,2.62,1.88,2.38,2.75,1.12,0.5,0.0,2.12,2.25,0.75,1.0,2.0,1.62,2.88,0.75,3.12,1.62,0.25,2.12,0.38,2.12,2.38,1.38,1.62,0.38,2.25,1.75,operations_monitoring|operation_and_control|coordination|complex_problem_solving|quality_control_analysis
51-4021.00,"Extruding and Drawing Machine Setters, Operators, and Tenders, Metal and Plastic",2.88,3.0,3.0,2.5,2.12,2.12,3.0,1.38,1.88,2.0,1.75,3.75,1.62,3.88,2.0,1.5,3.12,3.0,1.88,2.75,2.5,2.25,1.5,2.88,3.0,2.5,3.0,2.88,2.25,2.0,2.12,2.88,0.38,1.12,1.88,1.12,3.75,0.88,3.88,1.62,0.5,3.38,2.88,1.62,2.38,2.12,2.12,0.62,2.62,3.0,operations_monitoring|operation_and_control|quality_control_analysis|coordination|equipment_maintenance
51-4022.00,"Forging Machine Setters, Operators, and Tenders, Metal and Plastic",2.62,2.75,2.88,2.0,1.75,1.88,2.75,1.25,1.25,2.0,1.75,3.25,1.62,3.38,1.88,1.12,2.88,2.5,1.88,2.5,2.0,1.88,1.62,2.75,2.75,2.5,2.75,2.38,1.75,0.88,1.75,2.5,0.25,0.25,1.75,1.5,3.25,0.88,3.25,1.75,0.12,2.88,2.12,1.75,2.38,2.0,1.62,0.75,2.62,2.75,operations_monitoring|operation_and_control|equipment_maintenance|quality_control_analysis|coordination
51-4023.00,"Rolling Machine Setters, Operators, and Tenders, Metal and Plastic",3.0,3.0,3.0,2.62,2.38,2.75,3.0,1.75,1.88,2.75,2.0,4.0,1.75,4.0,1.88,1.62,3.62,3.0,2.38,2.88,2.75,2.75,1.75,3.0,3.0,2.75,3.0,3.0,2.38,2.0,2.88,2.88,0.88,1.25,2.62,1.62,3.88,1.12,4.0,1.75,0.62,3.88,2.88,2.0,2.5,2.75,2.38,0.88,3.0,3.0,operations_monitoring|operation_and_control|quality_control_analysis|coordination|complex_problem_solving
51-4031.00,"Cutting, Punching, and Press Machine Setters, Operators, and Tenders, Metal and Plastic",2.62,2.75,2.75,2.0,1.25,2.0,2.88,1.38,1.38,2.0,1.88,3.38,1.75,3.5,2.0,1.0,3.0,2.62,1.88,2.62,1.88,2.0,1.75,2.75,3.0,2.62,2.5,2.88,1.62,0.25,2.25,2.62,0.38,0.38,1.75,1.62,3.62,0.88,3.5,2.0,0.0,3.12,2.62,1.62,2.0,1.62,1.88,0.75,2.75,3.0,operations_monitoring|operation_and_control|troubleshooting|quality_control_analysis|judgment_and_decision_making
51-4032.00,"Drilling and Boring Machine Tool Setters, Operators, and Tenders, Metal and Plastic",3.0,2.12,2.75,2.62,1.88,2.25,3.0,1.62,1.88,2.0,2.0,3.12,1.75,3.62,2.12,1.25,2.88,2.62,2.0,2.75,2.12,2.0,1.88,3.0,2.75,2.62,2.12,2.5,2.12,1.62,2.25,2.88,0.62,0.88,2.12,2.0,3.12,1.38,3.75,2.0,0.5,2.88,2.25,1.88,2.12,2.25,1.88,1.0,2.25,2.88,operations_monitoring|operation_and_control|complex_problem_solving|judgment_and_decision_making|time_management
51-4033.00,"Grinding, Lapping, Polishing, and Buffing Machine Tool Setters, Operators, and Tenders, Metal and Plastic",2.88,2.75,2.75,2.5,1.5,2.0,3.0,1.5,1.5,2.0,2.0,4.0,1.5,4.0,2.0,1.75,3.12,2.5,2.0,2.62,2.12,2.12,1.75,2.75,2.88,2.62,2.62,2.75,2.0,0.5,2.0,2.75,0.5,0.5,1.88,1.25,3.88,0.5,3.75,1.75,0.75,3.38,2.38,1.88,2.12,2.12,2.0,0.75,2.25,2.75,operations_monitoring|operation_and_control|quality_control_analysis|judgment_and_decision_making|complex_problem_solving
51-4034.00,"Lathe and Turning Machine Tool Setters, Operators, and Tenders, Metal and Plastic",2.62,2.62,3.0,2.62,1.88,2.12,2.88,1.88,2.0,2.0,1.88,3.38,1.75,3.5,2.0,1.88,3.0,2.25,2.0,2.5,2.0,2.0,1.75,2.75,2.62,2.75,2.62,2.75,2.12,1.0,2.0,2.25,0.88,1.0,1.88,1.0,3.0,0.88,3.0,1.25,1.0,3.25,2.25,1.62,2.0,2.0,2.0,0.75,2.25,2.75,operations_monitoring|operation_and_control|equipment_maintenance|quality_control_analysis|judgment_and_decision_making
51-4035.00,"Milling and Planing Machine Setters, Operators, and Tenders, Metal and Plastic",2.75,2.75,2.38,2.25,1.62,2.12,2.62,1.5,1.62,2.0,1.75,3.38,1.88,3.88,1.88,1.5,2.88,2.38,2.0,2.62,2.12,2.0,1.62,2.62,2.75,2.38,2.5,2.38,2.12,0.88,2.0,2.38,0.5,0.62,2.0,1.38,3.25,1.25,3.88,1.62,0.5,3.0,2.38,1.75,2.0,2.12,1.88,0.75,2.38,2.75,operations_monitoring|operation_and_control|quality_control_analysis|coordination|complex_problem_solving
51-4041.00,Machinists,3.0,3.0,2.88,2.62,2.5,2.5,2.75,1.62,1.75,2.0,2.38,3.25,2.0,3.12,2.25,1.75,3.0,2.88,2.25,2.88,2.5,2.5,1.88,2.88,3.0,3.0,3.0,2.88,2.62,2.38,2.75,2.75,0.75,1.0,2.0,2.12,3.38,1.88,3.25,2.12,1.12,3.0,2.75,2.12,2.75,2.12,2.25,1.88,2.62,2.88,operation_and_control|operations_monitoring|coordination|complex_problem_solving|troubleshooting
51-4051.00,Metal-Refining Furnace Operators and Tenders,3.0,2.75,2.88,2.75,1.0,2.62,2.75,1.75,2.0,2.62,2.12,3.75,1.75,3.88,2.25,1.0,3.0,2.75,2.12,2.88,2.38,2.62,1.25,2.88,2.88,2.88,2.25,2.88,2.0,0.0,2.12,2.75,0.88,1.75,2.38,2.0,3.75,0.75,3.88,2.25,0.0,3.12,2.25,2.12,2.38,2.12,2.12,0.25,2.88,2.75,operations_monitoring|operation_and_control|complex_problem_solving|quality_control_analysis|social_perceptiveness
51-4052.00,"Pourers and Casters, Metal",2.5,2.88,2.75,2.0,1.0,2.0,3.0,1.75,2.12,2.0,2.0,3.12,1.75,3.12,2.0,1.25,2.88,2.12,2.0,2.5,2.0,1.88,1.38,2.88,2.5,2.12,2.75,2.62,1.62,0.0,2.0,3.0,0.75,1.12,1.75,1.88,3.0,0.88,3.12,2.0,0.25,2.75,2.0,1.88,2.12,1.38,1.5,0.38,2.38,2.5,operations_monitoring|operation_and_control|judgment_and_decision_making|coordination|quality_control_analysis
51-4061.00,"Model Makers, Metal and Plastic",2.75,2.5,2.75,3.0,1.12,1.88,3.0,1.62,1.88,1.88,1.75,3.62,2.38,3.5,1.88,2.0,3.25,2.88,1.5,2.25,2.25,2.12,2.0,3.0,3.0,2.62,2.5,2.62,3.0,0.12,1.62,2.75,0.88,1.12,1.38,1.12,3.5,2.38,3.38,1.5,1.25,3.38,2.88,0.62,2.25,1.38,1.62,1.88,3.0,3.25,operation_and_control|operations_monitoring|quality_control_analysis|equipment_selection|troubleshooting
51-4062.00,"Patternmakers, Metal and Plastic",2.88,2.62,2.38,2.0,1.0,2.0,2.75,1.5,1.5,2.12,2.12,3.25,2.0,3.12,2.12,1.88,3.12,2.12,2.12,2.75,2.12,2.0,1.88,3.0,2.25,3.0,2.62,2.25,2.0,0.0,2.0,2.75,0.62,0.75,1.88,1.88,3.0,1.75,3.12,1.88,1.0,3.12,1.88,2.0,2.5,2.12,2.0,1.75,2.75,2.12,operation_and_control|operations_monitoring|quality_control_analysis|time_management|complex_problem_solving
51-4071.00,Foundry Mold and Coremakers,2.62,2.25,2.0,2.0,1.0,2.12,2.62,1.75,1.75,2.0,2.0,2.62,1.62,3.0,2.0,1.0,2.38,2.0,2.0,2.25,2.0,1.88,1.38,2.88,2.12,2.12,2.5,1.38,1.5,0.0,2.0,2.25,0.75,0.75,1.88,1.5,2.38,0.75,2.38,1.5,0.0,2.12,1.25,1.62,2.12,1.12,1.0,0.38,2.5,2.0,operations_monitoring|time_management|complex_problem_solving|operation_and_control|judgment_and_decision_making
51-4072.00,"Molding, Coremaking, and Casting Machine Setters, Operators, and Tenders, Metal and Plastic",2.75,2.38,2.75,2.25,2.0,2.25,2.75,1.5,1.5,2.25,2.12,3.12,1.88,3.38,2.12,1.38,3.0,2.88,2.12,2.88,1.62,2.12,1.38,3.0,2.88,2.25,2.0,2.75,2.0,1.12,2.12,2.25,0.62,0.5,2.12,2.0,3.75,1.62,3.88,2.0,0.5,3.12,2.62,1.62,2.12,1.12,1.75,0.5,2.38,2.75,operations_monitoring|operation_and_control|quality_control_analysis|time_management|social_perceptiveness
51-4081.00,"Multiple Machine Tool Setters, Operators, and Tenders, Metal and Plastic",3.0,2.88,3.12,2.38,2.12,2.75,3.12,2.0,2.0,2.12,2.25,3.12,2.0,4.0,2.38,1.88,3.38,3.0,2.38,3.0,2.38,2.25,1.88,2.88,3.0,3.0,2.88,3.12,2.38,1.75,2.88,3.0,1.0,1.0,2.0,2.12,3.12,1.88,4.0,2.38,1.12,3.5,3.0,2.12,2.38,2.25,2.12,1.25,2.88,3.0,operations_monitoring|quality_control_analysis|operation_and_control|equipment_maintenance|judgment_and_decision_making
51-4111.00,Tool and Die Makers,3.0,2.88,3.0,3.12,1.62,2.12,3.12,1.38,1.62,1.88,1.88,3.25,2.88,3.25,1.88,1.62,3.25,2.88,1.75,2.5,2.75,2.38,2.75,3.12,3.0,3.0,2.88,2.88,3.0,0.75,2.12,3.0,0.38,0.62,1.62,1.25,3.12,3.12,3.0,1.62,0.62,3.75,2.88,1.0,2.0,2.5,2.38,2.88,2.88,2.88,operations_monitoring|operation_and_control|quality_control_analysis|equipment_selection|judgment_and_decision_making
51-4121.00,"Welders, Cutters, Solderers, and Brazers",2.5,2.38,1.62,2.25,1.5,2.0,2.88,1.62,1.62,1.88,1.88,2.62,1.75,2.75,1.88,1.0,3.12,1.88,2.12,2.25,2.25,2.12,1.5,2.75,2.5,2.5,1.88,1.25,2.0,1.0,2.12,2.62,0.88,0.88,1.62,1.38,2.5,1.12,2.5,1.5,0.0,3.0,1.25,1.5,2.12,1.75,1.5,0.75,2.25,2.12,quality_control_analysis|judgment_and_decision_making|operations_monitoring|time_management|operation_and_control
51-4122.00,"Welding, Soldering, and Brazing Machine Setters, Operators, and Tenders",3.0,2.62,2.38,2.12,1.12,2.12,2.75,1.62,2.0,2.12,2.0,3.25,1.88,3.38,2.0,1.12,2.25,2.25,2.0,2.38,2.12,2.12,1.62,2.62,2.25,2.88,2.62,2.38,2.12,0.12,2.12,2.75,0.75,1.0,1.88,1.88,3.0,1.12,3.12,1.88,0.12,2.5,2.25,1.75,2.38,1.5,2.12,0.62,2.5,2.25,operations_monitoring|operation_and_control|complex_problem_solving|judgment_and_decision_making|coordination
51-4191.00,"Heat Treating Equipment Setters, Operators, and Tenders, Metal and Plastic",2.75,2.88,3.0,2.5,1.25,2.88,3.0,1.62,1.75,2.38,1.88,3.75,1.88,3.75,1.88,1.75,3.12,2.75,2.12,2.62,2.12,2.12,1.0,2.75,2.75,2.62,2.88,3.12,2.62,0.25,3.0,2.62,0.62,1.38,2.25,1.62,3.88,1.62,3.75,1.88,0.88,3.25,2.88,1.88,2.5,2.12,1.88,0.0,2.62,2.75,operations_monitoring|operation_and_control|quality_control_analysis|equipment_maintenance|judgment_and_decision_making
51-4192.00,"Layout Workers, Metal and Plastic",3.0,2.88,2.0,2.75,1.62,2.38,3.0,1.5,1.5,1.88,1.88,2.88,2.25,3.0,2.12,1.12,3.0,2.0,2.0,2.75,2.12,2.12,1.62,2.75,2.12,2.88,3.0,2.0,2.0,0.88,2.5,2.75,0.5,0.5,2.25,1.62,2.75,2.0,2.75,1.75,0.12,2.88,2.0,2.0,2.75,1.88,1.88,0.62,2.5,2.0,complex_problem_solving|operations_monitoring|quality_control_analysis|judgment_and_decision_making|coordination
51-4193.00,"Plating Machine Setters, Operators, and Tenders, Metal and Plastic",2.62,3.0,2.38,2.12,1.12,2.25,2.88,1.5,1.88,2.12,2.38,3.12,1.88,3.25,2.38,1.0,3.0,2.25,2.25,2.62,2.0,2.0,1.38,3.0,2.38,2.25,2.62,2.38,2.0,0.25,2.38,2.12,0.5,0.88,2.25,2.12,3.0,1.62,3.12,2.12,0.0,2.75,2.12,2.12,2.25,1.62,1.62,0.5,2.75,2.25,operations_monitoring|operation_and_control|coordination|quality_control_analysis|time_management
51-4194.00,"Tool Grinders, Filers, and Sharpeners",2.62,2.0,3.12,3.0,1.0,2.12,2.88,1.25,1.62,2.12,2.12,3.88,1.62,3.62,2.0,1.12,3.0,3.12,2.12,2.5,2.5,2.5,1.62,2.88,3.12,2.38,2.12,3.25,2.62,0.0,2.0,2.75,0.5,1.0,2.0,2.12,3.75,0.75,3.62,2.0,0.12,2.88,3.12,2.12,2.25,2.38,2.25,0.75,2.62,3.12,operation_and_control|operations_monitoring|equipment_maintenance|troubleshooting|repairing
51-5111.00,Prepress Technicians and Workers,3.0,3.0,2.38,2.12,1.0,2.75,3.0,1.5,1.75,2.25,2.62,2.62,2.0,3.0,2.88,1.75,2.75,2.12,2.62,2.88,2.38,2.38,1.75,3.12,2.12,2.88,2.88,1.88,1.75,0.0,2.5,2.88,0.5,0.88,2.25,2.12,2.12,1.5,3.0,2.38,0.88,2.38,1.75,2.62,2.75,2.25,2.25,1.0,2.75,2.12,time_management|coordination|complex_problem_solving|operations_monitoring|judgment_and_decision_making
51-5112.00,Printing Press Operators,3.0,3.0,3.12,2.5,1.12,2.25,3.12,1.62,2.12,2.12,2.0,3.25,1.62,3.62,2.38,1.5,3.88,3.12,2.12,2.75,2.25,2.25,1.5,3.12,3.12,2.88,3.0,3.12,2.5,0.12,2.75,2.88,0.75,1.88,2.0,2.0,3.25,0.75,3.62,2.38,0.62,3.25,3.12,2.62,2.75,2.12,2.12,0.75,3.0,3.12,quality_control_analysis|operations_monitoring|operation_and_control|equipment_maintenance|troubleshooting
51-5113.00,Print Binding and Finishing Workers,3.0,2.88,2.88,2.5,1.88,2.88,3.12,1.62,1.62,2.5,2.12,2.88,1.25,3.38,2.12,1.62,3.0,2.88,2.62,2.62,2.5,2.38,1.62,2.88,2.62,2.88,2.75,3.12,2.25,1.5,2.75,2.75,0.75,0.75,2.5,1.88,3.12,0.5,3.12,2.25,0.88,2.88,2.75,2.25,2.62,2.12,2.38,1.0,2.62,2.75,operations_monitoring|judgment_and_decision_making|complex_problem_solving|quality_control_analysis|coordination
51-6011.00,Laundry and Dry-Cleaning Workers,1.88,2.62,1.88,1.5,1.0,2.0,2.38,1.38,1.5,2.0,2.0,2.88,1.5,2.62,2.12,1.0,2.25,1.88,2.5,2.75,1.88,1.88,1.0,2.75,1.88,1.75,2.12,1.25,0.75,0.0,2.0,1.88,0.38,0.5,1.75,1.75,2.38,0.62,2.25,1.62,0.0,2.12,1.38,2.12,2.25,1.62,1.5,0.0,2.25,1.62,operation_and_control|social_perceptiveness|time_management|coordination|operations_monitoring
51-6021.00,"Pressers, Textile, Garment, and Related Materials",2.25,2.0,2.25,2.0,1.25,1.25,2.12,1.5,1.5,1.5,1.75,3.0,1.5,2.5,1.75,1.0,2.12,1.75,1.88,2.0,1.62,1.88,1.5,2.5,2.25,1.75,1.75,1.38,1.12,0.25,0.38,2.12,0.5,0.5,0.75,1.12,2.25,0.5,2.12,1.25,0.0,1.88,1.0,1.5,1.75,0.88,1.25,0.5,2.0,1.75,operation_and_control|operations_monitoring|time_management|complex_problem_solving|equipment_maintenance
51-6031.00,Sewing Machine Operators,2.75,2.5,2.0,1.5,1.0,2.0,2.75,1.75,1.75,1.75,1.75,2.62,1.62,2.75,1.75,1.0,2.75,1.88,1.75,2.38,1.88,1.88,1.0,2.75,2.12,2.12,1.75,1.25,0.75,0.0,1.88,2.0,0.88,0.75,1.5,1.5,2.25,0.62,2.12,1.5,0.0,2.62,1.0,1.5,1.88,1.62,1.12,0.0,2.12,2.0,complex_problem_solving|operations_monitoring|quality_control_analysis|judgment_and_decision_making|time_management
51-6041.00,Shoe and Leather Workers and Repairers,2.38,2.88,1.5,2.0,1.0,2.25,2.88,1.62,1.88,2.12,2.0,2.25,1.62,2.88,2.25,1.0,2.5,1.5,2.88,2.88,1.88,1.5,1.38,2.75,2.0,2.12,2.12,0.75,1.62,0.0,2.12,2.38,0.75,1.12,1.88,1.5,2.0,0.75,2.12,2.12,0.0,2.25,0.88,2.25,2.25,1.25,0.88,0.38,2.38,1.88,social_perceptiveness|coordination|service_orientation|operations_monitoring|judgment_and_decision_making
51-6042.00,Shoe Machine Operators and Tenders,2.62,2.25,2.88,2.5,1.0,2.12,2.62,1.88,1.88,2.12,2.12,3.0,1.75,3.0,2.12,1.25,2.88,2.62,2.12,2.25,2.12,2.12,1.38,2.75,2.75,2.5,2.0,2.88,2.38,0.0,1.5,2.25,0.88,0.88,1.88,1.38,3.0,0.88,3.0,2.0,0.38,2.75,2.0,1.5,2.0,1.88,2.0,0.38,2.62,2.75,operations_monitoring|operation_and_control|equipment_maintenance|quality_control_analysis|troubleshooting
51-6051.00,"Sewers, Hand",2.62,2.12,1.0,1.38,1.0,2.0,2.88,1.5,1.88,2.0,1.88,2.25,1.88,2.25,1.88,1.12,2.25,1.0,2.12,2.12,2.0,1.75,1.38,2.75,2.0,2.12,1.88,0.0,0.38,0.0,2.0,2.25,0.5,1.5,1.75,1.62,2.12,1.5,1.88,1.5,0.12,2.0,0.0,2.0,1.88,1.88,1.25,0.38,2.38,1.38,judgment_and_decision_making|time_management|complex_problem_solving|operations_monitoring|operation_and_control
51-6052.00,"Tailors, Dressmakers, and Custom Sewers",2.62,2.62,2.0,2.0,1.0,2.12,2.75,1.75,1.62,2.0,2.12,2.25,2.38,2.5,2.12,1.0,2.12,2.0,2.62,2.88,2.0,2.0,1.88,3.12,2.12,2.62,2.5,1.5,1.88,0.0,1.88,2.75,0.75,0.88,2.0,2.12,2.38,2.12,2.12,2.0,0.0,2.12,1.25,2.75,2.88,1.25,1.25,1.0,2.88,1.38,time_management|social_perceptiveness|judgment_and_decision_making|coordination|service_orientation
51-6061.00,Textile Bleaching and Dyeing Machine Operators and Tenders,2.62,2.75,2.62,2.5,1.75,2.0,2.88,1.62,1.75,2.0,2.0,3.38,1.62,3.75,2.0,1.38,2.88,2.5,2.0,2.62,2.12,2.12,1.62,3.0,2.62,2.12,2.5,2.0,1.88,0.88,2.12,2.25,0.62,0.75,2.0,1.88,3.25,1.12,3.75,1.88,0.5,3.0,2.12,1.75,2.25,2.0,2.0,0.62,2.38,2.25,operations_monitoring|operation_and_control|time_management|quality_control_analysis|judgment_and_decision_making
51-6062.00,"Textile Cutting Machine Setters, Operators, and Tenders",2.75,3.0,3.0,2.5,1.75,2.25,2.88,1.75,1.88,2.38,1.88,3.38,1.75,3.75,1.88,1.75,3.12,3.0,1.88,2.5,2.38,2.12,1.75,2.88,3.0,2.62,2.75,3.25,2.12,1.25,2.62,2.62,0.75,1.12,2.12,1.62,3.75,1.25,3.75,1.62,0.75,3.12,3.0,1.62,1.88,2.25,2.12,0.75,2.75,3.0,operations_monitoring|operation_and_control|quality_control_analysis|coordination|equipment_maintenance
51-6063.00,"Textile Knitting and Weaving Machine Setters, Operators, and Tenders",2.5,2.38,2.5,2.25,1.62,2.12,2.5,1.5,1.5,2.0,1.88,3.0,1.75,3.38,1.62,1.25,2.88,2.25,2.12,2.25,2.12,2.0,1.25,2.62,2.5,2.12,2.25,2.25,2.0,1.0,2.0,2.12,0.5,0.62,1.75,0.88,3.0,1.38,3.12,1.38,0.25,2.62,2.0,1.62,2.0,1.25,1.0,0.25,2.25,2.0,operations_monitoring|operation_and_control|quality_control_analysis|time_management|complex_problem_solving
51-6064.00,"Textile Winding, Twisting, and Drawing Out Machine Setters, Operators, and Tenders",2.5,2.62,2.62,2.25,1.62,2.38,2.62,1.75,1.75,2.38,1.88,3.5,1.75,3.62,1.88,1.0,3.12,2.5,2.0,2.5,2.25,2.25,1.38,2.5,2.88,2.0,2.5,2.5,2.0,1.0,2.5,2.38,0.75,1.0,2.0,1.62,3.88,1.38,3.88,1.62,0.0,3.0,2.75,2.0,2.0,2.12,2.12,0.5,2.12,2.62,operations_monitoring|operation_and_control|quality_control_analysis|troubleshooting|coordination
51-6091.00,"Extruding and Forming Machine Setters, Operators, and Tenders, Synthetic and Glass Fibers",3.0,3.0,2.62,2.62,1.0,2.25,3.0,1.75,2.0,2.12,2.12,3.75,2.0,4.0,2.25,1.25,3.0,2.88,2.12,2.62,2.0,2.0,1.5,3.0,2.88,2.75,3.0,2.5,2.25,0.0,2.38,2.88,0.75,1.0,2.12,2.12,3.25,1.5,3.88,2.12,0.25,2.75,2.62,2.12,2.62,1.75,2.0,0.62,2.88,2.75,operations_monitoring|operation_and_control|coordination|complex_problem_solving|quality_control_analysis
51-6092.00,Fabric and Apparel Patternmakers,3.0,2.88,1.12,1.5,1.0,2.88,3.25,2.0,2.0,2.12,2.5,2.5,2.88,3.0,2.62,2.0,3.12,1.25,2.88,2.88,2.75,2.75,2.12,3.25,2.12,3.0,2.88,0.12,0.62,0.0,3.0,3.0,1.62,1.88,2.12,2.62,2.5,2.75,2.88,2.62,1.25,3.12,0.38,2.75,2.88,2.75,2.38,1.5,3.0,2.12,judgment_and_decision_making|time_management|quality_control_analysis|complex_problem_solving|operations_monitoring
51-6093.00,Upholsterers,3.0,2.75,2.25,2.62,1.25,2.5,3.0,2.12,2.0,2.38,2.38,2.75,2.12,2.88,2.5,1.0,2.75,2.5,2.88,2.88,2.12,2.25,1.88,3.0,2.38,3.0,2.75,1.88,2.12,0.38,2.62,2.88,1.5,1.75,2.25,2.25,2.62,1.75,2.88,2.5,0.0,2.75,1.88,2.88,2.5,2.0,2.0,1.38,3.0,2.0,complex_problem_solving|judgment_and_decision_making|time_management|social_perceptiveness|service_orientation
51-7011.00,Cabinetmakers and Bench Carpenters,2.88,2.75,2.62,2.75,1.62,2.12,3.0,2.12,2.12,2.5,2.12,3.0,2.88,3.38,2.12,1.62,3.25,2.62,2.12,2.62,2.0,2.25,1.88,3.0,2.88,2.88,2.62,2.88,2.75,0.75,2.12,3.0,1.12,1.25,2.12,2.0,2.88,2.75,3.12,2.12,0.75,3.5,2.5,2.0,2.25,2.0,2.12,1.5,3.0,2.75,operations_monitoring|quality_control_analysis|operation_and_control|judgment_and_decision_making|time_management
51-7021.00,Furniture Finishers,2.88,2.88,2.25,2.38,1.0,2.75,3.0,1.88,2.12,2.62,2.25,2.75,2.12,3.0,2.5,1.12,2.88,2.38,2.88,2.75,2.12,2.12,1.5,3.0,2.5,2.75,2.75,2.0,2.25,0.0,2.62,2.75,1.25,1.88,2.62,2.12,2.62,2.0,3.0,2.0,0.12,2.88,2.12,2.62,2.62,2.0,2.0,0.75,2.88,2.25,operations_monitoring|judgment_and_decision_making|time_management|coordination|service_orientation
51-7031.00,"Model Makers, Wood",2.75,2.75,1.88,2.12,1.12,2.25,3.0,1.38,1.62,2.12,1.75,2.88,2.88,3.12,2.12,1.0,2.88,1.75,2.38,2.75,2.12,2.0,1.75,3.0,2.12,2.88,2.75,1.38,1.38,0.25,2.0,2.75,0.38,0.75,2.0,1.5,3.0,2.88,3.0,2.0,0.0,2.75,1.25,2.25,2.38,2.12,1.75,0.88,2.75,2.0,operations_monitoring|judgment_and_decision_making|time_management|operations_analysis|operation_and_control
51-7032.00,"Patternmakers, Wood",3.12,2.5,2.62,2.75,1.12,2.12,2.88,2.38,2.25,2.12,1.75,3.12,2.88,3.12,1.88,1.62,3.0,2.25,2.12,2.88,2.25,2.25,1.88,2.88,2.38,3.0,2.25,2.38,2.75,0.12,2.12,2.88,1.88,2.0,2.0,1.5,3.0,3.0,3.0,1.75,0.62,3.12,2.25,1.88,2.62,2.12,2.0,1.5,2.62,2.25,complex_problem_solving|operations_monitoring|operation_and_control|quality_control_analysis|social_perceptiveness
51-7041.00,"Sawing Machine Setters, Operators, and Tenders, Wood",2.62,2.62,2.75,2.0,1.5,2.0,2.75,1.5,1.75,2.0,1.88,3.12,1.88,3.12,1.88,1.12,3.0,2.62,1.88,2.5,2.0,2.0,1.38,2.75,3.0,2.25,2.5,2.62,1.88,0.5,2.12,2.38,0.5,0.75,1.5,1.62,3.0,1.38,3.12,1.62,0.12,2.88,2.5,1.62,2.25,1.75,1.5,0.38,2.38,2.62,operations_monitoring|operation_and_control|troubleshooting|quality_control_analysis|equipment_maintenance
51-7042.00,"Woodworking Machine Setters, Operators, and Tenders, Except Sawing",2.75,2.12,3.0,2.88,1.88,1.88,2.88,1.62,1.75,1.88,1.88,3.5,1.88,3.62,1.88,1.75,3.25,2.88,1.88,2.25,1.75,2.0,1.88,2.75,3.0,2.5,2.0,3.0,2.5,1.25,1.75,2.12,0.62,1.12,1.5,1.38,3.25,1.62,3.5,1.75,1.12,3.0,3.0,1.38,2.0,0.88,1.62,1.38,2.12,3.0,operations_monitoring|operation_and_control|quality_control_analysis|equipment_maintenance|troubleshooting
51-8011.00,Nuclear Power Reactor Operators,3.75,3.25,1.12,1.0,1.0,3.0,3.5,2.0,2.0,3.0,2.75,4.0,1.38,4.0,2.88,2.0,3.25,1.38,2.88,3.0,3.12,2.88,1.38,3.38,3.0,3.25,3.25,0.12,0.0,0.0,3.0,3.38,1.25,1.25,3.0,2.75,3.75,0.5,3.88,2.88,1.25,3.25,0.38,2.88,3.12,3.0,2.88,0.5,3.38,3.12,operations_monitoring|operation_and_control|complex_problem_solving|judgment_and_decision_making|time_management
51-8012.00,Power Distributors and Dispatchers,3.25,3.0,1.75,1.38,1.12,2.75,3.25,1.62,1.75,2.75,2.62,3.12,2.12,3.25,2.62,1.38,2.75,1.75,2.62,2.75,2.88,2.75,1.62,3.0,2.25,3.25,3.25,1.5,0.75,0.12,2.88,3.25,0.62,1.0,3.0,2.62,3.12,2.12,3.38,2.62,0.38,2.88,1.5,2.88,2.62,2.88,2.88,0.62,3.0,2.25,complex_problem_solving|operations_monitoring|judgment_and_decision_making|operation_and_control|coordination
51-8013.00,Power Plant Operators,3.25,3.0,3.0,2.62,1.62,2.12,3.12,1.88,1.88,2.25,2.0,3.88,1.75,4.0,2.12,1.75,3.12,3.0,2.38,2.88,2.88,2.25,1.75,2.88,3.0,3.0,3.0,3.0,2.12,0.62,2.5,3.12,1.12,1.12,2.38,2.0,4.0,0.88,4.0,2.12,0.88,3.12,3.12,2.62,2.88,2.5,2.25,0.75,2.88,3.12,operations_monitoring|operation_and_control|complex_problem_solving|quality_control_analysis|judgment_and_decision_making
51-8013.03,Biomass Plant Technicians,3.0,3.0,3.0,2.75,1.12,2.75,3.12,1.88,2.0,2.12,2.75,3.88,2.12,4.0,2.62,1.75,3.0,2.75,2.75,2.75,2.75,2.75,1.88,3.0,2.75,3.0,2.88,3.12,2.12,0.12,2.75,3.0,1.0,1.62,2.25,2.12,3.5,1.25,3.88,2.5,0.75,3.0,2.88,2.88,2.88,2.75,2.25,0.88,3.0,2.88,operations_monitoring|operation_and_control|judgment_and_decision_making|coordination|complex_problem_solving
51-8013.04,Hydroelectric Plant Technicians,3.0,3.0,3.88,2.75,2.25,2.62,3.12,1.88,2.0,2.12,2.12,3.75,1.5,3.88,2.5,1.75,3.0,3.5,2.62,2.88,2.75,2.75,1.88,3.0,3.38,3.0,3.0,3.88,2.88,2.75,2.62,3.0,1.0,1.25,2.25,2.12,3.62,0.5,3.88,2.5,1.25,3.12,3.75,2.25,2.75,2.88,2.88,1.38,2.88,3.75,operations_monitoring|equipment_maintenance|operation_and_control|repairing|troubleshooting
51-8021.00,Stationary Engineers and Boiler Operators,3.12,3.12,3.25,2.5,2.12,2.75,3.12,1.5,1.88,2.38,2.38,3.38,1.62,4.0,2.5,1.38,3.12,3.25,2.12,2.75,2.62,2.88,1.5,3.0,3.25,3.12,3.12,3.25,2.38,1.88,2.88,3.0,0.5,1.12,2.38,2.25,3.25,1.12,3.88,2.0,0.38,3.25,3.5,2.0,2.25,3.12,3.12,0.5,3.0,3.25,operations_monitoring|operation_and_control|equipment_maintenance|troubleshooting|repairing
51-8031.00,Water and Wastewater Treatment Plant and System Operators,3.0,3.0,3.12,2.62,1.12,2.75,3.0,1.62,2.0,2.0,2.0,4.0,1.62,3.88,2.0,1.62,3.12,3.12,2.5,2.75,2.88,2.88,1.5,3.0,3.12,3.0,3.0,3.12,2.62,0.12,2.88,3.0,0.62,1.0,2.0,1.88,3.38,0.62,4.12,2.0,0.62,3.12,3.0,2.12,2.75,2.88,3.0,0.5,3.0,3.0,operation_and_control|operations_monitoring|equipment_maintenance|troubleshooting|repairing
51-8091.00,Chemical Plant and System Operators,3.0,2.88,2.62,2.0,1.12,2.62,3.12,1.88,2.12,2.75,2.12,4.0,2.0,4.25,2.25,1.88,3.75,2.88,2.62,2.75,2.75,2.75,1.12,3.12,2.88,3.0,2.88,2.62,1.88,0.12,2.38,3.0,0.88,1.12,2.88,2.0,4.0,1.88,4.38,2.0,0.88,3.62,2.88,2.0,2.75,2.62,2.75,0.12,3.0,2.75,operations_monitoring|operation_and_control|quality_control_analysis|judgment_and_decision_making|time_management
51-8092.00,Gas Plant Operators,3.0,3.0,2.88,2.25,1.0,2.75,3.25,2.0,2.0,2.75,2.5,3.75,1.88,4.12,2.62,1.62,3.25,2.88,2.25,2.88,2.75,2.62,1.88,3.0,3.0,3.0,3.12,3.0,2.38,0.0,2.75,3.0,1.12,1.25,2.88,2.5,3.75,1.12,4.38,2.62,0.75,3.5,2.88,2.12,3.0,2.75,2.5,0.88,3.0,3.12,operations_monitoring|operation_and_control|quality_control_analysis|judgment_and_decision_making|coordination
51-8093.00,"Petroleum Pump System Operators, Refinery Operators, and Gaugers",3.12,2.88,2.88,2.5,1.0,2.62,3.0,1.88,1.88,2.5,2.25,3.75,1.88,4.0,2.12,1.88,2.88,2.62,2.25,2.88,2.75,2.5,1.5,3.0,2.88,3.0,3.0,2.88,1.88,0.0,2.88,3.0,1.5,1.5,2.5,2.5,3.88,1.5,4.62,2.38,1.0,3.38,2.62,2.12,2.88,2.75,2.62,0.5,3.0,2.88,operations_monitoring|operation_and_control|complex_problem_solving|judgment_and_decision_making|time_management
51-8099.01,Biofuels Processing Technicians,2.88,3.12,3.25,2.5,1.5,3.0,2.88,1.75,2.25,2.5,2.88,3.75,1.12,3.88,2.88,1.62,3.38,3.0,3.0,3.12,2.88,2.88,1.5,2.88,3.0,3.0,3.12,3.38,2.25,0.88,3.0,3.25,1.38,2.0,2.38,2.62,3.5,0.25,3.75,2.5,1.0,3.38,3.12,2.75,3.12,2.88,2.75,0.75,3.0,3.25,operations_monitoring|operation_and_control|quality_control_analysis|equipment_maintenance|social_perceptiveness
51-9011.00,Chemical Equipment Operators and Tenders,3.0,2.75,2.38,1.75,1.0,2.5,3.12,1.5,2.0,2.5,2.0,3.88,1.88,3.75,2.0,1.62,2.88,1.88,2.5,2.62,2.62,2.5,1.38,3.12,2.88,3.0,3.0,2.38,1.5,0.0,2.5,3.0,0.5,1.0,2.12,1.75,3.88,1.62,3.75,1.88,0.62,3.12,1.75,2.12,2.75,2.62,2.5,0.38,3.0,2.88,operation_and_control|operations_monitoring|judgment_and_decision_making|time_management|complex_problem_solving
51-9012.00,"Separating, Filtering, Clarifying, Precipitating, and Still Machine Setters, Operators, and Tenders",2.88,2.88,2.88,2.38,2.0,2.62,3.0,1.88,2.0,2.75,2.12,3.12,1.75,3.75,2.5,1.75,3.12,2.88,2.38,2.75,2.62,2.0,1.88,3.0,2.88,2.88,2.88,2.62,1.88,1.75,2.62,2.75,1.38,1.75,2.38,2.0,3.12,1.0,3.75,2.12,0.75,2.75,2.62,2.12,2.62,2.5,2.12,0.88,2.88,2.62,operations_monitoring|operation_and_control|quality_control_analysis|judgment_and_decision_making|time_management
51-9021.00,"Crushing, Grinding, and Polishing Machine Setters, Operators, and Tenders",2.88,3.0,2.88,2.12,1.12,2.88,3.0,1.62,1.88,2.38,2.0,3.88,1.25,3.88,2.5,1.25,3.12,2.75,2.38,2.75,2.88,2.62,1.25,3.0,2.88,2.75,3.0,3.0,2.38,0.12,2.88,2.88,0.75,1.75,2.5,1.62,4.0,0.25,4.0,2.5,0.25,3.0,3.0,2.0,2.75,2.5,2.5,0.25,2.88,3.0,operations_monitoring|operation_and_control|quality_control_analysis|coordination|judgment_and_decision_making
51-9022.00,"Grinding and Polishing Workers, Hand",2.75,2.62,3.12,2.62,1.0,2.25,2.75,1.75,1.88,2.12,2.12,3.12,1.62,3.25,2.25,1.25,3.38,3.0,2.25,2.62,2.25,2.12,1.88,2.75,2.88,2.5,2.38,2.88,2.12,0.0,2.12,2.38,1.0,1.12,2.0,1.88,3.0,0.75,3.25,2.25,0.25,3.0,2.75,2.12,2.25,2.0,2.12,1.0,2.5,2.88,quality_control_analysis|operations_monitoring|operation_and_control|equipment_maintenance|repairing
51-9023.00,"Mixing and Blending Machine Setters, Operators, and Tenders",2.75,3.0,3.12,2.12,1.12,2.12,3.0,1.38,1.62,2.0,1.88,3.62,1.12,3.62,1.88,1.38,3.12,3.12,2.0,2.62,2.62,2.12,1.38,3.12,3.12,2.38,3.0,3.0,2.0,0.12,2.25,2.62,0.38,0.75,2.0,1.75,3.12,0.12,3.25,1.75,0.38,3.0,3.0,2.0,2.62,2.25,2.0,0.38,3.0,2.88,operations_monitoring|operation_and_control|equipment_maintenance|troubleshooting|repairing
51-9031.00,"Cutters and Trimmers, Hand",2.5,2.25,1.12,1.12,1.0,2.12,2.75,1.25,1.5,2.25,2.0,2.25,1.25,2.25,2.12,1.0,2.25,1.0,2.25,2.75,2.0,2.0,1.0,2.88,2.0,2.12,2.25,0.12,0.12,0.0,2.0,2.5,0.25,0.5,2.0,2.0,2.0,0.25,2.12,2.0,0.0,2.0,0.0,2.12,2.75,1.25,1.25,0.0,2.62,1.25,time_management|social_perceptiveness|judgment_and_decision_making|complex_problem_solving|coordination
51-9032.00,"Cutting and Slicing Machine Setters, Operators, and Tenders",2.88,2.88,3.0,2.62,1.5,2.0,2.75,1.88,2.0,2.12,2.0,3.88,1.5,4.0,2.0,1.88,3.62,2.88,2.0,2.75,2.5,2.12,1.75,2.75,3.0,2.88,2.88,3.12,2.12,0.62,2.0,2.62,0.88,1.12,2.0,1.88,3.88,0.5,4.0,1.88,0.88,3.88,3.0,2.0,2.5,2.0,2.12,0.75,2.25,3.0,operations_monitoring|operation_and_control|quality_control_analysis|equipment_maintenance|troubleshooting
51-9041.00,"Extruding, Forming, Pressing, and Compacting Machine Setters, Operators, and Tenders",2.88,2.75,2.62,2.38,1.88,2.25,2.88,1.62,1.75,2.12,1.75,3.75,2.0,3.75,2.0,1.25,3.0,2.75,2.0,2.88,2.25,2.12,1.75,2.75,3.0,2.75,2.25,2.62,2.12,1.5,2.38,2.25,0.62,0.88,1.75,1.5,3.62,1.0,3.75,1.75,0.25,3.12,2.62,1.75,2.12,2.12,1.62,0.88,2.25,2.88,operations_monitoring|operation_and_control|troubleshooting|quality_control_analysis|social_perceptiveness
51-9051.00,"Furnace, Kiln, Oven, Drier, and Kettle Operators and Tenders",2.38,2.5,2.12,1.5,1.0,2.12,2.38,1.25,1.38,2.12,2.12,3.12,1.5,3.88,2.12,1.25,3.0,1.75,2.12,2.25,2.0,2.0,1.38,2.38,2.12,2.62,2.5,1.5,0.88,0.0,2.12,2.12,0.25,0.38,2.0,1.88,3.25,0.62,3.5,1.5,0.25,2.75,1.0,1.75,2.12,1.25,1.25,0.38,2.12,2.0,operations_monitoring|operation_and_control|quality_control_analysis|coordination|complex_problem_solving
51-9061.00,"Inspectors, Testers, Sorters, Samplers, and Weighers",2.88,2.88,1.75,2.0,1.0,2.0,3.12,1.75,1.88,2.12,2.12,2.88,2.0,3.0,2.25,1.5,3.75,1.62,2.38,2.88,2.12,2.12,1.62,3.0,2.25,2.75,2.88,1.38,1.25,0.0,2.12,2.75,0.88,1.0,2.12,2.25,2.88,1.62,3.12,2.25,0.62,3.38,1.12,2.0,2.25,2.0,2.12,0.75,2.75,2.25,quality_control_analysis|judgment_and_decision_making|operations_monitoring|time_management|social_perceptiveness
51-9071.00,Jewelers and Precious Stone and Metal Workers,2.62,2.88,1.88,2.0,1.0,2.5,2.88,1.62,1.88,2.12,2.25,2.0,1.25,2.12,2.25,1.38,2.12,1.88,2.62,2.88,2.0,1.88,1.75,2.62,1.88,2.5,2.88,1.38,1.62,0.0,2.5,3.0,1.0,1.25,2.38,2.25,1.88,0.5,1.75,2.25,0.38,1.88,1.12,2.75,2.88,1.75,1.75,1.25,2.62,1.5,social_perceptiveness|coordination|judgment_and_decision_making|service_orientation|complex_problem_solving
51-9071.06,Gem and Diamond Workers,2.75,2.5,1.88,2.62,1.0,2.0,2.88,1.88,1.88,2.12,2.12,2.25,2.12,2.75,2.62,1.12,3.38,1.88,2.62,2.75,1.88,1.88,1.75,2.62,1.88,2.38,2.38,1.62,2.38,0.0,1.75,3.0,1.5,1.75,2.0,1.88,2.12,1.88,2.62,2.88,0.12,4.0,1.5,2.62,2.75,1.62,1.5,0.88,2.25,1.62,quality_control_analysis|judgment_and_decision_making|social_perceptiveness|complex_problem_solving|operations_monitoring
51-9081.00,Dental Laboratory Technicians,3.0,2.75,2.25,2.38,1.0,2.75,3.12,1.88,1.88,2.38,2.38,2.75,1.75,3.12,2.38,1.25,2.88,2.25,2.38,2.88,2.25,2.0,1.88,3.25,2.25,2.88,2.75,1.75,2.38,0.0,2.88,2.75,1.12,1.62,2.25,2.12,2.88,1.5,3.0,2.25,0.38,2.88,2.0,2.25,2.5,2.12,2.12,1.75,3.0,2.25,time_management|operations_monitoring|judgment_and_decision_making|complex_problem_solving|social_perceptiveness
51-9082.00,Medical Appliance Technicians,3.12,2.88,2.88,2.62,1.25,2.88,3.38,1.62,2.25,2.25,2.38,3.0,2.5,3.25,2.5,1.12,3.75,3.0,3.0,3.25,2.62,2.62,2.62,3.0,3.38,3.0,3.0,2.75,2.75,0.25,3.0,3.0,1.0,2.0,2.0,2.12,3.0,2.5,3.0,2.5,0.12,3.88,2.88,3.0,3.25,2.88,2.62,2.62,2.88,3.0,quality_control_analysis|troubleshooting|judgment_and_decision_making|social_perceptiveness|operations_monitoring
51-9083.00,Ophthalmic Laboratory Technicians,2.62,2.62,2.25,2.62,1.0,2.25,3.0,1.75,1.75,2.5,2.12,3.25,1.62,3.12,2.25,1.75,3.12,2.62,2.75,2.62,2.25,2.12,1.75,3.12,2.38,2.5,2.5,2.0,2.5,0.0,2.25,2.62,0.88,0.75,2.0,1.62,3.12,1.25,2.88,2.0,0.75,3.38,2.5,2.62,2.5,2.0,1.62,1.0,2.75,2.12,operation_and_control|operations_monitoring|quality_control_analysis|time_management|judgment_and_decision_making
51-9111.00,Packaging and Filling Machine Operators and Tenders,2.75,3.0,2.88,2.0,1.0,2.62,2.75,1.25,1.25,2.25,2.25,3.0,1.0,3.25,2.25,1.12,2.88,2.38,2.38,2.88,2.12,2.12,1.38,2.88,2.75,2.12,3.0,2.62,1.75,0.0,2.25,2.12,0.25,0.25,2.25,2.0,2.88,0.0,3.25,2.12,0.12,2.62,2.25,2.12,2.62,2.0,2.0,0.38,2.38,2.62,operations_monitoring|coordination|operation_and_control|social_perceptiveness|equipment_maintenance
51-9123.00,"Painting, Coating, and Decorating Workers",2.12,2.88,1.5,1.62,1.0,2.12,2.5,1.5,1.62,2.12,2.0,1.5,1.62,2.12,2.0,1.0,2.12,1.38,2.38,2.88,2.0,2.0,1.5,2.62,2.0,2.0,2.62,0.88,1.25,0.0,1.75,2.25,0.62,0.75,2.12,1.88,1.0,0.62,2.25,2.0,0.0,2.12,0.5,2.12,2.75,1.12,1.12,0.5,2.38,1.75,social_perceptiveness|coordination|time_management|judgment_and_decision_making|service_orientation
51-9124.00,"Coating, Painting, and Spraying Machine Setters, Operators, and Tenders",2.88,2.88,3.0,2.88,1.12,2.12,2.62,1.62,1.88,2.0,1.88,3.12,1.5,3.62,1.88,1.38,3.12,3.0,2.12,2.75,2.25,2.12,1.38,2.88,2.88,2.62,2.75,2.88,2.62,0.12,2.0,2.25,0.62,1.0,2.0,1.75,3.0,0.62,3.5,1.75,0.38,3.38,2.75,2.0,2.38,2.0,2.0,0.5,2.38,2.75,operations_monitoring|operation_and_control|quality_control_analysis|equipment_maintenance|repairing
51-9141.00,Semiconductor Processing Technicians,2.75,2.88,2.88,2.38,1.38,2.25,2.88,1.5,1.62,2.25,2.0,2.88,2.12,3.62,2.25,1.62,3.25,2.5,2.12,2.88,2.25,2.0,1.75,2.75,2.88,2.75,2.62,2.88,2.12,0.5,2.25,2.88,0.5,0.88,1.75,1.88,2.88,1.62,3.5,2.12,0.75,3.38,2.62,2.0,2.75,1.88,1.38,1.0,2.75,2.75,operations_monitoring|quality_control_analysis|social_perceptiveness|coordination|operation_and_control
51-9151.00,Photographic Process Workers and Processing Machine Operators,3.12,2.75,2.75,2.75,1.38,2.75,3.0,2.0,2.12,2.25,2.88,3.12,1.5,3.5,2.88,2.38,3.38,2.38,3.25,2.88,2.75,2.5,2.0,3.0,2.88,2.75,2.88,2.5,2.62,0.62,2.75,2.75,1.75,1.88,2.12,2.62,2.88,1.25,3.12,2.75,1.62,2.75,2.25,3.0,3.0,2.75,2.75,1.5,2.88,2.5,operations_monitoring|quality_control_analysis|service_orientation|complex_problem_solving|operation_and_control
51-9161.00,Computer Numerically Controlled Tool Operators,3.12,2.88,3.0,2.75,2.12,2.75,3.0,1.5,1.62,2.38,2.0,4.12,2.5,4.12,1.88,2.12,3.38,3.0,2.0,2.88,2.88,2.88,1.75,3.0,3.12,3.0,2.75,3.0,2.75,1.75,2.88,2.88,0.75,1.25,1.88,1.62,3.88,2.38,3.88,1.75,2.0,3.5,2.88,1.75,2.62,2.75,2.75,1.38,2.88,2.88,operations_monitoring|operation_and_control|quality_control_analysis|complex_problem_solving|troubleshooting
51-9162.00,Computer Numerically Controlled Tool Programmers,3.12,2.75,2.75,2.62,1.12,2.5,3.0,1.75,1.75,2.12,1.75,3.0,2.88,3.12,2.0,3.75,3.0,2.12,2.0,2.62,3.12,3.0,2.12,3.0,3.0,3.12,3.0,2.25,2.88,0.12,2.88,3.0,0.75,1.12,2.12,1.5,3.12,2.88,4.0,2.25,3.62,3.12,2.12,1.88,2.62,3.12,3.0,2.12,3.0,3.0,programming|complex_problem_solving|operations_monitoring|systems_analysis|operation_and_control
51-9191.00,Adhesive Bonding Machine Operators and Tenders,2.75,3.0,2.88,2.12,1.12,2.25,2.62,1.75,1.75,1.88,1.88,3.88,1.75,3.75,2.0,1.62,3.12,3.0,2.25,2.88,2.75,2.12,1.25,3.0,3.0,2.5,3.0,3.12,2.12,0.12,2.38,2.5,0.75,1.25,1.75,1.62,3.75,0.75,4.0,1.88,0.62,3.5,2.88,2.0,2.38,2.62,1.88,0.25,2.88,3.0,operation_and_control|operations_monitoring|quality_control_analysis|coordination|troubleshooting
51-9192.00,"Cleaning, Washing, and Metal Pickling Equipment Operators and Tenders",2.5,2.75,2.25,1.88,1.0,2.12,2.62,1.25,1.38,2.25,2.0,3.25,1.38,3.12,2.0,1.12,2.5,1.75,2.12,2.75,2.0,2.0,1.0,2.88,2.25,2.12,2.12,1.75,1.25,0.0,2.0,2.12,0.25,0.38,2.0,2.0,3.0,0.38,2.88,2.0,0.12,2.25,1.12,2.0,2.12,1.5,1.88,0.0,2.5,2.12,operation_and_control|operations_monitoring|time_management|social_perceptiveness|coordination
51-9193.00,Cooling and Freezing Equipment Operators and Tenders,3.5,2.88,3.12,2.75,1.5,2.75,3.12,1.75,1.88,2.75,2.38,3.75,1.88,3.88,2.5,1.75,3.12,3.12,2.38,2.75,2.38,2.25,1.62,3.0,3.12,3.0,2.88,3.0,2.75,0.5,2.75,3.0,1.25,1.62,2.5,2.0,3.62,1.5,3.88,2.0,0.75,3.12,3.0,2.12,2.38,2.25,2.38,0.62,3.0,3.12,operations_monitoring|operation_and_control|complex_problem_solving|equipment_maintenance|troubleshooting
51-9194.00,Etchers and Engravers,2.62,2.5,2.62,2.25,1.0,2.25,2.88,1.88,1.88,2.12,2.0,3.0,1.88,3.12,2.12,1.62,3.0,2.12,2.25,2.75,2.0,2.0,2.12,2.75,2.62,2.25,2.12,2.12,2.25,0.0,2.12,2.62,1.0,0.88,2.0,1.75,2.88,1.62,3.0,2.0,0.62,2.88,1.38,2.12,2.25,1.62,1.12,1.5,2.75,2.38,operations_monitoring|operation_and_control|quality_control_analysis|judgment_and_decision_making|social_perceptiveness
51-9195.00,"Molders, Shapers, and Casters, Except Metal and Plastic",2.5,2.62,2.12,2.25,1.12,2.25,2.38,1.62,1.88,2.5,2.12,3.0,1.38,2.88,2.0,1.0,2.75,2.12,2.25,2.62,1.88,1.88,1.62,2.62,2.25,2.12,2.38,1.88,1.88,0.25,2.12,2.38,0.75,1.0,2.0,1.88,2.62,0.75,2.88,2.0,0.0,2.38,1.88,2.0,2.38,1.38,1.38,0.88,2.62,2.12,operation_and_control|operations_monitoring|quality_control_analysis|social_perceptiveness|coordination
51-9195.03,"Stone Cutters and Carvers, Manufacturing",2.75,2.62,2.0,2.38,1.12,2.12,3.0,1.62,1.88,2.12,2.12,2.5,2.12,2.5,2.0,1.5,2.38,1.75,2.25,2.75,2.12,2.12,1.75,2.88,2.0,2.38,2.38,1.38,1.75,0.12,2.25,2.25,0.62,1.0,1.88,1.62,2.38,2.12,2.38,1.5,0.5,2.38,1.12,1.62,2.5,1.62,1.62,0.75,2.12,1.5,judgment_and_decision_making|time_management|social_perceptiveness|complex_problem_solving|coordination
51-9195.04,"Glass Blowers, Molders, Benders, and Finishers",2.88,2.5,2.5,2.25,1.0,2.25,2.88,2.0,2.12,2.12,2.12,3.0,1.88,3.0,2.25,1.0,3.12,2.38,2.25,2.75,2.38,2.25,1.62,2.75,2.38,2.75,2.38,2.12,2.0,0.0,2.25,2.75,1.0,1.75,2.0,1.88,2.88,1.62,3.0,2.12,0.0,3.12,2.25,2.12,2.62,1.88,2.0,0.62,2.62,2.38,quality_control_analysis|operations_monitoring|operation_and_control|complex_problem_solving|judgment_and_decision_making
51-9195.05,"Potters, Manufacturing",2.62,2.62,1.5,1.62,1.0,1.88,2.62,1.62,2.12,2.0,1.75,3.12,2.0,3.25,2.0,1.12,2.88,1.38,2.38,2.88,2.12,2.0,1.62,2.38,2.12,2.12,2.5,0.62,0.75,0.0,1.75,2.62,0.75,1.62,1.88,1.38,3.12,1.88,3.12,2.0,0.12,2.5,0.62,2.0,2.75,1.88,1.38,0.75,2.38,1.62,operations_monitoring|operation_and_control|social_perceptiveness|quality_control_analysis|coordination
51-9196.00,"Paper Goods Machine Setters, Operators, and Tenders",2.88,2.88,2.88,2.25,1.38,2.12,2.75,1.62,1.88,2.25,2.25,3.25,2.0,3.62,2.38,1.0,3.12,2.25,2.38,2.88,2.25,2.25,1.88,3.0,2.75,2.38,2.62,2.75,2.25,0.62,2.12,2.25,0.75,1.0,2.0,2.12,3.0,1.75,3.12,2.12,0.0,2.75,2.25,2.12,2.5,2.5,2.25,0.88,2.62,2.62,operations_monitoring|operation_and_control|quality_control_analysis|time_management|social_perceptiveness
51-9197.00,Tire Builders,2.25,2.0,1.88,1.88,1.12,2.0,2.75,1.5,1.62,1.88,1.75,3.25,1.38,3.12,1.88,1.25,2.62,1.75,2.12,2.38,1.88,1.75,1.62,2.75,2.12,2.0,2.0,1.12,1.12,0.12,1.88,2.0,0.5,0.62,1.5,1.25,3.12,0.38,3.38,1.38,0.25,2.12,1.0,1.75,2.0,1.12,0.88,0.62,2.25,2.0,operation_and_control|operations_monitoring|judgment_and_decision_making|time_management|quality_control_analysis
51-9198.00,Helpers--Production Workers,2.0,2.5,2.12,1.88,1.0,2.0,2.0,1.62,1.75,2.12,2.0,2.75,1.5,2.75,2.0,1.12,2.62,2.12,2.0,2.5,2.0,2.0,1.12,2.12,2.0,2.0,2.0,1.75,1.5,0.0,1.62,1.75,0.62,0.75,1.75,1.12,2.62,0.5,2.5,1.0,0.12,2.0,1.75,1.75,2.0,1.0,1.0,0.12,1.88,1.88,operations_monitoring|operation_and_control|quality_control_analysis|social_perceptiveness|coordination
53-1041.00,Aircraft Cargo Handling Supervisors,3.12,3.5,2.0,1.88,1.12,3.12,3.38,1.75,2.12,3.75,2.5,2.75,1.75,2.75,2.75,1.62,2.62,2.0,2.88,3.25,3.0,2.75,1.75,3.62,2.38,2.88,3.5,1.88,1.62,0.12,3.0,3.0,0.88,2.0,3.75,2.5,2.62,1.5,2.38,2.75,0.62,2.5,1.88,2.62,3.25,2.75,2.62,0.75,3.5,2.0,management_of_personnel_resources|time_management|coordination|judgment_and_decision_making|social_perceptiveness
53-1042.00,"First-Line Supervisors of Helpers, Laborers, and Material Movers, Hand",3.38,3.75,1.5,1.75,1.0,3.12,3.12,2.12,2.25,3.62,3.0,2.12,1.75,2.75,2.88,1.25,2.38,1.5,2.75,3.0,2.62,2.88,1.5,3.38,2.0,3.0,3.75,0.88,1.12,0.0,3.0,3.0,2.25,2.38,3.75,3.0,2.12,1.62,2.75,3.12,0.25,2.38,0.88,2.75,3.38,2.75,2.88,0.62,3.62,1.38,coordination|management_of_personnel_resources|complex_problem_solving|time_management|instructing
53-1042.01,Recycling Coordinators,3.0,3.62,1.0,1.25,1.0,2.88,3.38,2.25,2.25,3.75,2.62,2.25,1.5,2.38,3.12,1.38,2.25,1.0,3.0,3.25,2.88,2.88,1.75,3.62,1.75,2.75,3.25,0.0,0.38,0.0,2.88,3.12,2.38,2.38,3.5,3.0,2.62,1.12,2.75,3.25,0.5,2.12,0.0,2.88,3.12,2.75,2.88,0.88,3.62,1.12,management_of_personnel_resources|coordination|time_management|judgment_and_decision_making|social_perceptiveness
53-1043.00,First-Line Supervisors of Material-Moving Machine and Vehicle Operators,3.5,4.0,2.25,1.62,1.0,3.12,3.62,1.75,2.5,4.0,3.12,2.25,2.5,2.5,3.0,1.25,2.38,2.25,3.0,3.62,2.88,2.88,1.38,4.0,2.25,3.38,3.88,2.0,0.88,0.0,3.12,3.25,1.38,2.25,3.75,2.88,2.25,2.5,2.5,3.0,0.25,2.38,2.0,3.0,3.5,3.12,3.0,0.38,3.88,2.0,coordination|time_management|management_of_personnel_resources|social_perceptiveness|judgment_and_decision_making
53-1044.00,First-Line Supervisors of Passenger Attendants,3.25,3.5,1.88,1.88,1.0,3.5,3.5,2.12,2.25,3.5,3.5,2.0,1.5,2.5,3.5,1.62,2.38,1.62,3.88,3.5,3.0,3.0,1.62,3.5,1.75,2.75,3.38,1.38,1.38,0.0,3.12,3.0,1.88,1.88,3.25,3.38,1.62,1.0,2.25,3.12,0.62,2.0,1.25,3.62,3.5,2.75,3.25,1.12,3.38,1.12,service_orientation|social_perceptiveness|coordination|persuasion|negotiation
53-2011.00,"Airline Pilots, Copilots, and Flight Engineers",3.62,3.62,1.75,1.0,1.0,3.0,4.0,1.62,1.88,2.88,2.62,4.88,2.12,4.62,2.75,1.5,3.12,1.12,2.88,3.25,3.25,3.25,1.62,3.88,3.12,3.62,3.75,1.25,0.0,0.0,4.0,4.25,1.0,1.75,3.12,2.62,5.62,2.0,4.88,2.62,0.5,3.0,0.12,2.88,3.25,3.25,3.25,0.62,3.88,3.12,operation_and_control|operations_monitoring|judgment_and_decision_making|time_management|coordination
53-2012.00,Commercial Pilots,3.62,3.25,1.88,1.5,1.0,3.0,3.88,1.62,1.88,2.88,2.12,4.75,1.62,4.38,2.88,1.5,2.62,1.88,2.88,3.0,3.12,3.0,1.5,3.0,3.12,3.62,3.5,1.38,0.88,0.0,3.38,3.75,0.75,1.0,3.0,2.5,5.25,1.0,4.75,3.0,0.5,2.75,1.12,2.88,3.0,3.0,3.0,0.5,3.0,3.12,operation_and_control|operations_monitoring|judgment_and_decision_making|complex_problem_solving|coordination
53-2021.00,Air Traffic Controllers,4.0,3.88,1.25,1.25,1.0,3.12,4.12,1.75,1.75,2.88,2.62,2.5,2.75,3.25,2.88,1.75,2.75,1.12,3.12,3.38,3.25,3.12,1.75,3.5,2.0,4.5,4.0,0.25,0.25,0.0,3.38,4.12,0.75,0.88,2.75,2.25,2.38,2.88,3.12,2.88,0.75,2.62,0.12,3.38,3.25,3.25,3.25,0.75,3.5,1.88,judgment_and_decision_making|complex_problem_solving|coordination|time_management|social_perceptiveness
53-2022.00,Airfield Operations Specialists,3.38,3.75,1.0,1.25,1.0,3.25,3.25,1.62,2.0,2.88,2.88,2.75,2.5,3.0,2.75,1.38,2.25,1.0,3.0,3.12,3.12,3.12,1.75,3.12,1.62,3.25,4.0,0.0,0.25,0.0,3.12,3.25,0.75,1.75,3.0,3.0,2.75,2.75,2.88,2.88,0.38,2.38,0.0,3.0,3.0,3.0,3.12,0.88,3.0,1.12,coordination|complex_problem_solving|instructing|judgment_and_decision_making|social_perceptiveness
53-2031.00,Flight Attendants,2.88,3.62,1.0,1.0,1.0,2.88,3.0,1.88,1.88,2.5,2.88,2.0,1.62,2.38,3.0,1.38,2.12,1.0,3.75,3.75,2.0,2.0,1.75,3.12,2.0,2.62,3.25,0.0,0.0,0.0,2.88,2.88,1.0,1.12,2.25,2.75,1.5,0.75,2.12,2.88,0.38,2.12,0.0,3.62,3.25,1.88,1.88,0.75,3.0,1.62,social_perceptiveness|service_orientation|coordination|time_management|persuasion
53-3011.00,"Ambulance Drivers and Attendants, Except Emergency Medical Technicians",2.75,3.0,2.12,1.88,1.0,2.75,3.0,1.25,1.88,2.0,2.5,3.12,1.5,2.88,2.62,1.12,1.88,1.88,3.38,3.12,2.12,1.75,1.12,2.88,2.0,2.75,2.88,2.0,1.0,0.0,2.75,3.0,0.25,1.38,2.0,2.62,2.88,0.5,2.62,2.62,0.12,1.25,1.62,3.0,3.12,2.0,1.5,0.12,2.75,2.0,service_orientation|social_perceptiveness|operation_and_control|coordination|judgment_and_decision_making
53-3031.00,Driver/Sales Workers,3.0,2.75,1.62,1.0,1.0,2.12,2.88,1.75,1.75,2.0,2.75,2.75,1.12,2.5,2.88,1.0,2.0,1.25,3.12,3.0,2.0,2.0,1.38,3.0,2.0,2.88,2.88,0.75,0.0,0.0,1.88,2.75,0.88,1.12,2.0,2.88,2.38,0.12,2.0,3.0,0.0,1.88,0.25,3.0,2.88,1.88,1.88,0.38,2.75,1.38,service_orientation|social_perceptiveness|complex_problem_solving|time_management|persuasion
53-3032.00,Heavy and Tractor-Trailer Truck Drivers,2.62,2.75,2.88,2.12,1.75,1.88,2.88,1.75,1.88,1.88,2.0,3.75,1.75,3.75,1.88,1.0,2.62,2.88,2.5,2.75,2.12,2.0,1.38,3.0,3.0,2.5,2.25,2.75,1.88,1.0,1.75,2.75,1.38,1.62,1.75,2.0,3.62,0.88,3.12,1.75,0.0,2.5,2.75,2.0,2.38,2.0,1.88,0.38,3.0,2.88,operations_monitoring|operation_and_control|troubleshooting|time_management|equipment_maintenance
53-3033.00,Light Truck Drivers,2.62,2.5,2.25,1.75,1.0,2.25,2.62,1.5,1.62,2.0,1.88,3.12,1.62,2.75,2.0,1.0,2.12,2.0,2.75,2.75,2.12,2.12,1.25,3.0,2.0,2.25,2.0,2.12,1.0,0.0,1.62,2.0,0.5,0.88,1.62,1.5,2.88,0.62,2.5,1.75,0.0,1.88,2.0,2.0,2.38,1.88,1.75,0.25,2.62,2.0,operation_and_control|time_management|social_perceptiveness|service_orientation|operations_monitoring
53-3051.00,"Bus Drivers, School",2.38,3.0,1.5,1.12,1.12,2.38,2.88,1.25,1.25,2.0,2.25,2.88,1.12,3.12,2.38,1.0,2.25,1.5,3.0,3.25,1.88,1.75,1.25,2.88,2.38,2.62,2.62,0.88,0.12,0.12,2.38,2.5,0.25,0.38,1.75,2.0,2.62,0.12,2.75,2.5,0.0,1.88,0.88,2.62,3.0,1.25,1.25,0.25,2.62,1.88,social_perceptiveness|operations_monitoring|coordination|service_orientation|operation_and_control
53-3052.00,"Bus Drivers, Transit and Intercity",2.38,2.62,1.88,1.38,1.0,2.0,2.75,1.75,1.75,2.12,2.12,3.88,1.0,3.62,2.5,1.0,2.12,1.62,3.12,3.0,1.88,1.88,1.75,3.12,2.0,1.62,2.5,1.0,0.38,0.0,1.5,2.38,1.0,0.75,1.5,1.62,3.12,0.0,3.0,1.75,0.0,1.75,0.88,2.62,2.38,1.12,1.12,0.75,2.75,1.75,operation_and_control|operations_monitoring|service_orientation|time_management|social_perceptiveness
53-3053.00,Shuttle Drivers and Chauffeurs,2.38,2.88,2.25,1.62,1.12,2.12,2.75,1.5,1.5,1.75,2.25,3.25,1.25,3.12,2.38,1.12,2.38,1.88,3.12,3.12,1.88,2.0,1.5,2.88,2.38,2.38,2.88,1.75,1.0,0.12,2.38,2.5,0.5,0.75,1.62,2.38,2.38,0.38,2.38,2.38,0.12,1.88,1.5,2.75,3.0,1.38,1.5,0.62,2.62,1.88,operation_and_control|social_perceptiveness|service_orientation|operations_monitoring|coordination
53-4011.00,Locomotive Engineers,3.0,3.0,2.0,1.5,1.0,2.38,3.25,1.75,1.75,2.5,2.0,4.25,1.62,4.12,2.12,1.0,2.75,2.0,2.38,2.75,2.12,2.0,1.25,3.0,2.62,3.0,3.0,1.5,0.75,0.0,2.62,3.0,0.88,0.88,2.62,1.88,4.25,0.62,4.0,1.88,0.0,3.0,1.38,2.12,2.75,2.25,2.0,0.25,2.88,2.62,operation_and_control|operations_monitoring|judgment_and_decision_making|coordination|complex_problem_solving
53-4013.00,"Rail Yard Engineers, Dinkey Operators, and Hostlers",3.38,3.12,2.88,2.75,1.62,2.75,3.12,1.75,1.88,2.75,1.88,3.75,1.38,3.62,2.38,1.25,3.12,2.88,2.62,2.62,2.75,2.75,1.25,3.12,3.12,3.12,3.25,2.62,2.0,0.88,2.88,2.88,0.75,0.88,2.38,1.75,3.62,0.38,3.62,1.75,0.25,3.0,3.0,2.0,2.12,2.12,2.25,0.25,3.0,3.0,operation_and_control|operations_monitoring|complex_problem_solving|coordination|troubleshooting
53-4022.00,"Railroad Brake, Signal, and Switch Operators and Locomotive Firers",2.62,3.25,2.0,1.62,1.12,2.25,3.0,1.62,1.75,2.25,2.12,3.12,1.0,3.5,2.25,1.12,2.62,1.88,2.25,2.88,2.0,2.38,1.5,2.75,2.38,2.38,2.88,1.75,1.25,0.25,2.12,2.5,0.75,1.0,2.12,1.5,3.12,0.0,3.12,1.88,0.25,2.25,2.0,2.0,2.5,1.62,1.75,0.5,2.62,2.0,operations_monitoring|coordination|operation_and_control|judgment_and_decision_making|social_perceptiveness
53-4031.00,Railroad Conductors and Yardmasters,3.25,3.75,1.12,1.0,1.0,2.88,3.5,1.75,1.88,3.0,2.5,3.25,1.88,3.38,3.0,1.5,3.0,1.0,2.88,2.88,3.0,3.0,1.38,3.5,2.25,3.38,3.88,0.12,0.0,0.0,3.0,3.0,0.75,0.88,3.5,2.12,3.12,1.62,3.12,3.0,0.5,3.0,0.0,2.62,3.0,3.0,3.0,0.38,3.5,2.12,coordination|judgment_and_decision_making|time_management|operations_monitoring|complex_problem_solving
53-4041.00,Subway and Streetcar Operators,3.0,3.0,2.25,2.0,1.0,2.38,3.12,2.0,2.0,2.12,2.62,3.88,1.75,3.88,2.75,1.0,2.5,2.12,3.12,3.0,2.0,2.0,1.0,3.0,2.62,2.88,2.38,2.12,1.75,0.0,2.5,2.88,1.62,1.0,2.0,2.12,3.88,0.88,3.75,2.12,0.0,2.0,2.12,2.88,2.88,1.12,2.0,0.0,3.0,2.12,operations_monitoring|operation_and_control|service_orientation|judgment_and_decision_making|social_perceptiveness
53-5011.00,Sailors and Marine Oilers,2.88,3.0,3.12,2.88,1.0,2.5,3.0,1.38,1.5,2.38,2.25,3.62,1.5,3.75,2.38,1.0,3.0,3.12,2.38,2.75,2.12,2.12,1.5,3.0,3.12,2.88,3.25,3.38,2.38,0.0,2.75,2.88,0.38,0.75,2.38,2.12,3.75,0.5,3.88,2.38,0.0,3.0,3.25,2.5,2.88,1.88,1.88,0.5,2.88,3.38,operations_monitoring|operation_and_control|equipment_maintenance|troubleshooting|repairing
53-5021.00,"Captains, Mates, and Pilots of Water Vessels",3.25,3.25,3.12,2.62,1.38,3.12,3.38,2.5,2.75,3.25,2.88,3.62,1.62,3.38,3.0,1.88,3.12,3.0,2.88,3.12,2.75,2.5,2.12,3.12,2.88,3.12,3.75,3.25,2.62,0.62,3.0,3.5,2.38,2.88,3.62,2.62,4.0,1.12,3.62,2.75,1.12,3.0,3.0,2.88,3.0,3.0,2.62,1.62,3.62,2.75,operation_and_control|operations_monitoring|judgment_and_decision_making|coordination|complex_problem_solving
53-5022.00,Motorboat Operators,3.0,3.0,3.38,2.62,1.0,2.88,3.25,1.88,2.0,2.75,2.62,3.88,1.62,3.75,2.38,1.0,2.88,2.88,3.0,3.0,2.75,2.62,1.88,3.0,3.0,3.0,3.38,3.0,2.62,0.0,2.88,3.12,1.0,1.38,2.75,2.38,4.0,0.75,3.62,2.38,0.0,2.88,2.88,3.0,3.0,2.25,2.25,1.0,3.0,2.88,operation_and_control|operations_monitoring|equipment_maintenance|judgment_and_decision_making|social_perceptiveness
53-5031.00,Ship Engineers,3.38,3.0,3.75,3.0,2.5,2.75,3.25,1.75,2.0,2.88,2.0,3.88,1.75,3.88,2.0,1.62,3.12,3.75,2.75,2.88,3.25,2.75,1.5,3.0,3.75,3.38,3.0,3.75,3.0,2.88,2.88,3.12,0.75,1.75,3.12,2.0,3.88,1.25,3.88,2.0,0.62,3.12,3.88,2.75,3.0,3.12,2.75,0.62,3.0,3.88,operations_monitoring|operation_and_control|equipment_maintenance|troubleshooting|repairing
53-6011.00,Bridge and Lock Tenders,2.88,3.0,1.75,1.5,1.0,2.75,3.0,1.0,1.12,2.25,2.5,3.0,1.12,3.0,2.62,1.12,2.5,1.62,2.88,2.62,1.75,2.0,1.12,2.88,2.38,2.75,3.0,1.38,0.75,0.0,2.62,2.62,0.0,0.12,2.12,2.12,3.0,0.12,3.0,2.25,0.12,2.25,1.25,2.62,2.25,1.0,1.5,0.12,2.62,2.0,coordination|operations_monitoring|operation_and_control|judgment_and_decision_making|service_orientation
53-6021.00,Parking Attendants,2.5,2.75,1.5,1.25,1.0,2.38,2.75,1.62,1.75,2.12,2.38,2.62,1.25,2.25,2.25,1.0,1.62,1.25,3.38,3.0,1.88,2.0,1.0,2.38,1.62,2.12,2.25,0.88,0.25,0.0,2.0,2.38,0.75,0.75,1.75,2.0,2.0,0.25,1.88,1.75,0.0,1.25,0.25,2.5,2.38,1.62,1.75,0.0,2.0,0.88,service_orientation|social_perceptiveness|coordination|judgment_and_decision_making|operation_and_control
53-6031.00,Automotive and Watercraft Service Attendants,3.0,3.0,3.0,2.38,2.0,2.25,3.0,1.88,1.88,2.12,2.62,3.12,1.25,2.75,2.62,1.12,2.62,3.0,3.12,2.88,2.12,2.12,1.62,3.12,2.5,2.25,2.62,2.5,2.0,1.38,2.0,2.12,1.12,1.12,2.0,2.12,2.62,0.25,2.12,2.25,0.12,2.25,2.88,3.0,2.25,2.0,2.12,0.62,2.38,2.25,service_orientation|operation_and_control|time_management|coordination|complex_problem_solving
53-6032.00,Aircraft Service Attendants,2.62,2.88,2.12,2.0,1.25,2.12,3.0,1.5,1.62,2.38,1.88,3.0,1.38,2.75,2.0,1.5,2.5,2.0,2.38,2.62,2.25,2.0,1.38,2.88,2.25,2.12,2.88,1.88,1.62,0.38,2.12,2.62,0.88,0.88,2.25,1.75,2.88,0.5,2.38,1.88,0.62,2.5,1.5,2.0,2.38,1.88,1.62,0.5,2.38,2.25,operation_and_control|judgment_and_decision_making|coordination|time_management|operations_monitoring
53-6041.00,Traffic Technicians,3.25,3.0,2.0,2.0,1.12,2.88,3.25,2.0,2.0,3.0,2.75,2.75,2.88,2.88,2.88,2.0,2.38,1.88,2.88,3.0,3.0,3.0,2.12,3.0,2.12,3.62,3.0,1.0,1.25,0.12,2.88,3.12,1.12,1.12,2.88,2.88,2.75,3.38,2.75,2.88,1.25,2.5,1.0,2.88,3.0,3.5,3.25,1.38,3.12,2.0,complex_problem_solving|judgment_and_decision_making|social_perceptiveness|coordination|systems_analysis
53-6051.00,Transportation Inspectors,3.12,3.12,1.0,1.12,1.0,2.75,3.25,2.0,2.12,2.75,2.5,2.25,1.25,2.75,2.62,1.62,2.75,1.0,2.62,3.12,2.88,3.0,1.75,3.38,2.5,3.25,3.12,0.0,0.12,0.0,2.62,3.25,1.75,1.88,3.0,2.38,2.38,0.38,2.62,2.62,0.75,2.5,0.0,2.88,3.0,2.75,2.88,0.75,3.12,1.75,time_management|judgment_and_decision_making|social_perceptiveness|coordination|complex_problem_solving
53-6051.01,Aviation Inspectors,3.38,2.88,2.88,2.75,1.0,2.88,3.25,1.5,1.75,2.75,2.88,3.0,2.62,3.75,2.88,1.38,3.75,2.88,3.0,3.0,3.0,2.88,1.62,3.25,3.25,3.62,3.0,2.88,2.62,0.0,3.12,3.38,0.75,0.88,2.88,2.88,3.12,2.75,4.0,3.0,0.5,3.75,2.88,3.0,3.0,3.0,3.0,0.75,3.25,3.25,operations_monitoring|quality_control_analysis|complex_problem_solving|troubleshooting|judgment_and_decision_making
53-6051.07,"Transportation Vehicle, Equipment and Systems Inspectors, Except Aviation",2.62,2.75,2.75,2.0,1.12,2.12,2.75,1.25,1.38,2.0,2.12,3.0,1.62,3.25,2.12,1.0,3.5,2.62,2.38,2.75,1.75,2.0,1.62,2.88,3.0,2.25,2.75,2.88,2.0,0.25,2.0,2.5,0.25,0.38,2.0,1.88,3.0,0.88,3.12,2.12,0.0,3.25,2.62,2.0,2.75,1.5,1.75,0.88,2.88,2.88,quality_control_analysis|operations_monitoring|operation_and_control|troubleshooting|time_management
53-6061.00,Passenger Attendants,2.75,2.88,1.0,1.0,1.0,3.0,2.62,1.0,1.0,2.25,2.88,2.0,1.12,2.5,3.0,1.0,2.12,1.0,3.62,3.62,1.88,2.0,1.25,2.62,2.0,2.25,3.0,0.0,0.0,0.0,2.5,2.12,0.0,0.0,2.12,2.38,1.88,0.12,2.38,2.88,0.0,1.88,0.0,3.62,3.25,1.62,1.88,0.25,2.38,1.62,social_perceptiveness|service_orientation|persuasion|instructing|coordination
53-7011.00,Conveyor Operators and Tenders,3.0,2.62,2.62,2.12,1.0,2.75,2.88,1.38,1.88,2.5,2.12,4.0,2.0,4.0,2.5,1.25,2.88,2.5,2.75,2.75,2.62,2.75,1.88,2.88,2.88,2.75,2.88,2.62,1.88,0.0,2.75,2.75,0.38,1.12,2.5,2.12,3.88,1.75,4.0,2.12,0.25,2.62,2.5,2.25,2.62,2.62,2.5,1.0,2.88,2.75,operations_monitoring|operation_and_control|complex_problem_solving|troubleshooting|quality_control_analysis
53-7021.00,Crane and Tower Operators,2.88,2.75,2.88,2.0,1.62,2.25,3.0,1.5,1.62,2.38,2.12,3.88,1.88,3.75,2.25,1.0,2.62,2.88,2.12,2.5,1.62,2.12,1.38,3.0,2.88,2.25,3.0,2.88,2.0,0.88,2.25,2.62,0.62,0.62,2.25,2.0,3.5,1.12,3.25,2.0,0.0,2.88,2.75,2.0,2.0,1.12,2.0,0.38,2.88,3.0,operation_and_control|operations_monitoring|judgment_and_decision_making|time_management|complex_problem_solving
53-7031.00,Dredge Operators,2.75,3.0,2.5,2.75,1.0,2.38,3.0,1.75,1.88,2.62,2.25,3.75,1.75,3.5,2.25,1.0,2.5,2.5,2.12,2.75,2.12,2.12,1.75,2.75,2.88,2.5,3.12,2.38,2.5,0.0,2.62,2.62,1.25,1.38,2.88,1.88,3.25,1.0,3.62,2.0,0.0,2.75,2.38,1.88,2.38,1.88,2.0,0.88,2.38,2.62,operation_and_control|operations_monitoring|coordination|judgment_and_decision_making|troubleshooting
53-7041.00,Hoist and Winch Operators,3.25,3.0,2.75,2.75,1.12,3.0,3.25,1.75,1.75,3.0,2.62,3.38,1.75,3.62,2.75,1.0,2.75,2.88,2.75,3.12,2.12,2.12,1.0,3.5,2.75,2.38,3.38,2.5,2.5,0.12,2.5,2.5,1.12,1.12,2.5,2.12,2.88,1.12,3.0,2.25,0.0,2.5,2.75,2.25,2.25,1.75,1.62,0.0,2.75,2.38,operations_monitoring|time_management|operation_and_control|complex_problem_solving|judgment_and_decision_making
53-7051.00,Industrial Truck and Tractor Operators,2.25,3.0,3.0,2.0,1.0,2.0,2.75,1.62,1.88,1.88,2.0,3.88,1.62,3.25,2.0,1.25,2.0,2.25,2.12,2.62,2.0,2.12,1.62,3.0,3.0,2.0,3.0,2.62,1.5,0.0,2.0,2.12,0.88,0.88,1.5,1.62,3.0,0.62,2.88,1.75,0.25,1.88,2.0,1.75,2.0,1.75,1.75,0.62,2.25,2.5,operation_and_control|operations_monitoring|coordination|equipment_maintenance|troubleshooting
53-7061.00,Cleaners of Vehicles and Equipment,2.12,2.25,2.25,2.25,1.38,2.0,2.25,1.25,1.88,2.0,2.0,3.0,1.25,2.88,1.88,1.12,3.0,2.25,2.38,2.12,2.25,1.75,1.25,2.75,2.25,1.62,1.88,2.12,1.88,0.38,1.12,1.75,0.5,1.0,1.38,1.12,2.75,0.25,3.0,1.0,0.12,2.75,2.0,1.88,2.0,1.25,0.88,0.25,2.12,1.88,operation_and_control|quality_control_analysis|operations_monitoring|time_management|service_orientation
53-7062.00,"Laborers and Freight, Stock, and Material Movers, Hand",2.0,3.0,1.88,1.75,1.0,2.25,2.38,1.25,1.88,2.12,2.0,2.62,1.12,2.62,2.0,1.0,2.0,1.88,2.0,2.38,2.0,2.0,1.25,2.62,2.0,2.0,2.75,1.5,1.12,0.0,1.88,2.0,0.25,0.88,1.88,1.75,2.5,0.12,2.5,1.88,0.0,2.0,1.25,2.0,2.0,1.75,1.5,0.25,2.12,2.0,coordination|operations_monitoring|operation_and_control|time_management|social_perceptiveness
53-7062.04,Recycling and Reclamation Workers,2.38,2.62,2.38,2.25,1.0,2.12,2.62,1.5,1.75,2.25,1.88,3.25,1.25,3.12,2.0,1.0,2.75,2.25,2.5,2.62,1.88,1.88,1.5,2.62,2.5,2.38,2.12,2.62,1.88,0.0,2.0,2.12,0.62,1.12,2.0,1.5,2.75,0.38,2.75,1.5,0.0,2.25,2.38,2.25,2.62,1.5,1.5,0.75,2.5,2.38,operation_and_control|operations_monitoring|quality_control_analysis|social_perceptiveness|coordination
53-7063.00,Machine Feeders and Offbearers,2.0,2.5,1.88,1.62,1.0,2.0,2.5,1.75,1.88,1.88,1.88,2.62,1.25,3.38,2.0,1.0,2.75,1.75,2.0,2.5,1.62,2.0,1.0,2.5,2.75,2.12,2.0,1.25,0.88,0.0,1.88,2.25,0.75,0.88,1.38,1.62,2.5,0.38,3.38,1.88,0.0,2.5,1.25,1.88,2.12,0.88,1.38,0.0,2.5,2.0,operations_monitoring|troubleshooting|quality_control_analysis|operation_and_control|social_perceptiveness
53-7064.00,"Packers and Packagers, Hand",2.0,2.62,1.38,1.62,1.0,1.88,2.25,1.25,1.5,1.75,1.62,2.0,1.12,2.12,1.62,1.38,2.25,1.25,2.12,2.12,1.88,1.88,1.12,2.25,1.75,1.75,2.12,0.38,0.62,0.0,1.0,1.88,0.38,0.62,1.25,0.62,1.62,0.12,1.5,0.62,0.38,1.88,0.25,2.0,1.88,1.0,1.0,0.12,1.88,0.75,coordination|quality_control_analysis|judgment_and_decision_making|time_management|social_perceptiveness
53-7065.00,Stockers and Order Fillers,2.25,2.75,1.0,1.0,1.0,2.0,2.62,1.88,2.0,2.12,2.0,2.0,1.12,2.0,2.0,1.75,2.0,1.0,2.75,2.75,2.0,2.0,1.5,2.62,1.88,2.0,2.5,0.0,0.0,0.0,1.88,2.12,0.88,1.0,2.0,1.88,2.0,0.12,1.88,1.88,0.75,1.62,0.0,2.38,2.5,1.88,1.88,0.5,2.38,1.25,social_perceptiveness|coordination|service_orientation|judgment_and_decision_making|time_management
53-7071.00,Gas Compressor and Gas Pumping Station Operators,3.0,3.0,3.12,2.12,1.0,2.5,3.0,1.62,2.0,2.25,2.25,3.88,1.0,4.0,2.25,1.38,3.0,3.0,2.25,2.75,2.62,2.0,1.88,3.0,3.12,3.0,2.88,3.12,2.12,0.0,2.25,2.75,0.75,1.25,2.12,2.12,3.75,0.0,3.88,2.12,0.5,3.0,3.0,2.12,2.38,2.38,2.12,1.12,2.75,3.12,operations_monitoring|operation_and_control|equipment_maintenance|troubleshooting|coordination
53-7072.00,"Pump Operators, Except Wellhead Pumpers",2.88,2.88,2.88,2.25,1.12,2.88,3.0,2.0,2.25,2.62,2.25,3.5,1.88,3.88,2.38,1.75,2.88,2.75,2.38,2.75,2.38,2.12,1.88,3.0,3.0,2.88,3.0,2.75,2.12,0.12,2.62,3.0,1.12,1.75,2.25,2.12,3.25,1.0,3.75,2.12,0.75,2.75,2.75,2.12,2.25,2.12,2.12,0.88,2.88,2.88,operations_monitoring|operation_and_control|troubleshooting|judgment_and_decision_making|time_management
53-7073.00,Wellhead Pumpers,3.0,2.25,3.12,2.25,1.25,2.12,3.12,1.38,1.75,2.12,2.0,3.88,1.38,4.0,2.0,1.25,2.38,3.12,1.88,2.5,2.0,2.0,1.5,2.75,3.12,2.88,2.38,3.25,2.12,0.25,2.0,2.88,0.38,0.88,2.0,1.0,3.88,0.38,3.88,1.25,0.25,2.5,3.75,1.25,2.12,1.38,1.38,0.5,2.75,3.0,operations_monitoring|operation_and_control|equipment_maintenance|troubleshooting|repairing
53-7081.00,Refuse and Recyclable Material Collectors,2.38,2.62,2.75,1.75,1.0,1.88,2.38,1.0,1.0,2.0,2.0,3.0,1.12,3.0,2.0,1.0,2.25,2.5,2.38,2.5,1.38,1.38,1.0,2.5,2.5,2.12,2.5,2.0,0.88,0.0,1.5,2.12,0.0,0.0,1.75,1.88,2.88,0.12,2.62,2.0,0.0,2.0,1.88,1.88,2.12,0.75,0.75,0.0,2.38,2.0,operations_monitoring|operation_and_control|equipment_maintenance|coordination|social_perceptiveness
53-7121.00,"Tank Car, Truck, and Ship Loaders",3.0,2.88,2.62,2.38,1.0,2.5,2.88,2.0,2.0,2.88,2.25,3.75,1.0,3.75,2.0,1.38,2.88,2.5,2.25,2.62,2.5,2.12,1.75,3.12,2.62,2.88,2.88,2.0,2.38,0.0,2.62,2.88,1.12,1.88,2.75,2.12,3.25,0.0,3.38,2.12,0.38,2.88,2.25,2.12,2.12,2.62,2.12,0.75,2.88,2.5,operations_monitoring|operation_and_control|time_management|complex_problem_solving|coordination
