O*NET-SOC Code,Title,specific_interest_areas_ranked,specific_interest_areas_ds_accounting_value,specific_interest_areas_ds_agriculture_value,specific_interest_areas_ds_animal_service_value,specific_interest_areas_ds_applied_arts_and_design_value,specific_interest_areas_ds_athletics_value,specific_interest_areas_ds_business_initiatives_value,specific_interest_areas_ds_construction_woodwork_value,specific_interest_areas_ds_creative_writing_value,specific_interest_areas_ds_culinary_art_value,specific_interest_areas_ds_engineering_value,specific_interest_areas_ds_finance_value,specific_interest_areas_ds_health_care_service_value,specific_interest_areas_ds_human_resources_value,specific_interest_areas_ds_humanities_value,specific_interest_areas_ds_information_technology_value,specific_interest_areas_ds_law_value,specific_interest_areas_ds_life_science_value,specific_interest_areas_ds_management_administration_value,specific_interest_areas_ds_marketing_advertising_value,specific_interest_areas_ds_mathematics_statistics_value,specific_interest_areas_ds_mechanics_electronics_value,specific_interest_areas_ds_media_value,specific_interest_areas_ds_medical_science_value,specific_interest_areas_ds_music_value,specific_interest_areas_ds_nature_outdoors_value,specific_interest_areas_ds_office_work_value,specific_interest_areas_ds_performing_arts_value,specific_interest_areas_ds_personal_service_value,specific_interest_areas_ds_physical_manual_labor_value,specific_interest_areas_ds_physical_science_value,specific_interest_areas_ds_politics_value,specific_interest_areas_ds_professional_advising_value,specific_interest_areas_ds_protective_service_value,specific_interest_areas_ds_public_speaking_value,specific_interest_areas_ds_religious_activities_value,specific_interest_areas_ds_sales_value,specific_interest_areas_ds_social_science_value,specific_interest_areas_ds_social_service_value,specific_interest_areas_ds_teaching_education_value,specific_interest_areas_ds_transportation_machine_operation_value,specific_interest_areas_ds_visual_arts_value,specific_interest_areas_oi_accounting_value,specific_interest_areas_oi_agriculture_value,specific_interest_areas_oi_animal_service_value,specific_interest_areas_oi_applied_arts_and_design_value,specific_interest_areas_oi_athletics_value,specific_interest_areas_oi_business_initiatives_value,specific_interest_areas_oi_construction_woodwork_value,specific_interest_areas_oi_creative_writing_value,specific_interest_areas_oi_culinary_art_value,specific_interest_areas_oi_engineering_value,specific_interest_areas_oi_finance_value,specific_interest_areas_oi_health_care_service_value,specific_interest_areas_oi_human_resources_value,specific_interest_areas_oi_humanities_value,specific_interest_areas_oi_information_technology_value,specific_interest_areas_oi_law_value,specific_interest_areas_oi_life_science_value,specific_interest_areas_oi_management_administration_value,specific_interest_areas_oi_marketing_advertising_value,specific_interest_areas_oi_mathematics_statistics_value,specific_interest_areas_oi_mechanics_electronics_value,specific_interest_areas_oi_media_value,specific_interest_areas_oi_medical_science_value,specific_interest_areas_oi_music_value,specific_interest_areas_oi_nature_outdoors_value,specific_interest_areas_oi_office_work_value,specific_interest_areas_oi_performing_arts_value,specific_interest_areas_oi_personal_service_value,specific_interest_areas_oi_physical_manual_labor_value,specific_interest_areas_oi_physical_science_value,specific_interest_areas_oi_politics_value,specific_interest_areas_oi_professional_advising_value,specific_interest_areas_oi_protective_service_value,specific_interest_areas_oi_public_speaking_value,specific_interest_areas_oi_religious_activities_value,specific_interest_areas_oi_sales_value,specific_interest_areas_oi_social_science_value,specific_interest_areas_oi_social_service_value,specific_interest_areas_oi_teaching_education_value,specific_interest_areas_oi_transportation_machine_operation_value,specific_interest_areas_oi_visual_arts_value
11-1011.00,Chief Executives,accounting|public_speaking|finance|business_initiatives|management_administration|agriculture|animal_service|applied_arts_and_design|athletics|construction_woodwork|creative_writing|culinary_art|engineering|health_care_service|human_resources|humanities|information_technology|law|life_science|marketing_advertising|mathematics_statistics|mechanics_electronics|media|medical_science|music|nature_outdoors|office_work|performing_arts|personal_service|physical_science|physical_manual_labor|politics|professional_advising|protective_service|religious_activities|sales|social_science|social_service|teaching_education|transportation_machine_operation|visual_arts,5.0,0.0,0.0,0.0,0.0,2.0,0.0,0.0,0.0,0.0,3.0,0.0,0.0,0.0,0.0,0.0,0.0,1.0,0.0,0.0,0.0,0.0,0.0,0.0,0.0,0.0,0.0,0.0,0.0,0.0,0.0,0.0,0.0,4.0,0.0,0.0,0.0,0.0,0.0,0.0,0.0,4.02,1.06,1.02,1.19,1.17,6.82,1.06,1.41,1.23,1.54,5.51,1.79,3.86,1.38,2.37,3.09,1.23,6.86,3.51,1.97,1.17,2.31,1.28,1.07,1.11,2.0,1.13,1.56,1.0,1.1,3.76,1.78,1.32,5.14,1.09,2.87,1.81,1.63,2.12,1.1,1.13
11-1021.00,General and Operations Managers,human_resources|business_initiatives|management_administration|accounting|agriculture|animal_service|applied_arts_and_design|athletics|construction_woodwork|creative_writing|culinary_art|engineering|finance|health_care_service|humanities|information_technology|law|life_science|marketing_advertising|mathematics_statistics|mechanics_electronics|media|medical_science|music|nature_outdoors|office_work|performing_arts|personal_service|physical_science|physical_manual_labor|politics|professional_advising|protective_service|public_speaking|religious_activities|sales|social_science|social_service|teaching_education|transportation_machine_operation|visual_arts,0.0,0.0,0.0,0.0,0.0,2.0,0.0,0.0,0.0,0.0,0.0,0.0,3.0,0.0,0.0,0.0,0.0,1.0,0.0,0.0,0.0,0.0,0.0,0.0,0.0,0.0,0.0,0.0,0.0,0.0,0.0,0.0,0.0,0.0,0.0,0.0,0.0,0.0,0.0,0.0,0.0,3.83,1.3,1.22,1.16,1.17,6.03,1.25,1.14,1.85,1.32,3.75,1.69,3.86,1.19,1.95,1.69,1.15,6.86,2.7,1.91,1.23,1.33,1.08,1.07,1.13,2.74,1.02,2.24,1.1,1.07,2.09,1.97,1.24,3.57,1.04,3.34,1.49,1.31,1.75,1.36,1.07
11-1031.00,Legislators,management_administration|law|public_speaking|politics|accounting|agriculture|animal_service|applied_arts_and_design|athletics|business_initiatives|construction_woodwork|creative_writing|culinary_art|engineering|finance|health_care_service|human_resources|humanities|information_technology|life_science|marketing_advertising|mathematics_statistics|mechanics_electronics|media|medical_science|music|nature_outdoors|office_work|performing_arts|personal_service|physical_science|physical_manual_labor|professional_advising|protective_service|religious_activities|sales|social_science|social_service|teaching_education|transportation_machine_operation|visual_arts,0.0,0.0,0.0,0.0,0.0,0.0,0.0,0.0,0.0,0.0,0.0,0.0,0.0,0.0,0.0,3.0,0.0,4.0,0.0,0.0,0.0,0.0,0.0,0.0,0.0,0.0,0.0,0.0,0.0,0.0,1.0,0.0,0.0,2.0,0.0,0.0,0.0,0.0,0.0,0.0,0.0,2.21,1.13,1.07,1.13,1.09,3.98,1.0,1.67,1.04,1.06,2.61,1.19,2.07,2.51,1.27,5.5,1.18,5.14,2.77,1.65,1.0,2.77,1.3,1.04,1.25,2.37,1.22,1.94,1.0,1.16,7.0,2.27,1.32,6.13,1.15,2.01,3.36,3.0,2.09,1.0,1.16
11-2011.00,Advertising and Promotions Managers,sales|media|business_initiatives|management_administration|marketing_advertising|accounting|agriculture|animal_service|applied_arts_and_design|athletics|construction_woodwork|creative_writing|culinary_art|engineering|finance|health_care_service|human_resources|humanities|information_technology|law|life_science|mathematics_statistics|mechanics_electronics|medical_science|music|nature_outdoors|office_work|performing_arts|personal_service|physical_science|physical_manual_labor|politics|professional_advising|protective_service|public_speaking|religious_activities|social_science|social_service|teaching_education|transportation_machine_operation|visual_arts,0.0,0.0,0.0,0.0,0.0,3.0,0.0,0.0,0.0,0.0,0.0,0.0,0.0,0.0,0.0,0.0,0.0,2.0,1.0,0.0,0.0,4.0,0.0,0.0,0.0,0.0,0.0,0.0,0.0,0.0,0.0,0.0,0.0,0.0,0.0,5.0,0.0,0.0,0.0,0.0,0.0,2.42,1.0,1.0,3.35,1.17,5.97,1.0,3.65,1.27,1.0,2.34,1.06,1.78,1.9,1.83,1.44,1.0,6.19,6.86,1.73,1.0,5.0,1.0,1.52,1.0,2.6,1.8,1.81,1.0,1.0,1.87,1.66,1.0,3.98,1.0,4.99,2.02,1.19,1.66,1.0,2.93
11-2021.00,Marketing Managers,public_speaking|sales|business_initiatives|management_administration|marketing_advertising|accounting|agriculture|animal_service|applied_arts_and_design|athletics|construction_woodwork|creative_writing|culinary_art|engineering|finance|health_care_service|human_resources|humanities|information_technology|law|life_science|mathematics_statistics|mechanics_electronics|media|medical_science|music|nature_outdoors|office_work|performing_arts|personal_service|physical_science|physical_manual_labor|politics|professional_advising|protective_service|religious_activities|social_science|social_service|teaching_education|transportation_machine_operation|visual_arts,0.0,0.0,0.0,0.0,0.0,3.0,0.0,0.0,0.0,0.0,0.0,0.0,0.0,0.0,0.0,0.0,0.0,2.0,1.0,0.0,0.0,0.0,0.0,0.0,0.0,0.0,0.0,0.0,0.0,0.0,0.0,0.0,0.0,5.0,0.0,4.0,0.0,0.0,0.0,0.0,0.0,2.96,1.01,1.0,2.03,1.14,6.42,1.0,1.76,1.23,1.14,2.98,1.13,2.65,1.32,2.11,1.95,1.08,6.55,6.62,2.61,1.03,2.8,1.08,1.07,1.0,2.88,1.28,1.56,1.0,1.03,1.8,1.78,1.0,4.37,1.0,4.94,2.5,1.21,1.51,1.0,1.72
11-2022.00,Sales Managers,marketing_advertising|public_speaking|business_initiatives|management_administration|sales|accounting|agriculture|animal_service|applied_arts_and_design|athletics|construction_woodwork|creative_writing|culinary_art|engineering|finance|health_care_service|human_resources|humanities|information_technology|law|life_science|mathematics_statistics|mechanics_electronics|media|medical_science|music|nature_outdoors|office_work|performing_arts|personal_service|physical_science|physical_manual_labor|politics|professional_advising|protective_service|religious_activities|social_science|social_service|teaching_education|transportation_machine_operation|visual_arts,0.0,0.0,0.0,0.0,0.0,3.0,0.0,0.0,0.0,0.0,0.0,0.0,0.0,0.0,0.0,0.0,0.0,2.0,5.0,0.0,0.0,0.0,0.0,0.0,0.0,0.0,0.0,0.0,0.0,0.0,0.0,0.0,0.0,4.0,0.0,1.0,0.0,0.0,0.0,0.0,0.0,3.36,1.04,1.0,1.1,1.06,6.25,1.06,1.16,1.23,1.14,2.67,1.13,3.38,1.16,1.65,1.4,1.03,6.37,4.48,1.73,1.14,1.46,1.05,1.0,1.0,3.18,1.06,1.97,1.0,1.0,1.43,2.36,1.0,4.77,1.0,6.57,1.49,1.21,2.18,1.16,1.04
11-2032.00,Public Relations Managers,politics|media|business_initiatives|public_speaking|management_administration|marketing_advertising|accounting|agriculture|animal_service|applied_arts_and_design|athletics|construction_woodwork|creative_writing|culinary_art|engineering|finance|health_care_service|human_resources|humanities|information_technology|law|life_science|mathematics_statistics|mechanics_electronics|medical_science|music|nature_outdoors|office_work|performing_arts|personal_service|physical_science|physical_manual_labor|professional_advising|protective_service|religious_activities|sales|social_science|social_service|teaching_education|transportation_machine_operation|visual_arts,0.0,0.0,0.0,0.0,0.0,4.0,0.0,0.0,0.0,0.0,0.0,0.0,0.0,0.0,0.0,0.0,0.0,2.0,1.0,0.0,0.0,5.0,0.0,0.0,0.0,0.0,0.0,0.0,0.0,0.0,6.0,0.0,0.0,3.0,0.0,0.0,0.0,0.0,0.0,0.0,0.0,1.96,1.0,1.0,2.45,1.32,5.16,1.0,3.06,1.23,1.0,1.67,1.26,2.69,2.27,1.71,1.91,1.03,6.1,6.24,1.28,1.0,4.79,1.08,1.21,1.11,2.95,1.67,2.07,1.0,1.02,4.18,2.3,1.16,6.0,1.13,3.12,2.64,1.97,2.12,1.0,2.18
11-2033.00,Fundraising Managers,marketing_advertising|sales|business_initiatives|public_speaking|management_administration|accounting|agriculture|animal_service|applied_arts_and_design|athletics|construction_woodwork|creative_writing|culinary_art|engineering|finance|health_care_service|human_resources|humanities|information_technology|law|life_science|mathematics_statistics|mechanics_electronics|media|medical_science|music|nature_outdoors|office_work|performing_arts|personal_service|physical_science|physical_manual_labor|politics|professional_advising|protective_service|religious_activities|social_science|social_service|teaching_education|transportation_machine_operation|visual_arts,0.0,0.0,0.0,0.0,0.0,3.0,0.0,0.0,0.0,0.0,0.0,0.0,0.0,0.0,0.0,0.0,0.0,1.0,5.0,0.0,0.0,0.0,0.0,0.0,0.0,0.0,0.0,0.0,0.0,0.0,0.0,0.0,0.0,2.0,0.0,4.0,0.0,0.0,0.0,0.0,0.0,3.39,1.0,1.07,1.52,1.26,5.71,1.0,1.84,1.23,1.0,3.34,1.23,2.61,1.44,1.56,1.73,1.0,6.33,4.72,1.65,1.0,3.37,1.08,1.14,1.13,3.1,1.37,2.24,1.0,1.0,2.58,2.12,1.0,5.87,1.34,5.46,2.02,2.58,1.93,1.0,1.37
11-3012.00,Administrative Services Managers,human_resources|office_work|management_administration|accounting|agriculture|animal_service|applied_arts_and_design|athletics|business_initiatives|construction_woodwork|creative_writing|culinary_art|engineering|finance|health_care_service|humanities|information_technology|law|life_science|marketing_advertising|mathematics_statistics|mechanics_electronics|media|medical_science|music|nature_outdoors|performing_arts|personal_service|physical_science|physical_manual_labor|politics|professional_advising|protective_service|public_speaking|religious_activities|sales|social_science|social_service|teaching_education|transportation_machine_operation|visual_arts,0.0,0.0,0.0,0.0,0.0,0.0,0.0,0.0,0.0,0.0,0.0,0.0,3.0,0.0,0.0,0.0,0.0,1.0,0.0,0.0,0.0,0.0,0.0,0.0,0.0,2.0,0.0,0.0,0.0,0.0,0.0,0.0,0.0,0.0,0.0,0.0,0.0,0.0,0.0,0.0,0.0,3.5,1.01,1.0,1.03,1.0,3.14,1.0,1.07,1.19,1.14,2.22,1.73,3.86,1.16,2.08,1.51,1.03,6.73,1.35,1.65,1.2,1.12,1.08,1.0,1.0,5.74,1.0,2.01,1.12,1.0,1.5,1.97,1.36,2.72,1.0,1.43,1.58,1.65,2.58,1.13,1.0
11-3013.00,Facilities Managers,mechanics_electronics|engineering|management_administration|accounting|agriculture|animal_service|applied_arts_and_design|athletics|business_initiatives|construction_woodwork|creative_writing|culinary_art|finance|health_care_service|human_resources|humanities|information_technology|law|life_science|marketing_advertising|mathematics_statistics|media|medical_science|music|nature_outdoors|office_work|performing_arts|personal_service|physical_science|physical_manual_labor|politics|professional_advising|protective_service|public_speaking|religious_activities|sales|social_science|social_service|teaching_education|transportation_machine_operation|visual_arts,0.0,0.0,0.0,0.0,0.0,0.0,0.0,0.0,0.0,2.0,0.0,0.0,0.0,0.0,0.0,0.0,0.0,1.0,0.0,0.0,3.0,0.0,0.0,0.0,0.0,0.0,0.0,0.0,0.0,0.0,0.0,0.0,0.0,0.0,0.0,0.0,0.0,0.0,0.0,0.0,0.0,2.89,1.14,1.05,1.32,1.5,2.65,3.06,1.09,1.23,3.38,2.25,1.59,2.8,1.06,2.3,1.47,1.18,6.19,1.26,1.67,3.32,1.12,1.08,1.0,1.6,2.74,1.04,2.2,2.05,1.39,1.65,1.63,2.14,2.58,1.0,1.4,1.35,1.44,2.09,2.0,1.09
11-3013.01,Security Managers,law|protective_service|management_administration|accounting|agriculture|animal_service|applied_arts_and_design|athletics|business_initiatives|construction_woodwork|creative_writing|culinary_art|engineering|finance|health_care_service|human_resources|humanities|information_technology|life_science|marketing_advertising|mathematics_statistics|mechanics_electronics|media|medical_science|music|nature_outdoors|office_work|performing_arts|personal_service|physical_science|physical_manual_labor|politics|professional_advising|public_speaking|religious_activities|sales|social_science|social_service|teaching_education|transportation_machine_operation|visual_arts,0.0,0.0,0.0,0.0,0.0,0.0,0.0,0.0,0.0,0.0,0.0,0.0,0.0,0.0,0.0,3.0,0.0,1.0,0.0,0.0,0.0,0.0,0.0,0.0,0.0,0.0,0.0,0.0,0.0,0.0,0.0,0.0,2.0,0.0,0.0,0.0,0.0,0.0,0.0,0.0,0.0,2.35,1.0,1.05,1.0,1.09,2.65,1.09,1.14,1.0,1.51,1.73,1.36,3.12,1.19,2.53,3.2,1.03,6.19,1.15,1.79,1.71,1.22,1.16,1.0,1.06,2.34,1.0,1.49,1.4,1.1,1.8,1.54,5.42,2.78,1.0,1.27,1.72,1.33,1.68,1.26,1.0
11-3021.00,Computer and Information Systems Managers,business_initiatives|information_technology|management_administration|accounting|agriculture|animal_service|applied_arts_and_design|athletics|construction_woodwork|creative_writing|culinary_art|engineering|finance|health_care_service|human_resources|humanities|law|life_science|marketing_advertising|mathematics_statistics|mechanics_electronics|media|medical_science|music|nature_outdoors|office_work|performing_arts|personal_service|physical_science|physical_manual_labor|politics|professional_advising|protective_service|public_speaking|religious_activities|sales|social_science|social_service|teaching_education|transportation_machine_operation|visual_arts,0.0,0.0,0.0,0.0,0.0,3.0,0.0,0.0,0.0,0.0,0.0,0.0,0.0,0.0,2.0,0.0,0.0,1.0,0.0,0.0,0.0,0.0,0.0,0.0,0.0,0.0,0.0,0.0,0.0,0.0,0.0,0.0,0.0,0.0,0.0,0.0,0.0,0.0,0.0,0.0,0.0,2.21,1.0,1.0,1.16,1.0,4.46,1.0,1.14,1.0,2.64,2.31,1.42,2.98,1.19,6.12,1.44,1.21,6.37,1.54,2.84,1.93,1.27,1.25,1.0,1.0,2.0,1.0,1.62,1.0,1.35,1.46,1.81,1.28,2.96,1.0,1.58,1.35,1.19,1.93,1.0,1.11
11-3031.00,Financial Managers,office_work|accounting|business_initiatives|management_administration|finance|agriculture|animal_service|applied_arts_and_design|athletics|construction_woodwork|creative_writing|culinary_art|engineering|health_care_service|human_resources|humanities|information_technology|law|life_science|marketing_advertising|mathematics_statistics|mechanics_electronics|media|medical_science|music|nature_outdoors|performing_arts|personal_service|physical_science|physical_manual_labor|politics|professional_advising|protective_service|public_speaking|religious_activities|sales|social_science|social_service|teaching_education|transportation_machine_operation|visual_arts,4.0,0.0,0.0,0.0,0.0,3.0,0.0,0.0,0.0,0.0,1.0,0.0,0.0,0.0,0.0,0.0,0.0,2.0,0.0,0.0,0.0,0.0,0.0,0.0,0.0,5.0,0.0,0.0,0.0,0.0,0.0,0.0,0.0,0.0,0.0,0.0,0.0,0.0,0.0,0.0,0.0,5.12,1.0,1.0,1.0,1.0,5.97,1.0,1.14,1.0,1.0,6.85,1.13,3.27,1.03,2.08,2.35,1.0,6.6,2.08,2.71,1.06,1.17,1.0,1.0,1.0,4.46,1.0,2.31,1.0,1.0,1.71,2.46,1.12,3.06,1.0,3.48,1.6,1.35,1.57,1.0,1.0
11-3031.01,Treasurers and Controllers,office_work|mathematics_statistics|business_initiatives|accounting|management_administration|finance|agriculture|animal_service|applied_arts_and_design|athletics|construction_woodwork|creative_writing|culinary_art|engineering|health_care_service|human_resources|humanities|information_technology|law|life_science|marketing_advertising|mechanics_electronics|media|medical_science|music|nature_outdoors|performing_arts|personal_service|physical_science|physical_manual_labor|politics|professional_advising|protective_service|public_speaking|religious_activities|sales|social_science|social_service|teaching_education|transportation_machine_operation|visual_arts,3.0,0.0,0.0,0.0,0.0,4.0,0.0,0.0,0.0,0.0,1.0,0.0,0.0,0.0,0.0,0.0,0.0,2.0,0.0,5.0,0.0,0.0,0.0,0.0,0.0,6.0,0.0,0.0,0.0,0.0,0.0,0.0,0.0,0.0,0.0,0.0,0.0,0.0,0.0,0.0,0.0,5.93,1.0,1.0,1.0,1.0,4.73,1.0,1.07,1.0,1.0,6.85,1.06,2.47,1.0,1.53,1.95,1.0,6.51,1.24,4.33,1.0,1.05,1.0,1.0,1.0,4.14,1.0,1.18,1.0,1.0,1.44,1.75,1.12,2.48,1.0,1.31,1.38,1.11,1.51,1.0,1.0
11-3031.03,Investment Fund Managers,mathematics_statistics|business_initiatives|management_administration|finance|accounting|agriculture|animal_service|applied_arts_and_design|athletics|construction_woodwork|creative_writing|culinary_art|engineering|health_care_service|human_resources|humanities|information_technology|law|life_science|marketing_advertising|mechanics_electronics|media|medical_science|music|nature_outdoors|office_work|performing_arts|personal_service|physical_science|physical_manual_labor|politics|professional_advising|protective_service|public_speaking|religious_activities|sales|social_science|social_service|teaching_education|transportation_machine_operation|visual_arts,0.0,0.0,0.0,0.0,0.0,3.0,0.0,0.0,0.0,0.0,1.0,0.0,0.0,0.0,0.0,0.0,0.0,2.0,0.0,4.0,0.0,0.0,0.0,0.0,0.0,0.0,0.0,0.0,0.0,0.0,0.0,0.0,0.0,0.0,0.0,0.0,0.0,0.0,0.0,0.0,0.0,3.87,1.0,1.0,1.0,1.0,6.03,1.0,1.14,1.0,1.06,6.71,1.0,1.6,1.19,2.53,2.87,1.03,6.11,2.08,4.21,1.03,1.38,1.0,1.0,1.0,2.95,1.0,1.49,1.0,1.1,1.99,1.86,1.12,3.57,1.0,3.72,1.84,1.08,1.36,1.0,1.0
11-3051.00,Industrial Production Managers,engineering|business_initiatives|management_administration|accounting|agriculture|animal_service|applied_arts_and_design|athletics|construction_woodwork|creative_writing|culinary_art|finance|health_care_service|human_resources|humanities|information_technology|law|life_science|marketing_advertising|mathematics_statistics|mechanics_electronics|media|medical_science|music|nature_outdoors|office_work|performing_arts|personal_service|physical_science|physical_manual_labor|politics|professional_advising|protective_service|public_speaking|religious_activities|sales|social_science|social_service|teaching_education|transportation_machine_operation|visual_arts,0.0,0.0,0.0,0.0,0.0,2.0,0.0,0.0,0.0,3.0,0.0,0.0,0.0,0.0,0.0,0.0,0.0,1.0,0.0,0.0,0.0,0.0,0.0,0.0,0.0,0.0,0.0,0.0,0.0,0.0,0.0,0.0,0.0,0.0,0.0,0.0,0.0,0.0,0.0,0.0,0.0,2.81,1.34,1.0,1.1,1.06,3.89,2.19,1.11,1.5,3.38,2.44,1.03,3.34,1.06,1.89,1.22,1.34,6.46,1.35,2.41,3.14,1.1,1.19,1.0,1.02,2.15,1.0,1.18,1.68,1.42,1.32,1.47,1.23,2.12,1.0,1.6,1.24,1.06,1.45,2.0,1.04
11-3051.01,Quality Control Systems Managers,engineering|mathematics_statistics|management_administration|accounting|agriculture|animal_service|applied_arts_and_design|athletics|business_initiatives|construction_woodwork|creative_writing|culinary_art|finance|health_care_service|human_resources|humanities|information_technology|law|life_science|marketing_advertising|mechanics_electronics|media|medical_science|music|nature_outdoors|office_work|performing_arts|personal_service|physical_science|physical_manual_labor|politics|professional_advising|protective_service|public_speaking|religious_activities|sales|social_science|social_service|teaching_education|transportation_machine_operation|visual_arts,0.0,0.0,0.0,0.0,0.0,0.0,0.0,0.0,0.0,3.0,0.0,0.0,0.0,0.0,0.0,0.0,0.0,1.0,0.0,2.0,0.0,0.0,0.0,0.0,0.0,0.0,0.0,0.0,0.0,0.0,0.0,0.0,0.0,0.0,0.0,0.0,0.0,0.0,0.0,0.0,0.0,2.42,1.3,1.0,1.1,1.0,2.68,1.44,1.11,1.19,3.16,1.59,1.49,2.25,1.03,2.77,1.51,2.42,5.93,1.32,3.56,2.16,1.1,2.65,1.0,1.0,2.37,1.0,1.18,1.21,2.63,1.17,1.33,1.16,2.12,1.0,1.36,1.29,1.11,1.93,1.13,1.11
11-3061.00,Purchasing Managers,office_work|business_initiatives|management_administration|accounting|agriculture|animal_service|applied_arts_and_design|athletics|construction_woodwork|creative_writing|culinary_art|engineering|finance|health_care_service|human_resources|humanities|information_technology|law|life_science|marketing_advertising|mathematics_statistics|mechanics_electronics|media|medical_science|music|nature_outdoors|performing_arts|personal_service|physical_science|physical_manual_labor|politics|professional_advising|protective_service|public_speaking|religious_activities|sales|social_science|social_service|teaching_education|transportation_machine_operation|visual_arts,0.0,0.0,0.0,0.0,0.0,2.0,0.0,0.0,0.0,0.0,0.0,0.0,0.0,0.0,0.0,0.0,0.0,1.0,0.0,0.0,0.0,0.0,0.0,0.0,0.0,3.0,0.0,0.0,0.0,0.0,0.0,0.0,0.0,0.0,0.0,0.0,0.0,0.0,0.0,0.0,0.0,3.07,1.11,1.0,1.1,1.0,4.59,1.18,1.14,1.31,1.23,3.12,1.19,2.8,1.12,1.92,2.21,1.03,6.46,1.43,1.7,1.26,1.05,1.03,1.0,1.0,3.96,1.0,1.46,1.04,1.07,1.56,1.61,1.04,2.32,1.0,2.1,1.24,1.1,1.42,1.1,1.0
11-3071.00,"Transportation, Storage, and Distribution Managers",accounting|business_initiatives|management_administration|agriculture|animal_service|applied_arts_and_design|athletics|construction_woodwork|creative_writing|culinary_art|engineering|finance|health_care_service|human_resources|humanities|information_technology|law|life_science|marketing_advertising|mathematics_statistics|mechanics_electronics|media|medical_science|music|nature_outdoors|office_work|performing_arts|personal_service|physical_science|physical_manual_labor|politics|professional_advising|protective_service|public_speaking|religious_activities|sales|social_science|social_service|teaching_education|transportation_machine_operation|visual_arts,3.0,0.0,0.0,0.0,0.0,2.0,0.0,0.0,0.0,0.0,0.0,0.0,0.0,0.0,0.0,0.0,0.0,1.0,0.0,0.0,0.0,0.0,0.0,0.0,0.0,0.0,0.0,0.0,0.0,0.0,0.0,0.0,0.0,0.0,0.0,0.0,0.0,0.0,0.0,0.0,0.0,3.03,1.3,1.05,1.0,1.0,4.55,1.18,1.07,1.12,2.01,2.84,1.1,2.98,1.0,2.5,2.5,1.03,6.55,1.32,2.44,2.35,1.12,1.05,1.0,1.13,3.03,1.0,1.46,1.6,1.16,1.59,1.47,1.63,2.22,1.0,2.13,1.24,1.15,1.42,2.77,1.0
11-3071.04,Supply Chain Managers,accounting|business_initiatives|management_administration|agriculture|animal_service|applied_arts_and_design|athletics|construction_woodwork|creative_writing|culinary_art|engineering|finance|health_care_service|human_resources|humanities|information_technology|law|life_science|marketing_advertising|mathematics_statistics|mechanics_electronics|media|medical_science|music|nature_outdoors|office_work|performing_arts|personal_service|physical_science|physical_manual_labor|politics|professional_advising|protective_service|public_speaking|religious_activities|sales|social_science|social_service|teaching_education|transportation_machine_operation|visual_arts,3.0,0.0,0.0,0.0,0.0,2.0,0.0,0.0,0.0,0.0,0.0,0.0,0.0,0.0,0.0,0.0,0.0,1.0,0.0,0.0,0.0,0.0,0.0,0.0,0.0,0.0,0.0,0.0,0.0,0.0,0.0,0.0,0.0,0.0,0.0,0.0,0.0,0.0,0.0,0.0,0.0,3.14,1.26,1.0,1.0,1.0,5.06,1.18,1.02,1.23,1.66,2.57,1.19,2.4,1.06,2.5,1.47,1.18,6.33,1.54,2.74,1.59,1.1,1.05,1.0,1.06,2.81,1.0,1.3,1.3,1.18,1.26,1.43,1.12,2.68,1.0,2.07,1.29,1.1,1.45,1.9,1.02
11-3111.00,Compensation and Benefits Managers,accounting|management_administration|human_resources|agriculture|animal_service|applied_arts_and_design|athletics|business_initiatives|construction_woodwork|creative_writing|culinary_art|engineering|finance|health_care_service|humanities|information_technology|law|life_science|marketing_advertising|mathematics_statistics|mechanics_electronics|media|medical_science|music|nature_outdoors|office_work|performing_arts|personal_service|physical_science|physical_manual_labor|politics|professional_advising|protective_service|public_speaking|religious_activities|sales|social_science|social_service|teaching_education|transportation_machine_operation|visual_arts,3.0,0.0,0.0,0.0,0.0,0.0,0.0,0.0,0.0,0.0,0.0,0.0,1.0,0.0,0.0,0.0,0.0,2.0,0.0,0.0,0.0,0.0,0.0,0.0,0.0,0.0,0.0,0.0,0.0,0.0,0.0,0.0,0.0,0.0,0.0,0.0,0.0,0.0,0.0,0.0,0.0,4.66,1.0,1.0,1.0,1.0,3.57,1.0,1.21,1.0,1.0,3.9,1.32,6.66,1.16,1.47,3.6,1.0,6.42,1.35,2.64,1.0,1.22,1.0,1.0,1.0,3.33,1.0,1.68,1.0,1.0,1.86,2.73,1.0,2.75,1.0,1.43,2.28,1.91,1.84,1.0,1.02
11-3121.00,Human Resources Managers,professional_advising|business_initiatives|office_work|management_administration|human_resources|accounting|agriculture|animal_service|applied_arts_and_design|athletics|construction_woodwork|creative_writing|culinary_art|engineering|finance|health_care_service|humanities|information_technology|law|life_science|marketing_advertising|mathematics_statistics|mechanics_electronics|media|medical_science|music|nature_outdoors|performing_arts|personal_service|physical_science|physical_manual_labor|politics|protective_service|public_speaking|religious_activities|sales|social_science|social_service|teaching_education|transportation_machine_operation|visual_arts,0.0,0.0,0.0,0.0,0.0,4.0,0.0,0.0,0.0,0.0,0.0,0.0,1.0,0.0,0.0,0.0,0.0,2.0,0.0,0.0,0.0,0.0,0.0,0.0,0.0,3.0,0.0,0.0,0.0,0.0,0.0,5.0,0.0,0.0,0.0,0.0,0.0,0.0,0.0,0.0,0.0,2.53,1.0,1.0,1.05,1.09,4.06,1.0,1.26,1.0,1.0,1.97,1.52,6.89,1.35,1.86,3.35,1.0,6.73,1.83,1.94,1.0,1.48,1.08,1.0,1.0,4.37,1.07,2.04,1.0,1.0,2.52,4.01,1.67,3.79,1.04,1.68,2.64,2.45,2.64,1.0,1.04
11-3131.00,Training and Development Managers,teaching_education|professional_advising|public_speaking|human_resources|management_administration|accounting|agriculture|animal_service|applied_arts_and_design|athletics|business_initiatives|construction_woodwork|creative_writing|culinary_art|engineering|finance|health_care_service|humanities|information_technology|law|life_science|marketing_advertising|mathematics_statistics|mechanics_electronics|media|medical_science|music|nature_outdoors|office_work|performing_arts|personal_service|physical_science|physical_manual_labor|politics|protective_service|religious_activities|sales|social_science|social_service|transportation_machine_operation|visual_arts,0.0,0.0,0.0,0.0,0.0,0.0,0.0,0.0,0.0,0.0,0.0,0.0,2.0,0.0,0.0,0.0,0.0,1.0,0.0,0.0,0.0,0.0,0.0,0.0,0.0,0.0,0.0,0.0,0.0,0.0,0.0,4.0,0.0,3.0,0.0,0.0,0.0,0.0,5.0,0.0,0.0,1.69,1.0,1.0,1.38,1.2,3.26,1.0,1.36,1.19,1.26,1.53,1.69,5.85,1.48,2.3,1.62,1.21,6.15,2.02,1.67,1.2,2.18,1.19,1.14,1.06,2.88,1.3,2.34,1.02,1.07,1.59,5.71,1.23,5.73,1.13,1.95,2.91,2.89,5.22,1.0,1.35
11-9013.00,"Farmers, Ranchers, and Other Agricultural Managers",business_initiatives|nature_outdoors|management_administration|agriculture|accounting|animal_service|applied_arts_and_design|athletics|construction_woodwork|creative_writing|culinary_art|engineering|finance|health_care_service|human_resources|humanities|information_technology|law|life_science|marketing_advertising|mathematics_statistics|mechanics_electronics|media|medical_science|music|office_work|performing_arts|personal_service|physical_science|physical_manual_labor|politics|professional_advising|protective_service|public_speaking|religious_activities|sales|social_science|social_service|teaching_education|transportation_machine_operation|visual_arts,0.0,1.0,0.0,0.0,0.0,4.0,0.0,0.0,0.0,0.0,0.0,0.0,0.0,0.0,0.0,0.0,0.0,2.0,0.0,0.0,0.0,0.0,0.0,0.0,3.0,0.0,0.0,0.0,0.0,0.0,0.0,0.0,0.0,0.0,0.0,0.0,0.0,0.0,0.0,0.0,0.0,3.07,7.0,3.19,1.1,1.2,4.02,2.02,1.07,1.46,2.04,2.7,1.1,2.69,1.09,1.56,1.33,3.29,6.06,2.14,1.94,2.42,1.1,1.54,1.0,5.46,1.87,1.0,1.46,3.8,1.95,1.96,1.49,1.12,1.93,1.0,2.8,1.26,1.1,1.71,3.27,1.0
11-9021.00,Construction Managers,engineering|construction_woodwork|management_administration|accounting|agriculture|animal_service|applied_arts_and_design|athletics|business_initiatives|creative_writing|culinary_art|finance|health_care_service|human_resources|humanities|information_technology|law|life_science|marketing_advertising|mathematics_statistics|mechanics_electronics|media|medical_science|music|nature_outdoors|office_work|performing_arts|personal_service|physical_science|physical_manual_labor|politics|professional_advising|protective_service|public_speaking|religious_activities|sales|social_science|social_service|teaching_education|transportation_machine_operation|visual_arts,0.0,0.0,0.0,0.0,0.0,0.0,2.0,0.0,0.0,3.0,0.0,0.0,0.0,0.0,0.0,0.0,0.0,1.0,0.0,0.0,0.0,0.0,0.0,0.0,0.0,0.0,0.0,0.0,0.0,0.0,0.0,0.0,0.0,0.0,0.0,0.0,0.0,0.0,0.0,0.0,0.0,3.14,1.08,1.0,1.29,1.06,3.69,4.67,1.11,1.0,3.97,2.47,1.0,2.91,1.06,2.05,2.68,1.08,6.19,1.37,2.22,2.59,1.17,1.0,1.0,1.52,1.98,1.0,1.34,1.93,1.44,1.65,1.49,1.48,2.78,1.0,2.04,1.26,1.1,1.36,2.25,1.13
11-9031.00,"Education and Childcare Administrators, Preschool and Daycare",professional_advising|human_resources|teaching_education|social_service|management_administration|accounting|agriculture|animal_service|applied_arts_and_design|athletics|business_initiatives|construction_woodwork|creative_writing|culinary_art|engineering|finance|health_care_service|humanities|information_technology|law|life_science|marketing_advertising|mathematics_statistics|mechanics_electronics|media|medical_science|music|nature_outdoors|office_work|performing_arts|personal_service|physical_science|physical_manual_labor|politics|protective_service|public_speaking|religious_activities|sales|social_science|transportation_machine_operation|visual_arts,0.0,0.0,0.0,0.0,0.0,0.0,0.0,0.0,0.0,0.0,0.0,0.0,4.0,0.0,0.0,0.0,0.0,1.0,0.0,0.0,0.0,0.0,0.0,0.0,0.0,0.0,0.0,0.0,0.0,0.0,0.0,5.0,0.0,0.0,0.0,0.0,0.0,2.0,3.0,0.0,0.0,2.88,1.0,1.0,1.32,1.14,2.65,1.0,1.62,1.19,1.0,2.25,1.56,4.49,1.71,1.59,1.73,1.15,6.33,2.05,1.7,1.03,1.71,1.14,1.28,1.06,3.34,1.17,3.5,1.12,1.03,1.71,4.33,1.32,3.75,1.4,1.68,2.74,5.53,4.64,1.0,1.3
11-9032.00,"Education Administrators, Kindergarten through Secondary",human_resources|teaching_education|public_speaking|professional_advising|social_service|management_administration|accounting|agriculture|animal_service|applied_arts_and_design|athletics|business_initiatives|construction_woodwork|creative_writing|culinary_art|engineering|finance|health_care_service|humanities|information_technology|law|life_science|marketing_advertising|mathematics_statistics|mechanics_electronics|media|medical_science|music|nature_outdoors|office_work|performing_arts|personal_service|physical_science|physical_manual_labor|politics|protective_service|religious_activities|sales|social_science|transportation_machine_operation|visual_arts,0.0,0.0,0.0,0.0,0.0,0.0,0.0,0.0,0.0,0.0,0.0,0.0,6.0,0.0,0.0,0.0,0.0,1.0,0.0,0.0,0.0,0.0,0.0,0.0,0.0,0.0,0.0,0.0,0.0,0.0,0.0,3.0,0.0,4.0,0.0,0.0,0.0,2.0,5.0,0.0,0.0,2.42,1.0,1.0,1.32,2.03,3.04,1.0,1.51,1.0,1.12,2.09,1.46,4.2,2.24,1.83,1.91,1.15,6.33,1.93,1.97,1.11,1.85,1.16,1.19,1.02,2.99,1.15,2.38,1.02,1.1,2.72,5.02,1.63,4.61,1.34,1.5,2.64,5.23,4.52,1.0,1.2
11-9033.00,"Education Administrators, Postsecondary",business_initiatives|public_speaking|human_resources|professional_advising|management_administration|accounting|agriculture|animal_service|applied_arts_and_design|athletics|construction_woodwork|creative_writing|culinary_art|engineering|finance|health_care_service|humanities|information_technology|law|life_science|marketing_advertising|mathematics_statistics|mechanics_electronics|media|medical_science|music|nature_outdoors|office_work|performing_arts|personal_service|physical_science|physical_manual_labor|politics|protective_service|religious_activities|sales|social_science|social_service|teaching_education|transportation_machine_operation|visual_arts,0.0,0.0,0.0,0.0,0.0,5.0,0.0,0.0,0.0,0.0,0.0,0.0,3.0,0.0,0.0,0.0,0.0,1.0,0.0,0.0,0.0,0.0,0.0,0.0,0.0,0.0,0.0,0.0,0.0,0.0,0.0,2.0,0.0,4.0,0.0,0.0,0.0,0.0,0.0,0.0,0.0,3.36,1.0,1.0,1.24,1.38,4.23,1.0,1.33,1.04,1.06,2.77,1.29,4.64,2.58,2.01,1.99,1.6,6.33,2.63,2.28,1.06,2.09,1.51,1.14,1.06,3.41,1.17,3.0,1.0,1.37,2.72,4.86,1.23,4.57,1.22,2.07,2.91,3.64,3.53,1.0,1.13
11-9041.00,Architectural and Engineering Managers,engineering|business_initiatives|management_administration|accounting|agriculture|animal_service|applied_arts_and_design|athletics|construction_woodwork|creative_writing|culinary_art|finance|health_care_service|human_resources|humanities|information_technology|law|life_science|marketing_advertising|mathematics_statistics|mechanics_electronics|media|medical_science|music|nature_outdoors|office_work|performing_arts|personal_service|physical_science|physical_manual_labor|politics|professional_advising|protective_service|public_speaking|religious_activities|sales|social_science|social_service|teaching_education|transportation_machine_operation|visual_arts,0.0,0.0,0.0,0.0,0.0,2.0,0.0,0.0,0.0,3.0,0.0,0.0,0.0,0.0,0.0,0.0,0.0,1.0,0.0,0.0,0.0,0.0,0.0,0.0,0.0,0.0,0.0,0.0,0.0,0.0,0.0,0.0,0.0,0.0,0.0,0.0,0.0,0.0,0.0,0.0,0.0,2.53,1.08,1.0,1.97,1.0,5.26,2.36,1.21,1.04,4.95,2.57,1.19,2.58,1.28,2.87,1.95,1.54,6.33,1.69,3.34,2.42,1.38,1.45,1.0,1.57,2.88,1.04,1.43,1.17,2.43,1.77,1.7,1.16,3.83,1.0,2.1,1.49,1.15,1.57,1.3,1.61
11-9051.00,Food Service Managers,human_resources|culinary_art|management_administration|accounting|agriculture|animal_service|applied_arts_and_design|athletics|business_initiatives|construction_woodwork|creative_writing|engineering|finance|health_care_service|humanities|information_technology|law|life_science|marketing_advertising|mathematics_statistics|mechanics_electronics|media|medical_science|music|nature_outdoors|office_work|performing_arts|personal_service|physical_science|physical_manual_labor|politics|professional_advising|protective_service|public_speaking|religious_activities|sales|social_science|social_service|teaching_education|transportation_machine_operation|visual_arts,0.0,0.0,0.0,0.0,0.0,0.0,0.0,0.0,2.0,0.0,0.0,0.0,3.0,0.0,0.0,0.0,0.0,1.0,0.0,0.0,0.0,0.0,0.0,0.0,0.0,0.0,0.0,0.0,0.0,0.0,0.0,0.0,0.0,0.0,0.0,0.0,0.0,0.0,0.0,0.0,0.0,3.61,1.22,1.0,1.24,1.11,3.0,1.06,1.09,4.0,1.17,2.57,1.1,3.93,1.12,1.13,1.36,1.23,6.33,1.86,1.65,1.26,1.14,1.03,1.04,1.0,2.21,1.04,3.87,2.13,1.14,1.2,1.78,1.24,2.0,1.0,2.57,1.32,1.35,1.96,1.19,1.04
11-9071.00,Gambling Managers,accounting|business_initiatives|management_administration|agriculture|animal_service|applied_arts_and_design|athletics|construction_woodwork|creative_writing|culinary_art|engineering|finance|health_care_service|human_resources|humanities|information_technology|law|life_science|marketing_advertising|mathematics_statistics|mechanics_electronics|media|medical_science|music|nature_outdoors|office_work|performing_arts|personal_service|physical_science|physical_manual_labor|politics|professional_advising|protective_service|public_speaking|religious_activities|sales|social_science|social_service|teaching_education|transportation_machine_operation|visual_arts,3.0,0.0,0.0,0.0,0.0,2.0,0.0,0.0,0.0,0.0,0.0,0.0,0.0,0.0,0.0,0.0,0.0,1.0,0.0,0.0,0.0,0.0,0.0,0.0,0.0,0.0,0.0,0.0,0.0,0.0,0.0,0.0,0.0,0.0,0.0,0.0,0.0,0.0,0.0,0.0,0.0,3.91,1.0,1.0,1.0,1.0,4.5,1.0,1.07,1.04,1.09,2.91,1.03,3.83,1.09,1.71,2.46,1.0,6.42,2.76,1.85,1.17,1.14,1.0,1.0,1.0,2.5,1.0,2.93,1.12,1.0,1.5,1.51,2.56,2.41,1.0,3.45,1.49,1.25,1.65,1.0,1.0
11-9072.00,"Entertainment and Recreation Managers, Except Gambling",athletics|personal_service|management_administration|accounting|agriculture|animal_service|applied_arts_and_design|business_initiatives|construction_woodwork|creative_writing|culinary_art|engineering|finance|health_care_service|human_resources|humanities|information_technology|law|life_science|marketing_advertising|mathematics_statistics|mechanics_electronics|media|medical_science|music|nature_outdoors|office_work|performing_arts|physical_science|physical_manual_labor|politics|professional_advising|protective_service|public_speaking|religious_activities|sales|social_science|social_service|teaching_education|transportation_machine_operation|visual_arts,0.0,0.0,0.0,0.0,3.0,0.0,0.0,0.0,0.0,0.0,0.0,0.0,0.0,0.0,0.0,0.0,0.0,1.0,0.0,0.0,0.0,0.0,0.0,0.0,0.0,0.0,0.0,2.0,0.0,0.0,0.0,0.0,0.0,0.0,0.0,0.0,0.0,0.0,0.0,0.0,0.0,3.17,1.09,1.15,1.64,3.66,3.18,1.18,1.43,1.5,1.26,2.44,1.49,3.6,1.38,1.74,1.22,1.03,6.15,2.93,1.65,1.44,1.88,1.08,1.52,2.64,2.44,1.88,4.33,1.71,1.0,1.47,1.75,1.59,3.57,1.0,2.6,1.9,1.91,2.41,1.5,1.45
11-9081.00,Lodging Managers,human_resources|business_initiatives|personal_service|management_administration|accounting|agriculture|animal_service|applied_arts_and_design|athletics|construction_woodwork|creative_writing|culinary_art|engineering|finance|health_care_service|humanities|information_technology|law|life_science|marketing_advertising|mathematics_statistics|mechanics_electronics|media|medical_science|music|nature_outdoors|office_work|performing_arts|physical_science|physical_manual_labor|politics|professional_advising|protective_service|public_speaking|religious_activities|sales|social_science|social_service|teaching_education|transportation_machine_operation|visual_arts,0.0,0.0,0.0,0.0,0.0,3.0,0.0,0.0,0.0,0.0,0.0,0.0,4.0,0.0,0.0,0.0,0.0,1.0,0.0,0.0,0.0,0.0,0.0,0.0,0.0,0.0,0.0,2.0,0.0,0.0,0.0,0.0,0.0,0.0,0.0,0.0,0.0,0.0,0.0,0.0,0.0,3.65,1.0,1.0,1.24,1.03,4.59,1.09,1.14,1.81,1.06,3.26,1.06,4.08,1.19,1.59,1.25,1.0,6.51,2.73,1.56,1.17,1.38,1.0,1.07,1.13,3.62,1.04,5.76,1.33,1.0,1.29,1.83,1.51,2.85,1.0,3.92,1.49,1.78,2.28,1.0,1.04
11-9111.00,Medical and Health Services Managers,accounting|human_resources|business_initiatives|health_care_service|management_administration|agriculture|animal_service|applied_arts_and_design|athletics|construction_woodwork|creative_writing|culinary_art|engineering|finance|humanities|information_technology|law|life_science|marketing_advertising|mathematics_statistics|mechanics_electronics|media|medical_science|music|nature_outdoors|office_work|performing_arts|personal_service|physical_science|physical_manual_labor|politics|professional_advising|protective_service|public_speaking|religious_activities|sales|social_science|social_service|teaching_education|transportation_machine_operation|visual_arts,5.0,0.0,0.0,0.0,0.0,3.0,0.0,0.0,0.0,0.0,0.0,2.0,4.0,0.0,0.0,0.0,0.0,1.0,0.0,0.0,0.0,0.0,0.0,0.0,0.0,0.0,0.0,0.0,0.0,0.0,0.0,0.0,0.0,0.0,0.0,0.0,0.0,0.0,0.0,0.0,0.0,4.02,1.0,1.07,1.05,1.17,4.96,1.0,1.18,1.08,1.29,3.67,4.98,4.64,1.41,2.87,2.17,2.29,6.78,2.14,2.44,1.32,1.35,2.32,1.0,1.0,3.87,1.0,2.04,1.1,1.37,2.32,2.63,1.48,3.98,1.04,1.84,2.37,3.29,2.61,1.0,1.04
11-9121.00,Natural Sciences Managers,business_initiatives|public_speaking|medical_science|physical_science|life_science|management_administration|accounting|agriculture|animal_service|applied_arts_and_design|athletics|construction_woodwork|creative_writing|culinary_art|engineering|finance|health_care_service|human_resources|humanities|information_technology|law|marketing_advertising|mathematics_statistics|mechanics_electronics|media|music|nature_outdoors|office_work|performing_arts|personal_service|physical_manual_labor|politics|professional_advising|protective_service|religious_activities|sales|social_science|social_service|teaching_education|transportation_machine_operation|visual_arts,0.0,0.0,0.0,0.0,0.0,6.0,0.0,0.0,0.0,0.0,0.0,0.0,0.0,0.0,0.0,0.0,2.0,1.0,0.0,0.0,0.0,0.0,4.0,0.0,0.0,0.0,0.0,0.0,0.0,3.0,0.0,0.0,0.0,5.0,0.0,0.0,0.0,0.0,0.0,0.0,0.0,2.53,1.47,1.25,1.1,1.0,4.23,1.06,1.28,1.08,2.88,2.15,1.83,3.23,1.25,2.67,1.69,5.17,6.24,1.75,3.98,1.81,1.46,4.45,1.0,1.87,2.37,1.04,1.46,1.12,4.84,1.8,2.09,1.16,4.29,1.0,1.84,1.87,1.23,1.87,1.06,1.2
11-9121.01,Clinical Research Coordinators,management_administration|life_science|health_care_service|medical_science|accounting|agriculture|animal_service|applied_arts_and_design|athletics|business_initiatives|construction_woodwork|creative_writing|culinary_art|engineering|finance|human_resources|humanities|information_technology|law|marketing_advertising|mathematics_statistics|mechanics_electronics|media|music|nature_outdoors|office_work|performing_arts|personal_service|physical_science|physical_manual_labor|politics|professional_advising|protective_service|public_speaking|religious_activities|sales|social_science|social_service|teaching_education|transportation_machine_operation|visual_arts,0.0,0.0,0.0,0.0,0.0,0.0,0.0,0.0,0.0,0.0,0.0,2.0,0.0,0.0,0.0,0.0,3.0,4.0,0.0,0.0,0.0,0.0,1.0,0.0,0.0,0.0,0.0,0.0,0.0,0.0,0.0,0.0,0.0,0.0,0.0,0.0,0.0,0.0,0.0,0.0,0.0,1.86,1.0,1.05,1.0,1.0,1.81,1.0,1.26,1.0,1.26,1.5,4.48,2.07,1.38,1.95,1.66,4.43,4.15,1.77,2.81,1.11,1.2,5.44,1.0,1.0,3.58,1.0,2.07,1.08,1.74,1.17,1.86,1.12,2.48,1.0,1.5,3.15,1.89,2.28,1.0,1.0
11-9131.00,Postmasters and Mail Superintendents,human_resources|office_work|management_administration|accounting|agriculture|animal_service|applied_arts_and_design|athletics|business_initiatives|construction_woodwork|creative_writing|culinary_art|engineering|finance|health_care_service|humanities|information_technology|law|life_science|marketing_advertising|mathematics_statistics|mechanics_electronics|media|medical_science|music|nature_outdoors|performing_arts|personal_service|physical_science|physical_manual_labor|politics|professional_advising|protective_service|public_speaking|religious_activities|sales|social_science|social_service|teaching_education|transportation_machine_operation|visual_arts,0.0,0.0,0.0,0.0,0.0,0.0,0.0,0.0,0.0,0.0,0.0,0.0,3.0,0.0,0.0,0.0,0.0,1.0,0.0,0.0,0.0,0.0,0.0,0.0,0.0,2.0,0.0,0.0,0.0,0.0,0.0,0.0,0.0,0.0,0.0,0.0,0.0,0.0,0.0,0.0,0.0,2.99,1.0,1.0,1.0,1.0,2.39,1.0,1.04,1.0,1.06,2.0,1.0,4.38,1.0,1.74,1.95,1.0,6.33,1.29,1.39,1.17,1.1,1.0,1.0,1.0,4.7,1.0,2.14,1.26,1.0,1.53,1.65,1.47,2.22,1.0,1.6,1.24,1.65,1.57,1.4,1.0
11-9141.00,"Property, Real Estate, and Community Association Managers",sales|accounting|finance|business_initiatives|management_administration|agriculture|animal_service|applied_arts_and_design|athletics|construction_woodwork|creative_writing|culinary_art|engineering|health_care_service|human_resources|humanities|information_technology|law|life_science|marketing_advertising|mathematics_statistics|mechanics_electronics|media|medical_science|music|nature_outdoors|office_work|performing_arts|personal_service|physical_science|physical_manual_labor|politics|professional_advising|protective_service|public_speaking|religious_activities|social_science|social_service|teaching_education|transportation_machine_operation|visual_arts,4.0,0.0,0.0,0.0,0.0,2.0,0.0,0.0,0.0,0.0,3.0,0.0,0.0,0.0,0.0,0.0,0.0,1.0,0.0,0.0,0.0,0.0,0.0,0.0,0.0,0.0,0.0,0.0,0.0,0.0,0.0,0.0,0.0,0.0,0.0,5.0,0.0,0.0,0.0,0.0,0.0,4.17,1.04,1.0,1.21,1.06,4.87,2.36,1.14,1.0,1.45,4.45,1.0,2.91,1.19,1.95,3.02,1.0,6.51,2.7,1.94,1.68,1.25,1.0,1.0,1.2,3.96,1.0,2.48,1.33,1.03,1.74,1.78,1.43,2.99,1.0,4.12,1.49,1.44,1.39,1.19,1.13
11-9151.00,Social and Community Service Managers,professional_advising|public_speaking|human_resources|social_service|management_administration|accounting|agriculture|animal_service|applied_arts_and_design|athletics|business_initiatives|construction_woodwork|creative_writing|culinary_art|engineering|finance|health_care_service|humanities|information_technology|law|life_science|marketing_advertising|mathematics_statistics|mechanics_electronics|media|medical_science|music|nature_outdoors|office_work|performing_arts|personal_service|physical_science|physical_manual_labor|politics|protective_service|religious_activities|sales|social_science|teaching_education|transportation_machine_operation|visual_arts,0.0,0.0,0.0,0.0,0.0,0.0,0.0,0.0,0.0,0.0,0.0,0.0,3.0,0.0,0.0,0.0,0.0,1.0,0.0,0.0,0.0,0.0,0.0,0.0,0.0,0.0,0.0,0.0,0.0,0.0,0.0,5.0,0.0,4.0,0.0,0.0,0.0,2.0,0.0,0.0,0.0,2.85,1.0,1.0,1.1,1.17,3.49,1.0,1.41,1.0,1.0,2.37,2.65,4.57,1.8,1.68,2.94,1.13,6.42,2.02,1.65,1.0,1.51,1.42,1.04,1.11,3.14,1.09,3.65,1.02,1.0,2.96,4.19,2.02,4.33,1.5,1.92,3.63,6.1,2.71,1.0,1.13
11-9161.00,Emergency Management Directors,protective_service|public_speaking|management_administration|accounting|agriculture|animal_service|applied_arts_and_design|athletics|business_initiatives|construction_woodwork|creative_writing|culinary_art|engineering|finance|health_care_service|human_resources|humanities|information_technology|law|life_science|marketing_advertising|mathematics_statistics|mechanics_electronics|media|medical_science|music|nature_outdoors|office_work|performing_arts|personal_service|physical_science|physical_manual_labor|politics|professional_advising|religious_activities|sales|social_science|social_service|teaching_education|transportation_machine_operation|visual_arts,0.0,0.0,0.0,0.0,0.0,0.0,0.0,0.0,0.0,0.0,0.0,0.0,0.0,0.0,0.0,0.0,0.0,1.0,0.0,0.0,0.0,0.0,0.0,0.0,0.0,0.0,0.0,0.0,0.0,0.0,0.0,0.0,3.0,2.0,0.0,0.0,0.0,0.0,0.0,0.0,0.0,2.17,1.18,1.12,1.13,1.17,2.26,1.12,1.28,1.0,1.72,1.62,2.41,2.43,1.44,2.47,2.91,1.57,6.1,1.89,2.25,1.71,1.88,1.84,1.0,1.67,2.5,1.02,1.68,1.28,1.71,2.93,2.21,3.17,4.29,1.02,1.43,2.73,2.62,3.06,1.6,1.13
11-9171.00,Funeral Home Managers,business_initiatives|sales|personal_service|management_administration|accounting|agriculture|animal_service|applied_arts_and_design|athletics|construction_woodwork|creative_writing|culinary_art|engineering|finance|health_care_service|human_resources|humanities|information_technology|law|life_science|marketing_advertising|mathematics_statistics|mechanics_electronics|media|medical_science|music|nature_outdoors|office_work|performing_arts|physical_science|physical_manual_labor|politics|professional_advising|protective_service|public_speaking|religious_activities|social_science|social_service|teaching_education|transportation_machine_operation|visual_arts,0.0,0.0,0.0,0.0,0.0,4.0,0.0,0.0,0.0,0.0,0.0,0.0,0.0,0.0,0.0,0.0,0.0,1.0,0.0,0.0,0.0,0.0,0.0,0.0,0.0,0.0,0.0,2.0,0.0,0.0,0.0,0.0,0.0,0.0,0.0,3.0,0.0,0.0,0.0,0.0,0.0,3.43,1.0,1.0,1.27,1.0,4.19,1.09,1.26,1.0,1.0,3.09,1.59,3.79,1.87,1.59,2.72,1.15,6.33,2.97,1.62,1.14,1.48,1.16,1.11,1.0,3.62,1.11,5.76,1.3,1.05,1.32,2.84,1.2,3.42,2.06,4.33,1.99,2.96,1.93,1.3,1.13
11-9179.01,Fitness and Wellness Coordinators,professional_advising|public_speaking|teaching_education|personal_service|management_administration|athletics|accounting|agriculture|animal_service|applied_arts_and_design|business_initiatives|construction_woodwork|creative_writing|culinary_art|engineering|finance|health_care_service|human_resources|humanities|information_technology|law|life_science|marketing_advertising|mathematics_statistics|mechanics_electronics|media|medical_science|music|nature_outdoors|office_work|performing_arts|physical_science|physical_manual_labor|politics|protective_service|religious_activities|sales|social_science|social_service|transportation_machine_operation|visual_arts,0.0,0.0,0.0,0.0,1.0,0.0,0.0,0.0,0.0,0.0,0.0,0.0,0.0,0.0,0.0,0.0,0.0,2.0,0.0,0.0,0.0,0.0,0.0,0.0,0.0,0.0,0.0,3.0,0.0,0.0,0.0,6.0,0.0,5.0,0.0,0.0,0.0,0.0,4.0,0.0,0.0,2.07,1.0,1.0,1.16,6.06,3.69,1.0,1.28,1.31,1.09,1.7,3.55,3.31,1.16,1.59,1.07,1.83,5.81,3.15,1.45,1.2,2.15,1.75,1.11,1.24,2.34,1.28,4.52,1.76,1.1,1.2,4.15,1.16,4.25,1.04,2.7,2.15,3.76,4.33,1.0,1.13
11-9179.02,Spa Managers,sales|human_resources|business_initiatives|personal_service|management_administration|accounting|agriculture|animal_service|applied_arts_and_design|athletics|construction_woodwork|creative_writing|culinary_art|engineering|finance|health_care_service|humanities|information_technology|law|life_science|marketing_advertising|mathematics_statistics|mechanics_electronics|media|medical_science|music|nature_outdoors|office_work|performing_arts|physical_science|physical_manual_labor|politics|professional_advising|protective_service|public_speaking|religious_activities|social_science|social_service|teaching_education|transportation_machine_operation|visual_arts,0.0,0.0,0.0,0.0,0.0,3.0,0.0,0.0,0.0,0.0,0.0,0.0,4.0,0.0,0.0,0.0,0.0,1.0,0.0,0.0,0.0,0.0,0.0,0.0,0.0,0.0,0.0,2.0,0.0,0.0,0.0,0.0,0.0,0.0,0.0,5.0,0.0,0.0,0.0,0.0,0.0,3.65,1.0,1.0,1.27,1.14,4.55,1.0,1.11,1.08,1.03,2.74,1.83,4.27,1.06,1.24,1.14,1.03,6.24,3.11,1.42,1.08,1.22,1.0,1.0,1.0,3.87,1.04,5.47,1.15,1.0,1.0,2.18,1.12,2.15,1.0,4.2,1.29,1.78,2.15,1.0,1.02
11-9199.01,Regulatory Affairs Managers,office_work|law|management_administration|accounting|agriculture|animal_service|applied_arts_and_design|athletics|business_initiatives|construction_woodwork|creative_writing|culinary_art|engineering|finance|health_care_service|human_resources|humanities|information_technology|life_science|marketing_advertising|mathematics_statistics|mechanics_electronics|media|medical_science|music|nature_outdoors|performing_arts|personal_service|physical_science|physical_manual_labor|politics|professional_advising|protective_service|public_speaking|religious_activities|sales|social_science|social_service|teaching_education|transportation_machine_operation|visual_arts,0.0,0.0,0.0,0.0,0.0,0.0,0.0,0.0,0.0,0.0,0.0,0.0,0.0,0.0,0.0,2.0,0.0,1.0,0.0,0.0,0.0,0.0,0.0,0.0,0.0,3.0,0.0,0.0,0.0,0.0,0.0,0.0,0.0,0.0,0.0,0.0,0.0,0.0,0.0,0.0,0.0,1.96,1.08,1.07,1.0,1.0,3.07,1.0,1.14,1.04,1.57,1.59,2.06,2.04,1.31,1.62,4.76,2.29,6.33,1.32,1.59,1.03,1.14,2.89,1.0,1.15,4.65,1.0,1.18,1.0,1.74,3.25,1.73,1.36,3.53,1.0,1.33,1.93,1.25,1.68,1.0,1.0
11-9199.08,Loss Prevention Managers,law|protective_service|management_administration|accounting|agriculture|animal_service|applied_arts_and_design|athletics|business_initiatives|construction_woodwork|creative_writing|culinary_art|engineering|finance|health_care_service|human_resources|humanities|information_technology|life_science|marketing_advertising|mathematics_statistics|mechanics_electronics|media|medical_science|music|nature_outdoors|office_work|performing_arts|personal_service|physical_science|physical_manual_labor|politics|professional_advising|public_speaking|religious_activities|sales|social_science|social_service|teaching_education|transportation_machine_operation|visual_arts,0.0,0.0,0.0,0.0,0.0,0.0,0.0,0.0,0.0,0.0,0.0,0.0,0.0,0.0,0.0,3.0,0.0,1.0,0.0,0.0,0.0,0.0,0.0,0.0,0.0,0.0,0.0,0.0,0.0,0.0,0.0,0.0,2.0,0.0,0.0,0.0,0.0,0.0,0.0,0.0,0.0,2.81,1.0,1.0,1.0,1.0,2.23,1.0,1.04,1.0,1.23,2.21,1.0,2.65,1.09,1.95,3.13,1.0,6.02,1.16,1.79,1.68,1.14,1.0,1.0,1.0,2.34,1.0,1.37,1.26,1.03,1.46,1.7,4.73,2.78,1.0,1.43,1.69,1.25,2.12,1.2,1.0
13-1011.00,"Agents and Business Managers of Artists, Performers, and Athletes",marketing_advertising|management_administration|sales|business_initiatives|professional_advising|accounting|agriculture|animal_service|applied_arts_and_design|athletics|construction_woodwork|creative_writing|culinary_art|engineering|finance|health_care_service|human_resources|humanities|information_technology|law|life_science|mathematics_statistics|mechanics_electronics|media|medical_science|music|nature_outdoors|office_work|performing_arts|personal_service|physical_science|physical_manual_labor|politics|protective_service|public_speaking|religious_activities|social_science|social_service|teaching_education|transportation_machine_operation|visual_arts,0.0,0.0,0.0,0.0,0.0,2.0,0.0,0.0,0.0,0.0,0.0,0.0,0.0,0.0,0.0,0.0,0.0,4.0,5.0,0.0,0.0,0.0,0.0,0.0,0.0,0.0,0.0,0.0,0.0,0.0,0.0,1.0,0.0,0.0,0.0,3.0,0.0,0.0,0.0,0.0,0.0,2.49,1.0,1.0,2.25,2.29,5.51,1.0,1.67,1.12,1.0,2.98,1.0,2.72,2.07,1.22,2.76,1.0,5.26,5.18,1.15,1.0,3.48,1.0,2.86,1.0,3.14,3.32,3.36,1.0,1.0,1.77,5.71,1.0,3.53,1.0,5.41,1.6,1.86,1.75,1.0,1.97
13-1021.00,"Buyers and Purchasing Agents, Farm Products",accounting|management_administration|agriculture|animal_service|applied_arts_and_design|athletics|business_initiatives|construction_woodwork|creative_writing|culinary_art|engineering|finance|health_care_service|human_resources|humanities|information_technology|law|life_science|marketing_advertising|mathematics_statistics|mechanics_electronics|media|medical_science|music|nature_outdoors|office_work|performing_arts|personal_service|physical_science|physical_manual_labor|politics|professional_advising|protective_service|public_speaking|religious_activities|sales|social_science|social_service|teaching_education|transportation_machine_operation|visual_arts,3.0,1.0,0.0,0.0,0.0,0.0,0.0,0.0,0.0,0.0,0.0,0.0,0.0,0.0,0.0,0.0,0.0,2.0,0.0,0.0,0.0,0.0,0.0,0.0,0.0,0.0,0.0,0.0,0.0,0.0,0.0,0.0,0.0,0.0,0.0,0.0,0.0,0.0,0.0,0.0,0.0,3.65,4.48,1.38,1.0,1.0,3.33,1.15,1.07,1.38,1.2,2.77,1.0,1.6,1.06,1.59,2.06,1.37,3.84,1.86,1.62,1.23,1.14,1.0,1.0,1.41,3.18,1.0,1.4,1.52,1.16,1.59,1.12,1.23,1.78,1.0,2.77,1.24,1.06,1.14,2.07,1.0
13-1022.00,"Wholesale and Retail Buyers, Except Farm Products",sales|management_administration|business_initiatives|accounting|agriculture|animal_service|applied_arts_and_design|athletics|construction_woodwork|creative_writing|culinary_art|engineering|finance|health_care_service|human_resources|humanities|information_technology|law|life_science|marketing_advertising|mathematics_statistics|mechanics_electronics|media|medical_science|music|nature_outdoors|office_work|performing_arts|personal_service|physical_science|physical_manual_labor|politics|professional_advising|protective_service|public_speaking|religious_activities|social_science|social_service|teaching_education|transportation_machine_operation|visual_arts,0.0,0.0,0.0,0.0,0.0,1.0,0.0,0.0,0.0,0.0,0.0,0.0,0.0,0.0,0.0,0.0,0.0,2.0,0.0,0.0,0.0,0.0,0.0,0.0,0.0,0.0,0.0,0.0,0.0,0.0,0.0,0.0,0.0,0.0,0.0,3.0,0.0,0.0,0.0,0.0,0.0,3.17,1.09,1.0,1.32,1.0,6.03,1.06,1.14,1.42,1.26,2.74,1.06,1.57,1.16,1.68,1.36,1.0,4.11,2.5,2.19,1.29,1.22,1.0,1.02,1.11,3.22,1.04,1.65,1.28,1.05,1.11,1.45,1.0,2.58,1.0,3.72,1.29,1.13,1.28,1.19,1.13
13-1023.00,"Purchasing Agents, Except Wholesale, Retail, and Farm Products",accounting|business_initiatives|management_administration|agriculture|animal_service|applied_arts_and_design|athletics|construction_woodwork|creative_writing|culinary_art|engineering|finance|health_care_service|human_resources|humanities|information_technology|law|life_science|marketing_advertising|mathematics_statistics|mechanics_electronics|media|medical_science|music|nature_outdoors|office_work|performing_arts|personal_service|physical_science|physical_manual_labor|politics|professional_advising|protective_service|public_speaking|religious_activities|sales|social_science|social_service|teaching_education|transportation_machine_operation|visual_arts,3.0,0.0,0.0,0.0,0.0,2.0,0.0,0.0,0.0,0.0,0.0,0.0,0.0,0.0,0.0,0.0,0.0,1.0,0.0,0.0,0.0,0.0,0.0,0.0,0.0,0.0,0.0,0.0,0.0,0.0,0.0,0.0,0.0,0.0,0.0,0.0,0.0,0.0,0.0,0.0,0.0,3.07,1.09,1.05,1.05,1.0,3.14,1.31,1.14,1.31,1.63,2.74,1.52,1.75,1.12,1.8,2.57,1.15,4.61,1.4,1.79,1.81,1.1,1.11,1.0,1.09,2.67,1.0,1.37,1.15,1.1,1.62,1.17,1.12,1.96,1.0,2.52,1.24,1.1,1.19,1.16,1.0
13-1031.00,"Claims Adjusters, Examiners, and Investigators",accounting|law|office_work|agriculture|animal_service|applied_arts_and_design|athletics|business_initiatives|construction_woodwork|creative_writing|culinary_art|engineering|finance|health_care_service|human_resources|humanities|information_technology|life_science|management_administration|marketing_advertising|mathematics_statistics|mechanics_electronics|media|medical_science|music|nature_outdoors|performing_arts|personal_service|physical_science|physical_manual_labor|politics|professional_advising|protective_service|public_speaking|religious_activities|sales|social_science|social_service|teaching_education|transportation_machine_operation|visual_arts,3.0,0.0,0.0,0.0,0.0,0.0,0.0,0.0,0.0,0.0,0.0,0.0,0.0,0.0,0.0,2.0,0.0,0.0,0.0,0.0,0.0,0.0,0.0,0.0,0.0,1.0,0.0,0.0,0.0,0.0,0.0,0.0,0.0,0.0,0.0,0.0,0.0,0.0,0.0,0.0,0.0,3.36,1.03,1.0,1.0,1.03,1.83,1.06,1.14,1.0,1.06,2.84,1.49,1.93,1.19,1.77,3.86,1.08,3.01,1.24,2.0,1.08,1.14,1.39,1.0,1.02,5.1,1.0,1.52,1.04,1.09,1.2,1.37,2.06,2.09,1.0,1.48,1.72,1.44,1.25,1.06,1.0
13-1032.00,"Insurance Appraisers, Auto Damage",finance|mechanics_electronics|accounting|agriculture|animal_service|applied_arts_and_design|athletics|business_initiatives|construction_woodwork|creative_writing|culinary_art|engineering|health_care_service|human_resources|humanities|information_technology|law|life_science|management_administration|marketing_advertising|mathematics_statistics|media|medical_science|music|nature_outdoors|office_work|performing_arts|personal_service|physical_science|physical_manual_labor|politics|professional_advising|protective_service|public_speaking|religious_activities|sales|social_science|social_service|teaching_education|transportation_machine_operation|visual_arts,0.0,0.0,0.0,0.0,0.0,0.0,0.0,0.0,0.0,0.0,2.0,0.0,0.0,0.0,0.0,0.0,0.0,0.0,0.0,0.0,1.0,0.0,0.0,0.0,0.0,0.0,0.0,0.0,0.0,0.0,0.0,0.0,0.0,0.0,0.0,0.0,0.0,0.0,0.0,0.0,0.0,2.56,1.0,1.0,1.0,1.0,1.42,1.31,1.09,1.0,1.5,2.77,1.0,1.43,1.0,1.62,1.88,1.0,1.93,1.13,1.76,3.5,1.1,1.0,1.0,1.04,2.74,1.0,1.56,1.47,1.12,1.06,1.2,1.32,1.33,1.0,1.52,1.05,1.1,1.16,2.21,1.02
13-1041.00,Compliance Officers,law|office_work|accounting|agriculture|animal_service|applied_arts_and_design|athletics|business_initiatives|construction_woodwork|creative_writing|culinary_art|engineering|finance|health_care_service|human_resources|humanities|information_technology|life_science|management_administration|marketing_advertising|mathematics_statistics|mechanics_electronics|media|medical_science|music|nature_outdoors|performing_arts|personal_service|physical_science|physical_manual_labor|politics|professional_advising|protective_service|public_speaking|religious_activities|sales|social_science|social_service|teaching_education|transportation_machine_operation|visual_arts,0.0,0.0,0.0,0.0,0.0,0.0,0.0,0.0,0.0,0.0,0.0,0.0,0.0,0.0,0.0,2.0,0.0,0.0,0.0,0.0,0.0,0.0,0.0,0.0,0.0,1.0,0.0,0.0,0.0,0.0,0.0,0.0,0.0,0.0,0.0,0.0,0.0,0.0,0.0,0.0,0.0,2.49,1.04,1.07,1.0,1.0,1.42,1.03,1.04,1.0,1.14,2.09,1.26,2.0,1.12,1.68,4.31,1.08,2.9,1.15,1.26,1.11,1.14,1.03,1.0,1.06,5.25,1.0,1.72,1.04,1.0,1.71,1.68,2.48,2.03,1.0,1.31,1.57,1.39,1.54,1.26,1.0
13-1041.04,Government Property Inspectors and Investigators,office_work|law|accounting|agriculture|animal_service|applied_arts_and_design|athletics|business_initiatives|construction_woodwork|creative_writing|culinary_art|engineering|finance|health_care_service|human_resources|humanities|information_technology|life_science|management_administration|marketing_advertising|mathematics_statistics|mechanics_electronics|media|medical_science|music|nature_outdoors|performing_arts|personal_service|physical_science|physical_manual_labor|politics|professional_advising|protective_service|public_speaking|religious_activities|sales|social_science|social_service|teaching_education|transportation_machine_operation|visual_arts,0.0,0.0,0.0,0.0,0.0,0.0,0.0,0.0,0.0,0.0,0.0,0.0,0.0,0.0,0.0,1.0,0.0,0.0,0.0,0.0,0.0,0.0,0.0,0.0,0.0,2.0,0.0,0.0,0.0,0.0,0.0,0.0,0.0,0.0,0.0,0.0,0.0,0.0,0.0,0.0,0.0,2.14,1.09,1.02,1.1,1.0,1.42,2.19,1.07,1.0,1.5,1.59,1.0,1.6,1.12,2.01,3.38,1.05,2.56,1.13,1.62,1.77,1.07,1.05,1.0,1.17,3.14,1.0,1.27,1.47,1.3,1.62,1.14,2.37,2.19,1.0,1.18,1.49,1.27,1.28,1.5,1.02
13-1041.06,Coroners,medical_science|management_administration|protective_service|accounting|agriculture|animal_service|applied_arts_and_design|athletics|business_initiatives|construction_woodwork|creative_writing|culinary_art|engineering|finance|health_care_service|human_resources|humanities|information_technology|law|life_science|marketing_advertising|mathematics_statistics|mechanics_electronics|media|music|nature_outdoors|office_work|performing_arts|personal_service|physical_science|physical_manual_labor|politics|professional_advising|public_speaking|religious_activities|sales|social_science|social_service|teaching_education|transportation_machine_operation|visual_arts,0.0,0.0,0.0,0.0,0.0,0.0,0.0,0.0,0.0,0.0,0.0,0.0,0.0,0.0,0.0,0.0,0.0,2.0,0.0,0.0,0.0,0.0,3.0,0.0,0.0,0.0,0.0,0.0,0.0,0.0,0.0,0.0,1.0,0.0,0.0,0.0,0.0,0.0,0.0,0.0,0.0,1.89,1.0,1.0,1.0,1.0,1.29,1.0,1.11,1.0,1.41,1.23,2.76,1.68,1.51,1.59,3.72,3.5,3.84,1.0,1.76,1.41,1.27,3.83,1.0,1.04,2.09,1.0,1.49,2.35,2.43,1.68,1.31,3.95,2.09,1.04,1.08,2.44,1.78,1.66,1.5,1.11
13-1041.07,Regulatory Affairs Specialists,management_administration|law|office_work|accounting|agriculture|animal_service|applied_arts_and_design|athletics|business_initiatives|construction_woodwork|creative_writing|culinary_art|engineering|finance|health_care_service|human_resources|humanities|information_technology|life_science|marketing_advertising|mathematics_statistics|mechanics_electronics|media|medical_science|music|nature_outdoors|performing_arts|personal_service|physical_science|physical_manual_labor|politics|professional_advising|protective_service|public_speaking|religious_activities|sales|social_science|social_service|teaching_education|transportation_machine_operation|visual_arts,0.0,0.0,0.0,0.0,0.0,0.0,0.0,0.0,0.0,0.0,0.0,0.0,0.0,0.0,0.0,2.0,0.0,3.0,0.0,0.0,0.0,0.0,0.0,0.0,0.0,1.0,0.0,0.0,0.0,0.0,0.0,0.0,0.0,0.0,0.0,0.0,0.0,0.0,0.0,0.0,0.0,2.1,1.03,1.05,1.0,1.0,2.03,1.0,1.07,1.0,1.66,1.56,1.69,2.14,1.25,1.89,4.2,1.54,3.43,1.26,1.65,1.14,1.07,2.92,1.0,1.0,5.2,1.0,1.18,1.0,1.66,2.02,1.83,1.28,1.96,1.0,1.22,1.66,1.21,1.54,1.0,1.0
13-1041.08,Customs Brokers,accounting|law|office_work|agriculture|animal_service|applied_arts_and_design|athletics|business_initiatives|construction_woodwork|creative_writing|culinary_art|engineering|finance|health_care_service|human_resources|humanities|information_technology|life_science|management_administration|marketing_advertising|mathematics_statistics|mechanics_electronics|media|medical_science|music|nature_outdoors|performing_arts|personal_service|physical_science|physical_manual_labor|politics|professional_advising|protective_service|public_speaking|religious_activities|sales|social_science|social_service|teaching_education|transportation_machine_operation|visual_arts,3.0,0.0,0.0,0.0,0.0,0.0,0.0,0.0,0.0,0.0,0.0,0.0,0.0,0.0,0.0,2.0,0.0,0.0,0.0,0.0,0.0,0.0,0.0,0.0,0.0,1.0,0.0,0.0,0.0,0.0,0.0,0.0,0.0,0.0,0.0,0.0,0.0,0.0,0.0,0.0,0.0,3.76,1.04,1.0,1.0,1.0,2.2,1.0,1.02,1.0,1.06,2.54,1.03,1.39,1.19,1.68,3.9,1.0,2.93,1.15,1.88,1.11,1.05,1.0,1.0,1.0,5.57,1.0,1.49,1.12,1.02,1.5,1.78,1.86,1.81,1.0,2.13,1.26,1.1,1.34,1.36,1.02
13-1051.00,Cost Estimators,finance|accounting|office_work|agriculture|animal_service|applied_arts_and_design|athletics|business_initiatives|construction_woodwork|creative_writing|culinary_art|engineering|health_care_service|human_resources|humanities|information_technology|law|life_science|management_administration|marketing_advertising|mathematics_statistics|mechanics_electronics|media|medical_science|music|nature_outdoors|performing_arts|personal_service|physical_science|physical_manual_labor|politics|professional_advising|protective_service|public_speaking|religious_activities|sales|social_science|social_service|teaching_education|transportation_machine_operation|visual_arts,2.0,0.0,0.0,0.0,0.0,0.0,0.0,0.0,0.0,0.0,3.0,0.0,0.0,0.0,0.0,0.0,0.0,0.0,0.0,0.0,0.0,0.0,0.0,0.0,0.0,1.0,0.0,0.0,0.0,0.0,0.0,0.0,0.0,0.0,0.0,0.0,0.0,0.0,0.0,0.0,0.0,4.58,1.04,1.0,1.13,1.0,2.55,2.99,1.07,1.0,1.54,3.48,1.0,1.35,1.06,2.43,1.36,1.05,3.18,1.21,3.37,1.62,1.07,1.0,1.0,1.2,5.0,1.0,1.33,1.19,1.16,1.2,1.24,1.0,1.93,1.0,2.19,1.24,1.06,1.19,1.23,1.04
13-1071.00,Human Resources Specialists,management_administration|office_work|human_resources|accounting|agriculture|animal_service|applied_arts_and_design|athletics|business_initiatives|construction_woodwork|creative_writing|culinary_art|engineering|finance|health_care_service|humanities|information_technology|law|life_science|marketing_advertising|mathematics_statistics|mechanics_electronics|media|medical_science|music|nature_outdoors|performing_arts|personal_service|physical_science|physical_manual_labor|politics|professional_advising|protective_service|public_speaking|religious_activities|sales|social_science|social_service|teaching_education|transportation_machine_operation|visual_arts,0.0,0.0,0.0,0.0,0.0,0.0,0.0,0.0,0.0,0.0,0.0,0.0,1.0,0.0,0.0,0.0,0.0,3.0,0.0,0.0,0.0,0.0,0.0,0.0,0.0,2.0,0.0,0.0,0.0,0.0,0.0,0.0,0.0,0.0,0.0,0.0,0.0,0.0,0.0,0.0,0.0,2.07,1.0,1.0,1.08,1.0,2.45,1.0,1.21,1.0,1.0,1.56,1.59,6.81,1.22,1.33,3.16,1.0,4.77,1.71,1.42,1.0,1.22,1.0,1.0,1.0,5.1,1.02,1.94,1.0,1.0,1.44,3.88,1.2,2.89,1.02,1.98,2.15,2.29,2.48,1.0,1.02
13-1074.00,Farm Labor Contractors,agriculture|human_resources|management_administration|accounting|animal_service|applied_arts_and_design|athletics|business_initiatives|construction_woodwork|creative_writing|culinary_art|engineering|finance|health_care_service|humanities|information_technology|law|life_science|marketing_advertising|mathematics_statistics|mechanics_electronics|media|medical_science|music|nature_outdoors|office_work|performing_arts|personal_service|physical_science|physical_manual_labor|politics|professional_advising|protective_service|public_speaking|religious_activities|sales|social_science|social_service|teaching_education|transportation_machine_operation|visual_arts,0.0,3.0,0.0,0.0,0.0,0.0,0.0,0.0,0.0,0.0,0.0,0.0,2.0,0.0,0.0,0.0,0.0,1.0,0.0,0.0,0.0,0.0,0.0,0.0,0.0,0.0,0.0,0.0,0.0,0.0,0.0,0.0,0.0,0.0,0.0,0.0,0.0,0.0,0.0,0.0,0.0,2.07,4.11,1.4,1.0,1.0,2.0,1.15,1.0,1.42,1.06,1.56,1.1,4.31,1.19,1.03,2.21,1.23,5.22,1.18,1.53,1.08,1.0,1.0,1.0,2.51,1.76,1.0,1.75,2.23,1.0,1.47,1.37,1.32,1.9,1.0,1.76,1.32,1.55,1.42,2.67,1.0
13-1075.00,Labor Relations Specialists,public_speaking|human_resources|management_administration|law|accounting|agriculture|animal_service|applied_arts_and_design|athletics|business_initiatives|construction_woodwork|creative_writing|culinary_art|engineering|finance|health_care_service|humanities|information_technology|life_science|marketing_advertising|mathematics_statistics|mechanics_electronics|media|medical_science|music|nature_outdoors|office_work|performing_arts|personal_service|physical_science|physical_manual_labor|politics|professional_advising|protective_service|religious_activities|sales|social_science|social_service|teaching_education|transportation_machine_operation|visual_arts,0.0,0.0,0.0,0.0,0.0,0.0,0.0,0.0,0.0,0.0,0.0,0.0,3.0,0.0,0.0,1.0,0.0,2.0,0.0,0.0,0.0,0.0,0.0,0.0,0.0,0.0,0.0,0.0,0.0,0.0,0.0,0.0,0.0,4.0,0.0,0.0,0.0,0.0,0.0,0.0,0.0,2.0,1.0,1.0,1.0,1.0,2.42,1.0,1.23,1.0,1.0,1.64,1.13,4.79,1.35,1.16,4.83,1.0,4.81,1.29,1.36,1.0,1.27,1.0,1.0,1.0,3.3,1.07,1.56,1.0,1.0,2.75,3.46,1.32,4.45,1.0,1.6,2.5,3.18,1.65,1.0,1.0
13-1081.00,Logisticians,business_initiatives|office_work|management_administration|accounting|agriculture|animal_service|applied_arts_and_design|athletics|construction_woodwork|creative_writing|culinary_art|engineering|finance|health_care_service|human_resources|humanities|information_technology|law|life_science|marketing_advertising|mathematics_statistics|mechanics_electronics|media|medical_science|music|nature_outdoors|performing_arts|personal_service|physical_science|physical_manual_labor|politics|professional_advising|protective_service|public_speaking|religious_activities|sales|social_science|social_service|teaching_education|transportation_machine_operation|visual_arts,0.0,0.0,0.0,0.0,0.0,3.0,0.0,0.0,0.0,0.0,0.0,0.0,0.0,0.0,0.0,0.0,0.0,1.0,0.0,0.0,0.0,0.0,0.0,0.0,0.0,2.0,0.0,0.0,0.0,0.0,0.0,0.0,0.0,0.0,0.0,0.0,0.0,0.0,0.0,0.0,0.0,2.74,1.14,1.0,1.0,1.0,3.3,1.18,1.14,1.08,1.82,2.34,1.29,2.18,1.12,2.6,1.84,1.23,5.47,1.63,2.88,1.5,1.14,1.19,1.0,1.09,3.75,1.0,1.59,1.19,1.2,1.5,1.47,1.23,2.65,1.0,2.28,1.55,1.15,1.54,1.6,1.02
13-1081.01,Logistics Engineers,information_technology|engineering|mathematics_statistics|accounting|agriculture|animal_service|applied_arts_and_design|athletics|business_initiatives|construction_woodwork|creative_writing|culinary_art|finance|health_care_service|human_resources|humanities|law|life_science|management_administration|marketing_advertising|mechanics_electronics|media|medical_science|music|nature_outdoors|office_work|performing_arts|personal_service|physical_science|physical_manual_labor|politics|professional_advising|protective_service|public_speaking|religious_activities|sales|social_science|social_service|teaching_education|transportation_machine_operation|visual_arts,0.0,0.0,0.0,0.0,0.0,0.0,0.0,0.0,0.0,2.0,0.0,0.0,0.0,0.0,3.0,0.0,0.0,0.0,0.0,1.0,0.0,0.0,0.0,0.0,0.0,0.0,0.0,0.0,0.0,0.0,0.0,0.0,0.0,0.0,0.0,0.0,0.0,0.0,0.0,0.0,0.0,2.78,1.14,1.0,1.08,1.0,2.58,1.28,1.07,1.0,4.51,1.85,1.1,1.35,1.03,3.08,1.33,1.18,3.0,1.13,5.07,2.62,1.1,1.08,1.0,1.22,2.12,1.0,1.15,1.21,1.56,1.26,1.19,1.12,1.66,1.0,1.38,1.38,1.03,1.31,2.38,1.04
13-1081.02,Logistics Analysts,management_administration|mathematics_statistics|office_work|accounting|agriculture|animal_service|applied_arts_and_design|athletics|business_initiatives|construction_woodwork|creative_writing|culinary_art|engineering|finance|health_care_service|human_resources|humanities|information_technology|law|life_science|marketing_advertising|mechanics_electronics|media|medical_science|music|nature_outdoors|performing_arts|personal_service|physical_science|physical_manual_labor|politics|professional_advising|protective_service|public_speaking|religious_activities|sales|social_science|social_service|teaching_education|transportation_machine_operation|visual_arts,0.0,0.0,0.0,0.0,0.0,0.0,0.0,0.0,0.0,0.0,0.0,0.0,0.0,0.0,0.0,0.0,0.0,3.0,0.0,2.0,0.0,0.0,0.0,0.0,0.0,1.0,0.0,0.0,0.0,0.0,0.0,0.0,0.0,0.0,0.0,0.0,0.0,0.0,0.0,0.0,0.0,2.89,1.03,1.0,1.0,1.0,2.89,1.0,1.09,1.04,1.66,2.21,1.1,1.43,1.0,3.08,1.66,1.0,3.29,1.21,3.98,1.35,1.07,1.0,1.0,1.0,4.9,1.0,1.18,1.12,1.1,1.17,1.16,1.16,1.42,1.0,1.31,1.26,1.05,1.25,1.97,1.0
13-1082.00,Project Management Specialists,office_work|business_initiatives|management_administration|accounting|agriculture|animal_service|applied_arts_and_design|athletics|construction_woodwork|creative_writing|culinary_art|engineering|finance|health_care_service|human_resources|humanities|information_technology|law|life_science|marketing_advertising|mathematics_statistics|mechanics_electronics|media|medical_science|music|nature_outdoors|performing_arts|personal_service|physical_science|physical_manual_labor|politics|professional_advising|protective_service|public_speaking|religious_activities|sales|social_science|social_service|teaching_education|transportation_machine_operation|visual_arts,0.0,0.0,0.0,0.0,0.0,2.0,0.0,0.0,0.0,0.0,0.0,0.0,0.0,0.0,0.0,0.0,0.0,1.0,0.0,0.0,0.0,0.0,0.0,0.0,0.0,3.0,0.0,0.0,0.0,0.0,0.0,0.0,0.0,0.0,0.0,0.0,0.0,0.0,0.0,0.0,0.0,3.0,1.03,1.0,1.18,1.0,3.94,1.37,1.14,1.12,1.69,2.67,1.56,2.94,1.16,2.77,1.25,1.43,6.11,1.84,1.59,1.41,1.35,1.48,1.02,1.11,3.92,1.06,1.78,1.0,1.16,1.59,1.89,1.0,3.46,1.02,2.07,1.54,1.31,1.54,1.03,1.13
13-1111.00,Management Analysts,office_work|business_initiatives|management_administration|accounting|agriculture|animal_service|applied_arts_and_design|athletics|construction_woodwork|creative_writing|culinary_art|engineering|finance|health_care_service|human_resources|humanities|information_technology|law|life_science|marketing_advertising|mathematics_statistics|mechanics_electronics|media|medical_science|music|nature_outdoors|performing_arts|personal_service|physical_science|physical_manual_labor|politics|professional_advising|protective_service|public_speaking|religious_activities|sales|social_science|social_service|teaching_education|transportation_machine_operation|visual_arts,0.0,0.0,0.0,0.0,0.0,2.0,0.0,0.0,0.0,0.0,0.0,0.0,0.0,0.0,0.0,0.0,0.0,1.0,0.0,0.0,0.0,0.0,0.0,0.0,0.0,3.0,0.0,0.0,0.0,0.0,0.0,0.0,0.0,0.0,0.0,0.0,0.0,0.0,0.0,0.0,0.0,3.58,1.01,1.0,1.05,1.03,4.73,1.03,1.26,1.12,1.32,3.33,1.76,3.13,1.44,2.77,2.5,1.13,5.18,1.93,3.02,1.17,1.38,1.25,1.0,1.02,3.58,1.06,1.46,1.0,1.16,1.96,2.0,1.16,2.82,1.0,2.28,2.74,1.31,1.87,1.0,1.11
13-1121.00,"Meeting, Convention, and Event Planners",office_work|personal_service|management_administration|accounting|agriculture|animal_service|applied_arts_and_design|athletics|business_initiatives|construction_woodwork|creative_writing|culinary_art|engineering|finance|health_care_service|human_resources|humanities|information_technology|law|life_science|marketing_advertising|mathematics_statistics|mechanics_electronics|media|medical_science|music|nature_outdoors|performing_arts|physical_science|physical_manual_labor|politics|professional_advising|protective_service|public_speaking|religious_activities|sales|social_science|social_service|teaching_education|transportation_machine_operation|visual_arts,0.0,0.0,0.0,0.0,0.0,0.0,0.0,0.0,0.0,0.0,0.0,0.0,0.0,0.0,0.0,0.0,0.0,1.0,0.0,0.0,0.0,0.0,0.0,0.0,0.0,3.0,0.0,2.0,0.0,0.0,0.0,0.0,0.0,0.0,0.0,0.0,0.0,0.0,0.0,0.0,0.0,2.71,1.0,1.0,1.73,1.29,2.79,1.0,1.33,2.54,1.0,2.41,1.19,2.47,1.35,1.74,1.66,1.0,5.85,2.63,1.15,1.03,1.94,1.05,1.36,1.13,3.42,1.56,5.6,1.12,1.0,2.09,1.86,1.2,3.13,1.45,3.05,1.49,1.68,1.9,1.06,1.35
13-1131.00,Fundraisers,business_initiatives|marketing_advertising|management_administration|sales|public_speaking|accounting|agriculture|animal_service|applied_arts_and_design|athletics|construction_woodwork|creative_writing|culinary_art|engineering|finance|health_care_service|human_resources|humanities|information_technology|law|life_science|mathematics_statistics|mechanics_electronics|media|medical_science|music|nature_outdoors|office_work|performing_arts|personal_service|physical_science|physical_manual_labor|politics|professional_advising|protective_service|religious_activities|social_science|social_service|teaching_education|transportation_machine_operation|visual_arts,0.0,0.0,0.0,0.0,0.0,5.0,0.0,0.0,0.0,0.0,0.0,0.0,0.0,0.0,0.0,0.0,0.0,3.0,4.0,0.0,0.0,0.0,0.0,0.0,0.0,0.0,0.0,0.0,0.0,0.0,0.0,0.0,0.0,1.0,0.0,2.0,0.0,0.0,0.0,0.0,0.0,2.67,1.0,1.07,1.85,1.23,4.5,1.0,2.42,1.15,1.0,2.81,1.49,2.14,1.77,1.62,1.66,1.03,4.69,4.64,1.39,1.0,3.48,1.05,1.09,1.13,3.1,1.44,2.55,1.04,1.0,2.38,1.94,1.0,6.08,1.42,5.31,2.02,3.0,2.15,1.0,1.88
13-1141.00,"Compensation, Benefits, and Job Analysis Specialists",management_administration|office_work|human_resources|accounting|agriculture|animal_service|applied_arts_and_design|athletics|business_initiatives|construction_woodwork|creative_writing|culinary_art|engineering|finance|health_care_service|humanities|information_technology|law|life_science|marketing_advertising|mathematics_statistics|mechanics_electronics|media|medical_science|music|nature_outdoors|performing_arts|personal_service|physical_science|physical_manual_labor|politics|professional_advising|protective_service|public_speaking|religious_activities|sales|social_science|social_service|teaching_education|transportation_machine_operation|visual_arts,0.0,0.0,0.0,0.0,0.0,0.0,0.0,0.0,0.0,0.0,0.0,0.0,1.0,0.0,0.0,0.0,0.0,3.0,0.0,0.0,0.0,0.0,0.0,0.0,0.0,2.0,0.0,0.0,0.0,0.0,0.0,0.0,0.0,0.0,0.0,0.0,0.0,0.0,0.0,0.0,0.0,3.83,1.0,1.0,1.0,1.0,2.33,1.0,1.14,1.0,1.0,3.05,1.42,6.73,1.16,1.71,3.27,1.03,4.34,1.29,2.67,1.0,1.17,1.08,1.0,1.0,5.63,1.0,1.27,1.0,1.0,1.68,2.92,1.16,2.65,1.0,1.4,2.28,1.83,2.48,1.0,1.0
13-1151.00,Training and Development Specialists,public_speaking|human_resources|teaching_education|professional_advising|accounting|agriculture|animal_service|applied_arts_and_design|athletics|business_initiatives|construction_woodwork|creative_writing|culinary_art|engineering|finance|health_care_service|humanities|information_technology|law|life_science|management_administration|marketing_advertising|mathematics_statistics|mechanics_electronics|media|medical_science|music|nature_outdoors|office_work|performing_arts|personal_service|physical_science|physical_manual_labor|politics|protective_service|religious_activities|sales|social_science|social_service|transportation_machine_operation|visual_arts,0.0,0.0,0.0,0.0,0.0,0.0,0.0,0.0,0.0,0.0,0.0,0.0,3.0,0.0,0.0,0.0,0.0,0.0,0.0,0.0,0.0,0.0,0.0,0.0,0.0,0.0,0.0,0.0,0.0,0.0,0.0,1.0,0.0,4.0,0.0,0.0,0.0,0.0,2.0,0.0,0.0,1.72,1.04,1.12,1.73,1.26,2.17,1.03,1.28,1.23,1.2,1.59,1.79,5.66,1.87,1.92,1.55,1.4,3.58,1.86,1.73,1.14,2.31,1.42,1.11,1.13,2.6,1.72,2.58,1.04,1.09,1.53,6.24,1.12,5.26,1.11,1.65,3.4,3.11,5.73,1.03,1.66
13-1161.00,Market Research Analysts and Marketing Specialists,mathematics_statistics|business_initiatives|marketing_advertising|accounting|agriculture|animal_service|applied_arts_and_design|athletics|construction_woodwork|creative_writing|culinary_art|engineering|finance|health_care_service|human_resources|humanities|information_technology|law|life_science|management_administration|mechanics_electronics|media|medical_science|music|nature_outdoors|office_work|performing_arts|personal_service|physical_science|physical_manual_labor|politics|professional_advising|protective_service|public_speaking|religious_activities|sales|social_science|social_service|teaching_education|transportation_machine_operation|visual_arts,0.0,0.0,0.0,0.0,0.0,2.0,0.0,0.0,0.0,0.0,0.0,0.0,0.0,0.0,0.0,0.0,0.0,0.0,1.0,3.0,0.0,0.0,0.0,0.0,0.0,0.0,0.0,0.0,0.0,0.0,0.0,0.0,0.0,0.0,0.0,0.0,0.0,0.0,0.0,0.0,0.0,2.64,1.06,1.0,1.41,1.09,5.06,1.0,1.59,1.23,1.09,2.5,1.19,1.89,1.77,2.83,1.32,1.13,3.33,6.52,4.37,1.06,2.31,1.16,1.04,1.0,2.92,1.09,1.49,1.0,1.16,1.77,1.63,1.0,2.65,1.0,2.57,3.55,1.19,1.51,1.0,1.58
13-1161.01,Search Marketing Strategists,information_technology|business_initiatives|marketing_advertising|accounting|agriculture|animal_service|applied_arts_and_design|athletics|construction_woodwork|creative_writing|culinary_art|engineering|finance|health_care_service|human_resources|humanities|law|life_science|management_administration|mathematics_statistics|mechanics_electronics|media|medical_science|music|nature_outdoors|office_work|performing_arts|personal_service|physical_science|physical_manual_labor|politics|professional_advising|protective_service|public_speaking|religious_activities|sales|social_science|social_service|teaching_education|transportation_machine_operation|visual_arts,0.0,0.0,0.0,0.0,0.0,2.0,0.0,0.0,0.0,0.0,0.0,0.0,0.0,0.0,3.0,0.0,0.0,0.0,1.0,0.0,0.0,0.0,0.0,0.0,0.0,0.0,0.0,0.0,0.0,0.0,0.0,0.0,0.0,0.0,0.0,0.0,0.0,0.0,0.0,0.0,0.0,2.1,1.0,1.0,1.88,1.0,6.25,1.0,2.05,1.0,1.26,2.18,1.06,1.57,1.67,4.39,1.25,1.03,3.36,6.29,3.63,1.11,3.48,1.0,1.02,1.0,2.7,1.13,1.46,1.0,1.14,1.2,1.56,1.0,2.03,1.0,3.37,2.31,1.1,1.36,1.0,1.97
13-1199.04,Business Continuity Planners,office_work|information_technology|management_administration|accounting|agriculture|animal_service|applied_arts_and_design|athletics|business_initiatives|construction_woodwork|creative_writing|culinary_art|engineering|finance|health_care_service|human_resources|humanities|law|life_science|marketing_advertising|mathematics_statistics|mechanics_electronics|media|medical_science|music|nature_outdoors|performing_arts|personal_service|physical_science|physical_manual_labor|politics|professional_advising|protective_service|public_speaking|religious_activities|sales|social_science|social_service|teaching_education|transportation_machine_operation|visual_arts,0.0,0.0,0.0,0.0,0.0,0.0,0.0,0.0,0.0,0.0,0.0,0.0,0.0,0.0,2.0,0.0,0.0,1.0,0.0,0.0,0.0,0.0,0.0,0.0,0.0,3.0,0.0,0.0,0.0,0.0,0.0,0.0,0.0,0.0,0.0,0.0,0.0,0.0,0.0,0.0,0.0,2.49,1.01,1.0,1.03,1.0,3.29,1.0,1.23,1.0,1.41,2.31,1.32,2.25,1.19,3.66,2.1,1.13,5.38,1.26,2.84,1.41,1.65,1.19,1.0,1.04,3.34,1.04,1.46,1.0,1.16,1.8,1.78,2.02,3.13,1.0,1.43,1.75,1.31,1.96,1.1,1.04
13-1199.06,Online Merchants,accounting|management_administration|office_work|business_initiatives|agriculture|animal_service|applied_arts_and_design|athletics|construction_woodwork|creative_writing|culinary_art|engineering|finance|health_care_service|human_resources|humanities|information_technology|law|life_science|marketing_advertising|mathematics_statistics|mechanics_electronics|media|medical_science|music|nature_outdoors|performing_arts|personal_service|physical_science|physical_manual_labor|politics|professional_advising|protective_service|public_speaking|religious_activities|sales|social_science|social_service|teaching_education|transportation_machine_operation|visual_arts,4.0,0.0,0.0,0.0,0.0,1.0,0.0,0.0,0.0,0.0,0.0,0.0,0.0,0.0,0.0,0.0,0.0,3.0,0.0,0.0,0.0,0.0,0.0,0.0,0.0,2.0,0.0,0.0,0.0,0.0,0.0,0.0,0.0,0.0,0.0,0.0,0.0,0.0,0.0,0.0,0.0,4.06,1.0,1.0,1.49,1.0,5.11,1.0,1.51,1.04,1.09,2.6,1.0,1.57,1.03,2.4,1.14,1.0,4.65,3.62,1.85,1.11,2.0,1.0,1.0,1.0,5.0,1.04,1.84,1.42,1.0,1.06,1.14,1.0,1.63,1.0,3.45,1.26,1.1,1.16,1.13,1.74
13-1199.07,Security Management Specialists,management_administration|information_technology|protective_service|accounting|agriculture|animal_service|applied_arts_and_design|athletics|business_initiatives|construction_woodwork|creative_writing|culinary_art|engineering|finance|health_care_service|human_resources|humanities|law|life_science|marketing_advertising|mathematics_statistics|mechanics_electronics|media|medical_science|music|nature_outdoors|office_work|performing_arts|personal_service|physical_science|physical_manual_labor|politics|professional_advising|public_speaking|religious_activities|sales|social_science|social_service|teaching_education|transportation_machine_operation|visual_arts,0.0,0.0,0.0,0.0,0.0,0.0,0.0,0.0,0.0,0.0,0.0,0.0,0.0,0.0,2.0,0.0,0.0,3.0,0.0,0.0,0.0,0.0,0.0,0.0,0.0,0.0,0.0,0.0,0.0,0.0,0.0,0.0,1.0,0.0,0.0,0.0,0.0,0.0,0.0,0.0,0.0,1.65,1.03,1.0,1.16,1.06,1.94,1.19,1.14,1.0,2.71,1.47,1.19,1.86,1.16,4.12,2.91,1.08,3.32,1.15,2.06,2.45,1.14,1.0,1.0,1.06,2.0,1.0,1.37,1.35,1.18,1.59,1.45,5.02,1.96,1.0,1.29,1.81,1.19,1.51,1.19,1.04
13-2011.00,Accountants and Auditors,office_work|finance|accounting|agriculture|animal_service|applied_arts_and_design|athletics|business_initiatives|construction_woodwork|creative_writing|culinary_art|engineering|health_care_service|human_resources|humanities|information_technology|law|life_science|management_administration|marketing_advertising|mathematics_statistics|mechanics_electronics|media|medical_science|music|nature_outdoors|performing_arts|personal_service|physical_science|physical_manual_labor|politics|professional_advising|protective_service|public_speaking|religious_activities|sales|social_science|social_service|teaching_education|transportation_machine_operation|visual_arts,1.0,0.0,0.0,0.0,0.0,0.0,0.0,0.0,0.0,0.0,2.0,0.0,0.0,0.0,0.0,0.0,0.0,0.0,0.0,0.0,0.0,0.0,0.0,0.0,0.0,3.0,0.0,0.0,0.0,0.0,0.0,0.0,0.0,0.0,0.0,0.0,0.0,0.0,0.0,0.0,0.0,7.0,1.01,1.0,1.0,1.0,2.62,1.0,1.07,1.0,1.0,5.42,1.19,1.82,1.06,2.84,3.27,1.0,3.51,1.15,3.63,1.06,1.14,1.0,1.0,1.0,5.36,1.0,1.33,1.0,1.05,1.59,1.61,1.67,2.06,1.0,1.33,1.38,1.19,1.33,1.0,1.0
13-2022.00,Appraisers of Personal and Business Property,finance|office_work|accounting|agriculture|animal_service|applied_arts_and_design|athletics|business_initiatives|construction_woodwork|creative_writing|culinary_art|engineering|health_care_service|human_resources|humanities|information_technology|law|life_science|management_administration|marketing_advertising|mathematics_statistics|mechanics_electronics|media|medical_science|music|nature_outdoors|performing_arts|personal_service|physical_science|physical_manual_labor|politics|professional_advising|protective_service|public_speaking|religious_activities|sales|social_science|social_service|teaching_education|transportation_machine_operation|visual_arts,0.0,0.0,0.0,0.0,0.0,0.0,0.0,0.0,0.0,0.0,2.0,0.0,0.0,0.0,0.0,0.0,0.0,0.0,0.0,0.0,0.0,0.0,0.0,0.0,0.0,1.0,0.0,0.0,0.0,0.0,0.0,0.0,0.0,0.0,0.0,0.0,0.0,0.0,0.0,0.0,0.0,2.96,1.06,1.0,1.58,1.0,1.83,1.44,1.43,1.12,1.26,3.52,1.0,1.32,1.47,1.86,2.76,1.0,2.49,1.29,2.61,1.38,1.22,1.0,1.07,1.06,3.92,1.11,1.59,1.33,1.16,1.2,1.19,1.23,1.84,1.0,1.81,1.26,1.1,1.25,1.1,1.72
13-2023.00,Appraisers and Assessors of Real Estate,accounting|office_work|finance|agriculture|animal_service|applied_arts_and_design|athletics|business_initiatives|construction_woodwork|creative_writing|culinary_art|engineering|health_care_service|human_resources|humanities|information_technology|law|life_science|management_administration|marketing_advertising|mathematics_statistics|mechanics_electronics|media|medical_science|music|nature_outdoors|performing_arts|personal_service|physical_science|physical_manual_labor|politics|professional_advising|protective_service|public_speaking|religious_activities|sales|social_science|social_service|teaching_education|transportation_machine_operation|visual_arts,3.0,0.0,0.0,0.0,0.0,0.0,0.0,0.0,0.0,0.0,1.0,0.0,0.0,0.0,0.0,0.0,0.0,0.0,0.0,0.0,0.0,0.0,0.0,0.0,0.0,2.0,0.0,0.0,0.0,0.0,0.0,0.0,0.0,0.0,0.0,0.0,0.0,0.0,0.0,0.0,0.0,3.14,1.08,1.0,1.13,1.0,1.89,1.6,1.14,1.0,1.32,3.56,1.0,1.32,1.25,1.68,2.76,1.0,2.22,1.26,2.64,1.17,1.17,1.0,1.0,1.2,3.42,1.0,1.52,1.24,1.14,1.41,1.19,1.2,2.0,1.0,1.65,1.66,1.15,1.31,1.2,1.2
13-2031.00,Budget Analysts,management_administration|finance|office_work|accounting|agriculture|animal_service|applied_arts_and_design|athletics|business_initiatives|construction_woodwork|creative_writing|culinary_art|engineering|health_care_service|human_resources|humanities|information_technology|law|life_science|marketing_advertising|mathematics_statistics|mechanics_electronics|media|medical_science|music|nature_outdoors|performing_arts|personal_service|physical_science|physical_manual_labor|politics|professional_advising|protective_service|public_speaking|religious_activities|sales|social_science|social_service|teaching_education|transportation_machine_operation|visual_arts,1.0,0.0,0.0,0.0,0.0,0.0,0.0,0.0,0.0,0.0,3.0,0.0,0.0,0.0,0.0,0.0,0.0,4.0,0.0,0.0,0.0,0.0,0.0,0.0,0.0,2.0,0.0,0.0,0.0,0.0,0.0,0.0,0.0,0.0,0.0,0.0,0.0,0.0,0.0,0.0,0.0,6.48,1.0,1.0,1.0,1.0,2.45,1.0,1.11,1.0,1.0,5.46,1.1,1.71,1.0,2.08,1.69,1.0,4.18,1.16,3.16,1.0,1.07,1.03,1.0,1.0,5.68,1.0,1.24,1.0,1.0,2.32,1.73,1.0,1.96,1.0,1.25,1.75,1.17,1.22,1.0,1.0
13-2041.00,Credit Analysts,accounting|office_work|finance|agriculture|animal_service|applied_arts_and_design|athletics|business_initiatives|construction_woodwork|creative_writing|culinary_art|engineering|health_care_service|human_resources|humanities|information_technology|law|life_science|management_administration|marketing_advertising|mathematics_statistics|mechanics_electronics|media|medical_science|music|nature_outdoors|performing_arts|personal_service|physical_science|physical_manual_labor|politics|professional_advising|protective_service|public_speaking|religious_activities|sales|social_science|social_service|teaching_education|transportation_machine_operation|visual_arts,3.0,0.0,0.0,0.0,0.0,0.0,0.0,0.0,0.0,0.0,1.0,0.0,0.0,0.0,0.0,0.0,0.0,0.0,0.0,0.0,0.0,0.0,0.0,0.0,0.0,2.0,0.0,0.0,0.0,0.0,0.0,0.0,0.0,0.0,0.0,0.0,0.0,0.0,0.0,0.0,0.0,5.42,1.0,1.0,1.0,1.0,2.3,1.0,1.07,1.0,1.0,6.19,1.0,1.6,1.06,2.2,2.28,1.0,2.73,1.13,3.71,1.0,1.05,1.0,1.0,1.0,5.46,1.0,1.3,1.0,1.0,1.2,1.33,1.12,1.72,1.0,1.63,1.75,1.17,1.25,1.0,1.0
13-2051.00,Financial and Investment Analysts,accounting|business_initiatives|mathematics_statistics|finance|agriculture|animal_service|applied_arts_and_design|athletics|construction_woodwork|creative_writing|culinary_art|engineering|health_care_service|human_resources|humanities|information_technology|law|life_science|management_administration|marketing_advertising|mechanics_electronics|media|medical_science|music|nature_outdoors|office_work|performing_arts|personal_service|physical_science|physical_manual_labor|politics|professional_advising|protective_service|public_speaking|religious_activities|sales|social_science|social_service|teaching_education|transportation_machine_operation|visual_arts,4.0,0.0,0.0,0.0,0.0,3.0,0.0,0.0,0.0,0.0,1.0,0.0,0.0,0.0,0.0,0.0,0.0,0.0,0.0,2.0,0.0,0.0,0.0,0.0,0.0,0.0,0.0,0.0,0.0,0.0,0.0,0.0,0.0,0.0,0.0,0.0,0.0,0.0,0.0,0.0,0.0,5.0,1.04,1.0,1.03,1.0,5.11,1.0,1.21,1.0,1.12,6.62,1.03,1.57,1.19,2.7,2.21,1.15,3.47,1.78,5.25,1.0,1.3,1.03,1.0,1.04,3.3,1.04,1.4,1.0,1.1,1.74,2.4,1.12,3.64,1.0,3.26,1.81,1.11,1.45,1.0,1.11
13-2052.00,Personal Financial Advisors,accounting|professional_advising|sales|finance|agriculture|animal_service|applied_arts_and_design|athletics|business_initiatives|construction_woodwork|creative_writing|culinary_art|engineering|health_care_service|human_resources|humanities|information_technology|law|life_science|management_administration|marketing_advertising|mathematics_statistics|mechanics_electronics|media|medical_science|music|nature_outdoors|office_work|performing_arts|personal_service|physical_science|physical_manual_labor|politics|protective_service|public_speaking|religious_activities|social_science|social_service|teaching_education|transportation_machine_operation|visual_arts,4.0,0.0,0.0,0.0,0.0,0.0,0.0,0.0,0.0,0.0,1.0,0.0,0.0,0.0,0.0,0.0,0.0,0.0,0.0,0.0,0.0,0.0,0.0,0.0,0.0,0.0,0.0,0.0,0.0,0.0,0.0,3.0,0.0,0.0,0.0,2.0,0.0,0.0,0.0,0.0,0.0,4.54,1.0,1.0,1.13,1.0,3.11,1.0,1.16,1.0,1.03,6.76,1.1,1.89,1.19,1.74,2.21,1.0,3.11,1.99,3.27,1.0,1.27,1.0,1.0,1.0,3.58,1.02,3.5,1.0,1.02,1.41,5.49,1.04,3.61,1.0,5.75,2.28,2.08,2.35,1.0,1.04
13-2053.00,Insurance Underwriters,accounting|finance|office_work|agriculture|animal_service|applied_arts_and_design|athletics|business_initiatives|construction_woodwork|creative_writing|culinary_art|engineering|health_care_service|human_resources|humanities|information_technology|law|life_science|management_administration|marketing_advertising|mathematics_statistics|mechanics_electronics|media|medical_science|music|nature_outdoors|performing_arts|personal_service|physical_science|physical_manual_labor|politics|professional_advising|protective_service|public_speaking|religious_activities|sales|social_science|social_service|teaching_education|transportation_machine_operation|visual_arts,3.0,0.0,0.0,0.0,0.0,0.0,0.0,0.0,0.0,0.0,2.0,0.0,0.0,0.0,0.0,0.0,0.0,0.0,0.0,0.0,0.0,0.0,0.0,0.0,0.0,1.0,0.0,0.0,0.0,0.0,0.0,0.0,0.0,0.0,0.0,0.0,0.0,0.0,0.0,0.0,0.0,3.36,1.0,1.0,1.0,1.0,1.94,1.0,1.11,1.0,1.06,4.29,1.36,1.71,1.16,1.59,2.13,1.15,2.29,1.4,2.95,1.0,1.07,1.48,1.0,1.0,5.41,1.0,1.49,1.0,1.02,1.17,1.35,1.16,1.45,1.0,2.07,1.6,1.27,1.22,1.0,1.0
13-2054.00,Financial Risk Specialists,accounting|mathematics_statistics|finance|agriculture|animal_service|applied_arts_and_design|athletics|business_initiatives|construction_woodwork|creative_writing|culinary_art|engineering|health_care_service|human_resources|humanities|information_technology|law|life_science|management_administration|marketing_advertising|mechanics_electronics|media|medical_science|music|nature_outdoors|office_work|performing_arts|personal_service|physical_science|physical_manual_labor|politics|professional_advising|protective_service|public_speaking|religious_activities|sales|social_science|social_service|teaching_education|transportation_machine_operation|visual_arts,3.0,0.0,0.0,0.0,0.0,0.0,0.0,0.0,0.0,0.0,1.0,0.0,0.0,0.0,0.0,0.0,0.0,0.0,0.0,2.0,0.0,0.0,0.0,0.0,0.0,0.0,0.0,0.0,0.0,0.0,0.0,0.0,0.0,0.0,0.0,0.0,0.0,0.0,0.0,0.0,0.0,3.87,1.0,1.0,1.0,1.0,3.07,1.0,1.14,1.0,1.21,6.28,1.0,1.43,1.19,3.05,2.72,1.1,3.04,1.26,6.14,1.03,1.25,1.03,1.0,1.02,3.03,1.02,1.18,1.0,1.22,2.02,1.58,1.08,2.61,1.0,1.84,2.31,1.1,1.34,1.0,1.07
13-2061.00,Financial Examiners,office_work|law|management_administration|accounting|finance|agriculture|animal_service|applied_arts_and_design|athletics|business_initiatives|construction_woodwork|creative_writing|culinary_art|engineering|health_care_service|human_resources|humanities|information_technology|life_science|marketing_advertising|mathematics_statistics|mechanics_electronics|media|medical_science|music|nature_outdoors|performing_arts|personal_service|physical_science|physical_manual_labor|politics|professional_advising|protective_service|public_speaking|religious_activities|sales|social_science|social_service|teaching_education|transportation_machine_operation|visual_arts,2.0,0.0,0.0,0.0,0.0,0.0,0.0,0.0,0.0,0.0,1.0,0.0,0.0,0.0,0.0,4.0,0.0,3.0,0.0,0.0,0.0,0.0,0.0,0.0,0.0,5.0,0.0,0.0,0.0,0.0,0.0,0.0,0.0,0.0,0.0,0.0,0.0,0.0,0.0,0.0,0.0,5.77,1.0,1.0,1.0,1.0,2.39,1.0,1.11,1.0,1.06,6.62,1.03,1.96,1.19,2.01,4.65,1.0,4.81,1.13,2.74,1.0,1.07,1.0,1.0,1.0,4.41,1.0,1.21,1.0,1.02,1.9,1.94,2.29,3.06,1.0,1.24,1.9,1.25,1.93,1.0,1.0
13-2071.00,Credit Counselors,accounting|social_service|finance|office_work|professional_advising|agriculture|animal_service|applied_arts_and_design|athletics|business_initiatives|construction_woodwork|creative_writing|culinary_art|engineering|health_care_service|human_resources|humanities|information_technology|law|life_science|management_administration|marketing_advertising|mathematics_statistics|mechanics_electronics|media|medical_science|music|nature_outdoors|performing_arts|personal_service|physical_science|physical_manual_labor|politics|protective_service|public_speaking|religious_activities|sales|social_science|teaching_education|transportation_machine_operation|visual_arts,5.0,0.0,0.0,0.0,0.0,0.0,0.0,0.0,0.0,0.0,3.0,0.0,0.0,0.0,0.0,0.0,0.0,0.0,0.0,0.0,0.0,0.0,0.0,0.0,0.0,2.0,0.0,0.0,0.0,0.0,0.0,1.0,0.0,0.0,0.0,0.0,0.0,4.0,0.0,0.0,0.0,4.21,1.0,1.0,1.0,1.0,1.73,1.0,1.14,1.0,1.0,4.53,1.19,2.51,1.19,1.3,2.65,1.0,2.42,1.46,2.28,1.0,1.25,1.0,1.0,1.0,4.95,1.04,3.8,1.0,1.0,1.29,5.88,1.04,2.72,1.02,2.13,2.57,4.27,3.38,1.0,1.0
13-2072.00,Loan Officers,sales|accounting|office_work|finance|agriculture|animal_service|applied_arts_and_design|athletics|business_initiatives|construction_woodwork|creative_writing|culinary_art|engineering|health_care_service|human_resources|humanities|information_technology|law|life_science|management_administration|marketing_advertising|mathematics_statistics|mechanics_electronics|media|medical_science|music|nature_outdoors|performing_arts|personal_service|physical_science|physical_manual_labor|politics|professional_advising|protective_service|public_speaking|religious_activities|social_science|social_service|teaching_education|transportation_machine_operation|visual_arts,3.0,0.0,0.0,0.0,0.0,0.0,0.0,0.0,0.0,0.0,1.0,0.0,0.0,0.0,0.0,0.0,0.0,0.0,0.0,0.0,0.0,0.0,0.0,0.0,0.0,2.0,0.0,0.0,0.0,0.0,0.0,0.0,0.0,0.0,0.0,4.0,0.0,0.0,0.0,0.0,0.0,4.47,1.01,1.0,1.0,1.0,3.0,1.0,1.0,1.0,1.0,5.82,1.0,1.96,1.09,1.59,2.8,1.0,3.84,2.37,2.34,1.0,1.1,1.0,1.0,1.0,5.3,1.0,2.89,1.0,1.0,1.32,3.38,1.08,2.82,1.0,4.25,1.55,2.03,1.99,1.0,1.0
13-2081.00,"Tax Examiners and Collectors, and Revenue Agents",finance|office_work|accounting|agriculture|animal_service|applied_arts_and_design|athletics|business_initiatives|construction_woodwork|creative_writing|culinary_art|engineering|health_care_service|human_resources|humanities|information_technology|law|life_science|management_administration|marketing_advertising|mathematics_statistics|mechanics_electronics|media|medical_science|music|nature_outdoors|performing_arts|personal_service|physical_science|physical_manual_labor|politics|professional_advising|protective_service|public_speaking|religious_activities|sales|social_science|social_service|teaching_education|transportation_machine_operation|visual_arts,1.0,0.0,0.0,0.0,0.0,0.0,0.0,0.0,0.0,0.0,3.0,0.0,0.0,0.0,0.0,0.0,0.0,0.0,0.0,0.0,0.0,0.0,0.0,0.0,0.0,2.0,0.0,0.0,0.0,0.0,0.0,0.0,0.0,0.0,0.0,0.0,0.0,0.0,0.0,0.0,0.0,6.28,1.0,1.0,1.0,1.0,1.73,1.0,1.07,1.0,1.0,4.74,1.0,1.89,1.09,1.47,3.72,1.0,2.42,1.15,2.22,1.0,1.14,1.0,1.0,1.0,5.73,1.0,1.78,1.0,1.0,1.68,1.91,1.51,1.78,1.0,1.45,1.52,1.31,1.39,1.0,1.0
13-2082.00,Tax Preparers,finance|office_work|accounting|agriculture|animal_service|applied_arts_and_design|athletics|business_initiatives|construction_woodwork|creative_writing|culinary_art|engineering|health_care_service|human_resources|humanities|information_technology|law|life_science|management_administration|marketing_advertising|mathematics_statistics|mechanics_electronics|media|medical_science|music|nature_outdoors|performing_arts|personal_service|physical_science|physical_manual_labor|politics|professional_advising|protective_service|public_speaking|religious_activities|sales|social_science|social_service|teaching_education|transportation_machine_operation|visual_arts,1.0,0.0,0.0,0.0,0.0,0.0,0.0,0.0,0.0,0.0,3.0,0.0,0.0,0.0,0.0,0.0,0.0,0.0,0.0,0.0,0.0,0.0,0.0,0.0,0.0,2.0,0.0,0.0,0.0,0.0,0.0,0.0,0.0,0.0,0.0,0.0,0.0,0.0,0.0,0.0,0.0,6.64,1.0,1.0,1.0,1.0,1.56,1.0,1.02,1.0,1.0,4.49,1.0,1.57,1.0,1.89,2.91,1.0,2.16,1.23,2.71,1.03,1.05,1.0,1.0,1.0,6.02,1.0,2.24,1.0,1.0,1.35,2.33,1.12,1.93,1.0,1.87,1.24,1.35,1.81,1.0,1.0
13-2099.01,Financial Quantitative Analysts,accounting|finance|mathematics_statistics|agriculture|animal_service|applied_arts_and_design|athletics|business_initiatives|construction_woodwork|creative_writing|culinary_art|engineering|health_care_service|human_resources|humanities|information_technology|law|life_science|management_administration|marketing_advertising|mechanics_electronics|media|medical_science|music|nature_outdoors|office_work|performing_arts|personal_service|physical_science|physical_manual_labor|politics|professional_advising|protective_service|public_speaking|religious_activities|sales|social_science|social_service|teaching_education|transportation_machine_operation|visual_arts,3.0,0.0,0.0,0.0,0.0,0.0,0.0,0.0,0.0,0.0,2.0,0.0,0.0,0.0,0.0,0.0,0.0,0.0,0.0,1.0,0.0,0.0,0.0,0.0,0.0,0.0,0.0,0.0,0.0,0.0,0.0,0.0,0.0,0.0,0.0,0.0,0.0,0.0,0.0,0.0,0.0,3.69,1.0,1.0,1.0,1.0,2.45,1.0,1.11,1.0,1.32,6.14,1.0,1.28,1.16,3.62,1.4,1.1,2.0,1.13,6.33,1.11,1.12,1.03,1.0,1.0,2.34,1.0,1.06,1.0,1.51,1.26,1.16,1.04,1.63,1.0,1.33,1.96,1.02,1.31,1.0,1.13
13-2099.04,"Fraud Examiners, Investigators and Analysts",office_work|finance|accounting|agriculture|animal_service|applied_arts_and_design|athletics|business_initiatives|construction_woodwork|creative_writing|culinary_art|engineering|health_care_service|human_resources|humanities|information_technology|law|life_science|management_administration|marketing_advertising|mathematics_statistics|mechanics_electronics|media|medical_science|music|nature_outdoors|performing_arts|personal_service|physical_science|physical_manual_labor|politics|professional_advising|protective_service|public_speaking|religious_activities|sales|social_science|social_service|teaching_education|transportation_machine_operation|visual_arts,1.0,0.0,0.0,0.0,0.0,0.0,0.0,0.0,0.0,0.0,2.0,0.0,0.0,0.0,0.0,0.0,0.0,0.0,0.0,0.0,0.0,0.0,0.0,0.0,0.0,3.0,0.0,0.0,0.0,0.0,0.0,0.0,0.0,0.0,0.0,0.0,0.0,0.0,0.0,0.0,0.0,5.46,1.0,1.0,1.0,1.0,1.97,1.0,1.14,1.0,1.12,4.49,1.19,1.64,1.19,2.5,3.9,1.03,3.22,1.13,3.23,1.17,1.17,1.16,1.0,1.0,4.09,1.02,1.18,1.04,1.09,1.65,1.54,3.96,3.06,1.0,1.2,2.15,1.15,1.6,1.06,1.04
15-1211.00,Computer Systems Analysts,mathematics_statistics|information_technology|accounting|agriculture|animal_service|applied_arts_and_design|athletics|business_initiatives|construction_woodwork|creative_writing|culinary_art|engineering|finance|health_care_service|human_resources|humanities|law|life_science|management_administration|marketing_advertising|mechanics_electronics|media|medical_science|music|nature_outdoors|office_work|performing_arts|personal_service|physical_science|physical_manual_labor|politics|professional_advising|protective_service|public_speaking|religious_activities|sales|social_science|social_service|teaching_education|transportation_machine_operation|visual_arts,0.0,0.0,0.0,0.0,0.0,0.0,0.0,0.0,0.0,0.0,0.0,0.0,0.0,0.0,1.0,0.0,0.0,0.0,0.0,2.0,0.0,0.0,0.0,0.0,0.0,0.0,0.0,0.0,0.0,0.0,0.0,0.0,0.0,0.0,0.0,0.0,0.0,0.0,0.0,0.0,0.0,2.31,1.0,1.0,1.16,1.0,2.2,1.0,1.11,1.0,2.85,1.79,1.39,1.68,1.19,6.58,1.14,1.26,2.83,1.21,4.21,2.35,1.2,1.25,1.0,1.0,2.53,1.0,1.49,1.02,1.56,1.14,1.54,1.16,1.57,1.0,1.27,1.29,1.1,1.75,1.0,1.13
15-1211.01,Health Informatics Specialists,life_science|health_care_service|information_technology|accounting|agriculture|animal_service|applied_arts_and_design|athletics|business_initiatives|construction_woodwork|creative_writing|culinary_art|engineering|finance|human_resources|humanities|law|management_administration|marketing_advertising|mathematics_statistics|mechanics_electronics|media|medical_science|music|nature_outdoors|office_work|performing_arts|personal_service|physical_science|physical_manual_labor|politics|professional_advising|protective_service|public_speaking|religious_activities|sales|social_science|social_service|teaching_education|transportation_machine_operation|visual_arts,0.0,0.0,0.0,0.0,0.0,0.0,0.0,0.0,0.0,0.0,0.0,2.0,0.0,0.0,1.0,0.0,3.0,0.0,0.0,0.0,0.0,0.0,0.0,0.0,0.0,0.0,0.0,0.0,0.0,0.0,0.0,0.0,0.0,0.0,0.0,0.0,0.0,0.0,0.0,0.0,0.0,1.65,1.0,1.0,1.21,1.0,1.75,1.0,1.23,1.0,1.94,1.34,3.81,2.07,1.44,5.77,1.58,3.67,3.0,1.32,3.45,1.59,1.4,3.31,1.0,1.0,2.6,1.0,1.75,1.0,1.51,1.65,2.53,1.23,2.68,1.0,1.22,2.73,2.3,3.06,1.0,1.13
15-1212.00,Information Security Analysts,protective_service|information_technology|accounting|agriculture|animal_service|applied_arts_and_design|athletics|business_initiatives|construction_woodwork|creative_writing|culinary_art|engineering|finance|health_care_service|human_resources|humanities|law|life_science|management_administration|marketing_advertising|mathematics_statistics|mechanics_electronics|media|medical_science|music|nature_outdoors|office_work|performing_arts|personal_service|physical_science|physical_manual_labor|politics|professional_advising|public_speaking|religious_activities|sales|social_science|social_service|teaching_education|transportation_machine_operation|visual_arts,0.0,0.0,0.0,0.0,0.0,0.0,0.0,0.0,0.0,0.0,0.0,0.0,0.0,0.0,1.0,0.0,0.0,0.0,0.0,0.0,0.0,0.0,0.0,0.0,0.0,0.0,0.0,0.0,0.0,0.0,0.0,0.0,2.0,0.0,0.0,0.0,0.0,0.0,0.0,0.0,0.0,2.0,1.0,1.0,1.0,1.0,1.73,1.0,1.14,1.0,2.67,1.56,1.26,1.82,1.19,6.86,1.91,1.0,2.69,1.13,2.74,2.93,1.14,1.05,1.0,1.0,2.88,1.0,1.33,1.0,1.33,1.38,1.58,3.17,1.87,1.0,1.16,1.24,1.15,1.81,1.0,1.0
15-1221.00,Computer and Information Research Scientists,engineering|mathematics_statistics|information_technology|accounting|agriculture|animal_service|applied_arts_and_design|athletics|business_initiatives|construction_woodwork|creative_writing|culinary_art|finance|health_care_service|human_resources|humanities|law|life_science|management_administration|marketing_advertising|mechanics_electronics|media|medical_science|music|nature_outdoors|office_work|performing_arts|personal_service|physical_science|physical_manual_labor|politics|professional_advising|protective_service|public_speaking|religious_activities|sales|social_science|social_service|teaching_education|transportation_machine_operation|visual_arts,0.0,0.0,0.0,0.0,0.0,0.0,0.0,0.0,0.0,3.0,0.0,0.0,0.0,0.0,1.0,0.0,0.0,0.0,0.0,2.0,0.0,0.0,0.0,0.0,0.0,0.0,0.0,0.0,0.0,0.0,0.0,0.0,0.0,0.0,0.0,0.0,0.0,0.0,0.0,0.0,0.0,1.65,1.0,1.0,1.44,1.0,1.78,1.0,1.21,1.0,4.51,1.39,1.29,1.46,1.28,6.44,1.22,1.4,3.01,1.15,5.42,2.76,1.27,1.6,1.02,1.0,1.74,1.06,1.12,1.0,2.01,1.2,1.27,1.12,1.78,1.0,1.14,1.6,1.08,1.48,1.1,1.35
15-1231.00,Computer Network Support Specialists,mechanics_electronics|engineering|information_technology|accounting|agriculture|animal_service|applied_arts_and_design|athletics|business_initiatives|construction_woodwork|creative_writing|culinary_art|finance|health_care_service|human_resources|humanities|law|life_science|management_administration|marketing_advertising|mathematics_statistics|media|medical_science|music|nature_outdoors|office_work|performing_arts|personal_service|physical_science|physical_manual_labor|politics|professional_advising|protective_service|public_speaking|religious_activities|sales|social_science|social_service|teaching_education|transportation_machine_operation|visual_arts,0.0,0.0,0.0,0.0,0.0,0.0,0.0,0.0,0.0,2.0,0.0,0.0,0.0,0.0,1.0,0.0,0.0,0.0,0.0,0.0,3.0,0.0,0.0,0.0,0.0,0.0,0.0,0.0,0.0,0.0,0.0,0.0,0.0,0.0,0.0,0.0,0.0,0.0,0.0,0.0,0.0,1.44,1.0,1.0,1.03,1.0,1.35,1.09,1.11,1.0,3.78,1.18,1.19,1.35,1.0,6.58,1.11,1.0,2.06,1.03,2.28,3.65,1.12,1.0,1.0,1.0,2.15,1.0,1.62,1.5,1.44,1.0,1.31,1.55,1.45,1.0,1.2,1.21,1.13,1.81,1.06,1.0
15-1232.00,Computer User Support Specialists,office_work|mechanics_electronics|information_technology|accounting|agriculture|animal_service|applied_arts_and_design|athletics|business_initiatives|construction_woodwork|creative_writing|culinary_art|engineering|finance|health_care_service|human_resources|humanities|law|life_science|management_administration|marketing_advertising|mathematics_statistics|media|medical_science|music|nature_outdoors|performing_arts|personal_service|physical_science|physical_manual_labor|politics|professional_advising|protective_service|public_speaking|religious_activities|sales|social_science|social_service|teaching_education|transportation_machine_operation|visual_arts,0.0,0.0,0.0,0.0,0.0,0.0,0.0,0.0,0.0,0.0,0.0,0.0,0.0,0.0,1.0,0.0,0.0,0.0,0.0,0.0,2.0,0.0,0.0,0.0,0.0,3.0,0.0,0.0,0.0,0.0,0.0,0.0,0.0,0.0,0.0,0.0,0.0,0.0,0.0,0.0,0.0,1.62,1.0,1.0,1.13,1.0,1.2,1.09,1.16,1.0,2.6,1.2,1.39,1.82,1.19,6.3,1.0,1.03,2.19,1.15,1.79,4.03,1.25,1.03,1.0,1.0,3.62,1.02,2.41,1.63,1.33,1.0,1.91,1.12,1.75,1.0,1.36,1.26,1.48,2.54,1.13,1.11
15-1241.00,Computer Network Architects,mathematics_statistics|engineering|information_technology|accounting|agriculture|animal_service|applied_arts_and_design|athletics|business_initiatives|construction_woodwork|creative_writing|culinary_art|finance|health_care_service|human_resources|humanities|law|life_science|management_administration|marketing_advertising|mechanics_electronics|media|medical_science|music|nature_outdoors|office_work|performing_arts|personal_service|physical_science|physical_manual_labor|politics|professional_advising|protective_service|public_speaking|religious_activities|sales|social_science|social_service|teaching_education|transportation_machine_operation|visual_arts,0.0,0.0,0.0,0.0,0.0,0.0,0.0,0.0,0.0,2.0,0.0,0.0,0.0,0.0,1.0,0.0,0.0,0.0,0.0,3.0,0.0,0.0,0.0,0.0,0.0,0.0,0.0,0.0,0.0,0.0,0.0,0.0,0.0,0.0,0.0,0.0,0.0,0.0,0.0,0.0,0.0,1.65,1.0,1.0,1.21,1.0,1.97,1.0,1.11,1.0,4.91,1.5,1.16,1.32,1.09,6.58,1.25,1.0,2.93,1.32,3.6,3.43,1.17,1.0,1.0,1.0,1.74,1.0,1.46,1.15,1.56,1.2,1.21,1.4,1.96,1.0,1.68,1.24,1.08,1.87,1.03,1.13
15-1241.01,Telecommunications Engineering Specialists,mechanics_electronics|engineering|information_technology|accounting|agriculture|animal_service|applied_arts_and_design|athletics|business_initiatives|construction_woodwork|creative_writing|culinary_art|finance|health_care_service|human_resources|humanities|law|life_science|management_administration|marketing_advertising|mathematics_statistics|media|medical_science|music|nature_outdoors|office_work|performing_arts|personal_service|physical_science|physical_manual_labor|politics|professional_advising|protective_service|public_speaking|religious_activities|sales|social_science|social_service|teaching_education|transportation_machine_operation|visual_arts,0.0,0.0,0.0,0.0,0.0,0.0,0.0,0.0,0.0,2.0,0.0,0.0,0.0,0.0,1.0,0.0,0.0,0.0,0.0,0.0,3.0,0.0,0.0,0.0,0.0,0.0,0.0,0.0,0.0,0.0,0.0,0.0,0.0,0.0,0.0,0.0,0.0,0.0,0.0,0.0,0.0,1.79,1.0,1.0,1.16,1.0,2.0,1.28,1.09,1.0,5.99,1.56,1.1,1.53,1.16,6.03,1.14,1.08,2.97,1.24,3.48,4.93,1.35,1.05,1.0,1.06,1.98,1.0,1.46,1.87,1.9,1.17,1.54,1.2,1.84,1.0,1.43,1.24,1.11,1.75,1.23,1.13
15-1242.00,Database Administrators,mathematics_statistics|management_administration|information_technology|accounting|agriculture|animal_service|applied_arts_and_design|athletics|business_initiatives|construction_woodwork|creative_writing|culinary_art|engineering|finance|health_care_service|human_resources|humanities|law|life_science|marketing_advertising|mechanics_electronics|media|medical_science|music|nature_outdoors|office_work|performing_arts|personal_service|physical_science|physical_manual_labor|politics|professional_advising|protective_service|public_speaking|religious_activities|sales|social_science|social_service|teaching_education|transportation_machine_operation|visual_arts,0.0,0.0,0.0,0.0,0.0,0.0,0.0,0.0,0.0,0.0,0.0,0.0,0.0,0.0,1.0,0.0,0.0,2.0,0.0,3.0,0.0,0.0,0.0,0.0,0.0,0.0,0.0,0.0,0.0,0.0,0.0,0.0,0.0,0.0,0.0,0.0,0.0,0.0,0.0,0.0,0.0,1.93,1.0,1.0,1.0,1.0,1.51,1.0,1.07,1.0,1.88,1.45,1.26,1.64,1.0,6.67,1.22,1.1,3.65,1.13,3.19,1.81,1.14,1.25,1.0,1.0,2.53,1.0,1.37,1.0,1.3,1.06,1.35,1.35,1.48,1.0,1.12,1.18,1.08,1.78,1.0,1.0
15-1243.00,Database Architects,mathematics_statistics|information_technology|accounting|agriculture|animal_service|applied_arts_and_design|athletics|business_initiatives|construction_woodwork|creative_writing|culinary_art|engineering|finance|health_care_service|human_resources|humanities|law|life_science|management_administration|marketing_advertising|mechanics_electronics|media|medical_science|music|nature_outdoors|office_work|performing_arts|personal_service|physical_science|physical_manual_labor|politics|professional_advising|protective_service|public_speaking|religious_activities|sales|social_science|social_service|teaching_education|transportation_machine_operation|visual_arts,0.0,0.0,0.0,0.0,0.0,0.0,0.0,0.0,0.0,0.0,0.0,0.0,0.0,0.0,1.0,0.0,0.0,0.0,0.0,2.0,0.0,0.0,0.0,0.0,0.0,0.0,0.0,0.0,0.0,0.0,0.0,0.0,0.0,0.0,0.0,0.0,0.0,0.0,0.0,0.0,0.0,2.0,1.0,1.0,1.1,1.0,1.65,1.0,1.11,1.0,2.17,1.45,1.19,1.28,1.03,6.63,1.11,1.15,2.79,1.13,4.02,1.44,1.12,1.11,1.0,1.0,1.59,1.0,1.09,1.0,1.35,1.03,1.13,1.04,1.42,1.0,1.08,1.13,1.03,1.34,1.0,1.13
15-1243.01,Data Warehousing Specialists,mathematics_statistics|information_technology|accounting|agriculture|animal_service|applied_arts_and_design|athletics|business_initiatives|construction_woodwork|creative_writing|culinary_art|engineering|finance|health_care_service|human_resources|humanities|law|life_science|management_administration|marketing_advertising|mechanics_electronics|media|medical_science|music|nature_outdoors|office_work|performing_arts|personal_service|physical_science|physical_manual_labor|politics|professional_advising|protective_service|public_speaking|religious_activities|sales|social_science|social_service|teaching_education|transportation_machine_operation|visual_arts,0.0,0.0,0.0,0.0,0.0,0.0,0.0,0.0,0.0,0.0,0.0,0.0,0.0,0.0,1.0,0.0,0.0,0.0,0.0,2.0,0.0,0.0,0.0,0.0,0.0,0.0,0.0,0.0,0.0,0.0,0.0,0.0,0.0,0.0,0.0,0.0,0.0,0.0,0.0,0.0,0.0,2.31,1.0,1.0,1.1,1.0,1.89,1.0,1.14,1.0,2.17,1.82,1.29,1.35,1.06,6.58,1.0,1.13,2.79,1.1,3.52,1.47,1.14,1.22,1.0,1.0,2.5,1.0,1.09,1.0,1.26,1.03,1.13,1.08,1.51,1.0,1.12,1.24,1.08,1.28,1.0,1.11
15-1244.00,Network and Computer Systems Administrators,engineering|mechanics_electronics|information_technology|accounting|agriculture|animal_service|applied_arts_and_design|athletics|business_initiatives|construction_woodwork|creative_writing|culinary_art|finance|health_care_service|human_resources|humanities|law|life_science|management_administration|marketing_advertising|mathematics_statistics|media|medical_science|music|nature_outdoors|office_work|performing_arts|personal_service|physical_science|physical_manual_labor|politics|professional_advising|protective_service|public_speaking|religious_activities|sales|social_science|social_service|teaching_education|transportation_machine_operation|visual_arts,0.0,0.0,0.0,0.0,0.0,0.0,0.0,0.0,0.0,3.0,0.0,0.0,0.0,0.0,1.0,0.0,0.0,0.0,0.0,0.0,2.0,0.0,0.0,0.0,0.0,0.0,0.0,0.0,0.0,0.0,0.0,0.0,0.0,0.0,0.0,0.0,0.0,0.0,0.0,0.0,0.0,1.62,1.0,1.0,1.0,1.0,1.56,1.03,1.11,1.0,3.16,1.42,1.19,1.6,1.03,6.58,1.22,1.0,3.0,1.15,2.41,3.95,1.17,1.08,1.0,1.0,1.98,1.0,1.62,1.31,1.37,1.03,1.35,1.48,1.6,1.0,1.31,1.21,1.13,1.63,1.06,1.0
15-1251.00,Computer Programmers,mathematics_statistics|information_technology|accounting|agriculture|animal_service|applied_arts_and_design|athletics|business_initiatives|construction_woodwork|creative_writing|culinary_art|engineering|finance|health_care_service|human_resources|humanities|law|life_science|management_administration|marketing_advertising|mechanics_electronics|media|medical_science|music|nature_outdoors|office_work|performing_arts|personal_service|physical_science|physical_manual_labor|politics|professional_advising|protective_service|public_speaking|religious_activities|sales|social_science|social_service|teaching_education|transportation_machine_operation|visual_arts,0.0,0.0,0.0,0.0,0.0,0.0,0.0,0.0,0.0,0.0,0.0,0.0,0.0,0.0,1.0,0.0,0.0,0.0,0.0,2.0,0.0,0.0,0.0,0.0,0.0,0.0,0.0,0.0,0.0,0.0,0.0,0.0,0.0,0.0,0.0,0.0,0.0,0.0,0.0,0.0,0.0,1.86,1.0,1.0,1.24,1.0,1.33,1.0,1.28,1.0,2.64,1.42,1.19,1.28,1.16,6.86,1.04,1.4,2.03,1.21,4.17,1.81,1.27,1.42,1.02,1.0,2.24,1.02,1.18,1.0,1.42,1.06,1.14,1.12,1.39,1.0,1.08,1.24,1.05,1.54,1.0,1.3
15-1252.00,Software Developers,engineering|mathematics_statistics|information_technology|accounting|agriculture|animal_service|applied_arts_and_design|athletics|business_initiatives|construction_woodwork|creative_writing|culinary_art|finance|health_care_service|human_resources|humanities|law|life_science|management_administration|marketing_advertising|mechanics_electronics|media|medical_science|music|nature_outdoors|office_work|performing_arts|personal_service|physical_science|physical_manual_labor|politics|professional_advising|protective_service|public_speaking|religious_activities|sales|social_science|social_service|teaching_education|transportation_machine_operation|visual_arts,0.0,0.0,0.0,0.0,0.0,0.0,0.0,0.0,0.0,3.0,0.0,0.0,0.0,0.0,1.0,0.0,0.0,0.0,0.0,2.0,0.0,0.0,0.0,0.0,0.0,0.0,0.0,0.0,0.0,0.0,0.0,0.0,0.0,0.0,0.0,0.0,0.0,0.0,0.0,0.0,0.0,1.89,1.0,1.0,1.35,1.0,1.4,1.0,1.31,1.0,4.63,1.42,1.13,1.25,1.12,6.63,1.14,1.21,2.32,1.21,5.07,2.79,1.3,1.25,1.07,1.0,1.79,1.04,1.24,1.0,1.71,1.08,1.13,1.12,1.6,1.0,1.2,1.24,1.1,1.42,1.06,1.2
15-1253.00,Software Quality Assurance Analysts and Testers,mathematics_statistics|engineering|information_technology|accounting|agriculture|animal_service|applied_arts_and_design|athletics|business_initiatives|construction_woodwork|creative_writing|culinary_art|finance|health_care_service|human_resources|humanities|law|life_science|management_administration|marketing_advertising|mechanics_electronics|media|medical_science|music|nature_outdoors|office_work|performing_arts|personal_service|physical_science|physical_manual_labor|politics|professional_advising|protective_service|public_speaking|religious_activities|sales|social_science|social_service|teaching_education|transportation_machine_operation|visual_arts,0.0,0.0,0.0,0.0,0.0,0.0,0.0,0.0,0.0,2.0,0.0,0.0,0.0,0.0,1.0,0.0,0.0,0.0,0.0,3.0,0.0,0.0,0.0,0.0,0.0,0.0,0.0,0.0,0.0,0.0,0.0,0.0,0.0,0.0,0.0,0.0,0.0,0.0,0.0,0.0,0.0,1.72,1.0,1.0,1.13,1.0,1.21,1.0,1.14,1.0,3.9,1.2,1.1,1.35,1.09,6.49,1.14,1.0,2.22,1.08,3.23,2.35,1.14,1.08,1.0,1.0,2.01,1.0,1.09,1.02,1.37,1.0,1.13,1.16,1.39,1.0,1.06,1.18,1.03,1.34,1.0,1.13
15-1254.00,Web Developers,mathematics_statistics|information_technology|accounting|agriculture|animal_service|applied_arts_and_design|athletics|business_initiatives|construction_woodwork|creative_writing|culinary_art|engineering|finance|health_care_service|human_resources|humanities|law|life_science|management_administration|marketing_advertising|mechanics_electronics|media|medical_science|music|nature_outdoors|office_work|performing_arts|personal_service|physical_science|physical_manual_labor|politics|professional_advising|protective_service|public_speaking|religious_activities|sales|social_science|social_service|teaching_education|transportation_machine_operation|visual_arts,0.0,0.0,0.0,0.0,0.0,0.0,0.0,0.0,0.0,0.0,0.0,0.0,0.0,0.0,1.0,0.0,0.0,0.0,0.0,2.0,0.0,0.0,0.0,0.0,0.0,0.0,0.0,0.0,0.0,0.0,0.0,0.0,0.0,0.0,0.0,0.0,0.0,0.0,0.0,0.0,0.0,1.51,1.0,1.0,2.55,1.0,1.44,1.0,1.51,1.0,2.01,1.28,1.1,1.28,1.28,6.58,1.14,1.03,2.19,1.78,2.67,1.71,2.37,1.05,1.09,1.0,1.61,1.09,1.33,1.0,1.28,1.14,1.14,1.08,1.51,1.0,1.31,1.26,1.08,1.42,1.0,2.46
15-1255.00,Web and Digital Interface Designers,visual_arts|applied_arts_and_design|information_technology|accounting|agriculture|animal_service|athletics|business_initiatives|construction_woodwork|creative_writing|culinary_art|engineering|finance|health_care_service|human_resources|humanities|law|life_science|management_administration|marketing_advertising|mathematics_statistics|mechanics_electronics|media|medical_science|music|nature_outdoors|office_work|performing_arts|personal_service|physical_science|physical_manual_labor|politics|professional_advising|protective_service|public_speaking|religious_activities|sales|social_science|social_service|teaching_education|transportation_machine_operation,0.0,0.0,0.0,2.0,0.0,0.0,0.0,0.0,0.0,0.0,0.0,0.0,0.0,0.0,1.0,0.0,0.0,0.0,0.0,0.0,0.0,0.0,0.0,0.0,0.0,0.0,0.0,0.0,0.0,0.0,0.0,0.0,0.0,0.0,0.0,0.0,0.0,0.0,0.0,0.0,3.0,1.48,1.0,1.0,5.49,1.0,1.89,1.0,1.99,1.15,2.04,1.47,1.13,1.35,1.64,6.3,1.18,1.05,2.29,3.04,2.51,1.5,3.56,1.03,1.07,1.0,1.74,1.4,1.46,1.0,1.3,1.2,1.17,1.0,1.48,1.0,1.41,1.58,1.11,1.54,1.0,4.68
15-1255.01,Video Game Designers,information_technology|media|visual_arts|applied_arts_and_design|creative_writing|accounting|agriculture|animal_service|athletics|business_initiatives|construction_woodwork|culinary_art|engineering|finance|health_care_service|human_resources|humanities|law|life_science|management_administration|marketing_advertising|mathematics_statistics|mechanics_electronics|medical_science|music|nature_outdoors|office_work|performing_arts|personal_service|physical_science|physical_manual_labor|politics|professional_advising|protective_service|public_speaking|religious_activities|sales|social_science|social_service|teaching_education|transportation_machine_operation,0.0,0.0,0.0,2.0,0.0,0.0,0.0,1.0,0.0,0.0,0.0,0.0,0.0,0.0,5.0,0.0,0.0,0.0,0.0,0.0,0.0,4.0,0.0,0.0,0.0,0.0,0.0,0.0,0.0,0.0,0.0,0.0,0.0,0.0,0.0,0.0,0.0,0.0,0.0,0.0,3.0,1.24,1.0,1.0,6.3,1.17,1.86,1.0,6.34,1.27,2.01,1.15,1.0,1.5,1.74,4.59,1.11,1.15,3.04,2.4,2.54,1.41,5.62,1.03,1.96,1.02,1.66,2.52,1.15,1.0,1.28,1.2,1.39,1.0,2.41,1.0,1.36,1.96,1.1,1.62,1.0,5.8
15-1299.01,Web Administrators,management_administration|information_technology|accounting|agriculture|animal_service|applied_arts_and_design|athletics|business_initiatives|construction_woodwork|creative_writing|culinary_art|engineering|finance|health_care_service|human_resources|humanities|law|life_science|marketing_advertising|mathematics_statistics|mechanics_electronics|media|medical_science|music|nature_outdoors|office_work|performing_arts|personal_service|physical_science|physical_manual_labor|politics|professional_advising|protective_service|public_speaking|religious_activities|sales|social_science|social_service|teaching_education|transportation_machine_operation|visual_arts,0.0,0.0,0.0,0.0,0.0,0.0,0.0,0.0,0.0,0.0,0.0,0.0,0.0,0.0,1.0,0.0,0.0,2.0,0.0,0.0,0.0,0.0,0.0,0.0,0.0,0.0,0.0,0.0,0.0,0.0,0.0,0.0,0.0,0.0,0.0,0.0,0.0,0.0,0.0,0.0,0.0,1.69,1.0,1.0,1.67,1.0,2.3,1.0,1.36,1.0,1.98,1.47,1.19,1.64,1.31,6.54,1.22,1.05,3.62,2.27,2.19,2.29,2.28,1.05,1.02,1.0,1.84,1.06,1.37,1.0,1.3,1.17,1.24,1.71,1.54,1.0,1.73,1.29,1.11,1.34,1.0,1.45
15-1299.02,Geographic Information Systems Technologists and Technicians,engineering|mathematics_statistics|information_technology|accounting|agriculture|animal_service|applied_arts_and_design|athletics|business_initiatives|construction_woodwork|creative_writing|culinary_art|finance|health_care_service|human_resources|humanities|law|life_science|management_administration|marketing_advertising|mechanics_electronics|media|medical_science|music|nature_outdoors|office_work|performing_arts|personal_service|physical_science|physical_manual_labor|politics|professional_advising|protective_service|public_speaking|religious_activities|sales|social_science|social_service|teaching_education|transportation_machine_operation|visual_arts,0.0,0.0,0.0,0.0,0.0,0.0,0.0,0.0,0.0,3.0,0.0,0.0,0.0,0.0,1.0,0.0,0.0,0.0,0.0,2.0,0.0,0.0,0.0,0.0,0.0,0.0,0.0,0.0,0.0,0.0,0.0,0.0,0.0,0.0,0.0,0.0,0.0,0.0,0.0,0.0,0.0,1.55,1.49,1.05,1.79,1.0,1.33,1.06,1.21,1.0,3.53,1.2,1.26,1.28,1.67,6.17,1.14,1.83,1.9,1.29,4.45,2.52,1.43,1.51,1.0,2.01,2.47,1.04,1.33,1.12,2.53,1.17,1.43,1.32,1.72,1.0,1.16,1.72,1.1,1.81,1.03,1.83
15-1299.03,Document Management Specialists,management_administration|information_technology|office_work|accounting|agriculture|animal_service|applied_arts_and_design|athletics|business_initiatives|construction_woodwork|creative_writing|culinary_art|engineering|finance|health_care_service|human_resources|humanities|law|life_science|marketing_advertising|mathematics_statistics|mechanics_electronics|media|medical_science|music|nature_outdoors|performing_arts|personal_service|physical_science|physical_manual_labor|politics|professional_advising|protective_service|public_speaking|religious_activities|sales|social_science|social_service|teaching_education|transportation_machine_operation|visual_arts,0.0,0.0,0.0,0.0,0.0,0.0,0.0,0.0,0.0,0.0,0.0,0.0,0.0,0.0,2.0,0.0,0.0,3.0,0.0,0.0,0.0,0.0,0.0,0.0,0.0,1.0,0.0,0.0,0.0,0.0,0.0,0.0,0.0,0.0,0.0,0.0,0.0,0.0,0.0,0.0,0.0,2.07,1.0,1.0,1.16,1.0,1.42,1.0,1.21,1.0,1.29,1.47,1.62,1.89,1.48,5.64,2.87,1.15,3.15,1.23,1.65,1.26,1.3,1.39,1.0,1.0,5.79,1.0,1.33,1.04,1.07,1.35,1.17,1.2,1.48,1.0,1.18,1.49,1.11,1.48,1.0,1.09
15-1299.04,Penetration Testers,engineering|information_technology|accounting|agriculture|animal_service|applied_arts_and_design|athletics|business_initiatives|construction_woodwork|creative_writing|culinary_art|finance|health_care_service|human_resources|humanities|law|life_science|management_administration|marketing_advertising|mathematics_statistics|mechanics_electronics|media|medical_science|music|nature_outdoors|office_work|performing_arts|personal_service|physical_science|physical_manual_labor|politics|professional_advising|protective_service|public_speaking|religious_activities|sales|social_science|social_service|teaching_education|transportation_machine_operation|visual_arts,0.0,0.0,0.0,0.0,0.0,0.0,0.0,0.0,0.0,2.0,0.0,0.0,0.0,0.0,1.0,0.0,0.0,0.0,0.0,0.0,0.0,0.0,0.0,0.0,0.0,0.0,0.0,0.0,0.0,0.0,0.0,0.0,0.0,0.0,0.0,0.0,0.0,0.0,0.0,0.0,0.0,1.41,1.0,1.0,1.0,1.0,1.38,1.0,1.09,1.0,3.09,1.23,1.06,1.18,1.06,6.53,1.44,1.03,1.87,1.1,2.77,2.39,1.2,1.0,1.0,1.0,1.87,1.0,1.09,1.06,1.3,1.08,1.12,2.44,1.87,1.0,1.08,1.24,1.03,1.36,1.0,1.04
15-1299.05,Information Security Engineers,mechanics_electronics|engineering|information_technology|accounting|agriculture|animal_service|applied_arts_and_design|athletics|business_initiatives|construction_woodwork|creative_writing|culinary_art|finance|health_care_service|human_resources|humanities|law|life_science|management_administration|marketing_advertising|mathematics_statistics|media|medical_science|music|nature_outdoors|office_work|performing_arts|personal_service|physical_science|physical_manual_labor|politics|professional_advising|protective_service|public_speaking|religious_activities|sales|social_science|social_service|teaching_education|transportation_machine_operation|visual_arts,0.0,0.0,0.0,0.0,0.0,0.0,0.0,0.0,0.0,2.0,0.0,0.0,0.0,0.0,1.0,0.0,0.0,0.0,0.0,0.0,3.0,0.0,0.0,0.0,0.0,0.0,0.0,0.0,0.0,0.0,0.0,0.0,0.0,0.0,0.0,0.0,0.0,0.0,0.0,0.0,0.0,1.55,1.0,1.0,1.0,1.0,1.44,1.0,1.14,1.0,4.09,1.56,1.19,1.35,1.06,6.58,1.69,1.05,2.66,1.13,2.71,3.39,1.12,1.03,1.0,1.0,1.92,1.0,1.21,1.04,1.3,1.17,1.21,3.05,1.66,1.0,1.18,1.24,1.1,1.62,1.0,1.04
15-1299.06,Digital Forensics Analysts,mathematics_statistics|protective_service|information_technology|accounting|agriculture|animal_service|applied_arts_and_design|athletics|business_initiatives|construction_woodwork|creative_writing|culinary_art|engineering|finance|health_care_service|human_resources|humanities|law|life_science|management_administration|marketing_advertising|mechanics_electronics|media|medical_science|music|nature_outdoors|office_work|performing_arts|personal_service|physical_science|physical_manual_labor|politics|professional_advising|public_speaking|religious_activities|sales|social_science|social_service|teaching_education|transportation_machine_operation|visual_arts,0.0,0.0,0.0,0.0,0.0,0.0,0.0,0.0,0.0,0.0,0.0,0.0,0.0,0.0,1.0,0.0,0.0,0.0,0.0,3.0,0.0,0.0,0.0,0.0,0.0,0.0,0.0,0.0,0.0,0.0,0.0,0.0,2.0,0.0,0.0,0.0,0.0,0.0,0.0,0.0,0.0,1.89,1.0,1.0,1.0,1.0,1.27,1.0,1.21,1.0,2.47,1.25,1.03,1.21,1.19,6.44,3.83,1.0,2.06,1.0,3.98,2.29,1.14,1.03,1.0,1.0,2.18,1.0,1.06,1.02,1.71,1.26,1.08,4.73,1.69,1.0,1.04,1.57,1.1,1.34,1.0,1.09
15-1299.07,Blockchain Engineers,engineering|mathematics_statistics|information_technology|accounting|agriculture|animal_service|applied_arts_and_design|athletics|business_initiatives|construction_woodwork|creative_writing|culinary_art|finance|health_care_service|human_resources|humanities|law|life_science|management_administration|marketing_advertising|mechanics_electronics|media|medical_science|music|nature_outdoors|office_work|performing_arts|personal_service|physical_science|physical_manual_labor|politics|professional_advising|protective_service|public_speaking|religious_activities|sales|social_science|social_service|teaching_education|transportation_machine_operation|visual_arts,0.0,0.0,0.0,0.0,0.0,0.0,0.0,0.0,0.0,3.0,0.0,0.0,0.0,0.0,1.0,0.0,0.0,0.0,0.0,2.0,0.0,0.0,0.0,0.0,0.0,0.0,0.0,0.0,0.0,0.0,0.0,0.0,0.0,0.0,0.0,0.0,0.0,0.0,0.0,0.0,0.0,2.04,1.0,1.0,1.1,1.0,1.6,1.0,1.11,1.0,4.43,2.84,1.1,1.21,1.12,6.58,1.51,1.03,1.84,1.18,4.57,1.81,1.14,1.05,1.02,1.0,1.41,1.0,1.09,1.0,1.46,1.23,1.08,1.32,1.42,1.0,1.18,1.29,1.0,1.16,1.0,1.13
15-1299.08,Computer Systems Engineers/Architects,mechanics_electronics|engineering|information_technology|accounting|agriculture|animal_service|applied_arts_and_design|athletics|business_initiatives|construction_woodwork|creative_writing|culinary_art|finance|health_care_service|human_resources|humanities|law|life_science|management_administration|marketing_advertising|mathematics_statistics|media|medical_science|music|nature_outdoors|office_work|performing_arts|personal_service|physical_science|physical_manual_labor|politics|professional_advising|protective_service|public_speaking|religious_activities|sales|social_science|social_service|teaching_education|transportation_machine_operation|visual_arts,0.0,0.0,0.0,0.0,0.0,0.0,0.0,0.0,0.0,2.0,0.0,0.0,0.0,0.0,1.0,0.0,0.0,0.0,0.0,0.0,3.0,0.0,0.0,0.0,0.0,0.0,0.0,0.0,0.0,0.0,0.0,0.0,0.0,0.0,0.0,0.0,0.0,0.0,0.0,0.0,0.0,1.55,1.0,1.0,1.21,1.0,1.7,1.06,1.18,1.0,5.27,1.56,1.23,1.35,1.19,6.58,1.25,1.15,3.04,1.15,3.6,3.76,1.22,1.19,1.0,1.0,1.95,1.02,1.37,1.12,1.63,1.17,1.43,1.32,2.12,1.0,1.31,1.16,1.1,1.81,1.0,1.13
15-1299.09,Information Technology Project Managers,information_technology|business_initiatives|management_administration|accounting|agriculture|animal_service|applied_arts_and_design|athletics|construction_woodwork|creative_writing|culinary_art|engineering|finance|health_care_service|human_resources|humanities|law|life_science|marketing_advertising|mathematics_statistics|mechanics_electronics|media|medical_science|music|nature_outdoors|office_work|performing_arts|personal_service|physical_science|physical_manual_labor|politics|professional_advising|protective_service|public_speaking|religious_activities|sales|social_science|social_service|teaching_education|transportation_machine_operation|visual_arts,0.0,0.0,0.0,0.0,0.0,2.0,0.0,0.0,0.0,0.0,0.0,0.0,0.0,0.0,3.0,0.0,0.0,1.0,0.0,0.0,0.0,0.0,0.0,0.0,0.0,0.0,0.0,0.0,0.0,0.0,0.0,0.0,0.0,0.0,0.0,0.0,0.0,0.0,0.0,0.0,0.0,2.82,1.0,1.0,1.13,1.0,4.73,1.0,1.16,1.0,2.17,2.77,1.33,2.69,1.19,4.67,1.47,1.15,6.28,1.49,2.51,1.62,1.38,1.14,1.0,1.0,3.41,1.02,1.52,1.0,1.28,1.53,1.75,1.16,3.06,1.0,1.92,1.55,1.17,1.81,1.0,1.09
15-2011.00,Actuaries,accounting|finance|mathematics_statistics|agriculture|animal_service|applied_arts_and_design|athletics|business_initiatives|construction_woodwork|creative_writing|culinary_art|engineering|health_care_service|human_resources|humanities|information_technology|law|life_science|management_administration|marketing_advertising|mechanics_electronics|media|medical_science|music|nature_outdoors|office_work|performing_arts|personal_service|physical_science|physical_manual_labor|politics|professional_advising|protective_service|public_speaking|religious_activities|sales|social_science|social_service|teaching_education|transportation_machine_operation|visual_arts,3.0,0.0,0.0,0.0,0.0,0.0,0.0,0.0,0.0,0.0,2.0,0.0,0.0,0.0,0.0,0.0,0.0,0.0,0.0,1.0,0.0,0.0,0.0,0.0,0.0,0.0,0.0,0.0,0.0,0.0,0.0,0.0,0.0,0.0,0.0,0.0,0.0,0.0,0.0,0.0,0.0,4.47,1.0,1.0,1.0,1.0,2.62,1.0,1.09,1.0,1.17,5.37,1.26,1.82,1.09,2.9,2.61,1.24,2.97,1.32,6.52,1.06,1.12,1.51,1.0,1.0,2.0,1.0,1.18,1.0,1.35,1.99,1.54,1.04,2.85,1.0,1.57,1.72,1.11,1.57,1.0,1.0
15-2021.00,Mathematicians,physical_science|information_technology|mathematics_statistics|accounting|agriculture|animal_service|applied_arts_and_design|athletics|business_initiatives|construction_woodwork|creative_writing|culinary_art|engineering|finance|health_care_service|human_resources|humanities|law|life_science|management_administration|marketing_advertising|mechanics_electronics|media|medical_science|music|nature_outdoors|office_work|performing_arts|personal_service|physical_manual_labor|politics|professional_advising|protective_service|public_speaking|religious_activities|sales|social_science|social_service|teaching_education|transportation_machine_operation|visual_arts,0.0,0.0,0.0,0.0,0.0,0.0,0.0,0.0,0.0,0.0,0.0,0.0,0.0,0.0,2.0,0.0,0.0,0.0,0.0,1.0,0.0,0.0,0.0,0.0,0.0,0.0,0.0,0.0,0.0,3.0,0.0,0.0,0.0,0.0,0.0,0.0,0.0,0.0,0.0,0.0,0.0,2.07,1.03,1.0,1.21,1.0,1.21,1.0,1.36,1.0,3.02,2.0,1.23,1.14,1.35,3.85,1.22,2.01,1.47,1.15,7.0,1.38,1.38,2.38,1.02,1.02,1.64,1.06,1.06,1.0,3.08,1.11,1.37,1.12,2.09,1.0,1.12,1.58,1.08,2.06,1.0,1.18
15-2031.00,Operations Research Analysts,information_technology|mathematics_statistics|accounting|agriculture|animal_service|applied_arts_and_design|athletics|business_initiatives|construction_woodwork|creative_writing|culinary_art|engineering|finance|health_care_service|human_resources|humanities|law|life_science|management_administration|marketing_advertising|mechanics_electronics|media|medical_science|music|nature_outdoors|office_work|performing_arts|personal_service|physical_science|physical_manual_labor|politics|professional_advising|protective_service|public_speaking|religious_activities|sales|social_science|social_service|teaching_education|transportation_machine_operation|visual_arts,0.0,0.0,0.0,0.0,0.0,0.0,0.0,0.0,0.0,0.0,0.0,0.0,0.0,0.0,2.0,0.0,0.0,0.0,0.0,1.0,0.0,0.0,0.0,0.0,0.0,0.0,0.0,0.0,0.0,0.0,0.0,0.0,0.0,0.0,0.0,0.0,0.0,0.0,0.0,0.0,0.0,2.78,1.03,1.0,1.1,1.03,2.72,1.0,1.11,1.0,2.11,2.64,1.62,1.39,1.16,3.55,1.25,1.32,2.8,1.23,6.42,1.23,1.2,1.48,1.0,1.04,2.6,1.0,1.15,1.0,1.58,1.53,1.33,1.16,2.45,1.0,1.18,1.69,1.1,1.84,1.0,1.13
15-2041.00,Statisticians,medical_science|information_technology|mathematics_statistics|accounting|agriculture|animal_service|applied_arts_and_design|athletics|business_initiatives|construction_woodwork|creative_writing|culinary_art|engineering|finance|health_care_service|human_resources|humanities|law|life_science|management_administration|marketing_advertising|mechanics_electronics|media|music|nature_outdoors|office_work|performing_arts|personal_service|physical_science|physical_manual_labor|politics|professional_advising|protective_service|public_speaking|religious_activities|sales|social_science|social_service|teaching_education|transportation_machine_operation|visual_arts,0.0,0.0,0.0,0.0,0.0,0.0,0.0,0.0,0.0,0.0,0.0,0.0,0.0,0.0,2.0,0.0,0.0,0.0,0.0,1.0,0.0,0.0,3.0,0.0,0.0,0.0,0.0,0.0,0.0,0.0,0.0,0.0,0.0,0.0,0.0,0.0,0.0,0.0,0.0,0.0,0.0,2.71,1.3,1.02,1.08,1.11,1.75,1.0,1.14,1.0,1.79,2.77,2.13,1.39,1.22,4.08,1.29,2.46,2.0,1.32,7.0,1.2,1.43,3.1,1.0,1.15,2.5,1.02,1.09,1.0,1.35,1.35,1.14,1.12,2.38,1.0,1.06,2.44,1.13,1.96,1.0,1.09
15-2041.01,Biostatisticians,information_technology|life_science|medical_science|mathematics_statistics|accounting|agriculture|animal_service|applied_arts_and_design|athletics|business_initiatives|construction_woodwork|creative_writing|culinary_art|engineering|finance|health_care_service|human_resources|humanities|law|management_administration|marketing_advertising|mechanics_electronics|media|music|nature_outdoors|office_work|performing_arts|personal_service|physical_science|physical_manual_labor|politics|professional_advising|protective_service|public_speaking|religious_activities|sales|social_science|social_service|teaching_education|transportation_machine_operation|visual_arts,0.0,0.0,0.0,0.0,0.0,0.0,0.0,0.0,0.0,0.0,0.0,0.0,0.0,0.0,4.0,0.0,3.0,0.0,0.0,1.0,0.0,0.0,2.0,0.0,0.0,0.0,0.0,0.0,0.0,0.0,0.0,0.0,0.0,0.0,0.0,0.0,0.0,0.0,0.0,0.0,0.0,2.0,1.08,1.0,1.0,1.0,1.2,1.0,1.28,1.0,1.38,1.34,3.84,1.28,1.28,4.12,1.14,4.92,1.93,1.13,6.95,1.17,1.38,5.35,1.0,1.06,2.18,1.04,1.12,1.0,2.01,1.2,1.29,1.04,2.28,1.0,1.06,2.5,1.21,2.38,1.0,1.13
15-2051.00,Data Scientists,information_technology|mathematics_statistics|accounting|agriculture|animal_service|applied_arts_and_design|athletics|business_initiatives|construction_woodwork|creative_writing|culinary_art|engineering|finance|health_care_service|human_resources|humanities|law|life_science|management_administration|marketing_advertising|mechanics_electronics|media|medical_science|music|nature_outdoors|office_work|performing_arts|personal_service|physical_science|physical_manual_labor|politics|professional_advising|protective_service|public_speaking|religious_activities|sales|social_science|social_service|teaching_education|transportation_machine_operation|visual_arts,0.0,0.0,0.0,0.0,0.0,0.0,0.0,0.0,0.0,0.0,0.0,0.0,0.0,0.0,2.0,0.0,0.0,0.0,0.0,1.0,0.0,0.0,0.0,0.0,0.0,0.0,0.0,0.0,0.0,0.0,0.0,0.0,0.0,0.0,0.0,0.0,0.0,0.0,0.0,0.0,0.0,2.46,1.0,1.0,1.35,1.03,1.94,1.0,1.26,1.0,1.91,2.25,2.17,1.35,1.28,5.81,1.18,1.86,1.87,1.18,6.85,1.08,1.35,2.12,1.02,1.0,1.57,1.06,1.06,1.0,2.04,1.11,1.16,1.04,2.15,1.0,1.14,2.12,1.05,1.31,1.0,1.42
15-2051.01,Business Intelligence Analysts,office_work|accounting|finance|mathematics_statistics|information_technology|agriculture|animal_service|applied_arts_and_design|athletics|business_initiatives|construction_woodwork|creative_writing|culinary_art|engineering|health_care_service|human_resources|humanities|law|life_science|management_administration|marketing_advertising|mechanics_electronics|media|medical_science|music|nature_outdoors|performing_arts|personal_service|physical_science|physical_manual_labor|politics|professional_advising|protective_service|public_speaking|religious_activities|sales|social_science|social_service|teaching_education|transportation_machine_operation|visual_arts,4.0,0.0,0.0,0.0,0.0,0.0,0.0,0.0,0.0,0.0,3.0,0.0,0.0,0.0,1.0,0.0,0.0,0.0,0.0,2.0,0.0,0.0,0.0,0.0,0.0,5.0,0.0,0.0,0.0,0.0,0.0,0.0,0.0,0.0,0.0,0.0,0.0,0.0,0.0,0.0,0.0,4.32,1.03,1.0,1.16,1.0,3.97,1.0,1.36,1.0,1.29,4.45,1.29,1.75,1.35,5.46,1.44,1.15,3.11,2.37,5.12,1.17,1.4,1.16,1.0,1.0,4.05,1.02,1.31,1.0,1.2,1.59,1.35,1.16,2.12,1.0,1.9,2.5,1.08,1.28,1.0,1.18
15-2051.02,Clinical Data Managers,information_technology|mathematics_statistics|office_work|accounting|agriculture|animal_service|applied_arts_and_design|athletics|business_initiatives|construction_woodwork|creative_writing|culinary_art|engineering|finance|health_care_service|human_resources|humanities|law|life_science|management_administration|marketing_advertising|mechanics_electronics|media|medical_science|music|nature_outdoors|performing_arts|personal_service|physical_science|physical_manual_labor|politics|professional_advising|protective_service|public_speaking|religious_activities|sales|social_science|social_service|teaching_education|transportation_machine_operation|visual_arts,0.0,0.0,0.0,0.0,0.0,0.0,0.0,0.0,0.0,0.0,0.0,0.0,0.0,0.0,3.0,0.0,0.0,0.0,0.0,2.0,0.0,0.0,0.0,0.0,0.0,1.0,0.0,0.0,0.0,0.0,0.0,0.0,0.0,0.0,0.0,0.0,0.0,0.0,0.0,0.0,0.0,2.35,1.0,1.02,1.0,1.0,1.7,1.0,1.11,1.0,1.35,1.47,3.99,1.75,1.19,5.04,1.25,3.14,3.65,1.08,5.25,1.11,1.14,3.87,1.0,1.0,5.41,1.0,1.24,1.0,1.56,1.08,1.19,1.04,1.57,1.0,1.14,1.9,1.25,1.54,1.0,1.0
15-2099.01,Bioinformatics Technicians,medical_science|life_science|mathematics_statistics|information_technology|accounting|agriculture|animal_service|applied_arts_and_design|athletics|business_initiatives|construction_woodwork|creative_writing|culinary_art|engineering|finance|health_care_service|human_resources|humanities|law|management_administration|marketing_advertising|mechanics_electronics|media|music|nature_outdoors|office_work|performing_arts|personal_service|physical_science|physical_manual_labor|politics|professional_advising|protective_service|public_speaking|religious_activities|sales|social_science|social_service|teaching_education|transportation_machine_operation|visual_arts,0.0,0.0,0.0,0.0,0.0,0.0,0.0,0.0,0.0,0.0,0.0,0.0,0.0,0.0,1.0,0.0,3.0,0.0,0.0,2.0,0.0,0.0,4.0,0.0,0.0,0.0,0.0,0.0,0.0,0.0,0.0,0.0,0.0,0.0,0.0,0.0,0.0,0.0,0.0,0.0,0.0,1.79,1.09,1.02,1.08,1.0,1.04,1.0,1.21,1.0,2.74,1.05,3.0,1.28,1.28,6.03,1.0,5.13,1.41,1.0,5.46,1.87,1.1,4.97,1.0,1.0,2.6,1.0,1.09,1.0,2.8,1.0,1.1,1.0,1.28,1.0,1.0,1.49,1.06,1.33,1.0,1.13
17-1011.00,"Architects, Except Landscape and Naval",visual_arts|engineering|applied_arts_and_design|accounting|agriculture|animal_service|athletics|business_initiatives|construction_woodwork|creative_writing|culinary_art|finance|health_care_service|human_resources|humanities|information_technology|law|life_science|management_administration|marketing_advertising|mathematics_statistics|mechanics_electronics|media|medical_science|music|nature_outdoors|office_work|performing_arts|personal_service|physical_science|physical_manual_labor|politics|professional_advising|protective_service|public_speaking|religious_activities|sales|social_science|social_service|teaching_education|transportation_machine_operation,0.0,0.0,0.0,1.0,0.0,0.0,0.0,0.0,0.0,2.0,0.0,0.0,0.0,0.0,0.0,0.0,0.0,0.0,0.0,0.0,0.0,0.0,0.0,0.0,0.0,0.0,0.0,0.0,0.0,0.0,0.0,0.0,0.0,0.0,0.0,0.0,0.0,0.0,0.0,0.0,3.0,1.86,1.08,1.0,5.19,1.0,2.09,3.31,1.84,1.08,4.95,1.62,1.1,1.71,1.9,2.7,2.28,1.26,3.04,2.27,2.81,2.12,1.82,1.16,1.14,1.6,1.76,1.47,1.62,1.19,2.04,1.83,1.7,1.28,2.92,1.06,1.87,1.55,1.17,1.57,1.19,4.26
17-1012.00,Landscape Architects,visual_arts|applied_arts_and_design|nature_outdoors|accounting|agriculture|animal_service|athletics|business_initiatives|construction_woodwork|creative_writing|culinary_art|engineering|finance|health_care_service|human_resources|humanities|information_technology|law|life_science|management_administration|marketing_advertising|mathematics_statistics|mechanics_electronics|media|medical_science|music|office_work|performing_arts|personal_service|physical_science|physical_manual_labor|politics|professional_advising|protective_service|public_speaking|religious_activities|sales|social_science|social_service|teaching_education|transportation_machine_operation,0.0,0.0,0.0,2.0,0.0,0.0,0.0,0.0,0.0,0.0,0.0,0.0,0.0,0.0,0.0,0.0,0.0,0.0,0.0,0.0,0.0,0.0,0.0,0.0,1.0,0.0,0.0,0.0,0.0,0.0,0.0,0.0,0.0,0.0,0.0,0.0,0.0,0.0,0.0,0.0,3.0,1.51,2.12,1.02,4.65,1.17,1.86,2.5,1.56,1.12,3.23,1.59,1.1,1.35,1.67,2.24,1.88,2.26,3.04,1.93,2.31,1.53,2.06,1.19,1.0,5.6,1.69,1.17,1.81,1.65,1.98,2.06,1.51,1.23,2.75,1.0,1.81,1.58,1.21,1.6,1.43,3.93
17-1021.00,Cartographers and Photogrammetrists,information_technology|mathematics_statistics|accounting|agriculture|animal_service|applied_arts_and_design|athletics|business_initiatives|construction_woodwork|creative_writing|culinary_art|engineering|finance|health_care_service|human_resources|humanities|law|life_science|management_administration|marketing_advertising|mechanics_electronics|media|medical_science|music|nature_outdoors|office_work|performing_arts|personal_service|physical_science|physical_manual_labor|politics|professional_advising|protective_service|public_speaking|religious_activities|sales|social_science|social_service|teaching_education|transportation_machine_operation|visual_arts,0.0,0.0,0.0,0.0,0.0,0.0,0.0,0.0,0.0,0.0,0.0,0.0,0.0,0.0,2.0,0.0,0.0,0.0,0.0,1.0,0.0,0.0,0.0,0.0,0.0,0.0,0.0,0.0,0.0,0.0,0.0,0.0,0.0,0.0,0.0,0.0,0.0,0.0,0.0,0.0,0.0,1.41,1.26,1.0,2.19,1.0,1.18,1.06,1.14,1.0,2.88,1.07,1.03,1.0,1.7,4.51,1.66,1.26,1.68,1.15,4.78,2.22,1.48,1.08,1.0,2.19,2.47,1.02,1.06,1.21,2.6,1.44,1.03,1.12,1.28,1.0,1.02,1.52,1.08,1.16,1.23,2.34
17-1022.00,Surveyors,nature_outdoors|engineering|mathematics_statistics|accounting|agriculture|animal_service|applied_arts_and_design|athletics|business_initiatives|construction_woodwork|creative_writing|culinary_art|finance|health_care_service|human_resources|humanities|information_technology|law|life_science|management_administration|marketing_advertising|mechanics_electronics|media|medical_science|music|office_work|performing_arts|personal_service|physical_science|physical_manual_labor|politics|professional_advising|protective_service|public_speaking|religious_activities|sales|social_science|social_service|teaching_education|transportation_machine_operation|visual_arts,0.0,0.0,0.0,0.0,0.0,0.0,0.0,0.0,0.0,2.0,0.0,0.0,0.0,0.0,0.0,0.0,0.0,0.0,0.0,1.0,0.0,0.0,0.0,0.0,3.0,0.0,0.0,0.0,0.0,0.0,0.0,0.0,0.0,0.0,0.0,0.0,0.0,0.0,0.0,0.0,0.0,1.58,1.4,1.0,1.1,1.06,1.18,2.16,1.09,1.0,3.86,1.15,1.0,1.28,1.19,2.01,2.91,1.15,2.19,1.0,4.02,2.19,1.07,1.0,1.0,3.16,2.12,1.0,1.27,2.23,2.01,1.23,1.07,1.16,1.48,1.0,1.1,1.49,1.1,1.39,1.6,1.09
17-1022.01,Geodetic Surveyors,physical_science|engineering|mathematics_statistics|accounting|agriculture|animal_service|applied_arts_and_design|athletics|business_initiatives|construction_woodwork|creative_writing|culinary_art|finance|health_care_service|human_resources|humanities|information_technology|law|life_science|management_administration|marketing_advertising|mechanics_electronics|media|medical_science|music|nature_outdoors|office_work|performing_arts|personal_service|physical_manual_labor|politics|professional_advising|protective_service|public_speaking|religious_activities|sales|social_science|social_service|teaching_education|transportation_machine_operation|visual_arts,0.0,0.0,0.0,0.0,0.0,0.0,0.0,0.0,0.0,2.0,0.0,0.0,0.0,0.0,0.0,0.0,0.0,0.0,0.0,1.0,0.0,0.0,0.0,0.0,0.0,0.0,0.0,0.0,0.0,3.0,0.0,0.0,0.0,0.0,0.0,0.0,0.0,0.0,0.0,0.0,0.0,1.51,1.16,1.0,1.13,1.0,1.11,1.22,1.07,1.0,4.67,1.1,1.0,1.28,1.12,3.11,1.18,1.18,2.19,1.03,5.55,2.66,1.07,1.0,1.0,2.71,1.98,1.0,1.18,1.96,3.69,1.11,1.14,1.04,1.48,1.0,1.04,1.24,1.02,1.48,1.77,1.13
17-2011.00,Aerospace Engineers,mechanics_electronics|physical_science|mathematics_statistics|engineering|accounting|agriculture|animal_service|applied_arts_and_design|athletics|business_initiatives|construction_woodwork|creative_writing|culinary_art|finance|health_care_service|human_resources|humanities|information_technology|law|life_science|management_administration|marketing_advertising|media|medical_science|music|nature_outdoors|office_work|performing_arts|personal_service|physical_manual_labor|politics|professional_advising|protective_service|public_speaking|religious_activities|sales|social_science|social_service|teaching_education|transportation_machine_operation|visual_arts,0.0,0.0,0.0,0.0,0.0,0.0,0.0,0.0,0.0,1.0,0.0,0.0,0.0,0.0,0.0,0.0,0.0,0.0,0.0,2.0,4.0,0.0,0.0,0.0,0.0,0.0,0.0,0.0,0.0,3.0,0.0,0.0,0.0,0.0,0.0,0.0,0.0,0.0,0.0,0.0,0.0,1.58,1.0,1.0,1.35,1.0,1.4,1.25,1.26,1.0,6.87,1.31,1.03,1.32,1.06,3.81,1.33,1.32,2.76,1.08,5.51,4.57,1.14,1.28,1.0,1.11,1.74,1.0,1.09,1.35,5.51,1.29,1.14,1.12,1.66,1.0,1.14,1.13,1.02,1.22,1.7,1.25
17-2021.00,Agricultural Engineers,physical_science|mechanics_electronics|nature_outdoors|agriculture|engineering|accounting|animal_service|applied_arts_and_design|athletics|business_initiatives|construction_woodwork|creative_writing|culinary_art|finance|health_care_service|human_resources|humanities|information_technology|law|life_science|management_administration|marketing_advertising|mathematics_statistics|media|medical_science|music|office_work|performing_arts|personal_service|physical_manual_labor|politics|professional_advising|protective_service|public_speaking|religious_activities|sales|social_science|social_service|teaching_education|transportation_machine_operation|visual_arts,0.0,2.0,0.0,0.0,0.0,0.0,0.0,0.0,0.0,1.0,0.0,0.0,0.0,0.0,0.0,0.0,0.0,0.0,0.0,0.0,4.0,0.0,0.0,0.0,3.0,0.0,0.0,0.0,0.0,5.0,0.0,0.0,0.0,0.0,0.0,0.0,0.0,0.0,0.0,0.0,0.0,1.93,5.31,1.54,1.32,1.0,1.44,2.6,1.11,1.23,6.42,1.39,1.13,1.32,1.19,2.77,1.18,3.92,2.73,1.29,3.45,4.73,1.3,1.6,1.0,4.83,1.71,1.0,1.27,1.82,4.01,1.44,1.39,1.16,2.25,1.0,1.29,1.32,1.15,1.99,2.56,1.25
17-2031.00,Bioengineers and Biomedical Engineers,health_care_service|information_technology|physical_science|mathematics_statistics|life_science|engineering|medical_science|accounting|agriculture|animal_service|applied_arts_and_design|athletics|business_initiatives|construction_woodwork|creative_writing|culinary_art|finance|human_resources|humanities|law|management_administration|marketing_advertising|mechanics_electronics|media|music|nature_outdoors|office_work|performing_arts|personal_service|physical_manual_labor|politics|professional_advising|protective_service|public_speaking|religious_activities|sales|social_science|social_service|teaching_education|transportation_machine_operation|visual_arts,0.0,0.0,0.0,0.0,0.0,0.0,0.0,0.0,0.0,2.0,0.0,7.0,0.0,0.0,6.0,0.0,3.0,0.0,0.0,4.0,0.0,0.0,1.0,0.0,0.0,0.0,0.0,0.0,0.0,5.0,0.0,0.0,0.0,0.0,0.0,0.0,0.0,0.0,0.0,0.0,0.0,1.55,1.36,1.38,1.47,1.09,1.38,1.15,1.21,1.0,6.42,1.28,4.1,1.5,1.19,4.19,1.37,6.19,2.62,1.23,5.12,3.73,1.32,6.68,1.0,1.15,1.69,1.0,1.27,1.28,4.48,1.17,1.39,1.04,2.12,1.0,1.18,1.6,1.29,1.99,1.13,1.28
17-2041.00,Chemical Engineers,mathematics_statistics|physical_science|engineering|accounting|agriculture|animal_service|applied_arts_and_design|athletics|business_initiatives|construction_woodwork|creative_writing|culinary_art|finance|health_care_service|human_resources|humanities|information_technology|law|life_science|management_administration|marketing_advertising|mechanics_electronics|media|medical_science|music|nature_outdoors|office_work|performing_arts|personal_service|physical_manual_labor|politics|professional_advising|protective_service|public_speaking|religious_activities|sales|social_science|social_service|teaching_education|transportation_machine_operation|visual_arts,0.0,0.0,0.0,0.0,0.0,0.0,0.0,0.0,0.0,1.0,0.0,0.0,0.0,0.0,0.0,0.0,0.0,0.0,0.0,3.0,0.0,0.0,0.0,0.0,0.0,0.0,0.0,0.0,0.0,2.0,0.0,0.0,0.0,0.0,0.0,0.0,0.0,0.0,0.0,0.0,0.0,1.65,1.16,1.0,1.16,1.0,1.38,1.15,1.14,1.04,6.6,1.31,1.26,1.14,1.0,2.73,1.14,2.23,2.19,1.03,5.03,3.5,1.1,1.93,1.0,1.13,1.66,1.0,1.0,1.4,6.23,1.11,1.07,1.2,1.48,1.0,1.12,1.1,1.02,1.25,1.63,1.13
17-2051.00,Civil Engineers,construction_woodwork|mathematics_statistics|engineering|accounting|agriculture|animal_service|applied_arts_and_design|athletics|business_initiatives|creative_writing|culinary_art|finance|health_care_service|human_resources|humanities|information_technology|law|life_science|management_administration|marketing_advertising|mechanics_electronics|media|medical_science|music|nature_outdoors|office_work|performing_arts|personal_service|physical_science|physical_manual_labor|politics|professional_advising|protective_service|public_speaking|religious_activities|sales|social_science|social_service|teaching_education|transportation_machine_operation|visual_arts,0.0,0.0,0.0,0.0,0.0,0.0,3.0,0.0,0.0,1.0,0.0,0.0,0.0,0.0,0.0,0.0,0.0,0.0,0.0,2.0,0.0,0.0,0.0,0.0,0.0,0.0,0.0,0.0,0.0,0.0,0.0,0.0,0.0,0.0,0.0,0.0,0.0,0.0,0.0,0.0,0.0,2.07,1.4,1.02,1.41,1.0,1.73,3.67,1.23,1.0,6.82,1.64,1.1,1.32,1.19,2.84,2.35,1.37,3.62,1.24,4.45,2.49,1.22,1.16,1.0,2.64,1.87,1.0,1.27,1.79,3.23,1.96,1.21,1.67,2.45,1.0,1.25,1.32,1.13,1.42,2.28,1.35
17-2051.01,Transportation Engineers,mathematics_statistics|engineering|accounting|agriculture|animal_service|applied_arts_and_design|athletics|business_initiatives|construction_woodwork|creative_writing|culinary_art|finance|health_care_service|human_resources|humanities|information_technology|law|life_science|management_administration|marketing_advertising|mechanics_electronics|media|medical_science|music|nature_outdoors|office_work|performing_arts|personal_service|physical_science|physical_manual_labor|politics|professional_advising|protective_service|public_speaking|religious_activities|sales|social_science|social_service|teaching_education|transportation_machine_operation|visual_arts,0.0,0.0,0.0,0.0,0.0,0.0,0.0,0.0,0.0,1.0,0.0,0.0,0.0,0.0,0.0,0.0,0.0,0.0,0.0,2.0,0.0,0.0,0.0,0.0,0.0,0.0,0.0,0.0,0.0,0.0,0.0,0.0,0.0,0.0,0.0,0.0,0.0,0.0,0.0,0.0,0.0,2.17,1.09,1.0,1.41,1.03,1.6,2.16,1.11,1.0,6.33,1.59,1.03,1.39,1.19,2.67,2.06,1.13,2.97,1.26,3.94,2.73,1.25,1.05,1.0,1.96,1.89,1.0,1.27,1.28,2.25,2.12,1.14,1.48,2.51,1.0,1.22,1.4,1.15,1.45,2.14,1.28
17-2061.00,Computer Hardware Engineers,mechanics_electronics|information_technology|engineering|accounting|agriculture|animal_service|applied_arts_and_design|athletics|business_initiatives|construction_woodwork|creative_writing|culinary_art|finance|health_care_service|human_resources|humanities|law|life_science|management_administration|marketing_advertising|mathematics_statistics|media|medical_science|music|nature_outdoors|office_work|performing_arts|personal_service|physical_science|physical_manual_labor|politics|professional_advising|protective_service|public_speaking|religious_activities|sales|social_science|social_service|teaching_education|transportation_machine_operation|visual_arts,0.0,0.0,0.0,0.0,0.0,0.0,0.0,0.0,0.0,1.0,0.0,0.0,0.0,0.0,2.0,0.0,0.0,0.0,0.0,0.0,3.0,0.0,0.0,0.0,0.0,0.0,0.0,0.0,0.0,0.0,0.0,0.0,0.0,0.0,0.0,0.0,0.0,0.0,0.0,0.0,0.0,1.41,1.0,1.0,1.29,1.0,1.35,1.06,1.14,1.0,6.56,1.28,1.13,1.32,1.06,6.3,1.11,1.18,2.12,1.23,3.78,5.43,1.17,1.25,1.0,1.0,1.61,1.02,1.09,1.33,3.3,1.08,1.14,1.08,1.51,1.0,1.22,1.08,1.1,1.48,1.16,1.25
17-2071.00,Electrical Engineers,mathematics_statistics|mechanics_electronics|engineering|accounting|agriculture|animal_service|applied_arts_and_design|athletics|business_initiatives|construction_woodwork|creative_writing|culinary_art|finance|health_care_service|human_resources|humanities|information_technology|law|life_science|management_administration|marketing_advertising|media|medical_science|music|nature_outdoors|office_work|performing_arts|personal_service|physical_science|physical_manual_labor|politics|professional_advising|protective_service|public_speaking|religious_activities|sales|social_science|social_service|teaching_education|transportation_machine_operation|visual_arts,0.0,0.0,0.0,0.0,0.0,0.0,0.0,0.0,0.0,1.0,0.0,0.0,0.0,0.0,0.0,0.0,0.0,0.0,0.0,3.0,2.0,0.0,0.0,0.0,0.0,0.0,0.0,0.0,0.0,0.0,0.0,0.0,0.0,0.0,0.0,0.0,0.0,0.0,0.0,0.0,0.0,1.86,1.06,1.0,1.41,1.0,1.7,1.66,1.14,1.0,6.6,1.56,1.16,1.32,1.12,2.73,1.33,1.29,2.97,1.21,4.41,5.72,1.14,1.25,1.02,1.13,1.89,1.0,1.18,1.4,3.85,1.14,1.17,1.2,1.72,1.0,1.4,1.16,1.05,1.42,1.36,1.28
17-2072.00,"Electronics Engineers, Except Computer",information_technology|mechanics_electronics|engineering|accounting|agriculture|animal_service|applied_arts_and_design|athletics|business_initiatives|construction_woodwork|creative_writing|culinary_art|finance|health_care_service|human_resources|humanities|law|life_science|management_administration|marketing_advertising|mathematics_statistics|media|medical_science|music|nature_outdoors|office_work|performing_arts|personal_service|physical_science|physical_manual_labor|politics|professional_advising|protective_service|public_speaking|religious_activities|sales|social_science|social_service|teaching_education|transportation_machine_operation|visual_arts,0.0,0.0,0.0,0.0,0.0,0.0,0.0,0.0,0.0,1.0,0.0,0.0,0.0,0.0,3.0,0.0,0.0,0.0,0.0,0.0,2.0,0.0,0.0,0.0,0.0,0.0,0.0,0.0,0.0,0.0,0.0,0.0,0.0,0.0,0.0,0.0,0.0,0.0,0.0,0.0,0.0,1.41,1.04,1.0,1.35,1.0,1.46,1.15,1.14,1.0,6.65,1.2,1.32,1.21,1.09,4.12,1.11,1.4,2.42,1.15,3.86,5.72,1.14,1.72,1.09,1.02,1.79,1.0,1.09,1.28,3.45,1.11,1.17,1.08,1.69,1.0,1.2,1.1,1.05,1.42,1.3,1.25
17-2072.01,Radio Frequency Identification Device Specialists,mechanics_electronics|engineering|information_technology|accounting|agriculture|animal_service|applied_arts_and_design|athletics|business_initiatives|construction_woodwork|creative_writing|culinary_art|finance|health_care_service|human_resources|humanities|law|life_science|management_administration|marketing_advertising|mathematics_statistics|media|medical_science|music|nature_outdoors|office_work|performing_arts|personal_service|physical_science|physical_manual_labor|politics|professional_advising|protective_service|public_speaking|religious_activities|sales|social_science|social_service|teaching_education|transportation_machine_operation|visual_arts,0.0,0.0,0.0,0.0,0.0,0.0,0.0,0.0,0.0,2.0,0.0,0.0,0.0,0.0,1.0,0.0,0.0,0.0,0.0,0.0,3.0,0.0,0.0,0.0,0.0,0.0,0.0,0.0,0.0,0.0,0.0,0.0,0.0,0.0,0.0,0.0,0.0,0.0,0.0,0.0,0.0,1.58,1.04,1.0,1.16,1.0,1.38,1.12,1.07,1.0,5.6,1.31,1.1,1.32,1.03,6.17,1.0,1.15,2.09,1.15,3.16,4.85,1.07,1.14,1.0,1.0,1.95,1.0,1.18,1.42,1.98,1.0,1.07,1.12,1.42,1.0,1.25,1.08,1.05,1.42,1.26,1.07
17-2081.00,Environmental Engineers,mathematics_statistics|physical_science|engineering|accounting|agriculture|animal_service|applied_arts_and_design|athletics|business_initiatives|construction_woodwork|creative_writing|culinary_art|finance|health_care_service|human_resources|humanities|information_technology|law|life_science|management_administration|marketing_advertising|mechanics_electronics|media|medical_science|music|nature_outdoors|office_work|performing_arts|personal_service|physical_manual_labor|politics|professional_advising|protective_service|public_speaking|religious_activities|sales|social_science|social_service|teaching_education|transportation_machine_operation|visual_arts,0.0,0.0,0.0,0.0,0.0,0.0,0.0,0.0,0.0,1.0,0.0,0.0,0.0,0.0,0.0,0.0,0.0,0.0,0.0,3.0,0.0,0.0,0.0,0.0,0.0,0.0,0.0,0.0,0.0,2.0,0.0,0.0,0.0,0.0,0.0,0.0,0.0,0.0,0.0,0.0,0.0,2.17,1.79,1.07,1.16,1.0,1.58,1.89,1.28,1.0,6.07,1.56,1.42,1.5,1.25,3.37,2.87,3.54,3.22,1.35,4.25,2.86,1.57,2.06,1.0,3.84,1.79,1.02,1.27,1.38,5.12,2.52,1.73,1.67,2.51,1.0,1.27,1.87,1.29,1.81,1.76,1.16
17-2111.00,"Health and Safety Engineers, Except Mining Safety Engineers and Inspectors",mechanics_electronics|physical_science|engineering|accounting|agriculture|animal_service|applied_arts_and_design|athletics|business_initiatives|construction_woodwork|creative_writing|culinary_art|finance|health_care_service|human_resources|humanities|information_technology|law|life_science|management_administration|marketing_advertising|mathematics_statistics|media|medical_science|music|nature_outdoors|office_work|performing_arts|personal_service|physical_manual_labor|politics|professional_advising|protective_service|public_speaking|religious_activities|sales|social_science|social_service|teaching_education|transportation_machine_operation|visual_arts,0.0,0.0,0.0,0.0,0.0,0.0,0.0,0.0,0.0,1.0,0.0,0.0,0.0,0.0,0.0,0.0,0.0,0.0,0.0,0.0,3.0,0.0,0.0,0.0,0.0,0.0,0.0,0.0,0.0,2.0,0.0,0.0,0.0,0.0,0.0,0.0,0.0,0.0,0.0,0.0,0.0,1.82,1.22,1.02,1.13,1.14,1.49,2.47,1.11,1.12,5.11,1.47,2.06,2.4,1.16,2.7,2.94,2.17,2.73,1.23,3.27,3.58,1.3,2.89,1.0,1.22,2.15,1.0,1.33,1.57,3.77,1.8,2.27,2.56,2.68,1.0,1.27,2.18,1.48,2.28,2.07,1.11
17-2111.02,Fire-Prevention and Protection Engineers,protective_service|physical_science|engineering|accounting|agriculture|animal_service|applied_arts_and_design|athletics|business_initiatives|construction_woodwork|creative_writing|culinary_art|finance|health_care_service|human_resources|humanities|information_technology|law|life_science|management_administration|marketing_advertising|mathematics_statistics|mechanics_electronics|media|medical_science|music|nature_outdoors|office_work|performing_arts|personal_service|physical_manual_labor|politics|professional_advising|public_speaking|religious_activities|sales|social_science|social_service|teaching_education|transportation_machine_operation|visual_arts,0.0,0.0,0.0,0.0,0.0,0.0,0.0,0.0,0.0,1.0,0.0,0.0,0.0,0.0,0.0,0.0,0.0,0.0,0.0,0.0,0.0,0.0,0.0,0.0,0.0,0.0,0.0,0.0,0.0,2.0,0.0,0.0,3.0,0.0,0.0,0.0,0.0,0.0,0.0,0.0,0.0,1.48,1.03,1.0,1.19,1.0,1.46,2.46,1.14,1.0,6.2,1.23,1.32,1.68,1.16,2.57,2.8,1.51,2.66,1.21,2.81,3.54,1.27,1.51,1.0,1.27,1.79,1.0,1.46,1.4,4.14,1.68,1.81,4.03,2.85,1.0,1.29,1.54,1.33,2.25,1.39,1.13
17-2112.00,Industrial Engineers,mechanics_electronics|mathematics_statistics|engineering|accounting|agriculture|animal_service|applied_arts_and_design|athletics|business_initiatives|construction_woodwork|creative_writing|culinary_art|finance|health_care_service|human_resources|humanities|information_technology|law|life_science|management_administration|marketing_advertising|media|medical_science|music|nature_outdoors|office_work|performing_arts|personal_service|physical_science|physical_manual_labor|politics|professional_advising|protective_service|public_speaking|religious_activities|sales|social_science|social_service|teaching_education|transportation_machine_operation|visual_arts,0.0,0.0,0.0,0.0,0.0,0.0,0.0,0.0,0.0,1.0,0.0,0.0,0.0,0.0,0.0,0.0,0.0,0.0,0.0,2.0,3.0,0.0,0.0,0.0,0.0,0.0,0.0,0.0,0.0,0.0,0.0,0.0,0.0,0.0,0.0,0.0,0.0,0.0,0.0,0.0,0.0,2.71,1.06,1.0,1.27,1.0,2.26,2.12,1.09,1.08,5.6,2.0,1.13,1.82,1.06,2.7,1.14,1.37,3.29,1.24,4.65,3.51,1.12,1.42,1.0,1.0,2.34,1.0,1.21,1.28,2.01,1.23,1.19,1.23,2.0,1.0,1.43,1.58,1.05,1.54,1.83,1.13
17-2112.01,Human Factors Engineers and Ergonomists,social_science|mathematics_statistics|engineering|accounting|agriculture|animal_service|applied_arts_and_design|athletics|business_initiatives|construction_woodwork|creative_writing|culinary_art|finance|health_care_service|human_resources|humanities|information_technology|law|life_science|management_administration|marketing_advertising|mechanics_electronics|media|medical_science|music|nature_outdoors|office_work|performing_arts|personal_service|physical_science|physical_manual_labor|politics|professional_advising|protective_service|public_speaking|religious_activities|sales|social_service|teaching_education|transportation_machine_operation|visual_arts,0.0,0.0,0.0,0.0,0.0,0.0,0.0,0.0,0.0,1.0,0.0,0.0,0.0,0.0,0.0,0.0,0.0,0.0,0.0,2.0,0.0,0.0,0.0,0.0,0.0,0.0,0.0,0.0,0.0,0.0,0.0,0.0,0.0,0.0,0.0,0.0,3.0,0.0,0.0,0.0,0.0,1.41,1.09,1.0,1.82,1.38,1.49,1.57,1.33,1.04,5.07,1.2,2.23,1.93,1.51,3.43,1.29,1.89,2.39,1.32,4.37,3.22,1.33,2.15,1.07,1.15,1.81,1.09,1.43,1.45,2.07,1.23,1.75,1.32,2.22,1.0,1.22,4.12,1.31,1.99,1.8,1.4
17-2112.02,Validation Engineers,mechanics_electronics|mathematics_statistics|engineering|accounting|agriculture|animal_service|applied_arts_and_design|athletics|business_initiatives|construction_woodwork|creative_writing|culinary_art|finance|health_care_service|human_resources|humanities|information_technology|law|life_science|management_administration|marketing_advertising|media|medical_science|music|nature_outdoors|office_work|performing_arts|personal_service|physical_science|physical_manual_labor|politics|professional_advising|protective_service|public_speaking|religious_activities|sales|social_science|social_service|teaching_education|transportation_machine_operation|visual_arts,0.0,0.0,0.0,0.0,0.0,0.0,0.0,0.0,0.0,1.0,0.0,0.0,0.0,0.0,0.0,0.0,0.0,0.0,0.0,2.0,3.0,0.0,0.0,0.0,0.0,0.0,0.0,0.0,0.0,0.0,0.0,0.0,0.0,0.0,0.0,0.0,0.0,0.0,0.0,0.0,0.0,2.0,1.09,1.0,1.03,1.0,1.35,1.22,1.09,1.08,5.15,1.26,1.73,1.32,1.06,2.91,1.51,2.52,2.32,1.03,3.67,3.36,1.07,1.6,1.0,1.0,2.12,1.0,1.18,1.4,2.76,1.06,1.12,1.2,1.54,1.0,1.1,1.24,1.06,1.48,1.3,1.04
17-2112.03,Manufacturing Engineers,mathematics_statistics|mechanics_electronics|engineering|accounting|agriculture|animal_service|applied_arts_and_design|athletics|business_initiatives|construction_woodwork|creative_writing|culinary_art|finance|health_care_service|human_resources|humanities|information_technology|law|life_science|management_administration|marketing_advertising|media|medical_science|music|nature_outdoors|office_work|performing_arts|personal_service|physical_science|physical_manual_labor|politics|professional_advising|protective_service|public_speaking|religious_activities|sales|social_science|social_service|teaching_education|transportation_machine_operation|visual_arts,0.0,0.0,0.0,0.0,0.0,0.0,0.0,0.0,0.0,1.0,0.0,0.0,0.0,0.0,0.0,0.0,0.0,0.0,0.0,3.0,2.0,0.0,0.0,0.0,0.0,0.0,0.0,0.0,0.0,0.0,0.0,0.0,0.0,0.0,0.0,0.0,0.0,0.0,0.0,0.0,0.0,2.14,1.09,1.0,1.44,1.0,1.86,2.26,1.14,1.04,6.33,1.62,1.1,1.75,1.06,2.67,1.14,1.51,2.69,1.15,3.48,4.57,1.12,1.25,1.0,1.11,1.81,1.0,1.06,1.76,2.37,1.14,1.16,1.12,1.87,1.0,1.25,1.21,1.02,1.54,1.9,1.2
17-2121.00,Marine Engineers and Naval Architects,mathematics_statistics|mechanics_electronics|engineering|accounting|agriculture|animal_service|applied_arts_and_design|athletics|business_initiatives|construction_woodwork|creative_writing|culinary_art|finance|health_care_service|human_resources|humanities|information_technology|law|life_science|management_administration|marketing_advertising|media|medical_science|music|nature_outdoors|office_work|performing_arts|personal_service|physical_science|physical_manual_labor|politics|professional_advising|protective_service|public_speaking|religious_activities|sales|social_science|social_service|teaching_education|transportation_machine_operation|visual_arts,0.0,0.0,0.0,0.0,0.0,0.0,0.0,0.0,0.0,1.0,0.0,0.0,0.0,0.0,0.0,0.0,0.0,0.0,0.0,3.0,2.0,0.0,0.0,0.0,0.0,0.0,0.0,0.0,0.0,0.0,0.0,0.0,0.0,0.0,0.0,0.0,0.0,0.0,0.0,0.0,0.0,1.96,1.0,1.0,1.38,1.06,1.73,2.26,1.11,1.0,6.6,1.56,1.06,1.32,1.19,2.3,1.62,1.29,2.9,1.08,4.53,4.57,1.14,1.19,1.0,1.49,1.74,1.0,1.15,1.6,3.53,1.23,1.14,1.2,1.51,1.0,1.22,1.18,1.03,1.28,2.35,1.35
17-2131.00,Materials Engineers,mathematics_statistics|physical_science|engineering|accounting|agriculture|animal_service|applied_arts_and_design|athletics|business_initiatives|construction_woodwork|creative_writing|culinary_art|finance|health_care_service|human_resources|humanities|information_technology|law|life_science|management_administration|marketing_advertising|mechanics_electronics|media|medical_science|music|nature_outdoors|office_work|performing_arts|personal_service|physical_manual_labor|politics|professional_advising|protective_service|public_speaking|religious_activities|sales|social_science|social_service|teaching_education|transportation_machine_operation|visual_arts,0.0,0.0,0.0,0.0,0.0,0.0,0.0,0.0,0.0,1.0,0.0,0.0,0.0,0.0,0.0,0.0,0.0,0.0,0.0,3.0,0.0,0.0,0.0,0.0,0.0,0.0,0.0,0.0,0.0,2.0,0.0,0.0,0.0,0.0,0.0,0.0,0.0,0.0,0.0,0.0,0.0,1.51,1.04,1.0,1.35,1.0,1.53,2.09,1.26,1.0,6.42,1.47,1.1,1.28,1.16,2.37,1.11,1.6,2.93,1.24,4.17,3.84,1.38,1.69,1.0,1.2,1.74,1.02,1.15,1.63,6.01,1.17,1.16,1.04,2.19,1.0,1.31,1.16,1.03,1.6,1.5,1.28
17-2141.00,Mechanical Engineers,mathematics_statistics|mechanics_electronics|engineering|accounting|agriculture|animal_service|applied_arts_and_design|athletics|business_initiatives|construction_woodwork|creative_writing|culinary_art|finance|health_care_service|human_resources|humanities|information_technology|law|life_science|management_administration|marketing_advertising|media|medical_science|music|nature_outdoors|office_work|performing_arts|personal_service|physical_science|physical_manual_labor|politics|professional_advising|protective_service|public_speaking|religious_activities|sales|social_science|social_service|teaching_education|transportation_machine_operation|visual_arts,0.0,0.0,0.0,0.0,0.0,0.0,0.0,0.0,0.0,1.0,0.0,0.0,0.0,0.0,0.0,0.0,0.0,0.0,0.0,3.0,2.0,0.0,0.0,0.0,0.0,0.0,0.0,0.0,0.0,0.0,0.0,0.0,0.0,0.0,0.0,0.0,0.0,0.0,0.0,0.0,0.0,1.51,1.22,1.05,1.44,1.09,1.42,2.36,1.11,1.04,6.78,1.34,1.16,1.32,1.12,2.67,1.15,1.23,2.42,1.13,3.6,5.93,1.14,1.48,1.0,1.2,1.89,1.0,1.18,1.57,3.19,1.14,1.19,1.16,1.66,1.0,1.31,1.08,1.06,1.42,2.25,1.3
17-2141.01,Fuel Cell Engineers,mathematics_statistics|mechanics_electronics|physical_science|engineering|accounting|agriculture|animal_service|applied_arts_and_design|athletics|business_initiatives|construction_woodwork|creative_writing|culinary_art|finance|health_care_service|human_resources|humanities|information_technology|law|life_science|management_administration|marketing_advertising|media|medical_science|music|nature_outdoors|office_work|performing_arts|personal_service|physical_manual_labor|politics|professional_advising|protective_service|public_speaking|religious_activities|sales|social_science|social_service|teaching_education|transportation_machine_operation|visual_arts,0.0,0.0,0.0,0.0,0.0,0.0,0.0,0.0,0.0,1.0,0.0,0.0,0.0,0.0,0.0,0.0,0.0,0.0,0.0,4.0,3.0,0.0,0.0,0.0,0.0,0.0,0.0,0.0,0.0,2.0,0.0,0.0,0.0,0.0,0.0,0.0,0.0,0.0,0.0,0.0,0.0,1.31,1.0,1.0,1.19,1.0,1.51,1.15,1.07,1.0,6.65,1.15,1.0,1.07,1.0,2.46,1.04,1.63,1.93,1.1,4.91,5.13,1.14,1.42,1.0,1.0,1.57,1.0,1.06,1.71,5.71,1.17,1.09,1.0,1.48,1.0,1.16,1.0,1.02,1.19,1.63,1.07
17-2141.02,Automotive Engineers,mathematics_statistics|mechanics_electronics|engineering|accounting|agriculture|animal_service|applied_arts_and_design|athletics|business_initiatives|construction_woodwork|creative_writing|culinary_art|finance|health_care_service|human_resources|humanities|information_technology|law|life_science|management_administration|marketing_advertising|media|medical_science|music|nature_outdoors|office_work|performing_arts|personal_service|physical_science|physical_manual_labor|politics|professional_advising|protective_service|public_speaking|religious_activities|sales|social_science|social_service|teaching_education|transportation_machine_operation|visual_arts,0.0,0.0,0.0,0.0,0.0,0.0,0.0,0.0,0.0,1.0,0.0,0.0,0.0,0.0,0.0,0.0,0.0,0.0,0.0,3.0,2.0,0.0,0.0,0.0,0.0,0.0,0.0,0.0,0.0,0.0,0.0,0.0,0.0,0.0,0.0,0.0,0.0,0.0,0.0,0.0,0.0,1.31,1.01,1.0,1.64,1.0,1.4,1.34,1.18,1.0,6.87,1.15,1.0,1.32,1.12,3.66,1.11,1.26,2.69,1.15,3.86,5.72,1.2,1.19,1.0,1.06,1.66,1.0,1.03,1.23,3.53,1.23,1.08,1.04,1.63,1.0,1.18,1.18,1.03,1.28,2.46,1.13
17-2151.00,"Mining and Geological Engineers, Including Mining Safety Engineers",mathematics_statistics|physical_science|engineering|accounting|agriculture|animal_service|applied_arts_and_design|athletics|business_initiatives|construction_woodwork|creative_writing|culinary_art|finance|health_care_service|human_resources|humanities|information_technology|law|life_science|management_administration|marketing_advertising|mechanics_electronics|media|medical_science|music|nature_outdoors|office_work|performing_arts|personal_service|physical_manual_labor|politics|professional_advising|protective_service|public_speaking|religious_activities|sales|social_science|social_service|teaching_education|transportation_machine_operation|visual_arts,0.0,0.0,0.0,0.0,0.0,0.0,0.0,0.0,0.0,1.0,0.0,0.0,0.0,0.0,0.0,0.0,0.0,0.0,0.0,3.0,0.0,0.0,0.0,0.0,0.0,0.0,0.0,0.0,0.0,2.0,0.0,0.0,0.0,0.0,0.0,0.0,0.0,0.0,0.0,0.0,0.0,2.42,1.11,1.0,1.13,1.11,1.55,1.57,1.11,1.0,5.98,1.39,1.13,1.64,1.03,2.53,1.37,1.34,3.25,1.13,3.9,3.11,1.12,1.14,1.0,2.61,1.76,1.0,1.09,2.02,5.07,1.44,1.17,2.48,1.72,1.0,1.16,1.24,1.08,1.42,2.52,1.13
17-2161.00,Nuclear Engineers,mechanics_electronics|mathematics_statistics|physical_science|engineering|accounting|agriculture|animal_service|applied_arts_and_design|athletics|business_initiatives|construction_woodwork|creative_writing|culinary_art|finance|health_care_service|human_resources|humanities|information_technology|law|life_science|management_administration|marketing_advertising|media|medical_science|music|nature_outdoors|office_work|performing_arts|personal_service|physical_manual_labor|politics|professional_advising|protective_service|public_speaking|religious_activities|sales|social_science|social_service|teaching_education|transportation_machine_operation|visual_arts,0.0,0.0,0.0,0.0,0.0,0.0,0.0,0.0,0.0,1.0,0.0,0.0,0.0,0.0,0.0,0.0,0.0,0.0,0.0,3.0,4.0,0.0,0.0,0.0,0.0,0.0,0.0,0.0,0.0,2.0,0.0,0.0,0.0,0.0,0.0,0.0,0.0,0.0,0.0,0.0,0.0,1.51,1.01,1.0,1.13,1.0,1.38,1.25,1.14,1.0,6.65,1.36,1.19,1.32,1.12,2.8,2.57,1.77,2.76,1.13,5.16,4.46,1.14,1.81,1.0,1.17,1.84,1.0,1.06,1.35,6.28,1.68,1.16,2.17,2.12,1.0,1.08,1.38,1.05,1.6,1.33,1.11
17-2171.00,Petroleum Engineers,mathematics_statistics|physical_science|engineering|accounting|agriculture|animal_service|applied_arts_and_design|athletics|business_initiatives|construction_woodwork|creative_writing|culinary_art|finance|health_care_service|human_resources|humanities|information_technology|law|life_science|management_administration|marketing_advertising|mechanics_electronics|media|medical_science|music|nature_outdoors|office_work|performing_arts|personal_service|physical_manual_labor|politics|professional_advising|protective_service|public_speaking|religious_activities|sales|social_science|social_service|teaching_education|transportation_machine_operation|visual_arts,0.0,0.0,0.0,0.0,0.0,0.0,0.0,0.0,0.0,1.0,0.0,0.0,0.0,0.0,0.0,0.0,0.0,0.0,0.0,3.0,0.0,0.0,0.0,0.0,0.0,0.0,0.0,0.0,0.0,2.0,0.0,0.0,0.0,0.0,0.0,0.0,0.0,0.0,0.0,0.0,0.0,2.28,1.04,1.0,1.1,1.0,1.83,1.12,1.09,1.0,6.42,2.06,1.0,1.43,1.06,2.67,1.69,1.37,3.15,1.05,4.91,3.25,1.14,1.14,1.0,1.76,1.76,1.0,1.06,1.58,5.31,1.44,1.24,1.16,1.81,1.0,1.2,1.24,1.03,1.34,1.97,1.11
17-2199.03,"Energy Engineers, Except Wind and Solar",mechanics_electronics|mathematics_statistics|engineering|accounting|agriculture|animal_service|applied_arts_and_design|athletics|business_initiatives|construction_woodwork|creative_writing|culinary_art|finance|health_care_service|human_resources|humanities|information_technology|law|life_science|management_administration|marketing_advertising|media|medical_science|music|nature_outdoors|office_work|performing_arts|personal_service|physical_science|physical_manual_labor|politics|professional_advising|protective_service|public_speaking|religious_activities|sales|social_science|social_service|teaching_education|transportation_machine_operation|visual_arts,0.0,0.0,0.0,0.0,0.0,0.0,0.0,0.0,0.0,1.0,0.0,0.0,0.0,0.0,0.0,0.0,0.0,0.0,0.0,2.0,3.0,0.0,0.0,0.0,0.0,0.0,0.0,0.0,0.0,0.0,0.0,0.0,0.0,0.0,0.0,0.0,0.0,0.0,0.0,0.0,0.0,2.78,1.14,1.0,1.27,1.0,2.2,2.67,1.14,1.0,6.2,2.18,1.16,1.53,1.09,3.04,1.4,1.48,2.69,1.37,4.33,3.84,1.22,1.19,1.0,1.52,1.95,1.0,1.46,1.38,3.34,1.77,1.68,1.08,1.66,1.0,1.7,1.4,1.15,1.75,1.43,1.16
17-2199.05,Mechatronics Engineers,information_technology|mechanics_electronics|engineering|accounting|agriculture|animal_service|applied_arts_and_design|athletics|business_initiatives|construction_woodwork|creative_writing|culinary_art|finance|health_care_service|human_resources|humanities|law|life_science|management_administration|marketing_advertising|mathematics_statistics|media|medical_science|music|nature_outdoors|office_work|performing_arts|personal_service|physical_science|physical_manual_labor|politics|professional_advising|protective_service|public_speaking|religious_activities|sales|social_science|social_service|teaching_education|transportation_machine_operation|visual_arts,0.0,0.0,0.0,0.0,0.0,0.0,0.0,0.0,0.0,1.0,0.0,0.0,0.0,0.0,3.0,0.0,0.0,0.0,0.0,0.0,2.0,0.0,0.0,0.0,0.0,0.0,0.0,0.0,0.0,0.0,0.0,0.0,0.0,0.0,0.0,0.0,0.0,0.0,0.0,0.0,0.0,1.51,1.22,1.05,1.49,1.0,1.29,1.5,1.11,1.0,6.6,1.23,1.13,1.25,1.0,4.23,1.11,1.43,2.35,1.13,3.98,5.89,1.1,1.48,1.02,1.0,1.69,1.02,1.09,1.42,3.61,1.0,1.2,1.04,1.51,1.0,1.12,1.05,1.02,1.42,2.14,1.3
17-2199.06,Microsystems Engineers,information_technology|mechanics_electronics|physical_science|mathematics_statistics|engineering|accounting|agriculture|animal_service|applied_arts_and_design|athletics|business_initiatives|construction_woodwork|creative_writing|culinary_art|finance|health_care_service|human_resources|humanities|law|life_science|management_administration|marketing_advertising|media|medical_science|music|nature_outdoors|office_work|performing_arts|personal_service|physical_manual_labor|politics|professional_advising|protective_service|public_speaking|religious_activities|sales|social_science|social_service|teaching_education|transportation_machine_operation|visual_arts,0.0,0.0,0.0,0.0,0.0,0.0,0.0,0.0,0.0,1.0,0.0,0.0,0.0,0.0,5.0,0.0,0.0,0.0,0.0,2.0,4.0,0.0,0.0,0.0,0.0,0.0,0.0,0.0,0.0,3.0,0.0,0.0,0.0,0.0,0.0,0.0,0.0,0.0,0.0,0.0,0.0,1.38,1.0,1.0,1.32,1.0,1.25,1.06,1.14,1.0,6.56,1.15,1.06,1.11,1.0,4.35,1.04,1.45,1.81,1.08,4.91,4.61,1.07,1.57,1.0,1.0,1.66,1.0,1.06,1.17,4.62,1.0,1.09,1.0,1.63,1.0,1.06,1.0,1.02,1.34,1.16,1.13
17-2199.07,Photonics Engineers,mathematics_statistics|mechanics_electronics|physical_science|engineering|accounting|agriculture|animal_service|applied_arts_and_design|athletics|business_initiatives|construction_woodwork|creative_writing|culinary_art|finance|health_care_service|human_resources|humanities|information_technology|law|life_science|management_administration|marketing_advertising|media|medical_science|music|nature_outdoors|office_work|performing_arts|personal_service|physical_manual_labor|politics|professional_advising|protective_service|public_speaking|religious_activities|sales|social_science|social_service|teaching_education|transportation_machine_operation|visual_arts,0.0,0.0,0.0,0.0,0.0,0.0,0.0,0.0,0.0,1.0,0.0,0.0,0.0,0.0,0.0,0.0,0.0,0.0,0.0,4.0,3.0,0.0,0.0,0.0,0.0,0.0,0.0,0.0,0.0,2.0,0.0,0.0,0.0,0.0,0.0,0.0,0.0,0.0,0.0,0.0,0.0,1.17,1.01,1.0,1.41,1.0,1.18,1.03,1.14,1.0,6.6,1.13,1.13,1.18,1.03,3.55,1.04,1.51,1.65,1.1,4.58,4.69,1.14,1.63,1.02,1.0,1.66,1.0,1.03,1.33,6.01,1.06,1.12,1.0,1.48,1.0,1.12,1.0,1.02,1.42,1.26,1.27
17-2199.08,Robotics Engineers,mathematics_statistics|information_technology|mechanics_electronics|engineering|accounting|agriculture|animal_service|applied_arts_and_design|athletics|business_initiatives|construction_woodwork|creative_writing|culinary_art|finance|health_care_service|human_resources|humanities|law|life_science|management_administration|marketing_advertising|media|medical_science|music|nature_outdoors|office_work|performing_arts|personal_service|physical_science|physical_manual_labor|politics|professional_advising|protective_service|public_speaking|religious_activities|sales|social_science|social_service|teaching_education|transportation_machine_operation|visual_arts,0.0,0.0,0.0,0.0,0.0,0.0,0.0,0.0,0.0,1.0,0.0,0.0,0.0,0.0,3.0,0.0,0.0,0.0,0.0,4.0,2.0,0.0,0.0,0.0,0.0,0.0,0.0,0.0,0.0,0.0,0.0,0.0,0.0,0.0,0.0,0.0,0.0,0.0,0.0,0.0,0.0,1.24,1.04,1.02,1.32,1.0,1.33,1.31,1.14,1.04,6.65,1.2,1.33,1.32,1.03,5.17,1.11,1.63,1.93,1.1,4.78,5.8,1.05,1.57,1.0,1.04,1.47,1.0,1.06,1.5,2.97,1.08,1.1,1.12,1.48,1.0,1.12,1.16,1.05,1.36,1.87,1.18
17-2199.09,Nanosystems Engineers,mechanics_electronics|mathematics_statistics|physical_science|engineering|accounting|agriculture|animal_service|applied_arts_and_design|athletics|business_initiatives|construction_woodwork|creative_writing|culinary_art|finance|health_care_service|human_resources|humanities|information_technology|law|life_science|management_administration|marketing_advertising|media|medical_science|music|nature_outdoors|office_work|performing_arts|personal_service|physical_manual_labor|politics|professional_advising|protective_service|public_speaking|religious_activities|sales|social_science|social_service|teaching_education|transportation_machine_operation|visual_arts,0.0,0.0,0.0,0.0,0.0,0.0,0.0,0.0,0.0,1.0,0.0,0.0,0.0,0.0,0.0,0.0,0.0,0.0,0.0,3.0,4.0,0.0,0.0,0.0,0.0,0.0,0.0,0.0,0.0,2.0,0.0,0.0,0.0,0.0,0.0,0.0,0.0,0.0,0.0,0.0,0.0,1.41,1.04,1.0,1.44,1.0,1.65,1.12,1.14,1.0,6.6,1.28,1.52,1.28,1.03,3.15,1.11,3.54,2.76,1.29,4.82,4.22,1.25,2.25,1.0,1.0,1.66,1.0,1.09,1.26,6.12,1.17,1.26,1.0,2.35,1.0,1.31,1.21,1.05,1.74,1.16,1.27
17-3011.00,Architectural and Civil Drafters,information_technology|applied_arts_and_design|engineering|accounting|agriculture|animal_service|athletics|business_initiatives|construction_woodwork|creative_writing|culinary_art|finance|health_care_service|human_resources|humanities|law|life_science|management_administration|marketing_advertising|mathematics_statistics|mechanics_electronics|media|medical_science|music|nature_outdoors|office_work|performing_arts|personal_service|physical_science|physical_manual_labor|politics|professional_advising|protective_service|public_speaking|religious_activities|sales|social_science|social_service|teaching_education|transportation_machine_operation|visual_arts,0.0,0.0,0.0,2.0,0.0,0.0,0.0,0.0,0.0,1.0,0.0,0.0,0.0,0.0,3.0,0.0,0.0,0.0,0.0,0.0,0.0,0.0,0.0,0.0,0.0,0.0,0.0,0.0,0.0,0.0,0.0,0.0,0.0,0.0,0.0,0.0,0.0,0.0,0.0,0.0,0.0,1.55,1.09,1.0,3.83,1.0,1.16,2.88,1.28,1.04,5.6,1.15,1.03,1.21,1.28,3.62,1.25,1.05,1.96,1.15,3.52,2.39,1.46,1.0,1.0,1.65,2.09,1.09,1.27,1.38,1.81,1.17,1.12,1.12,1.48,1.0,1.08,1.21,1.05,1.39,1.19,3.55
17-3012.00,Electrical and Electronics Drafters,information_technology|mechanics_electronics|engineering|accounting|agriculture|animal_service|applied_arts_and_design|athletics|business_initiatives|construction_woodwork|creative_writing|culinary_art|finance|health_care_service|human_resources|humanities|law|life_science|management_administration|marketing_advertising|mathematics_statistics|media|medical_science|music|nature_outdoors|office_work|performing_arts|personal_service|physical_science|physical_manual_labor|politics|professional_advising|protective_service|public_speaking|religious_activities|sales|social_science|social_service|teaching_education|transportation_machine_operation|visual_arts,0.0,0.0,0.0,0.0,0.0,0.0,0.0,0.0,0.0,1.0,0.0,0.0,0.0,0.0,3.0,0.0,0.0,0.0,0.0,0.0,2.0,0.0,0.0,0.0,0.0,0.0,0.0,0.0,0.0,0.0,0.0,0.0,0.0,0.0,0.0,0.0,0.0,0.0,0.0,0.0,0.0,1.3,1.0,1.0,1.7,1.0,1.14,1.41,1.14,1.0,5.77,1.07,1.1,1.14,1.09,3.26,1.11,1.0,1.5,1.03,2.61,3.87,1.07,1.05,1.0,1.02,2.09,1.0,1.09,1.12,1.92,1.0,1.06,1.08,1.25,1.0,1.08,1.0,1.0,1.25,1.06,1.58
17-3013.00,Mechanical Drafters,information_technology|mechanics_electronics|engineering|accounting|agriculture|animal_service|applied_arts_and_design|athletics|business_initiatives|construction_woodwork|creative_writing|culinary_art|finance|health_care_service|human_resources|humanities|law|life_science|management_administration|marketing_advertising|mathematics_statistics|media|medical_science|music|nature_outdoors|office_work|performing_arts|personal_service|physical_science|physical_manual_labor|politics|professional_advising|protective_service|public_speaking|religious_activities|sales|social_science|social_service|teaching_education|transportation_machine_operation|visual_arts,0.0,0.0,0.0,0.0,0.0,0.0,0.0,0.0,0.0,1.0,0.0,0.0,0.0,0.0,3.0,0.0,0.0,0.0,0.0,0.0,2.0,0.0,0.0,0.0,0.0,0.0,0.0,0.0,0.0,0.0,0.0,0.0,0.0,0.0,0.0,0.0,0.0,0.0,0.0,0.0,0.0,1.44,1.09,1.0,2.16,1.0,1.06,2.19,1.11,1.0,5.99,1.02,1.03,1.11,1.03,3.15,1.0,1.08,1.44,1.08,2.77,3.65,1.22,1.08,1.0,1.04,1.69,1.02,1.12,1.1,2.13,1.0,1.06,1.0,1.25,1.0,1.08,1.03,1.0,1.28,1.26,2.12
17-3021.00,Aerospace Engineering and Operations Technologists and Technicians,information_technology|mechanics_electronics|engineering|accounting|agriculture|animal_service|applied_arts_and_design|athletics|business_initiatives|construction_woodwork|creative_writing|culinary_art|finance|health_care_service|human_resources|humanities|law|life_science|management_administration|marketing_advertising|mathematics_statistics|media|medical_science|music|nature_outdoors|office_work|performing_arts|personal_service|physical_science|physical_manual_labor|politics|professional_advising|protective_service|public_speaking|religious_activities|sales|social_science|social_service|teaching_education|transportation_machine_operation|visual_arts,0.0,0.0,0.0,0.0,0.0,0.0,0.0,0.0,0.0,1.0,0.0,0.0,0.0,0.0,3.0,0.0,0.0,0.0,0.0,0.0,2.0,0.0,0.0,0.0,0.0,0.0,0.0,0.0,0.0,0.0,0.0,0.0,0.0,0.0,0.0,0.0,0.0,0.0,0.0,0.0,0.0,1.48,1.0,1.0,1.03,1.0,1.11,1.28,1.04,1.0,6.38,1.05,1.0,1.21,1.0,4.23,1.0,1.13,1.47,1.0,3.67,6.19,1.1,1.11,1.0,1.06,1.59,1.0,1.09,2.57,3.85,1.0,1.07,1.2,1.25,1.0,1.08,1.0,1.0,1.33,2.18,1.04
17-3022.00,Civil Engineering Technologists and Technicians,construction_woodwork|mathematics_statistics|engineering|accounting|agriculture|animal_service|applied_arts_and_design|athletics|business_initiatives|creative_writing|culinary_art|finance|health_care_service|human_resources|humanities|information_technology|law|life_science|management_administration|marketing_advertising|mechanics_electronics|media|medical_science|music|nature_outdoors|office_work|performing_arts|personal_service|physical_science|physical_manual_labor|politics|professional_advising|protective_service|public_speaking|religious_activities|sales|social_science|social_service|teaching_education|transportation_machine_operation|visual_arts,0.0,0.0,0.0,0.0,0.0,0.0,3.0,0.0,0.0,1.0,0.0,0.0,0.0,0.0,0.0,0.0,0.0,0.0,0.0,2.0,0.0,0.0,0.0,0.0,0.0,0.0,0.0,0.0,0.0,0.0,0.0,0.0,0.0,0.0,0.0,0.0,0.0,0.0,0.0,0.0,0.0,1.93,1.26,1.0,1.41,1.0,1.2,3.02,1.14,1.0,6.33,1.23,1.0,1.21,1.03,2.77,1.22,1.26,2.09,1.05,4.17,2.59,1.17,1.16,1.0,2.04,2.37,1.0,1.18,1.85,2.8,1.14,1.09,1.23,1.42,1.0,1.12,1.24,1.08,1.28,2.32,1.37
17-3023.00,Electrical and Electronic Engineering Technologists and Technicians,information_technology|mechanics_electronics|engineering|accounting|agriculture|animal_service|applied_arts_and_design|athletics|business_initiatives|construction_woodwork|creative_writing|culinary_art|finance|health_care_service|human_resources|humanities|law|life_science|management_administration|marketing_advertising|mathematics_statistics|media|medical_science|music|nature_outdoors|office_work|performing_arts|personal_service|physical_science|physical_manual_labor|politics|professional_advising|protective_service|public_speaking|religious_activities|sales|social_science|social_service|teaching_education|transportation_machine_operation|visual_arts,0.0,0.0,0.0,0.0,0.0,0.0,0.0,0.0,0.0,1.0,0.0,0.0,0.0,0.0,3.0,0.0,0.0,0.0,0.0,0.0,2.0,0.0,0.0,0.0,0.0,0.0,0.0,0.0,0.0,0.0,0.0,0.0,0.0,0.0,0.0,0.0,0.0,0.0,0.0,0.0,0.0,1.65,1.03,1.0,1.24,1.0,1.18,1.34,1.09,1.0,6.78,1.15,1.19,1.32,1.03,3.7,1.11,1.23,1.81,1.08,3.41,6.19,1.12,1.25,1.09,1.02,1.76,1.0,1.24,2.19,3.42,1.06,1.12,1.16,1.45,1.0,1.12,1.1,1.1,1.42,1.26,1.18
17-3024.00,Electro-Mechanical and Mechatronics Technologists and Technicians,information_technology|engineering|mechanics_electronics|accounting|agriculture|animal_service|applied_arts_and_design|athletics|business_initiatives|construction_woodwork|creative_writing|culinary_art|finance|health_care_service|human_resources|humanities|law|life_science|management_administration|marketing_advertising|mathematics_statistics|media|medical_science|music|nature_outdoors|office_work|performing_arts|personal_service|physical_science|physical_manual_labor|politics|professional_advising|protective_service|public_speaking|religious_activities|sales|social_science|social_service|teaching_education|transportation_machine_operation|visual_arts,0.0,0.0,0.0,0.0,0.0,0.0,0.0,0.0,0.0,2.0,0.0,0.0,0.0,0.0,3.0,0.0,0.0,0.0,0.0,0.0,1.0,0.0,0.0,0.0,0.0,0.0,0.0,0.0,0.0,0.0,0.0,0.0,0.0,0.0,0.0,0.0,0.0,0.0,0.0,0.0,0.0,1.24,1.38,1.07,1.24,1.0,1.04,1.31,1.04,1.0,6.33,1.0,1.1,1.07,1.0,3.29,1.0,1.4,1.38,1.0,2.84,6.6,1.07,1.45,1.0,1.49,1.54,1.0,1.0,2.64,2.04,1.0,1.01,1.23,1.16,1.0,1.0,1.0,1.0,1.19,2.28,1.23
17-3024.01,Robotics Technicians,information_technology|engineering|mechanics_electronics|accounting|agriculture|animal_service|applied_arts_and_design|athletics|business_initiatives|construction_woodwork|creative_writing|culinary_art|finance|health_care_service|human_resources|humanities|law|life_science|management_administration|marketing_advertising|mathematics_statistics|media|medical_science|music|nature_outdoors|office_work|performing_arts|personal_service|physical_science|physical_manual_labor|politics|professional_advising|protective_service|public_speaking|religious_activities|sales|social_science|social_service|teaching_education|transportation_machine_operation|visual_arts,0.0,0.0,0.0,0.0,0.0,0.0,0.0,0.0,0.0,2.0,0.0,0.0,0.0,0.0,3.0,0.0,0.0,0.0,0.0,0.0,1.0,0.0,0.0,0.0,0.0,0.0,0.0,0.0,0.0,0.0,0.0,0.0,0.0,0.0,0.0,0.0,0.0,0.0,0.0,0.0,0.0,1.2,1.04,1.0,1.1,1.0,1.11,1.31,1.04,1.0,6.2,1.0,1.06,1.21,1.0,4.47,1.0,1.18,1.35,1.0,2.58,6.82,1.05,1.16,1.0,1.0,1.24,1.0,1.09,2.88,2.04,1.0,1.06,1.0,1.25,1.0,1.08,1.0,1.02,1.48,1.76,1.02
17-3025.00,Environmental Engineering Technologists and Technicians,mechanics_electronics|physical_science|engineering|accounting|agriculture|animal_service|applied_arts_and_design|athletics|business_initiatives|construction_woodwork|creative_writing|culinary_art|finance|health_care_service|human_resources|humanities|information_technology|law|life_science|management_administration|marketing_advertising|mathematics_statistics|media|medical_science|music|nature_outdoors|office_work|performing_arts|personal_service|physical_manual_labor|politics|professional_advising|protective_service|public_speaking|religious_activities|sales|social_science|social_service|teaching_education|transportation_machine_operation|visual_arts,0.0,0.0,0.0,0.0,0.0,0.0,0.0,0.0,0.0,1.0,0.0,0.0,0.0,0.0,0.0,0.0,0.0,0.0,0.0,0.0,3.0,0.0,0.0,0.0,0.0,0.0,0.0,0.0,0.0,2.0,0.0,0.0,0.0,0.0,0.0,0.0,0.0,0.0,0.0,0.0,0.0,1.93,1.79,1.07,1.13,1.0,1.09,1.37,1.11,1.0,5.9,1.23,1.23,1.18,1.12,2.47,1.55,2.73,1.53,1.03,3.67,3.8,1.1,1.81,1.0,3.76,2.18,1.0,1.18,3.05,5.03,1.26,1.04,1.67,1.33,1.0,1.08,1.29,1.1,1.16,2.04,1.2
17-3026.00,Industrial Engineering Technologists and Technicians,mathematics_statistics|mechanics_electronics|engineering|accounting|agriculture|animal_service|applied_arts_and_design|athletics|business_initiatives|construction_woodwork|creative_writing|culinary_art|finance|health_care_service|human_resources|humanities|information_technology|law|life_science|management_administration|marketing_advertising|media|medical_science|music|nature_outdoors|office_work|performing_arts|personal_service|physical_science|physical_manual_labor|politics|professional_advising|protective_service|public_speaking|religious_activities|sales|social_science|social_service|teaching_education|transportation_machine_operation|visual_arts,0.0,0.0,0.0,0.0,0.0,0.0,0.0,0.0,0.0,1.0,0.0,0.0,0.0,0.0,0.0,0.0,0.0,0.0,0.0,3.0,2.0,0.0,0.0,0.0,0.0,0.0,0.0,0.0,0.0,0.0,0.0,0.0,0.0,0.0,0.0,0.0,0.0,0.0,0.0,0.0,0.0,1.93,1.06,1.0,1.16,1.0,1.4,1.73,1.04,1.08,5.77,1.42,1.16,1.46,1.06,2.98,1.07,1.26,2.09,1.08,3.6,3.69,1.1,1.25,1.0,1.04,1.81,1.0,1.18,1.65,2.16,1.03,1.16,1.23,1.45,1.0,1.12,1.26,1.1,1.22,1.97,1.13
17-3026.01,Nanotechnology Engineering Technologists and Technicians,mechanics_electronics|physical_science|engineering|accounting|agriculture|animal_service|applied_arts_and_design|athletics|business_initiatives|construction_woodwork|creative_writing|culinary_art|finance|health_care_service|human_resources|humanities|information_technology|law|life_science|management_administration|marketing_advertising|mathematics_statistics|media|medical_science|music|nature_outdoors|office_work|performing_arts|personal_service|physical_manual_labor|politics|professional_advising|protective_service|public_speaking|religious_activities|sales|social_science|social_service|teaching_education|transportation_machine_operation|visual_arts,0.0,0.0,0.0,0.0,0.0,0.0,0.0,0.0,0.0,1.0,0.0,0.0,0.0,0.0,0.0,0.0,0.0,0.0,0.0,0.0,3.0,0.0,0.0,0.0,0.0,0.0,0.0,0.0,0.0,2.0,0.0,0.0,0.0,0.0,0.0,0.0,0.0,0.0,0.0,0.0,0.0,1.48,1.0,1.0,1.16,1.0,1.18,1.06,1.11,1.0,6.38,1.18,1.19,1.18,1.03,2.43,1.11,2.3,1.47,1.1,3.38,4.69,1.14,2.09,1.0,1.0,1.5,1.0,1.09,1.99,5.86,1.0,1.08,1.12,1.69,1.0,1.06,1.03,1.0,1.48,1.33,1.13
17-3027.00,Mechanical Engineering Technologists and Technicians,mathematics_statistics|mechanics_electronics|engineering|accounting|agriculture|animal_service|applied_arts_and_design|athletics|business_initiatives|construction_woodwork|creative_writing|culinary_art|finance|health_care_service|human_resources|humanities|information_technology|law|life_science|management_administration|marketing_advertising|media|medical_science|music|nature_outdoors|office_work|performing_arts|personal_service|physical_science|physical_manual_labor|politics|professional_advising|protective_service|public_speaking|religious_activities|sales|social_science|social_service|teaching_education|transportation_machine_operation|visual_arts,0.0,0.0,0.0,0.0,0.0,0.0,0.0,0.0,0.0,1.0,0.0,0.0,0.0,0.0,0.0,0.0,0.0,0.0,0.0,3.0,2.0,0.0,0.0,0.0,0.0,0.0,0.0,0.0,0.0,0.0,0.0,0.0,0.0,0.0,0.0,0.0,0.0,0.0,0.0,0.0,0.0,1.37,1.14,1.0,1.38,1.0,1.11,2.22,1.14,1.0,6.78,1.15,1.1,1.18,1.0,2.46,1.0,1.21,1.47,1.0,3.52,6.19,1.12,1.42,1.0,1.06,1.79,1.0,1.06,2.38,3.46,1.0,1.06,1.0,1.28,1.0,1.1,1.03,1.0,1.22,2.01,1.35
17-3027.01,Automotive Engineering Technicians,physical_science|mechanics_electronics|engineering|accounting|agriculture|animal_service|applied_arts_and_design|athletics|business_initiatives|construction_woodwork|creative_writing|culinary_art|finance|health_care_service|human_resources|humanities|information_technology|law|life_science|management_administration|marketing_advertising|mathematics_statistics|media|medical_science|music|nature_outdoors|office_work|performing_arts|personal_service|physical_manual_labor|politics|professional_advising|protective_service|public_speaking|religious_activities|sales|social_science|social_service|teaching_education|transportation_machine_operation|visual_arts,0.0,0.0,0.0,0.0,0.0,0.0,0.0,0.0,0.0,1.0,0.0,0.0,0.0,0.0,0.0,0.0,0.0,0.0,0.0,0.0,2.0,0.0,0.0,0.0,0.0,0.0,0.0,0.0,0.0,3.0,0.0,0.0,0.0,0.0,0.0,0.0,0.0,0.0,0.0,0.0,0.0,1.24,1.0,1.0,1.16,1.0,1.16,1.22,1.0,1.0,6.47,1.0,1.0,1.04,1.0,2.8,1.0,1.26,1.35,1.0,2.98,6.24,1.07,1.28,1.0,1.0,1.66,1.0,1.06,2.45,3.34,1.0,1.04,1.08,1.16,1.0,1.08,1.08,1.0,1.22,2.6,1.11
17-3028.00,Calibration Technologists and Technicians,physical_science|engineering|mechanics_electronics|accounting|agriculture|animal_service|applied_arts_and_design|athletics|business_initiatives|construction_woodwork|creative_writing|culinary_art|finance|health_care_service|human_resources|humanities|information_technology|law|life_science|management_administration|marketing_advertising|mathematics_statistics|media|medical_science|music|nature_outdoors|office_work|performing_arts|personal_service|physical_manual_labor|politics|professional_advising|protective_service|public_speaking|religious_activities|sales|social_science|social_service|teaching_education|transportation_machine_operation|visual_arts,0.0,0.0,0.0,0.0,0.0,0.0,0.0,0.0,0.0,2.0,0.0,0.0,0.0,0.0,0.0,0.0,0.0,0.0,0.0,0.0,1.0,0.0,0.0,0.0,0.0,0.0,0.0,0.0,0.0,3.0,0.0,0.0,0.0,0.0,0.0,0.0,0.0,0.0,0.0,0.0,0.0,1.3,1.03,1.0,1.05,1.0,1.01,1.6,1.0,1.0,5.69,1.02,1.23,1.14,1.0,1.98,1.0,1.32,1.26,1.0,3.71,6.06,1.02,1.42,1.0,1.0,1.64,1.0,1.0,2.41,3.73,1.0,1.03,1.0,1.08,1.0,1.02,1.0,1.0,1.16,1.33,1.04
17-3029.01,Non-Destructive Testing Specialists,physical_science|mechanics_electronics|engineering|accounting|agriculture|animal_service|applied_arts_and_design|athletics|business_initiatives|construction_woodwork|creative_writing|culinary_art|finance|health_care_service|human_resources|humanities|information_technology|law|life_science|management_administration|marketing_advertising|mathematics_statistics|media|medical_science|music|nature_outdoors|office_work|performing_arts|personal_service|physical_manual_labor|politics|professional_advising|protective_service|public_speaking|religious_activities|sales|social_science|social_service|teaching_education|transportation_machine_operation|visual_arts,0.0,0.0,0.0,0.0,0.0,0.0,0.0,0.0,0.0,1.0,0.0,0.0,0.0,0.0,0.0,0.0,0.0,0.0,0.0,0.0,2.0,0.0,0.0,0.0,0.0,0.0,0.0,0.0,0.0,3.0,0.0,0.0,0.0,0.0,0.0,0.0,0.0,0.0,0.0,0.0,0.0,1.3,1.01,1.0,1.08,1.0,1.04,1.89,1.04,1.0,5.82,1.07,1.16,1.25,1.0,2.33,1.07,1.18,1.44,1.0,2.88,5.09,1.12,1.51,1.0,1.22,1.45,1.0,1.15,2.61,4.06,1.03,1.1,1.67,1.28,1.0,1.02,1.1,1.05,1.45,2.04,1.13
17-3029.08,Photonics Technicians,physical_science|mechanics_electronics|engineering|accounting|agriculture|animal_service|applied_arts_and_design|athletics|business_initiatives|construction_woodwork|creative_writing|culinary_art|finance|health_care_service|human_resources|humanities|information_technology|law|life_science|management_administration|marketing_advertising|mathematics_statistics|media|medical_science|music|nature_outdoors|office_work|performing_arts|personal_service|physical_manual_labor|politics|professional_advising|protective_service|public_speaking|religious_activities|sales|social_science|social_service|teaching_education|transportation_machine_operation|visual_arts,0.0,0.0,0.0,0.0,0.0,0.0,0.0,0.0,0.0,1.0,0.0,0.0,0.0,0.0,0.0,0.0,0.0,0.0,0.0,0.0,2.0,0.0,0.0,0.0,0.0,0.0,0.0,0.0,0.0,3.0,0.0,0.0,0.0,0.0,0.0,0.0,0.0,0.0,0.0,0.0,0.0,1.27,1.0,1.0,1.05,1.0,1.06,1.12,1.07,1.0,6.24,1.0,1.06,1.04,1.0,2.94,1.0,1.45,1.29,1.0,3.12,6.06,1.0,1.48,1.0,1.0,1.59,1.0,1.09,2.2,4.98,1.0,1.04,1.0,1.16,1.0,1.06,1.0,1.0,1.3,1.23,1.11
17-3031.00,Surveying and Mapping Technicians,information_technology|mathematics_statistics|engineering|accounting|agriculture|animal_service|applied_arts_and_design|athletics|business_initiatives|construction_woodwork|creative_writing|culinary_art|finance|health_care_service|human_resources|humanities|law|life_science|management_administration|marketing_advertising|mechanics_electronics|media|medical_science|music|nature_outdoors|office_work|performing_arts|personal_service|physical_science|physical_manual_labor|politics|professional_advising|protective_service|public_speaking|religious_activities|sales|social_science|social_service|teaching_education|transportation_machine_operation|visual_arts,0.0,0.0,0.0,0.0,0.0,0.0,0.0,0.0,0.0,1.0,0.0,0.0,0.0,0.0,3.0,0.0,0.0,0.0,0.0,2.0,0.0,0.0,0.0,0.0,0.0,0.0,0.0,0.0,0.0,0.0,0.0,0.0,0.0,0.0,0.0,0.0,0.0,0.0,0.0,0.0,0.0,1.51,1.36,1.0,1.29,1.0,1.07,1.76,1.07,1.0,3.79,1.07,1.0,1.04,1.28,3.44,1.11,1.23,1.38,1.0,3.45,2.69,1.14,1.0,1.0,2.84,2.06,1.0,1.09,2.32,2.04,1.17,1.0,1.04,1.16,1.0,1.0,1.35,1.0,1.14,1.8,1.5
19-1011.00,Animal Scientists,mathematics_statistics|agriculture|life_science|accounting|animal_service|applied_arts_and_design|athletics|business_initiatives|construction_woodwork|creative_writing|culinary_art|engineering|finance|health_care_service|human_resources|humanities|information_technology|law|management_administration|marketing_advertising|mechanics_electronics|media|medical_science|music|nature_outdoors|office_work|performing_arts|personal_service|physical_science|physical_manual_labor|politics|professional_advising|protective_service|public_speaking|religious_activities|sales|social_science|social_service|teaching_education|transportation_machine_operation|visual_arts,0.0,2.0,0.0,0.0,0.0,0.0,0.0,0.0,0.0,0.0,0.0,0.0,0.0,0.0,0.0,0.0,1.0,0.0,0.0,3.0,0.0,0.0,0.0,0.0,0.0,0.0,0.0,0.0,0.0,0.0,0.0,0.0,0.0,0.0,0.0,0.0,0.0,0.0,0.0,0.0,0.0,1.37,5.31,2.57,1.03,1.03,1.38,1.06,1.23,1.27,1.6,1.1,1.43,1.43,1.22,1.68,1.11,6.43,1.87,1.4,4.13,1.56,1.46,3.91,1.0,2.29,1.45,1.04,1.27,1.71,2.31,1.2,1.7,1.0,2.82,1.0,1.45,1.6,1.11,2.15,1.4,1.07
19-1012.00,Food Scientists and Technologists,engineering|physical_science|life_science|accounting|agriculture|animal_service|applied_arts_and_design|athletics|business_initiatives|construction_woodwork|creative_writing|culinary_art|finance|health_care_service|human_resources|humanities|information_technology|law|management_administration|marketing_advertising|mathematics_statistics|mechanics_electronics|media|medical_science|music|nature_outdoors|office_work|performing_arts|personal_service|physical_manual_labor|politics|professional_advising|protective_service|public_speaking|religious_activities|sales|social_science|social_service|teaching_education|transportation_machine_operation|visual_arts,0.0,0.0,0.0,0.0,0.0,0.0,0.0,0.0,0.0,3.0,0.0,0.0,0.0,0.0,0.0,0.0,1.0,0.0,0.0,0.0,0.0,0.0,0.0,0.0,0.0,0.0,0.0,0.0,0.0,2.0,0.0,0.0,0.0,0.0,0.0,0.0,0.0,0.0,0.0,0.0,0.0,1.51,2.43,1.15,1.38,1.06,1.51,1.0,1.14,2.72,3.63,1.25,1.69,1.32,1.22,1.89,1.87,5.7,2.36,1.6,3.19,2.06,1.2,2.58,1.0,1.2,1.66,1.06,1.27,1.52,5.31,1.53,1.14,1.35,1.9,1.0,1.36,1.57,1.11,1.48,1.19,1.18
19-1013.00,Soil and Plant Scientists,mathematics_statistics|nature_outdoors|agriculture|physical_science|life_science|accounting|animal_service|applied_arts_and_design|athletics|business_initiatives|construction_woodwork|creative_writing|culinary_art|engineering|finance|health_care_service|human_resources|humanities|information_technology|law|management_administration|marketing_advertising|mechanics_electronics|media|medical_science|music|office_work|performing_arts|personal_service|physical_manual_labor|politics|professional_advising|protective_service|public_speaking|religious_activities|sales|social_science|social_service|teaching_education|transportation_machine_operation|visual_arts,0.0,3.0,0.0,0.0,0.0,0.0,0.0,0.0,0.0,0.0,0.0,0.0,0.0,0.0,0.0,0.0,1.0,0.0,0.0,5.0,0.0,0.0,0.0,0.0,4.0,0.0,0.0,0.0,0.0,2.0,0.0,0.0,0.0,0.0,0.0,0.0,0.0,0.0,0.0,0.0,0.0,1.17,5.98,1.15,1.1,1.0,1.2,1.15,1.21,1.23,2.71,1.07,1.1,1.14,1.28,1.98,1.14,6.38,1.93,1.13,4.05,1.81,1.35,2.09,1.0,5.88,1.35,1.0,1.18,2.16,6.23,1.44,1.78,1.0,2.72,1.0,1.12,1.29,1.11,2.41,1.5,1.13
19-1021.00,Biochemists and Biophysicists,mathematics_statistics|physical_science|medical_science|life_science|accounting|agriculture|animal_service|applied_arts_and_design|athletics|business_initiatives|construction_woodwork|creative_writing|culinary_art|engineering|finance|health_care_service|human_resources|humanities|information_technology|law|management_administration|marketing_advertising|mechanics_electronics|media|music|nature_outdoors|office_work|performing_arts|personal_service|physical_manual_labor|politics|professional_advising|protective_service|public_speaking|religious_activities|sales|social_science|social_service|teaching_education|transportation_machine_operation|visual_arts,0.0,0.0,0.0,0.0,0.0,0.0,0.0,0.0,0.0,0.0,0.0,0.0,0.0,0.0,0.0,0.0,1.0,0.0,0.0,4.0,0.0,0.0,2.0,0.0,0.0,0.0,0.0,0.0,0.0,3.0,0.0,0.0,0.0,0.0,0.0,0.0,0.0,0.0,0.0,0.0,0.0,1.17,1.42,1.3,1.08,1.03,1.14,1.06,1.31,1.12,2.88,1.05,2.41,1.28,1.16,2.01,1.11,6.62,2.09,1.15,5.16,2.8,1.43,6.27,1.0,1.36,1.33,1.04,1.06,1.38,5.86,1.2,1.45,1.08,2.38,1.0,1.06,1.46,1.1,2.71,1.06,1.18
19-1022.00,Microbiologists,health_care_service|medical_science|life_science|accounting|agriculture|animal_service|applied_arts_and_design|athletics|business_initiatives|construction_woodwork|creative_writing|culinary_art|engineering|finance|human_resources|humanities|information_technology|law|management_administration|marketing_advertising|mathematics_statistics|mechanics_electronics|media|music|nature_outdoors|office_work|performing_arts|personal_service|physical_science|physical_manual_labor|politics|professional_advising|protective_service|public_speaking|religious_activities|sales|social_science|social_service|teaching_education|transportation_machine_operation|visual_arts,0.0,0.0,0.0,0.0,0.0,0.0,0.0,0.0,0.0,0.0,0.0,3.0,0.0,0.0,0.0,0.0,1.0,0.0,0.0,0.0,0.0,0.0,2.0,0.0,0.0,0.0,0.0,0.0,0.0,0.0,0.0,0.0,0.0,0.0,0.0,0.0,0.0,0.0,0.0,0.0,0.0,1.31,1.71,1.35,1.03,1.0,1.14,1.0,1.14,1.27,2.04,1.02,3.96,1.32,1.16,2.08,1.18,7.0,1.65,1.03,2.88,2.06,1.14,6.49,1.0,1.49,1.59,1.0,1.09,1.57,2.9,1.17,1.13,1.24,1.48,1.0,1.04,1.29,1.19,1.75,1.1,1.11
19-1023.00,Zoologists and Wildlife Biologists,mathematics_statistics|nature_outdoors|life_science|accounting|agriculture|animal_service|applied_arts_and_design|athletics|business_initiatives|construction_woodwork|creative_writing|culinary_art|engineering|finance|health_care_service|human_resources|humanities|information_technology|law|management_administration|marketing_advertising|mechanics_electronics|media|medical_science|music|office_work|performing_arts|personal_service|physical_science|physical_manual_labor|politics|professional_advising|protective_service|public_speaking|religious_activities|sales|social_science|social_service|teaching_education|transportation_machine_operation|visual_arts,0.0,0.0,0.0,0.0,0.0,0.0,0.0,0.0,0.0,0.0,0.0,0.0,0.0,0.0,0.0,0.0,1.0,0.0,0.0,3.0,0.0,0.0,0.0,0.0,2.0,0.0,0.0,0.0,0.0,0.0,0.0,0.0,0.0,0.0,0.0,0.0,0.0,0.0,0.0,0.0,0.0,1.51,3.16,3.48,1.16,1.17,1.23,1.18,1.43,1.04,1.79,1.23,1.36,1.46,1.41,2.01,2.1,6.81,2.66,1.48,3.98,1.53,2.15,2.89,1.0,6.54,1.64,1.07,1.49,2.61,1.92,2.09,1.49,1.67,3.24,1.0,1.16,1.87,1.37,2.61,1.97,1.25
19-1029.01,Bioinformatics Scientists,medical_science|life_science|information_technology|mathematics_statistics|accounting|agriculture|animal_service|applied_arts_and_design|athletics|business_initiatives|construction_woodwork|creative_writing|culinary_art|engineering|finance|health_care_service|human_resources|humanities|law|management_administration|marketing_advertising|mechanics_electronics|media|music|nature_outdoors|office_work|performing_arts|personal_service|physical_science|physical_manual_labor|politics|professional_advising|protective_service|public_speaking|religious_activities|sales|social_science|social_service|teaching_education|transportation_machine_operation|visual_arts,0.0,0.0,0.0,0.0,0.0,0.0,0.0,0.0,0.0,0.0,0.0,0.0,0.0,0.0,2.0,0.0,3.0,0.0,0.0,1.0,0.0,0.0,4.0,0.0,0.0,0.0,0.0,0.0,0.0,0.0,0.0,0.0,0.0,0.0,0.0,0.0,0.0,0.0,0.0,0.0,0.0,1.68,1.11,1.02,1.1,1.0,1.14,1.0,1.26,1.0,2.81,1.07,3.01,1.21,1.22,6.07,1.07,5.79,1.84,1.08,6.28,2.06,1.38,5.69,1.0,1.04,1.79,1.04,1.06,1.0,3.19,1.08,1.13,1.0,2.25,1.0,1.02,1.46,1.08,1.57,1.0,1.23
19-1029.02,Molecular and Cellular Biologists,mathematics_statistics|medical_science|life_science|accounting|agriculture|animal_service|applied_arts_and_design|athletics|business_initiatives|construction_woodwork|creative_writing|culinary_art|engineering|finance|health_care_service|human_resources|humanities|information_technology|law|management_administration|marketing_advertising|mechanics_electronics|media|music|nature_outdoors|office_work|performing_arts|personal_service|physical_science|physical_manual_labor|politics|professional_advising|protective_service|public_speaking|religious_activities|sales|social_science|social_service|teaching_education|transportation_machine_operation|visual_arts,0.0,0.0,0.0,0.0,0.0,0.0,0.0,0.0,0.0,0.0,0.0,0.0,0.0,0.0,0.0,0.0,1.0,0.0,0.0,3.0,0.0,0.0,2.0,0.0,0.0,0.0,0.0,0.0,0.0,0.0,0.0,0.0,0.0,0.0,0.0,0.0,0.0,0.0,0.0,0.0,0.0,1.68,1.42,1.15,1.08,1.0,1.33,1.0,1.23,1.0,2.1,1.23,2.48,1.35,1.09,2.46,1.11,6.71,2.52,1.13,4.05,2.32,1.27,6.59,1.0,1.06,1.81,1.0,1.06,1.57,3.73,1.17,1.35,1.12,2.28,1.0,1.04,1.29,1.1,2.55,1.1,1.09
19-1029.03,Geneticists,physical_science|mathematics_statistics|medical_science|life_science|accounting|agriculture|animal_service|applied_arts_and_design|athletics|business_initiatives|construction_woodwork|creative_writing|culinary_art|engineering|finance|health_care_service|human_resources|humanities|information_technology|law|management_administration|marketing_advertising|mechanics_electronics|media|music|nature_outdoors|office_work|performing_arts|personal_service|physical_manual_labor|politics|professional_advising|protective_service|public_speaking|religious_activities|sales|social_science|social_service|teaching_education|transportation_machine_operation|visual_arts,0.0,0.0,0.0,0.0,0.0,0.0,0.0,0.0,0.0,0.0,0.0,0.0,0.0,0.0,0.0,0.0,1.0,0.0,0.0,3.0,0.0,0.0,2.0,0.0,0.0,0.0,0.0,0.0,0.0,4.0,0.0,0.0,0.0,0.0,0.0,0.0,0.0,0.0,0.0,0.0,0.0,1.48,1.54,1.22,1.13,1.0,1.14,1.0,1.26,1.0,1.85,1.15,3.55,1.39,1.19,3.26,1.11,6.86,2.26,1.1,5.2,1.96,1.4,6.59,1.0,1.22,1.76,1.06,1.09,1.28,4.05,1.17,1.39,1.04,2.48,1.0,1.06,1.57,1.29,2.55,1.0,1.11
19-1029.04,Biologists,mathematics_statistics|medical_science|nature_outdoors|life_science|accounting|agriculture|animal_service|applied_arts_and_design|athletics|business_initiatives|construction_woodwork|creative_writing|culinary_art|engineering|finance|health_care_service|human_resources|humanities|information_technology|law|management_administration|marketing_advertising|mechanics_electronics|media|music|office_work|performing_arts|personal_service|physical_science|physical_manual_labor|politics|professional_advising|protective_service|public_speaking|religious_activities|sales|social_science|social_service|teaching_education|transportation_machine_operation|visual_arts,0.0,0.0,0.0,0.0,0.0,0.0,0.0,0.0,0.0,0.0,0.0,0.0,0.0,0.0,0.0,0.0,1.0,0.0,0.0,4.0,0.0,0.0,3.0,0.0,2.0,0.0,0.0,0.0,0.0,0.0,0.0,0.0,0.0,0.0,0.0,0.0,0.0,0.0,0.0,0.0,0.0,1.34,2.76,2.88,1.08,1.06,1.35,1.0,1.38,1.08,1.94,1.18,1.52,1.53,1.31,2.6,1.47,6.86,2.69,1.23,4.25,1.62,1.71,4.69,1.0,4.92,2.06,1.06,1.24,1.82,2.63,1.87,1.39,1.24,3.06,1.0,1.1,1.78,1.25,2.68,1.3,1.18
19-1031.00,Conservation Scientists,life_science|agriculture|nature_outdoors|accounting|animal_service|applied_arts_and_design|athletics|business_initiatives|construction_woodwork|creative_writing|culinary_art|engineering|finance|health_care_service|human_resources|humanities|information_technology|law|management_administration|marketing_advertising|mathematics_statistics|mechanics_electronics|media|medical_science|music|office_work|performing_arts|personal_service|physical_science|physical_manual_labor|politics|professional_advising|protective_service|public_speaking|religious_activities|sales|social_science|social_service|teaching_education|transportation_machine_operation|visual_arts,0.0,2.0,0.0,0.0,0.0,0.0,0.0,0.0,0.0,0.0,0.0,0.0,0.0,0.0,0.0,0.0,3.0,0.0,0.0,0.0,0.0,0.0,0.0,0.0,1.0,0.0,0.0,0.0,0.0,0.0,0.0,0.0,0.0,0.0,0.0,0.0,0.0,0.0,0.0,0.0,0.0,1.55,4.78,1.52,1.21,1.06,1.44,1.44,1.14,1.0,2.57,1.34,1.03,1.57,1.38,2.24,2.17,4.39,2.69,1.24,3.09,1.84,1.25,1.54,1.0,6.54,1.73,1.02,1.4,1.96,3.77,2.25,2.03,1.44,2.68,1.0,1.31,2.02,1.35,2.54,1.7,1.16
19-1031.02,Range Managers,life_science|nature_outdoors|agriculture|accounting|animal_service|applied_arts_and_design|athletics|business_initiatives|construction_woodwork|creative_writing|culinary_art|engineering|finance|health_care_service|human_resources|humanities|information_technology|law|management_administration|marketing_advertising|mathematics_statistics|mechanics_electronics|media|medical_science|music|office_work|performing_arts|personal_service|physical_science|physical_manual_labor|politics|professional_advising|protective_service|public_speaking|religious_activities|sales|social_science|social_service|teaching_education|transportation_machine_operation|visual_arts,0.0,1.0,0.0,0.0,0.0,0.0,0.0,0.0,0.0,0.0,0.0,0.0,0.0,0.0,0.0,0.0,3.0,0.0,0.0,0.0,0.0,0.0,0.0,0.0,2.0,0.0,0.0,0.0,0.0,0.0,0.0,0.0,0.0,0.0,0.0,0.0,0.0,0.0,0.0,0.0,0.0,1.48,6.65,2.1,1.05,1.0,1.94,1.89,1.14,1.0,1.91,1.34,1.0,1.39,1.35,1.59,2.1,4.47,3.51,1.21,2.35,1.44,1.12,1.42,1.0,6.43,1.5,1.0,1.33,2.54,2.16,2.28,1.92,1.59,2.58,1.0,1.36,1.72,1.31,1.78,1.8,1.09
19-1031.03,Park Naturalists,personal_service|public_speaking|teaching_education|nature_outdoors|accounting|agriculture|animal_service|applied_arts_and_design|athletics|business_initiatives|construction_woodwork|creative_writing|culinary_art|engineering|finance|health_care_service|human_resources|humanities|information_technology|law|life_science|management_administration|marketing_advertising|mathematics_statistics|mechanics_electronics|media|medical_science|music|office_work|performing_arts|physical_science|physical_manual_labor|politics|professional_advising|protective_service|religious_activities|sales|social_science|social_service|transportation_machine_operation|visual_arts,0.0,0.0,0.0,0.0,0.0,0.0,0.0,0.0,0.0,0.0,0.0,0.0,0.0,0.0,0.0,0.0,0.0,0.0,0.0,0.0,0.0,0.0,0.0,0.0,1.0,0.0,0.0,4.0,0.0,0.0,0.0,0.0,0.0,3.0,0.0,0.0,0.0,0.0,2.0,0.0,0.0,1.2,1.69,1.86,2.48,1.35,1.31,1.73,2.38,1.08,1.41,1.07,1.23,1.96,3.51,1.19,1.73,3.25,2.76,2.27,1.47,1.35,3.33,1.45,1.11,6.23,1.5,1.85,4.4,2.26,2.19,1.53,2.3,2.87,5.06,1.02,1.38,2.37,2.58,5.1,1.53,2.73
19-1032.00,Foresters,management_administration|agriculture|nature_outdoors|accounting|animal_service|applied_arts_and_design|athletics|business_initiatives|construction_woodwork|creative_writing|culinary_art|engineering|finance|health_care_service|human_resources|humanities|information_technology|law|life_science|marketing_advertising|mathematics_statistics|mechanics_electronics|media|medical_science|music|office_work|performing_arts|personal_service|physical_science|physical_manual_labor|politics|professional_advising|protective_service|public_speaking|religious_activities|sales|social_science|social_service|teaching_education|transportation_machine_operation|visual_arts,0.0,2.0,0.0,0.0,0.0,0.0,0.0,0.0,0.0,0.0,0.0,0.0,0.0,0.0,0.0,0.0,0.0,3.0,0.0,0.0,0.0,0.0,0.0,0.0,1.0,0.0,0.0,0.0,0.0,0.0,0.0,0.0,0.0,0.0,0.0,0.0,0.0,0.0,0.0,0.0,0.0,1.79,4.6,1.33,1.03,1.06,2.09,2.53,1.11,1.0,2.17,1.76,1.03,1.57,1.35,1.83,2.28,3.07,3.25,1.21,2.48,1.59,1.1,1.28,1.0,6.84,1.89,1.0,1.27,2.41,2.1,1.86,1.56,1.71,1.84,1.0,1.9,1.52,1.31,1.65,2.6,1.09
19-1041.00,Epidemiologists,public_speaking|social_science|mathematics_statistics|life_science|medical_science|accounting|agriculture|animal_service|applied_arts_and_design|athletics|business_initiatives|construction_woodwork|creative_writing|culinary_art|engineering|finance|health_care_service|human_resources|humanities|information_technology|law|management_administration|marketing_advertising|mechanics_electronics|media|music|nature_outdoors|office_work|performing_arts|personal_service|physical_science|physical_manual_labor|politics|professional_advising|protective_service|religious_activities|sales|social_service|teaching_education|transportation_machine_operation|visual_arts,0.0,0.0,0.0,0.0,0.0,0.0,0.0,0.0,0.0,0.0,0.0,0.0,0.0,0.0,0.0,0.0,2.0,0.0,0.0,3.0,0.0,0.0,1.0,0.0,0.0,0.0,0.0,0.0,0.0,0.0,0.0,0.0,0.0,5.0,0.0,0.0,4.0,0.0,0.0,0.0,0.0,1.48,1.26,1.54,1.03,1.0,1.44,1.0,1.43,1.08,1.29,1.25,3.81,1.82,1.64,2.77,1.55,6.15,3.04,1.37,5.55,1.17,1.82,6.68,1.0,1.27,1.87,1.04,1.3,1.04,2.5,2.32,2.12,1.51,4.02,1.0,1.12,5.31,2.75,3.53,1.0,1.09
19-1042.00,"Medical Scientists, Except Epidemiologists",health_care_service|physical_science|mathematics_statistics|life_science|medical_science|accounting|agriculture|animal_service|applied_arts_and_design|athletics|business_initiatives|construction_woodwork|creative_writing|culinary_art|engineering|finance|human_resources|humanities|information_technology|law|management_administration|marketing_advertising|mechanics_electronics|media|music|nature_outdoors|office_work|performing_arts|personal_service|physical_manual_labor|politics|professional_advising|protective_service|public_speaking|religious_activities|sales|social_science|social_service|teaching_education|transportation_machine_operation|visual_arts,0.0,0.0,0.0,0.0,0.0,0.0,0.0,0.0,0.0,0.0,0.0,5.0,0.0,0.0,0.0,0.0,2.0,0.0,0.0,3.0,0.0,0.0,1.0,0.0,0.0,0.0,0.0,0.0,0.0,4.0,0.0,0.0,0.0,0.0,0.0,0.0,0.0,0.0,0.0,0.0,0.0,1.48,1.22,1.6,1.1,1.03,1.12,1.0,1.14,1.0,2.01,1.18,4.07,1.46,1.35,2.11,1.18,6.62,1.9,1.23,4.53,1.74,1.46,6.86,1.0,1.11,1.59,1.04,1.15,1.45,4.18,1.38,1.56,1.2,2.58,1.0,1.08,2.05,1.51,3.02,1.06,1.13
19-2011.00,Astronomers,engineering|mathematics_statistics|physical_science|accounting|agriculture|animal_service|applied_arts_and_design|athletics|business_initiatives|construction_woodwork|creative_writing|culinary_art|finance|health_care_service|human_resources|humanities|information_technology|law|life_science|management_administration|marketing_advertising|mechanics_electronics|media|medical_science|music|nature_outdoors|office_work|performing_arts|personal_service|physical_manual_labor|politics|professional_advising|protective_service|public_speaking|religious_activities|sales|social_science|social_service|teaching_education|transportation_machine_operation|visual_arts,0.0,0.0,0.0,0.0,0.0,0.0,0.0,0.0,0.0,3.0,0.0,0.0,0.0,0.0,0.0,0.0,0.0,0.0,0.0,2.0,0.0,0.0,0.0,0.0,0.0,0.0,0.0,0.0,0.0,1.0,0.0,0.0,0.0,0.0,0.0,0.0,0.0,0.0,0.0,0.0,0.0,1.34,1.0,1.0,1.35,1.0,1.18,1.03,1.51,1.0,3.75,1.05,1.0,1.32,1.38,3.62,1.07,1.43,1.93,1.43,6.23,3.07,2.25,1.19,1.0,1.29,1.54,1.13,1.27,1.31,7.0,1.26,1.73,1.04,3.24,1.0,1.12,1.52,1.21,3.45,1.19,1.45
19-2012.00,Physicists,engineering|mathematics_statistics|physical_science|accounting|agriculture|animal_service|applied_arts_and_design|athletics|business_initiatives|construction_woodwork|creative_writing|culinary_art|finance|health_care_service|human_resources|humanities|information_technology|law|life_science|management_administration|marketing_advertising|mechanics_electronics|media|medical_science|music|nature_outdoors|office_work|performing_arts|personal_service|physical_manual_labor|politics|professional_advising|protective_service|public_speaking|religious_activities|sales|social_science|social_service|teaching_education|transportation_machine_operation|visual_arts,0.0,0.0,0.0,0.0,0.0,0.0,0.0,0.0,0.0,3.0,0.0,0.0,0.0,0.0,0.0,0.0,0.0,0.0,0.0,2.0,0.0,0.0,0.0,0.0,0.0,0.0,0.0,0.0,0.0,1.0,0.0,0.0,0.0,0.0,0.0,0.0,0.0,0.0,0.0,0.0,0.0,1.34,1.03,1.0,1.19,1.0,1.14,1.06,1.33,1.0,4.2,1.15,1.56,1.21,1.16,3.74,1.14,1.92,1.44,1.13,6.38,2.52,1.48,1.9,1.02,1.2,1.59,1.09,1.06,1.19,6.83,1.35,1.31,1.08,2.51,1.0,1.12,1.32,1.1,2.61,1.06,1.28
19-2021.00,Atmospheric and Space Scientists,information_technology|mathematics_statistics|physical_science|accounting|agriculture|animal_service|applied_arts_and_design|athletics|business_initiatives|construction_woodwork|creative_writing|culinary_art|engineering|finance|health_care_service|human_resources|humanities|law|life_science|management_administration|marketing_advertising|mechanics_electronics|media|medical_science|music|nature_outdoors|office_work|performing_arts|personal_service|physical_manual_labor|politics|professional_advising|protective_service|public_speaking|religious_activities|sales|social_science|social_service|teaching_education|transportation_machine_operation|visual_arts,0.0,0.0,0.0,0.0,0.0,0.0,0.0,0.0,0.0,0.0,0.0,0.0,0.0,0.0,3.0,0.0,0.0,0.0,0.0,2.0,0.0,0.0,0.0,0.0,0.0,0.0,0.0,0.0,0.0,1.0,0.0,0.0,0.0,0.0,0.0,0.0,0.0,0.0,0.0,0.0,0.0,1.34,1.22,1.0,1.21,1.06,1.31,1.0,1.56,1.0,3.93,1.23,1.03,1.39,1.25,4.12,1.11,1.86,2.06,1.48,5.87,2.19,2.98,1.48,1.0,2.04,1.76,1.13,1.49,1.21,6.83,1.5,1.37,1.36,3.35,1.0,1.18,1.54,1.21,2.41,1.3,1.32
19-2031.00,Chemists,medical_science|mathematics_statistics|physical_science|accounting|agriculture|animal_service|applied_arts_and_design|athletics|business_initiatives|construction_woodwork|creative_writing|culinary_art|engineering|finance|health_care_service|human_resources|humanities|information_technology|law|life_science|management_administration|marketing_advertising|mechanics_electronics|media|music|nature_outdoors|office_work|performing_arts|personal_service|physical_manual_labor|politics|professional_advising|protective_service|public_speaking|religious_activities|sales|social_science|social_service|teaching_education|transportation_machine_operation|visual_arts,0.0,0.0,0.0,0.0,0.0,0.0,0.0,0.0,0.0,0.0,0.0,0.0,0.0,0.0,0.0,0.0,0.0,0.0,0.0,2.0,0.0,0.0,3.0,0.0,0.0,0.0,0.0,0.0,0.0,1.0,0.0,0.0,0.0,0.0,0.0,0.0,0.0,0.0,0.0,0.0,0.0,1.55,1.22,1.05,1.08,1.0,1.16,1.0,1.11,1.15,3.06,1.15,1.46,1.21,1.03,2.43,1.14,3.8,1.71,1.08,4.41,2.42,1.1,3.91,1.0,1.17,1.66,1.0,1.06,1.87,6.83,1.14,1.09,1.12,1.48,1.0,1.1,1.16,1.05,1.57,1.16,1.09
19-2032.00,Materials Scientists,mathematics_statistics|engineering|physical_science|accounting|agriculture|animal_service|applied_arts_and_design|athletics|business_initiatives|construction_woodwork|creative_writing|culinary_art|finance|health_care_service|human_resources|humanities|information_technology|law|life_science|management_administration|marketing_advertising|mechanics_electronics|media|medical_science|music|nature_outdoors|office_work|performing_arts|personal_service|physical_manual_labor|politics|professional_advising|protective_service|public_speaking|religious_activities|sales|social_science|social_service|teaching_education|transportation_machine_operation|visual_arts,0.0,0.0,0.0,0.0,0.0,0.0,0.0,0.0,0.0,2.0,0.0,0.0,0.0,0.0,0.0,0.0,0.0,0.0,0.0,3.0,0.0,0.0,0.0,0.0,0.0,0.0,0.0,0.0,0.0,1.0,0.0,0.0,0.0,0.0,0.0,0.0,0.0,0.0,0.0,0.0,0.0,1.31,1.03,1.0,1.32,1.0,1.21,1.34,1.28,1.0,6.16,1.05,1.19,1.18,1.12,2.5,1.11,1.92,1.78,1.13,4.74,2.86,1.2,1.81,1.0,1.15,1.52,1.0,1.09,1.5,6.55,1.08,1.13,1.0,1.81,1.0,1.18,1.13,1.03,1.42,1.23,1.18
19-2041.00,"Environmental Scientists and Specialists, Including Health",mathematics_statistics|nature_outdoors|life_science|physical_science|accounting|agriculture|animal_service|applied_arts_and_design|athletics|business_initiatives|construction_woodwork|creative_writing|culinary_art|engineering|finance|health_care_service|human_resources|humanities|information_technology|law|management_administration|marketing_advertising|mechanics_electronics|media|medical_science|music|office_work|performing_arts|personal_service|physical_manual_labor|politics|professional_advising|protective_service|public_speaking|religious_activities|sales|social_science|social_service|teaching_education|transportation_machine_operation|visual_arts,0.0,0.0,0.0,0.0,0.0,0.0,0.0,0.0,0.0,0.0,0.0,0.0,0.0,0.0,0.0,0.0,2.0,0.0,0.0,4.0,0.0,0.0,0.0,0.0,3.0,0.0,0.0,0.0,0.0,1.0,0.0,0.0,0.0,0.0,0.0,0.0,0.0,0.0,0.0,0.0,0.0,1.65,2.34,1.35,1.05,1.0,1.42,1.18,1.18,1.12,2.74,1.25,2.27,1.5,1.19,2.53,2.68,4.92,2.62,1.4,4.13,1.93,1.71,2.55,1.0,4.92,1.95,1.04,1.34,1.71,5.26,2.55,1.94,2.14,3.57,1.0,1.22,2.09,1.51,2.51,1.36,1.16
19-2042.00,"Geoscientists, Except Hydrologists and Geographers",engineering|nature_outdoors|mathematics_statistics|physical_science|accounting|agriculture|animal_service|applied_arts_and_design|athletics|business_initiatives|construction_woodwork|creative_writing|culinary_art|finance|health_care_service|human_resources|humanities|information_technology|law|life_science|management_administration|marketing_advertising|mechanics_electronics|media|medical_science|music|office_work|performing_arts|personal_service|physical_manual_labor|politics|professional_advising|protective_service|public_speaking|religious_activities|sales|social_science|social_service|teaching_education|transportation_machine_operation|visual_arts,0.0,0.0,0.0,0.0,0.0,0.0,0.0,0.0,0.0,4.0,0.0,0.0,0.0,0.0,0.0,0.0,0.0,0.0,0.0,2.0,0.0,0.0,0.0,0.0,3.0,0.0,0.0,0.0,0.0,1.0,0.0,0.0,0.0,0.0,0.0,0.0,0.0,0.0,0.0,0.0,0.0,1.41,1.49,1.0,1.21,1.0,1.21,1.25,1.31,1.0,4.05,1.31,1.0,1.21,1.64,2.8,1.25,2.23,1.87,1.15,4.99,2.56,1.46,1.57,1.0,4.57,1.87,1.0,1.09,2.54,6.5,1.41,1.22,1.12,2.38,1.0,1.12,1.52,1.08,2.38,1.97,1.45
19-2043.00,Hydrologists,nature_outdoors|mathematics_statistics|physical_science|accounting|agriculture|animal_service|applied_arts_and_design|athletics|business_initiatives|construction_woodwork|creative_writing|culinary_art|engineering|finance|health_care_service|human_resources|humanities|information_technology|law|life_science|management_administration|marketing_advertising|mechanics_electronics|media|medical_science|music|office_work|performing_arts|personal_service|physical_manual_labor|politics|professional_advising|protective_service|public_speaking|religious_activities|sales|social_science|social_service|teaching_education|transportation_machine_operation|visual_arts,0.0,0.0,0.0,0.0,0.0,0.0,0.0,0.0,0.0,0.0,0.0,0.0,0.0,0.0,0.0,0.0,0.0,0.0,0.0,2.0,0.0,0.0,0.0,0.0,3.0,0.0,0.0,0.0,0.0,1.0,0.0,0.0,0.0,0.0,0.0,0.0,0.0,0.0,0.0,0.0,0.0,1.41,2.15,1.02,1.08,1.0,1.18,1.12,1.28,1.0,3.86,1.2,1.1,1.25,1.28,2.8,1.51,2.86,2.62,1.13,5.38,2.69,1.38,1.66,1.0,5.01,2.01,1.0,1.12,2.02,6.01,1.65,1.22,1.28,2.51,1.0,1.12,1.63,1.15,1.63,1.56,1.23
19-2099.01,Remote Sensing Scientists and Technologists,engineering|information_technology|physical_science|mathematics_statistics|accounting|agriculture|animal_service|applied_arts_and_design|athletics|business_initiatives|construction_woodwork|creative_writing|culinary_art|finance|health_care_service|human_resources|humanities|law|life_science|management_administration|marketing_advertising|mechanics_electronics|media|medical_science|music|nature_outdoors|office_work|performing_arts|personal_service|physical_manual_labor|politics|professional_advising|protective_service|public_speaking|religious_activities|sales|social_science|social_service|teaching_education|transportation_machine_operation|visual_arts,0.0,0.0,0.0,0.0,0.0,0.0,0.0,0.0,0.0,4.0,0.0,0.0,0.0,0.0,3.0,0.0,0.0,0.0,0.0,1.0,0.0,0.0,0.0,0.0,0.0,0.0,0.0,0.0,0.0,2.0,0.0,0.0,0.0,0.0,0.0,0.0,0.0,0.0,0.0,0.0,0.0,1.31,2.21,1.07,1.24,1.0,1.21,1.0,1.14,1.0,4.83,1.15,1.13,1.21,1.28,5.08,1.11,2.2,2.29,1.08,5.38,3.18,1.3,1.6,1.0,3.12,1.79,1.0,1.09,1.3,5.26,1.29,1.09,2.06,1.84,1.0,1.06,1.63,1.1,1.48,1.46,1.35
19-3011.00,Economists,politics|mathematics_statistics|social_science|accounting|agriculture|animal_service|applied_arts_and_design|athletics|business_initiatives|construction_woodwork|creative_writing|culinary_art|engineering|finance|health_care_service|human_resources|humanities|information_technology|law|life_science|management_administration|marketing_advertising|mechanics_electronics|media|medical_science|music|nature_outdoors|office_work|performing_arts|personal_service|physical_science|physical_manual_labor|professional_advising|protective_service|public_speaking|religious_activities|sales|social_service|teaching_education|transportation_machine_operation|visual_arts,0.0,0.0,0.0,0.0,0.0,0.0,0.0,0.0,0.0,0.0,0.0,0.0,0.0,0.0,0.0,0.0,0.0,0.0,0.0,2.0,0.0,0.0,0.0,0.0,0.0,0.0,0.0,0.0,0.0,0.0,3.0,0.0,0.0,0.0,0.0,0.0,1.0,0.0,0.0,0.0,0.0,3.32,1.32,1.0,1.05,1.0,3.22,1.0,1.33,1.0,1.14,3.67,1.1,1.35,1.77,2.53,2.65,1.21,2.69,1.51,6.09,1.03,1.88,1.22,1.0,1.04,2.47,1.09,1.15,1.0,1.56,3.87,2.0,1.16,3.83,1.0,1.45,6.67,1.23,2.41,1.0,1.09
19-3022.00,Survey Researchers,office_work|mathematics_statistics|social_science|accounting|agriculture|animal_service|applied_arts_and_design|athletics|business_initiatives|construction_woodwork|creative_writing|culinary_art|engineering|finance|health_care_service|human_resources|humanities|information_technology|law|life_science|management_administration|marketing_advertising|mechanics_electronics|media|medical_science|music|nature_outdoors|performing_arts|personal_service|physical_science|physical_manual_labor|politics|professional_advising|protective_service|public_speaking|religious_activities|sales|social_service|teaching_education|transportation_machine_operation|visual_arts,0.0,0.0,0.0,0.0,0.0,0.0,0.0,0.0,0.0,0.0,0.0,0.0,0.0,0.0,0.0,0.0,0.0,0.0,0.0,2.0,0.0,0.0,0.0,0.0,0.0,3.0,0.0,0.0,0.0,0.0,0.0,0.0,0.0,0.0,0.0,0.0,1.0,0.0,0.0,0.0,0.0,1.93,1.06,1.0,1.13,1.0,1.75,1.0,1.23,1.0,1.09,1.56,1.29,1.89,1.84,2.56,1.36,1.48,2.86,1.75,5.24,1.03,1.71,1.66,1.0,1.06,3.22,1.0,1.46,1.0,1.28,1.93,1.37,1.04,2.12,1.04,1.31,5.27,1.33,1.63,1.0,1.16
19-3032.00,Industrial-Organizational Psychologists,mathematics_statistics|public_speaking|management_administration|professional_advising|human_resources|social_science|accounting|agriculture|animal_service|applied_arts_and_design|athletics|business_initiatives|construction_woodwork|creative_writing|culinary_art|engineering|finance|health_care_service|humanities|information_technology|law|life_science|marketing_advertising|mechanics_electronics|media|medical_science|music|nature_outdoors|office_work|performing_arts|personal_service|physical_science|physical_manual_labor|politics|protective_service|religious_activities|sales|social_service|teaching_education|transportation_machine_operation|visual_arts,0.0,0.0,0.0,0.0,0.0,0.0,0.0,0.0,0.0,0.0,0.0,0.0,2.0,0.0,0.0,0.0,0.0,4.0,0.0,6.0,0.0,0.0,0.0,0.0,0.0,0.0,0.0,0.0,0.0,0.0,0.0,3.0,0.0,5.0,0.0,0.0,1.0,0.0,0.0,0.0,0.0,1.62,1.0,1.0,1.32,1.14,3.98,1.0,1.81,1.0,1.09,1.67,1.56,5.51,2.0,2.3,2.68,1.29,4.61,2.14,4.13,1.06,1.97,1.51,1.0,1.0,1.76,1.11,1.84,1.0,1.2,1.96,5.44,1.23,4.53,1.02,2.44,5.97,2.42,3.13,1.0,1.11
19-3033.00,Clinical and Counseling Psychologists,teaching_education|health_care_service|professional_advising|social_service|social_science|accounting|agriculture|animal_service|applied_arts_and_design|athletics|business_initiatives|construction_woodwork|creative_writing|culinary_art|engineering|finance|human_resources|humanities|information_technology|law|life_science|management_administration|marketing_advertising|mathematics_statistics|mechanics_electronics|media|medical_science|music|nature_outdoors|office_work|performing_arts|personal_service|physical_science|physical_manual_labor|politics|protective_service|public_speaking|religious_activities|sales|transportation_machine_operation|visual_arts,0.0,0.0,0.0,0.0,0.0,0.0,0.0,0.0,0.0,0.0,0.0,4.0,0.0,0.0,0.0,0.0,0.0,0.0,0.0,0.0,0.0,0.0,0.0,0.0,0.0,0.0,0.0,0.0,0.0,0.0,0.0,3.0,0.0,0.0,0.0,0.0,1.0,2.0,5.0,0.0,0.0,1.24,1.0,1.02,1.16,1.11,1.21,1.0,1.46,1.0,1.0,1.05,5.73,1.79,2.3,1.19,1.66,1.92,2.39,1.29,2.35,1.0,1.35,2.99,1.07,1.0,1.81,1.18,2.61,1.0,1.14,1.32,5.83,1.47,2.96,1.25,1.16,6.72,6.49,4.06,1.0,1.11
19-3034.00,School Psychologists,professional_advising|social_science|social_service|accounting|agriculture|animal_service|applied_arts_and_design|athletics|business_initiatives|construction_woodwork|creative_writing|culinary_art|engineering|finance|health_care_service|human_resources|humanities|information_technology|law|life_science|management_administration|marketing_advertising|mathematics_statistics|mechanics_electronics|media|medical_science|music|nature_outdoors|office_work|performing_arts|personal_service|physical_science|physical_manual_labor|politics|protective_service|public_speaking|religious_activities|sales|teaching_education|transportation_machine_operation|visual_arts,0.0,0.0,0.0,0.0,0.0,0.0,0.0,0.0,0.0,0.0,0.0,0.0,0.0,0.0,0.0,0.0,0.0,0.0,0.0,0.0,0.0,0.0,0.0,0.0,0.0,0.0,0.0,0.0,0.0,0.0,0.0,3.0,0.0,0.0,0.0,0.0,2.0,1.0,0.0,0.0,0.0,1.31,1.0,1.0,1.16,1.11,1.23,1.0,1.38,1.0,1.0,1.05,3.3,2.04,2.24,1.62,1.55,1.45,2.35,1.18,2.74,1.03,1.3,2.03,1.11,1.0,2.31,1.07,3.03,1.0,1.05,1.44,5.83,1.75,3.03,1.0,1.14,6.39,6.6,3.64,1.0,1.13
19-3039.02,Neuropsychologists,social_service|life_science|medical_science|health_care_service|social_science|accounting|agriculture|animal_service|applied_arts_and_design|athletics|business_initiatives|construction_woodwork|creative_writing|culinary_art|engineering|finance|human_resources|humanities|information_technology|law|management_administration|marketing_advertising|mathematics_statistics|mechanics_electronics|media|music|nature_outdoors|office_work|performing_arts|personal_service|physical_science|physical_manual_labor|politics|professional_advising|protective_service|public_speaking|religious_activities|sales|teaching_education|transportation_machine_operation|visual_arts,0.0,0.0,0.0,0.0,0.0,0.0,0.0,0.0,0.0,0.0,0.0,2.0,0.0,0.0,0.0,0.0,4.0,0.0,0.0,0.0,0.0,0.0,3.0,0.0,0.0,0.0,0.0,0.0,0.0,0.0,0.0,0.0,0.0,0.0,0.0,0.0,1.0,5.0,0.0,0.0,0.0,1.13,1.0,1.0,1.13,1.09,1.09,1.0,1.36,1.0,1.14,1.05,6.22,1.43,1.74,1.83,1.37,5.26,1.74,1.13,3.16,1.17,1.3,5.69,1.07,1.0,1.71,1.07,2.04,1.0,1.68,1.11,3.3,1.2,2.28,1.0,1.12,6.24,4.71,3.64,1.0,1.13
19-3039.03,Clinical Neuropsychologists,life_science|social_service|medical_science|health_care_service|social_science|accounting|agriculture|animal_service|applied_arts_and_design|athletics|business_initiatives|construction_woodwork|creative_writing|culinary_art|engineering|finance|human_resources|humanities|information_technology|law|management_administration|marketing_advertising|mathematics_statistics|mechanics_electronics|media|music|nature_outdoors|office_work|performing_arts|personal_service|physical_science|physical_manual_labor|politics|professional_advising|protective_service|public_speaking|religious_activities|sales|teaching_education|transportation_machine_operation|visual_arts,0.0,0.0,0.0,0.0,0.0,0.0,0.0,0.0,0.0,0.0,0.0,2.0,0.0,0.0,0.0,0.0,5.0,0.0,0.0,0.0,0.0,0.0,3.0,0.0,0.0,0.0,0.0,0.0,0.0,0.0,0.0,0.0,0.0,0.0,0.0,0.0,1.0,4.0,0.0,0.0,0.0,1.2,1.0,1.0,1.0,1.2,1.11,1.0,1.26,1.0,1.26,1.02,6.22,1.46,1.51,1.74,1.44,5.05,1.68,1.03,3.09,1.17,1.14,5.52,1.07,1.0,1.66,1.06,1.88,1.0,1.56,1.06,3.18,1.12,2.42,1.02,1.06,6.34,5.38,3.57,1.0,1.09
19-3041.00,Sociologists,public_speaking|humanities|social_science|accounting|agriculture|animal_service|applied_arts_and_design|athletics|business_initiatives|construction_woodwork|creative_writing|culinary_art|engineering|finance|health_care_service|human_resources|information_technology|law|life_science|management_administration|marketing_advertising|mathematics_statistics|mechanics_electronics|media|medical_science|music|nature_outdoors|office_work|performing_arts|personal_service|physical_science|physical_manual_labor|politics|professional_advising|protective_service|religious_activities|sales|social_service|teaching_education|transportation_machine_operation|visual_arts,0.0,0.0,0.0,0.0,0.0,0.0,0.0,0.0,0.0,0.0,0.0,0.0,0.0,2.0,0.0,0.0,0.0,0.0,0.0,0.0,0.0,0.0,0.0,0.0,0.0,0.0,0.0,0.0,0.0,0.0,0.0,0.0,0.0,3.0,0.0,0.0,1.0,0.0,0.0,0.0,0.0,1.27,1.04,1.0,1.47,1.0,1.33,1.0,2.26,1.0,1.06,1.23,2.03,1.86,5.14,1.92,2.2,1.62,2.03,1.43,3.52,1.06,2.15,2.35,1.09,1.09,1.33,1.22,1.46,1.0,1.18,2.89,2.15,1.31,3.94,1.45,1.12,6.81,3.14,3.79,1.0,1.37
19-3051.00,Urban and Regional Planners,social_science|public_speaking|management_administration|accounting|agriculture|animal_service|applied_arts_and_design|athletics|business_initiatives|construction_woodwork|creative_writing|culinary_art|engineering|finance|health_care_service|human_resources|humanities|information_technology|law|life_science|marketing_advertising|mathematics_statistics|mechanics_electronics|media|medical_science|music|nature_outdoors|office_work|performing_arts|personal_service|physical_science|physical_manual_labor|politics|professional_advising|protective_service|religious_activities|sales|social_service|teaching_education|transportation_machine_operation|visual_arts,0.0,0.0,0.0,0.0,0.0,0.0,0.0,0.0,0.0,0.0,0.0,0.0,0.0,0.0,0.0,0.0,0.0,1.0,0.0,0.0,0.0,0.0,0.0,0.0,0.0,0.0,0.0,0.0,0.0,0.0,0.0,0.0,0.0,2.0,0.0,0.0,3.0,0.0,0.0,0.0,0.0,1.89,1.28,1.0,1.82,1.06,2.72,1.28,1.46,1.0,2.24,2.03,1.19,1.82,2.17,2.4,3.57,1.57,4.38,2.05,2.91,1.2,1.97,1.31,1.0,2.64,2.67,1.09,1.75,1.1,1.71,3.8,2.06,1.23,4.17,1.02,1.71,3.93,2.03,2.06,1.39,1.8
19-3091.00,Anthropologists and Archeologists,public_speaking|social_science|humanities|accounting|agriculture|animal_service|applied_arts_and_design|athletics|business_initiatives|construction_woodwork|creative_writing|culinary_art|engineering|finance|health_care_service|human_resources|information_technology|law|life_science|management_administration|marketing_advertising|mathematics_statistics|mechanics_electronics|media|medical_science|music|nature_outdoors|office_work|performing_arts|personal_service|physical_science|physical_manual_labor|politics|professional_advising|protective_service|religious_activities|sales|social_service|teaching_education|transportation_machine_operation|visual_arts,0.0,0.0,0.0,0.0,0.0,0.0,0.0,0.0,0.0,0.0,0.0,0.0,0.0,1.0,0.0,0.0,0.0,0.0,0.0,0.0,0.0,0.0,0.0,0.0,0.0,0.0,0.0,0.0,0.0,0.0,0.0,0.0,0.0,3.0,0.0,0.0,2.0,0.0,0.0,0.0,0.0,1.2,1.2,1.1,1.79,1.06,1.16,1.22,2.55,1.23,1.47,1.07,1.76,1.32,6.66,1.98,1.51,2.49,1.71,1.4,2.54,1.41,2.54,1.78,1.14,2.84,1.47,1.3,1.3,2.17,1.98,1.93,1.76,1.47,3.35,1.42,1.08,6.53,1.65,3.34,1.19,1.91
19-3092.00,Geographers,mathematics_statistics|physical_science|social_science|accounting|agriculture|animal_service|applied_arts_and_design|athletics|business_initiatives|construction_woodwork|creative_writing|culinary_art|engineering|finance|health_care_service|human_resources|humanities|information_technology|law|life_science|management_administration|marketing_advertising|mechanics_electronics|media|medical_science|music|nature_outdoors|office_work|performing_arts|personal_service|physical_manual_labor|politics|professional_advising|protective_service|public_speaking|religious_activities|sales|social_service|teaching_education|transportation_machine_operation|visual_arts,0.0,0.0,0.0,0.0,0.0,0.0,0.0,0.0,0.0,0.0,0.0,0.0,0.0,0.0,0.0,0.0,0.0,0.0,0.0,3.0,0.0,0.0,0.0,0.0,0.0,0.0,0.0,0.0,0.0,2.0,0.0,0.0,0.0,0.0,0.0,0.0,1.0,0.0,0.0,0.0,0.0,1.31,2.04,1.07,1.58,1.0,1.27,1.0,1.56,1.0,2.68,1.15,1.06,1.11,3.04,3.58,1.14,2.39,1.84,1.29,4.33,1.96,1.74,1.48,1.0,3.72,1.61,1.06,1.24,1.5,4.48,1.99,1.37,1.2,2.65,1.04,1.1,4.6,1.27,2.61,1.43,1.74
19-3093.00,Historians,creative_writing|social_science|humanities|accounting|agriculture|animal_service|applied_arts_and_design|athletics|business_initiatives|construction_woodwork|culinary_art|engineering|finance|health_care_service|human_resources|information_technology|law|life_science|management_administration|marketing_advertising|mathematics_statistics|mechanics_electronics|media|medical_science|music|nature_outdoors|office_work|performing_arts|personal_service|physical_science|physical_manual_labor|politics|professional_advising|protective_service|public_speaking|religious_activities|sales|social_service|teaching_education|transportation_machine_operation|visual_arts,0.0,0.0,0.0,0.0,0.0,0.0,0.0,3.0,0.0,0.0,0.0,0.0,0.0,1.0,0.0,0.0,0.0,0.0,0.0,0.0,0.0,0.0,0.0,0.0,0.0,0.0,0.0,0.0,0.0,0.0,0.0,0.0,0.0,0.0,0.0,0.0,2.0,0.0,0.0,0.0,0.0,1.48,1.04,1.05,1.82,1.0,1.09,1.06,3.24,1.08,1.09,1.13,1.03,1.35,6.75,1.59,1.99,1.15,1.62,1.51,1.91,1.06,2.84,1.16,1.19,1.2,2.0,1.3,1.4,1.12,1.16,2.15,1.37,1.16,2.85,1.23,1.1,5.53,1.35,2.25,1.0,1.77
19-3094.00,Political Scientists,humanities|politics|social_science|accounting|agriculture|animal_service|applied_arts_and_design|athletics|business_initiatives|construction_woodwork|creative_writing|culinary_art|engineering|finance|health_care_service|human_resources|information_technology|law|life_science|management_administration|marketing_advertising|mathematics_statistics|mechanics_electronics|media|medical_science|music|nature_outdoors|office_work|performing_arts|personal_service|physical_science|physical_manual_labor|professional_advising|protective_service|public_speaking|religious_activities|sales|social_service|teaching_education|transportation_machine_operation|visual_arts,0.0,0.0,0.0,0.0,0.0,0.0,0.0,0.0,0.0,0.0,0.0,0.0,0.0,3.0,0.0,0.0,0.0,0.0,0.0,0.0,0.0,0.0,0.0,0.0,0.0,0.0,0.0,0.0,0.0,0.0,2.0,0.0,0.0,0.0,0.0,0.0,1.0,0.0,0.0,0.0,0.0,1.2,1.0,1.0,1.3,1.0,1.51,1.0,2.17,1.0,1.0,1.5,1.0,1.35,5.34,1.83,3.05,1.08,1.87,1.6,3.52,1.0,2.6,1.14,1.0,1.04,1.39,1.13,1.18,1.0,1.18,5.76,2.06,1.23,3.68,1.15,1.12,6.81,1.65,3.79,1.0,1.2
19-3099.01,Transportation Planners,public_speaking|engineering|mathematics_statistics|accounting|agriculture|animal_service|applied_arts_and_design|athletics|business_initiatives|construction_woodwork|creative_writing|culinary_art|finance|health_care_service|human_resources|humanities|information_technology|law|life_science|management_administration|marketing_advertising|mechanics_electronics|media|medical_science|music|nature_outdoors|office_work|performing_arts|personal_service|physical_science|physical_manual_labor|politics|professional_advising|protective_service|religious_activities|sales|social_science|social_service|teaching_education|transportation_machine_operation|visual_arts,0.0,0.0,0.0,0.0,0.0,0.0,0.0,0.0,0.0,2.0,0.0,0.0,0.0,0.0,0.0,0.0,0.0,0.0,0.0,1.0,0.0,0.0,0.0,0.0,0.0,0.0,0.0,0.0,0.0,0.0,0.0,0.0,0.0,3.0,0.0,0.0,0.0,0.0,0.0,0.0,0.0,2.03,1.06,1.0,1.32,1.0,2.06,1.18,1.11,1.0,3.53,1.62,1.0,1.46,1.44,3.01,2.53,1.18,2.97,1.46,4.86,1.53,1.48,1.03,1.0,1.67,2.47,1.04,1.37,1.12,1.93,3.0,1.33,1.23,3.31,1.0,1.22,2.5,1.33,1.45,1.77,1.25
19-4012.00,Agricultural Technicians,transportation_machine_operation|nature_outdoors|life_science|physical_manual_labor|agriculture|accounting|animal_service|applied_arts_and_design|athletics|business_initiatives|construction_woodwork|creative_writing|culinary_art|engineering|finance|health_care_service|human_resources|humanities|information_technology|law|management_administration|marketing_advertising|mathematics_statistics|mechanics_electronics|media|medical_science|music|office_work|performing_arts|personal_service|physical_science|politics|professional_advising|protective_service|public_speaking|religious_activities|sales|social_science|social_service|teaching_education|visual_arts,0.0,1.0,0.0,0.0,0.0,0.0,0.0,0.0,0.0,0.0,0.0,0.0,0.0,0.0,0.0,0.0,3.0,0.0,0.0,0.0,0.0,0.0,0.0,0.0,4.0,0.0,0.0,0.0,2.0,0.0,0.0,0.0,0.0,0.0,0.0,0.0,0.0,0.0,0.0,5.0,0.0,1.37,5.83,2.54,1.0,1.0,1.12,1.37,1.0,1.23,2.5,1.07,1.22,1.32,1.03,1.24,1.0,5.13,1.87,1.0,2.28,3.39,1.0,2.41,1.0,4.96,1.33,1.0,1.06,5.62,2.43,1.03,1.09,1.0,1.16,1.0,1.08,1.43,1.08,1.42,4.8,1.0
19-4012.01,Precision Agriculture Technicians,information_technology|engineering|mathematics_statistics|agriculture|accounting|animal_service|applied_arts_and_design|athletics|business_initiatives|construction_woodwork|creative_writing|culinary_art|finance|health_care_service|human_resources|humanities|law|life_science|management_administration|marketing_advertising|mechanics_electronics|media|medical_science|music|nature_outdoors|office_work|performing_arts|personal_service|physical_science|physical_manual_labor|politics|professional_advising|protective_service|public_speaking|religious_activities|sales|social_science|social_service|teaching_education|transportation_machine_operation|visual_arts,0.0,1.0,0.0,0.0,0.0,0.0,0.0,0.0,0.0,3.0,0.0,0.0,0.0,0.0,4.0,0.0,0.0,0.0,0.0,2.0,0.0,0.0,0.0,0.0,0.0,0.0,0.0,0.0,0.0,0.0,0.0,0.0,0.0,0.0,0.0,0.0,0.0,0.0,0.0,0.0,0.0,1.55,5.57,1.0,1.05,1.0,1.38,1.0,1.04,1.04,4.43,1.23,1.0,1.18,1.0,4.39,1.04,3.4,1.65,1.13,4.82,3.88,1.14,1.42,1.0,3.84,1.74,1.0,1.15,2.02,3.16,1.08,1.19,1.0,1.6,1.0,1.36,1.21,1.06,1.68,2.84,1.13
19-4013.00,Food Science Technicians,mathematics_statistics|physical_science|life_science|accounting|agriculture|animal_service|applied_arts_and_design|athletics|business_initiatives|construction_woodwork|creative_writing|culinary_art|engineering|finance|health_care_service|human_resources|humanities|information_technology|law|management_administration|marketing_advertising|mechanics_electronics|media|medical_science|music|nature_outdoors|office_work|performing_arts|personal_service|physical_manual_labor|politics|professional_advising|protective_service|public_speaking|religious_activities|sales|social_science|social_service|teaching_education|transportation_machine_operation|visual_arts,0.0,0.0,0.0,0.0,0.0,0.0,0.0,0.0,0.0,0.0,0.0,0.0,0.0,0.0,0.0,0.0,1.0,0.0,0.0,3.0,0.0,0.0,0.0,0.0,0.0,0.0,0.0,0.0,0.0,2.0,0.0,0.0,0.0,0.0,0.0,0.0,0.0,0.0,0.0,0.0,0.0,1.93,1.95,1.05,1.13,1.0,1.14,1.0,1.04,2.12,2.37,1.23,1.39,1.32,1.0,1.98,1.11,4.27,1.87,1.05,3.02,2.09,1.05,2.32,1.0,1.04,1.76,1.02,1.21,2.05,3.93,1.03,1.1,1.12,1.25,1.0,1.14,1.32,1.1,1.45,1.26,1.09
19-4021.00,Biological Technicians,mechanics_electronics|medical_science|life_science|accounting|agriculture|animal_service|applied_arts_and_design|athletics|business_initiatives|construction_woodwork|creative_writing|culinary_art|engineering|finance|health_care_service|human_resources|humanities|information_technology|law|management_administration|marketing_advertising|mathematics_statistics|media|music|nature_outdoors|office_work|performing_arts|personal_service|physical_science|physical_manual_labor|politics|professional_advising|protective_service|public_speaking|religious_activities|sales|social_science|social_service|teaching_education|transportation_machine_operation|visual_arts,0.0,0.0,0.0,0.0,0.0,0.0,0.0,0.0,0.0,0.0,0.0,0.0,0.0,0.0,0.0,0.0,1.0,0.0,0.0,0.0,3.0,0.0,2.0,0.0,0.0,0.0,0.0,0.0,0.0,0.0,0.0,0.0,0.0,0.0,0.0,0.0,0.0,0.0,0.0,0.0,0.0,1.44,2.4,1.8,1.0,1.0,1.0,1.0,1.07,1.12,2.24,1.02,2.51,1.25,1.06,2.53,1.0,6.15,1.35,1.0,3.02,3.04,1.02,5.27,1.0,2.22,1.84,1.0,1.12,2.19,2.28,1.0,1.06,1.12,1.19,1.0,1.02,1.49,1.13,1.33,1.19,1.07
19-4031.00,Chemical Technicians,engineering|life_science|physical_science|accounting|agriculture|animal_service|applied_arts_and_design|athletics|business_initiatives|construction_woodwork|creative_writing|culinary_art|finance|health_care_service|human_resources|humanities|information_technology|law|management_administration|marketing_advertising|mathematics_statistics|mechanics_electronics|media|medical_science|music|nature_outdoors|office_work|performing_arts|personal_service|physical_manual_labor|politics|professional_advising|protective_service|public_speaking|religious_activities|sales|social_science|social_service|teaching_education|transportation_machine_operation|visual_arts,0.0,0.0,0.0,0.0,0.0,0.0,0.0,0.0,0.0,3.0,0.0,0.0,0.0,0.0,0.0,0.0,2.0,0.0,0.0,0.0,0.0,0.0,0.0,0.0,0.0,0.0,0.0,0.0,0.0,1.0,0.0,0.0,0.0,0.0,0.0,0.0,0.0,0.0,0.0,0.0,0.0,1.51,1.26,1.0,1.03,1.0,1.04,1.0,1.11,1.15,3.31,1.02,1.49,1.25,1.0,1.95,1.07,3.61,1.41,1.0,3.19,2.25,1.14,3.17,1.0,1.15,1.59,1.0,1.06,2.17,6.17,1.03,1.08,1.16,1.25,1.0,1.06,1.21,1.06,1.42,1.16,1.04
19-4042.00,"Environmental Science and Protection Technicians, Including Health",life_science|nature_outdoors|physical_science|accounting|agriculture|animal_service|applied_arts_and_design|athletics|business_initiatives|construction_woodwork|creative_writing|culinary_art|engineering|finance|health_care_service|human_resources|humanities|information_technology|law|management_administration|marketing_advertising|mathematics_statistics|mechanics_electronics|media|medical_science|music|office_work|performing_arts|personal_service|physical_manual_labor|politics|professional_advising|protective_service|public_speaking|religious_activities|sales|social_science|social_service|teaching_education|transportation_machine_operation|visual_arts,0.0,0.0,0.0,0.0,0.0,0.0,0.0,0.0,0.0,0.0,0.0,0.0,0.0,0.0,0.0,0.0,3.0,0.0,0.0,0.0,0.0,0.0,0.0,0.0,2.0,0.0,0.0,0.0,0.0,1.0,0.0,0.0,0.0,0.0,0.0,0.0,0.0,0.0,0.0,0.0,0.0,1.58,1.76,1.22,1.03,1.03,1.16,1.12,1.14,1.12,3.34,1.07,2.58,1.28,1.16,2.24,1.99,3.92,1.68,1.13,3.86,2.62,1.14,2.92,1.0,3.96,1.76,1.0,1.43,2.61,4.89,1.68,1.39,2.33,1.93,1.0,1.14,1.66,1.53,1.51,2.07,1.04
19-4043.00,"Geological Technicians, Except Hydrologic Technicians",mechanics_electronics|engineering|physical_science|accounting|agriculture|animal_service|applied_arts_and_design|athletics|business_initiatives|construction_woodwork|creative_writing|culinary_art|finance|health_care_service|human_resources|humanities|information_technology|law|life_science|management_administration|marketing_advertising|mathematics_statistics|media|medical_science|music|nature_outdoors|office_work|performing_arts|personal_service|physical_manual_labor|politics|professional_advising|protective_service|public_speaking|religious_activities|sales|social_science|social_service|teaching_education|transportation_machine_operation|visual_arts,0.0,0.0,0.0,0.0,0.0,0.0,0.0,0.0,0.0,2.0,0.0,0.0,0.0,0.0,0.0,0.0,0.0,0.0,0.0,0.0,3.0,0.0,0.0,0.0,0.0,0.0,0.0,0.0,0.0,1.0,0.0,0.0,0.0,0.0,0.0,0.0,0.0,0.0,0.0,0.0,0.0,1.51,1.09,1.0,1.13,1.0,1.09,1.12,1.11,1.0,3.78,1.1,1.0,1.0,1.19,2.3,1.0,1.62,1.2,1.0,3.56,3.58,1.1,1.28,1.0,2.74,2.03,1.0,1.06,2.48,5.81,1.03,1.06,1.0,1.25,1.0,1.02,1.21,1.05,1.19,1.8,1.23
19-4044.00,Hydrologic Technicians,mathematics_statistics|nature_outdoors|physical_science|accounting|agriculture|animal_service|applied_arts_and_design|athletics|business_initiatives|construction_woodwork|creative_writing|culinary_art|engineering|finance|health_care_service|human_resources|humanities|information_technology|law|life_science|management_administration|marketing_advertising|mechanics_electronics|media|medical_science|music|office_work|performing_arts|personal_service|physical_manual_labor|politics|professional_advising|protective_service|public_speaking|religious_activities|sales|social_science|social_service|teaching_education|transportation_machine_operation|visual_arts,0.0,0.0,0.0,0.0,0.0,0.0,0.0,0.0,0.0,0.0,0.0,0.0,0.0,0.0,0.0,0.0,0.0,0.0,0.0,3.0,0.0,0.0,0.0,0.0,2.0,0.0,0.0,0.0,0.0,1.0,0.0,0.0,0.0,0.0,0.0,0.0,0.0,0.0,0.0,0.0,0.0,1.72,2.19,1.07,1.0,1.0,1.14,1.06,1.18,1.0,3.9,1.07,1.1,1.07,1.03,2.3,1.47,2.53,1.38,1.03,3.94,2.52,1.1,1.54,1.0,5.19,1.89,1.0,1.15,2.98,5.26,1.44,1.14,1.2,1.48,1.0,1.08,1.57,1.11,1.34,1.8,1.0
19-4051.00,Nuclear Technicians,physical_science|mechanics_electronics|engineering|accounting|agriculture|animal_service|applied_arts_and_design|athletics|business_initiatives|construction_woodwork|creative_writing|culinary_art|finance|health_care_service|human_resources|humanities|information_technology|law|life_science|management_administration|marketing_advertising|mathematics_statistics|media|medical_science|music|nature_outdoors|office_work|performing_arts|personal_service|physical_manual_labor|politics|professional_advising|protective_service|public_speaking|religious_activities|sales|social_science|social_service|teaching_education|transportation_machine_operation|visual_arts,0.0,0.0,0.0,0.0,0.0,0.0,0.0,0.0,0.0,1.0,0.0,0.0,0.0,0.0,0.0,0.0,0.0,0.0,0.0,0.0,2.0,0.0,0.0,0.0,0.0,0.0,0.0,0.0,0.0,3.0,0.0,0.0,0.0,0.0,0.0,0.0,0.0,0.0,0.0,0.0,0.0,1.37,1.0,1.0,1.0,1.0,1.09,1.15,1.0,1.0,5.86,1.05,1.23,1.25,1.0,2.5,1.51,1.6,1.62,1.0,2.71,5.38,1.0,1.78,1.0,1.02,1.59,1.0,1.0,2.41,5.07,1.14,1.06,2.4,1.19,1.0,1.0,1.1,1.05,1.33,1.94,1.0
19-4051.02,Nuclear Monitoring Technicians,mathematics_statistics|engineering|physical_science|accounting|agriculture|animal_service|applied_arts_and_design|athletics|business_initiatives|construction_woodwork|creative_writing|culinary_art|finance|health_care_service|human_resources|humanities|information_technology|law|life_science|management_administration|marketing_advertising|mechanics_electronics|media|medical_science|music|nature_outdoors|office_work|performing_arts|personal_service|physical_manual_labor|politics|professional_advising|protective_service|public_speaking|religious_activities|sales|social_science|social_service|teaching_education|transportation_machine_operation|visual_arts,0.0,0.0,0.0,0.0,0.0,0.0,0.0,0.0,0.0,2.0,0.0,0.0,0.0,0.0,0.0,0.0,0.0,0.0,0.0,3.0,0.0,0.0,0.0,0.0,0.0,0.0,0.0,0.0,0.0,1.0,0.0,0.0,0.0,0.0,0.0,0.0,0.0,0.0,0.0,0.0,0.0,1.58,1.01,1.0,1.0,1.0,1.04,1.09,1.0,1.0,4.35,1.0,2.13,1.35,1.0,2.08,1.25,1.98,1.38,1.0,3.52,3.22,1.07,2.25,1.0,1.2,1.74,1.0,1.12,2.51,5.03,1.11,1.33,2.37,1.9,1.0,1.0,1.21,1.11,1.81,1.3,1.0
19-4061.00,Social Science Research Assistants,office_work|social_science|mathematics_statistics|accounting|agriculture|animal_service|applied_arts_and_design|athletics|business_initiatives|construction_woodwork|creative_writing|culinary_art|engineering|finance|health_care_service|human_resources|humanities|information_technology|law|life_science|management_administration|marketing_advertising|mechanics_electronics|media|medical_science|music|nature_outdoors|performing_arts|personal_service|physical_science|physical_manual_labor|politics|professional_advising|protective_service|public_speaking|religious_activities|sales|social_service|teaching_education|transportation_machine_operation|visual_arts,0.0,0.0,0.0,0.0,0.0,0.0,0.0,0.0,0.0,0.0,0.0,0.0,0.0,0.0,0.0,0.0,0.0,0.0,0.0,1.0,0.0,0.0,0.0,0.0,0.0,3.0,0.0,0.0,0.0,0.0,0.0,0.0,0.0,0.0,0.0,0.0,2.0,0.0,0.0,0.0,0.0,2.18,1.03,1.0,1.1,1.0,1.14,1.0,1.26,1.0,1.23,1.34,1.49,1.39,2.48,3.18,1.33,1.62,1.59,1.23,5.16,1.17,1.38,1.78,1.0,1.13,4.18,1.06,1.27,1.04,1.51,1.5,1.16,1.12,2.19,1.0,1.06,5.14,1.46,1.63,1.0,1.16
19-4071.00,Forest and Conservation Technicians,agriculture|physical_manual_labor|nature_outdoors|accounting|animal_service|applied_arts_and_design|athletics|business_initiatives|construction_woodwork|creative_writing|culinary_art|engineering|finance|health_care_service|human_resources|humanities|information_technology|law|life_science|management_administration|marketing_advertising|mathematics_statistics|mechanics_electronics|media|medical_science|music|office_work|performing_arts|personal_service|physical_science|politics|professional_advising|protective_service|public_speaking|religious_activities|sales|social_science|social_service|teaching_education|transportation_machine_operation|visual_arts,0.0,3.0,0.0,0.0,0.0,0.0,0.0,0.0,0.0,0.0,0.0,0.0,0.0,0.0,0.0,0.0,0.0,0.0,0.0,0.0,0.0,0.0,0.0,0.0,1.0,0.0,0.0,0.0,2.0,0.0,0.0,0.0,0.0,0.0,0.0,0.0,0.0,0.0,0.0,0.0,0.0,1.41,4.2,1.54,1.0,1.17,1.18,1.7,1.0,1.0,2.07,1.13,1.03,1.75,1.16,2.01,1.91,3.43,2.49,1.1,2.09,2.49,1.14,1.33,1.0,6.59,1.52,1.0,1.37,5.02,2.04,1.44,1.33,3.25,1.96,1.0,1.14,1.49,1.33,2.41,2.81,1.07
19-4092.00,Forensic Science Technicians,protective_service|life_science|physical_science|accounting|agriculture|animal_service|applied_arts_and_design|athletics|business_initiatives|construction_woodwork|creative_writing|culinary_art|engineering|finance|health_care_service|human_resources|humanities|information_technology|law|management_administration|marketing_advertising|mathematics_statistics|mechanics_electronics|media|medical_science|music|nature_outdoors|office_work|performing_arts|personal_service|physical_manual_labor|politics|professional_advising|public_speaking|religious_activities|sales|social_science|social_service|teaching_education|transportation_machine_operation|visual_arts,0.0,0.0,0.0,0.0,0.0,0.0,0.0,0.0,0.0,0.0,0.0,0.0,0.0,0.0,0.0,0.0,2.0,0.0,0.0,0.0,0.0,0.0,0.0,0.0,0.0,0.0,0.0,0.0,0.0,1.0,0.0,0.0,3.0,0.0,0.0,0.0,0.0,0.0,0.0,0.0,0.0,1.61,1.0,1.05,1.19,1.0,1.01,1.15,1.21,1.0,2.4,1.07,1.66,1.25,1.28,2.53,3.38,4.39,1.53,1.05,3.3,2.55,1.33,3.17,1.02,1.24,1.92,1.06,1.06,2.29,4.98,1.26,1.16,4.14,2.68,1.0,1.02,1.9,1.1,1.78,1.43,1.42
19-4099.01,Quality Control Analysts,medical_science|mathematics_statistics|physical_science|accounting|agriculture|animal_service|applied_arts_and_design|athletics|business_initiatives|construction_woodwork|creative_writing|culinary_art|engineering|finance|health_care_service|human_resources|humanities|information_technology|law|life_science|management_administration|marketing_advertising|mechanics_electronics|media|music|nature_outdoors|office_work|performing_arts|personal_service|physical_manual_labor|politics|professional_advising|protective_service|public_speaking|religious_activities|sales|social_science|social_service|teaching_education|transportation_machine_operation|visual_arts,0.0,0.0,0.0,0.0,0.0,0.0,0.0,0.0,0.0,0.0,0.0,0.0,0.0,0.0,0.0,0.0,0.0,0.0,0.0,2.0,0.0,0.0,3.0,0.0,0.0,0.0,0.0,0.0,0.0,1.0,0.0,0.0,0.0,0.0,0.0,0.0,0.0,0.0,0.0,0.0,0.0,1.93,1.36,1.05,1.0,1.0,1.21,1.18,1.02,1.27,2.92,1.31,1.83,1.32,1.0,2.2,1.07,3.32,1.96,1.0,3.37,2.45,1.1,3.35,1.0,1.0,1.89,1.0,1.06,2.02,4.57,1.0,1.06,1.12,1.28,1.0,1.1,1.16,1.05,1.31,1.23,1.04
19-4099.03,Remote Sensing Technicians,physical_science|information_technology|engineering|accounting|agriculture|animal_service|applied_arts_and_design|athletics|business_initiatives|construction_woodwork|creative_writing|culinary_art|finance|health_care_service|human_resources|humanities|law|life_science|management_administration|marketing_advertising|mathematics_statistics|mechanics_electronics|media|medical_science|music|nature_outdoors|office_work|performing_arts|personal_service|physical_manual_labor|politics|professional_advising|protective_service|public_speaking|religious_activities|sales|social_science|social_service|teaching_education|transportation_machine_operation|visual_arts,0.0,0.0,0.0,0.0,0.0,0.0,0.0,0.0,0.0,1.0,0.0,0.0,0.0,0.0,2.0,0.0,0.0,0.0,0.0,0.0,0.0,0.0,0.0,0.0,0.0,0.0,0.0,0.0,0.0,3.0,0.0,0.0,0.0,0.0,0.0,0.0,0.0,0.0,0.0,0.0,0.0,1.31,1.89,1.0,1.27,1.0,1.16,1.0,1.14,1.0,4.75,1.0,1.1,1.07,1.25,4.51,1.07,1.89,1.44,1.13,3.52,3.65,1.35,1.42,1.0,3.13,2.09,1.0,1.18,1.42,3.69,1.17,1.09,1.59,1.45,1.0,1.08,1.46,1.05,1.19,2.04,1.66
19-5011.00,Occupational Health and Safety Specialists,health_care_service|physical_science|medical_science|accounting|agriculture|animal_service|applied_arts_and_design|athletics|business_initiatives|construction_woodwork|creative_writing|culinary_art|engineering|finance|human_resources|humanities|information_technology|law|life_science|management_administration|marketing_advertising|mathematics_statistics|mechanics_electronics|media|music|nature_outdoors|office_work|performing_arts|personal_service|physical_manual_labor|politics|professional_advising|protective_service|public_speaking|religious_activities|sales|social_science|social_service|teaching_education|transportation_machine_operation|visual_arts,0.0,0.0,0.0,0.0,0.0,0.0,0.0,0.0,0.0,0.0,0.0,3.0,0.0,0.0,0.0,0.0,0.0,0.0,0.0,0.0,0.0,0.0,1.0,0.0,0.0,0.0,0.0,0.0,0.0,2.0,0.0,0.0,0.0,0.0,0.0,0.0,0.0,0.0,0.0,0.0,0.0,1.79,1.47,1.38,1.1,1.17,1.42,2.4,1.14,1.04,3.09,1.25,3.4,2.29,1.19,1.95,3.16,2.93,2.83,1.15,3.02,2.73,1.27,3.75,1.0,1.54,2.31,1.02,1.4,1.76,3.73,1.65,2.15,2.98,3.24,1.0,1.18,2.18,1.86,2.68,2.04,1.13
19-5012.00,Occupational Health and Safety Technicians,engineering|medical_science|professional_advising|accounting|agriculture|animal_service|applied_arts_and_design|athletics|business_initiatives|construction_woodwork|creative_writing|culinary_art|finance|health_care_service|human_resources|humanities|information_technology|law|life_science|management_administration|marketing_advertising|mathematics_statistics|mechanics_electronics|media|music|nature_outdoors|office_work|performing_arts|personal_service|physical_science|physical_manual_labor|politics|protective_service|public_speaking|religious_activities|sales|social_science|social_service|teaching_education|transportation_machine_operation|visual_arts,0.0,0.0,0.0,0.0,0.0,0.0,0.0,0.0,0.0,3.0,0.0,0.0,0.0,0.0,0.0,0.0,0.0,0.0,0.0,0.0,0.0,0.0,2.0,0.0,0.0,0.0,0.0,0.0,0.0,0.0,0.0,1.0,0.0,0.0,0.0,0.0,0.0,0.0,0.0,0.0,0.0,1.75,1.49,1.2,1.0,1.09,1.4,2.67,1.07,1.04,3.02,1.23,2.41,2.11,1.19,1.98,2.76,2.11,2.62,1.13,2.57,2.79,1.12,3.06,1.0,1.62,2.12,1.0,1.43,2.05,2.77,1.44,3.46,2.79,2.82,1.0,1.18,2.05,1.73,2.68,1.94,1.0
21-1011.00,Substance Abuse and Behavioral Disorder Counselors,teaching_education|health_care_service|social_science|professional_advising|social_service|accounting|agriculture|animal_service|applied_arts_and_design|athletics|business_initiatives|construction_woodwork|creative_writing|culinary_art|engineering|finance|human_resources|humanities|information_technology|law|life_science|management_administration|marketing_advertising|mathematics_statistics|mechanics_electronics|media|medical_science|music|nature_outdoors|office_work|performing_arts|personal_service|physical_science|physical_manual_labor|politics|protective_service|public_speaking|religious_activities|sales|transportation_machine_operation|visual_arts,0.0,0.0,0.0,0.0,0.0,0.0,0.0,0.0,0.0,0.0,0.0,4.0,0.0,0.0,0.0,0.0,0.0,0.0,0.0,0.0,0.0,0.0,0.0,0.0,0.0,0.0,0.0,0.0,0.0,0.0,0.0,2.0,0.0,0.0,0.0,0.0,3.0,1.0,5.0,0.0,0.0,1.62,1.0,1.0,1.1,1.17,1.2,1.0,1.23,1.0,1.0,1.18,5.14,1.96,2.17,1.36,1.88,1.71,2.29,1.26,1.65,1.0,1.3,2.61,1.07,1.0,2.15,1.09,3.43,1.02,1.07,1.41,5.83,2.1,3.17,1.5,1.2,5.19,6.49,4.49,1.0,1.13
21-1012.00,"Educational, Guidance, and Career Counselors and Advisors",personal_service|public_speaking|teaching_education|social_service|professional_advising|accounting|agriculture|animal_service|applied_arts_and_design|athletics|business_initiatives|construction_woodwork|creative_writing|culinary_art|engineering|finance|health_care_service|human_resources|humanities|information_technology|law|life_science|management_administration|marketing_advertising|mathematics_statistics|mechanics_electronics|media|medical_science|music|nature_outdoors|office_work|performing_arts|physical_science|physical_manual_labor|politics|protective_service|religious_activities|sales|social_science|transportation_machine_operation|visual_arts,0.0,0.0,0.0,0.0,0.0,0.0,0.0,0.0,0.0,0.0,0.0,0.0,0.0,0.0,0.0,0.0,0.0,0.0,0.0,0.0,0.0,0.0,0.0,0.0,0.0,0.0,0.0,5.0,0.0,0.0,0.0,1.0,0.0,4.0,0.0,0.0,0.0,2.0,3.0,0.0,0.0,1.31,1.0,1.0,1.1,1.23,1.46,1.0,1.65,1.0,1.03,1.28,1.99,2.8,1.97,1.19,1.58,1.13,2.97,2.05,1.5,1.0,1.71,1.16,1.11,1.0,2.53,1.11,4.25,1.0,1.05,1.5,7.0,1.2,4.29,1.37,1.9,3.74,6.6,4.85,1.0,1.13
21-1013.00,Marriage and Family Therapists,health_care_service|professional_advising|social_science|social_service|accounting|agriculture|animal_service|applied_arts_and_design|athletics|business_initiatives|construction_woodwork|creative_writing|culinary_art|engineering|finance|human_resources|humanities|information_technology|law|life_science|management_administration|marketing_advertising|mathematics_statistics|mechanics_electronics|media|medical_science|music|nature_outdoors|office_work|performing_arts|personal_service|physical_science|physical_manual_labor|politics|protective_service|public_speaking|religious_activities|sales|teaching_education|transportation_machine_operation|visual_arts,0.0,0.0,0.0,0.0,0.0,0.0,0.0,0.0,0.0,0.0,0.0,4.0,0.0,0.0,0.0,0.0,0.0,0.0,0.0,0.0,0.0,0.0,0.0,0.0,0.0,0.0,0.0,0.0,0.0,0.0,0.0,3.0,0.0,0.0,0.0,0.0,2.0,1.0,0.0,0.0,0.0,1.2,1.0,1.0,1.21,1.0,1.14,1.0,1.51,1.0,1.0,1.07,4.67,1.71,2.79,1.13,1.99,1.29,1.78,1.29,1.42,1.0,1.35,1.94,1.07,1.0,1.69,1.24,3.14,1.0,1.0,1.32,5.72,1.2,2.48,1.5,1.12,6.06,6.83,2.95,1.0,1.18
21-1014.00,Mental Health Counselors,social_science|professional_advising|health_care_service|social_service|accounting|agriculture|animal_service|applied_arts_and_design|athletics|business_initiatives|construction_woodwork|creative_writing|culinary_art|engineering|finance|human_resources|humanities|information_technology|law|life_science|management_administration|marketing_advertising|mathematics_statistics|mechanics_electronics|media|medical_science|music|nature_outdoors|office_work|performing_arts|personal_service|physical_science|physical_manual_labor|politics|protective_service|public_speaking|religious_activities|sales|teaching_education|transportation_machine_operation|visual_arts,0.0,0.0,0.0,0.0,0.0,0.0,0.0,0.0,0.0,0.0,0.0,2.0,0.0,0.0,0.0,0.0,0.0,0.0,0.0,0.0,0.0,0.0,0.0,0.0,0.0,0.0,0.0,0.0,0.0,0.0,0.0,3.0,0.0,0.0,0.0,0.0,4.0,1.0,0.0,0.0,0.0,1.31,1.0,1.0,1.24,1.11,1.23,1.0,1.49,1.0,1.0,1.07,6.09,1.89,2.0,1.22,1.62,1.51,2.36,1.13,1.62,1.0,1.32,2.35,1.07,1.02,1.84,1.13,3.25,1.0,1.0,1.35,6.0,1.83,2.48,1.45,1.14,5.88,6.83,3.1,1.0,1.13
21-1015.00,Rehabilitation Counselors,health_care_service|professional_advising|social_service|accounting|agriculture|animal_service|applied_arts_and_design|athletics|business_initiatives|construction_woodwork|creative_writing|culinary_art|engineering|finance|human_resources|humanities|information_technology|law|life_science|management_administration|marketing_advertising|mathematics_statistics|mechanics_electronics|media|medical_science|music|nature_outdoors|office_work|performing_arts|personal_service|physical_science|physical_manual_labor|politics|protective_service|public_speaking|religious_activities|sales|social_science|teaching_education|transportation_machine_operation|visual_arts,0.0,0.0,0.0,0.0,0.0,0.0,0.0,0.0,0.0,0.0,0.0,3.0,0.0,0.0,0.0,0.0,0.0,0.0,0.0,0.0,0.0,0.0,0.0,0.0,0.0,0.0,0.0,0.0,0.0,0.0,0.0,2.0,0.0,0.0,0.0,0.0,0.0,1.0,0.0,0.0,0.0,1.44,1.0,1.07,1.21,1.35,1.4,1.0,1.23,1.0,1.03,1.07,4.07,2.8,1.77,1.36,1.88,1.43,2.39,1.26,1.36,1.03,1.14,2.06,1.02,1.09,2.4,1.09,3.72,1.12,1.03,1.47,6.24,1.23,2.28,1.15,1.43,3.59,6.6,3.16,1.1,1.13
21-1021.00,"Child, Family, and School Social Workers",professional_advising|social_science|social_service|accounting|agriculture|animal_service|applied_arts_and_design|athletics|business_initiatives|construction_woodwork|creative_writing|culinary_art|engineering|finance|health_care_service|human_resources|humanities|information_technology|law|life_science|management_administration|marketing_advertising|mathematics_statistics|mechanics_electronics|media|medical_science|music|nature_outdoors|office_work|performing_arts|personal_service|physical_science|physical_manual_labor|politics|protective_service|public_speaking|religious_activities|sales|teaching_education|transportation_machine_operation|visual_arts,0.0,0.0,0.0,0.0,0.0,0.0,0.0,0.0,0.0,0.0,0.0,0.0,0.0,0.0,0.0,0.0,0.0,0.0,0.0,0.0,0.0,0.0,0.0,0.0,0.0,0.0,0.0,0.0,0.0,0.0,0.0,3.0,0.0,0.0,0.0,0.0,2.0,1.0,0.0,0.0,0.0,1.31,1.0,1.0,1.19,1.17,1.14,1.0,1.36,1.0,1.0,1.15,3.04,1.89,2.07,1.16,3.24,1.18,2.19,1.15,1.34,1.0,1.2,1.72,1.14,1.09,2.31,1.09,2.96,1.04,1.0,1.96,5.02,2.79,2.82,1.25,1.14,5.31,6.94,3.35,1.1,1.13
21-1022.00,Healthcare Social Workers,health_care_service|social_science|professional_advising|social_service|accounting|agriculture|animal_service|applied_arts_and_design|athletics|business_initiatives|construction_woodwork|creative_writing|culinary_art|engineering|finance|human_resources|humanities|information_technology|law|life_science|management_administration|marketing_advertising|mathematics_statistics|mechanics_electronics|media|medical_science|music|nature_outdoors|office_work|performing_arts|personal_service|physical_science|physical_manual_labor|politics|protective_service|public_speaking|religious_activities|sales|teaching_education|transportation_machine_operation|visual_arts,0.0,0.0,0.0,0.0,0.0,0.0,0.0,0.0,0.0,0.0,0.0,4.0,0.0,0.0,0.0,0.0,0.0,0.0,0.0,0.0,0.0,0.0,0.0,0.0,0.0,0.0,0.0,0.0,0.0,0.0,0.0,2.0,0.0,0.0,0.0,0.0,3.0,1.0,0.0,0.0,0.0,1.24,1.0,1.0,1.08,1.09,1.33,1.0,1.21,1.08,1.0,1.18,5.61,1.71,2.34,1.13,1.77,2.08,2.59,1.29,1.45,1.0,1.22,2.51,1.04,1.0,1.84,1.09,3.32,1.12,1.05,2.28,5.77,1.24,2.65,1.13,1.22,5.66,6.71,3.64,1.03,1.09
21-1023.00,Mental Health and Substance Abuse Social Workers,professional_advising|health_care_service|social_science|social_service|accounting|agriculture|animal_service|applied_arts_and_design|athletics|business_initiatives|construction_woodwork|creative_writing|culinary_art|engineering|finance|human_resources|humanities|information_technology|law|life_science|management_administration|marketing_advertising|mathematics_statistics|mechanics_electronics|media|medical_science|music|nature_outdoors|office_work|performing_arts|personal_service|physical_science|physical_manual_labor|politics|protective_service|public_speaking|religious_activities|sales|teaching_education|transportation_machine_operation|visual_arts,0.0,0.0,0.0,0.0,0.0,0.0,0.0,0.0,0.0,0.0,0.0,3.0,0.0,0.0,0.0,0.0,0.0,0.0,0.0,0.0,0.0,0.0,0.0,0.0,0.0,0.0,0.0,0.0,0.0,0.0,0.0,4.0,0.0,0.0,0.0,0.0,2.0,1.0,0.0,0.0,0.0,1.17,1.0,1.0,1.13,1.09,1.14,1.0,1.36,1.0,1.0,1.07,5.81,1.79,2.27,1.16,1.55,1.77,2.29,1.23,1.56,1.0,1.3,2.61,1.07,1.04,1.81,1.11,3.21,1.0,1.02,1.59,5.77,1.75,2.55,1.52,1.14,5.93,6.83,3.64,1.03,1.13
21-1091.00,Health Education Specialists,social_science|public_speaking|health_care_service|teaching_education|professional_advising|social_service|accounting|agriculture|animal_service|applied_arts_and_design|athletics|business_initiatives|construction_woodwork|creative_writing|culinary_art|engineering|finance|human_resources|humanities|information_technology|law|life_science|management_administration|marketing_advertising|mathematics_statistics|mechanics_electronics|media|medical_science|music|nature_outdoors|office_work|performing_arts|personal_service|physical_science|physical_manual_labor|politics|protective_service|religious_activities|sales|transportation_machine_operation|visual_arts,0.0,0.0,0.0,0.0,0.0,0.0,0.0,0.0,0.0,0.0,0.0,4.0,0.0,0.0,0.0,0.0,0.0,0.0,0.0,0.0,0.0,0.0,0.0,0.0,0.0,0.0,0.0,0.0,0.0,0.0,0.0,2.0,0.0,5.0,0.0,0.0,6.0,1.0,3.0,0.0,0.0,1.89,1.03,1.05,1.38,1.41,1.89,1.0,1.62,1.23,1.03,1.58,4.98,2.69,1.97,1.86,1.44,3.5,3.99,2.56,2.61,1.06,2.6,3.24,1.14,1.15,2.96,1.18,2.79,1.02,1.37,2.19,5.17,1.23,4.97,1.2,1.52,4.77,6.05,5.09,1.0,1.37
21-1092.00,Probation Officers and Correctional Treatment Specialists,social_science|protective_service|professional_advising|social_service|accounting|agriculture|animal_service|applied_arts_and_design|athletics|business_initiatives|construction_woodwork|creative_writing|culinary_art|engineering|finance|health_care_service|human_resources|humanities|information_technology|law|life_science|management_administration|marketing_advertising|mathematics_statistics|mechanics_electronics|media|medical_science|music|nature_outdoors|office_work|performing_arts|personal_service|physical_science|physical_manual_labor|politics|public_speaking|religious_activities|sales|teaching_education|transportation_machine_operation|visual_arts,0.0,0.0,0.0,0.0,0.0,0.0,0.0,0.0,0.0,0.0,0.0,0.0,0.0,0.0,0.0,0.0,0.0,0.0,0.0,0.0,0.0,0.0,0.0,0.0,0.0,0.0,0.0,0.0,0.0,0.0,0.0,2.0,3.0,0.0,0.0,0.0,4.0,1.0,0.0,0.0,0.0,1.58,1.0,1.0,1.0,1.11,1.33,1.0,1.14,1.0,1.0,1.13,2.3,2.83,1.97,1.56,3.98,1.15,2.76,1.13,1.34,1.08,1.14,1.28,1.0,1.0,2.5,1.0,2.89,1.17,1.03,1.8,4.47,4.44,2.58,1.13,1.2,4.2,6.26,2.75,1.16,1.0
21-1093.00,Social and Human Service Assistants,social_science|professional_advising|social_service|accounting|agriculture|animal_service|applied_arts_and_design|athletics|business_initiatives|construction_woodwork|creative_writing|culinary_art|engineering|finance|health_care_service|human_resources|humanities|information_technology|law|life_science|management_administration|marketing_advertising|mathematics_statistics|mechanics_electronics|media|medical_science|music|nature_outdoors|office_work|performing_arts|personal_service|physical_science|physical_manual_labor|politics|protective_service|public_speaking|religious_activities|sales|teaching_education|transportation_machine_operation|visual_arts,0.0,0.0,0.0,0.0,0.0,0.0,0.0,0.0,0.0,0.0,0.0,0.0,0.0,0.0,0.0,0.0,0.0,0.0,0.0,0.0,0.0,0.0,0.0,0.0,0.0,0.0,0.0,0.0,0.0,0.0,0.0,2.0,0.0,0.0,0.0,0.0,3.0,1.0,0.0,0.0,0.0,1.55,1.0,1.07,1.08,1.06,1.35,1.0,1.16,1.12,1.0,1.23,3.62,2.58,1.84,1.42,1.84,1.29,2.29,1.32,1.28,1.0,1.17,1.51,1.07,1.04,2.99,1.09,3.69,1.12,1.0,1.68,4.38,1.4,2.41,1.45,1.38,3.97,6.49,2.68,1.06,1.07
21-1094.00,Community Health Workers,public_speaking|professional_advising|teaching_education|health_care_service|social_service|accounting|agriculture|animal_service|applied_arts_and_design|athletics|business_initiatives|construction_woodwork|creative_writing|culinary_art|engineering|finance|human_resources|humanities|information_technology|law|life_science|management_administration|marketing_advertising|mathematics_statistics|mechanics_electronics|media|medical_science|music|nature_outdoors|office_work|performing_arts|personal_service|physical_science|physical_manual_labor|politics|protective_service|religious_activities|sales|social_science|transportation_machine_operation|visual_arts,0.0,0.0,0.0,0.0,0.0,0.0,0.0,0.0,0.0,0.0,0.0,2.0,0.0,0.0,0.0,0.0,0.0,0.0,0.0,0.0,0.0,0.0,0.0,0.0,0.0,0.0,0.0,0.0,0.0,0.0,0.0,4.0,0.0,5.0,0.0,0.0,0.0,1.0,3.0,0.0,0.0,1.24,1.03,1.0,1.16,1.38,1.4,1.0,1.28,1.31,1.0,1.15,4.94,2.36,1.57,1.16,1.25,2.23,2.42,2.11,1.53,1.0,1.6,2.25,1.02,1.09,1.73,1.11,3.95,1.12,1.12,1.74,4.52,1.24,4.02,1.27,1.48,3.66,6.66,4.64,1.06,1.13
21-2011.00,Clergy,management_administration|personal_service|professional_advising|teaching_education|public_speaking|social_service|religious_activities|accounting|agriculture|animal_service|applied_arts_and_design|athletics|business_initiatives|construction_woodwork|creative_writing|culinary_art|engineering|finance|health_care_service|human_resources|humanities|information_technology|law|life_science|marketing_advertising|mathematics_statistics|mechanics_electronics|media|medical_science|music|nature_outdoors|office_work|performing_arts|physical_science|physical_manual_labor|politics|protective_service|sales|social_science|transportation_machine_operation|visual_arts,0.0,0.0,0.0,0.0,0.0,0.0,0.0,0.0,0.0,0.0,0.0,0.0,0.0,0.0,0.0,0.0,0.0,7.0,0.0,0.0,0.0,0.0,0.0,0.0,0.0,0.0,0.0,6.0,0.0,0.0,0.0,5.0,0.0,3.0,1.0,0.0,0.0,2.0,4.0,0.0,0.0,1.55,1.0,1.05,1.82,1.06,2.26,1.0,2.65,1.12,1.0,1.64,2.1,2.65,3.91,1.13,1.66,1.0,4.15,2.66,1.13,1.0,2.57,1.22,1.36,1.17,1.73,2.05,4.71,1.12,1.0,2.25,5.23,1.44,6.0,7.0,2.01,2.77,6.1,5.39,1.1,1.45
21-2021.00,"Directors, Religious Activities and Education",humanities|personal_service|public_speaking|management_administration|teaching_education|professional_advising|social_service|religious_activities|accounting|agriculture|animal_service|applied_arts_and_design|athletics|business_initiatives|construction_woodwork|creative_writing|culinary_art|engineering|finance|health_care_service|human_resources|information_technology|law|life_science|marketing_advertising|mathematics_statistics|mechanics_electronics|media|medical_science|music|nature_outdoors|office_work|performing_arts|physical_science|physical_manual_labor|politics|protective_service|sales|social_science|transportation_machine_operation|visual_arts,0.0,0.0,0.0,0.0,0.0,0.0,0.0,0.0,0.0,0.0,0.0,0.0,0.0,8.0,0.0,0.0,0.0,5.0,0.0,0.0,0.0,0.0,0.0,0.0,0.0,0.0,0.0,7.0,0.0,0.0,0.0,3.0,0.0,6.0,1.0,0.0,0.0,2.0,4.0,0.0,0.0,1.72,1.0,1.0,1.41,1.17,2.49,1.0,1.65,1.04,1.0,1.76,1.32,3.05,4.1,1.08,1.33,1.0,5.55,2.66,1.2,1.0,2.34,1.0,1.44,1.11,2.33,1.33,4.79,1.1,1.0,1.71,5.83,1.12,5.52,6.84,1.87,2.84,6.15,5.56,1.03,1.25
23-1011.00,Lawyers,politics|management_administration|public_speaking|law|accounting|agriculture|animal_service|applied_arts_and_design|athletics|business_initiatives|construction_woodwork|creative_writing|culinary_art|engineering|finance|health_care_service|human_resources|humanities|information_technology|life_science|marketing_advertising|mathematics_statistics|mechanics_electronics|media|medical_science|music|nature_outdoors|office_work|performing_arts|personal_service|physical_science|physical_manual_labor|professional_advising|protective_service|religious_activities|sales|social_science|social_service|teaching_education|transportation_machine_operation|visual_arts,0.0,0.0,0.0,0.0,0.0,0.0,0.0,0.0,0.0,0.0,0.0,0.0,0.0,0.0,0.0,1.0,0.0,3.0,0.0,0.0,0.0,0.0,0.0,0.0,0.0,0.0,0.0,0.0,0.0,0.0,4.0,0.0,0.0,2.0,0.0,0.0,0.0,0.0,0.0,0.0,0.0,2.63,1.0,1.05,1.16,1.0,2.72,1.0,1.46,1.0,1.09,2.64,1.29,2.07,2.44,1.98,6.89,1.24,4.38,1.9,1.91,1.03,1.71,1.39,1.0,1.11,2.0,1.17,2.07,1.0,1.1,4.09,3.03,2.14,5.31,1.13,2.01,2.53,2.11,2.12,1.0,1.13
23-1012.00,Judicial Law Clerks,office_work|law|accounting|agriculture|animal_service|applied_arts_and_design|athletics|business_initiatives|construction_woodwork|creative_writing|culinary_art|engineering|finance|health_care_service|human_resources|humanities|information_technology|life_science|management_administration|marketing_advertising|mathematics_statistics|mechanics_electronics|media|medical_science|music|nature_outdoors|performing_arts|personal_service|physical_science|physical_manual_labor|politics|professional_advising|protective_service|public_speaking|religious_activities|sales|social_science|social_service|teaching_education|transportation_machine_operation|visual_arts,0.0,0.0,0.0,0.0,0.0,0.0,0.0,0.0,0.0,0.0,0.0,0.0,0.0,0.0,0.0,1.0,0.0,0.0,0.0,0.0,0.0,0.0,0.0,0.0,0.0,2.0,0.0,0.0,0.0,0.0,0.0,0.0,0.0,0.0,0.0,0.0,0.0,0.0,0.0,0.0,0.0,1.79,1.0,1.0,1.03,1.0,1.25,1.0,1.28,1.0,1.0,1.47,1.0,1.6,2.31,1.22,6.51,1.0,2.49,1.03,1.5,1.0,1.14,1.0,1.0,1.0,4.37,1.0,1.27,1.0,1.03,2.09,1.58,1.55,1.84,1.0,1.06,2.24,1.37,1.51,1.0,1.0
23-1021.00,"Administrative Law Judges, Adjudicators, and Hearing Officers",public_speaking|management_administration|law|accounting|agriculture|animal_service|applied_arts_and_design|athletics|business_initiatives|construction_woodwork|creative_writing|culinary_art|engineering|finance|health_care_service|human_resources|humanities|information_technology|life_science|marketing_advertising|mathematics_statistics|mechanics_electronics|media|medical_science|music|nature_outdoors|office_work|performing_arts|personal_service|physical_science|physical_manual_labor|politics|professional_advising|protective_service|religious_activities|sales|social_science|social_service|teaching_education|transportation_machine_operation|visual_arts,0.0,0.0,0.0,0.0,0.0,0.0,0.0,0.0,0.0,0.0,0.0,0.0,0.0,0.0,0.0,1.0,0.0,2.0,0.0,0.0,0.0,0.0,0.0,0.0,0.0,0.0,0.0,0.0,0.0,0.0,0.0,0.0,0.0,3.0,0.0,0.0,0.0,0.0,0.0,0.0,0.0,2.28,1.01,1.07,1.0,1.0,1.42,1.0,1.36,1.0,1.0,1.88,1.83,1.82,1.8,1.24,6.78,1.29,4.38,1.13,1.56,1.0,1.2,1.6,1.0,1.06,3.07,1.11,1.65,1.0,1.02,2.48,1.33,1.71,4.14,1.0,1.12,2.47,2.0,1.51,1.0,1.0
23-1022.00,"Arbitrators, Mediators, and Conciliators",management_administration|professional_advising|law|accounting|agriculture|animal_service|applied_arts_and_design|athletics|business_initiatives|construction_woodwork|creative_writing|culinary_art|engineering|finance|health_care_service|human_resources|humanities|information_technology|life_science|marketing_advertising|mathematics_statistics|mechanics_electronics|media|medical_science|music|nature_outdoors|office_work|performing_arts|personal_service|physical_science|physical_manual_labor|politics|protective_service|public_speaking|religious_activities|sales|social_science|social_service|teaching_education|transportation_machine_operation|visual_arts,0.0,0.0,0.0,0.0,0.0,0.0,0.0,0.0,0.0,0.0,0.0,0.0,0.0,0.0,0.0,1.0,0.0,3.0,0.0,0.0,0.0,0.0,0.0,0.0,0.0,0.0,0.0,0.0,0.0,0.0,0.0,2.0,0.0,0.0,0.0,0.0,0.0,0.0,0.0,0.0,0.0,1.72,1.0,1.0,1.08,1.03,1.68,1.0,1.43,1.0,1.0,1.62,1.19,3.46,2.2,1.16,5.87,1.0,3.54,1.26,1.42,1.0,1.27,1.03,1.0,1.0,2.84,1.11,2.04,1.0,1.0,2.06,3.62,1.67,3.49,1.06,1.58,3.41,3.21,2.12,1.0,1.0
23-1023.00,"Judges, Magistrate Judges, and Magistrates",management_administration|public_speaking|law|accounting|agriculture|animal_service|applied_arts_and_design|athletics|business_initiatives|construction_woodwork|creative_writing|culinary_art|engineering|finance|health_care_service|human_resources|humanities|information_technology|life_science|marketing_advertising|mathematics_statistics|mechanics_electronics|media|medical_science|music|nature_outdoors|office_work|performing_arts|personal_service|physical_science|physical_manual_labor|politics|professional_advising|protective_service|religious_activities|sales|social_science|social_service|teaching_education|transportation_machine_operation|visual_arts,0.0,0.0,0.0,0.0,0.0,0.0,0.0,0.0,0.0,0.0,0.0,0.0,0.0,0.0,0.0,1.0,0.0,3.0,0.0,0.0,0.0,0.0,0.0,0.0,0.0,0.0,0.0,0.0,0.0,0.0,0.0,0.0,0.0,2.0,0.0,0.0,0.0,0.0,0.0,0.0,0.0,1.55,1.0,1.0,1.0,1.0,1.46,1.0,1.38,1.0,1.0,1.73,1.19,2.32,2.24,1.27,6.85,1.05,4.69,1.15,1.56,1.0,1.25,1.11,1.0,1.0,1.87,1.15,1.91,1.0,1.02,2.42,1.97,2.98,5.1,1.18,1.12,3.08,2.45,2.68,1.0,1.0
23-2011.00,Paralegals and Legal Assistants,office_work|law|accounting|agriculture|animal_service|applied_arts_and_design|athletics|business_initiatives|construction_woodwork|creative_writing|culinary_art|engineering|finance|health_care_service|human_resources|humanities|information_technology|life_science|management_administration|marketing_advertising|mathematics_statistics|mechanics_electronics|media|medical_science|music|nature_outdoors|performing_arts|personal_service|physical_science|physical_manual_labor|politics|professional_advising|protective_service|public_speaking|religious_activities|sales|social_science|social_service|teaching_education|transportation_machine_operation|visual_arts,0.0,0.0,0.0,0.0,0.0,0.0,0.0,0.0,0.0,0.0,0.0,0.0,0.0,0.0,0.0,1.0,0.0,0.0,0.0,0.0,0.0,0.0,0.0,0.0,0.0,2.0,0.0,0.0,0.0,0.0,0.0,0.0,0.0,0.0,0.0,0.0,0.0,0.0,0.0,0.0,0.0,2.1,1.0,1.0,1.1,1.0,1.49,1.0,1.33,1.0,1.03,1.59,1.16,1.86,1.9,1.44,6.66,1.08,2.52,1.13,1.67,1.06,1.22,1.08,1.0,1.0,5.68,1.04,1.75,1.06,1.03,1.96,1.54,1.94,1.84,1.02,1.31,2.12,1.58,1.45,1.0,1.11
23-2093.00,"Title Examiners, Abstractors, and Searchers",law|office_work|accounting|agriculture|animal_service|applied_arts_and_design|athletics|business_initiatives|construction_woodwork|creative_writing|culinary_art|engineering|finance|health_care_service|human_resources|humanities|information_technology|life_science|management_administration|marketing_advertising|mathematics_statistics|mechanics_electronics|media|medical_science|music|nature_outdoors|performing_arts|personal_service|physical_science|physical_manual_labor|politics|professional_advising|protective_service|public_speaking|religious_activities|sales|social_science|social_service|teaching_education|transportation_machine_operation|visual_arts,0.0,0.0,0.0,0.0,0.0,0.0,0.0,0.0,0.0,0.0,0.0,0.0,0.0,0.0,0.0,2.0,0.0,0.0,0.0,0.0,0.0,0.0,0.0,0.0,0.0,1.0,0.0,0.0,0.0,0.0,0.0,0.0,0.0,0.0,0.0,0.0,0.0,0.0,0.0,0.0,0.0,2.39,1.0,1.0,1.0,1.0,1.35,1.0,1.04,1.0,1.09,2.57,1.0,1.35,1.28,1.74,4.13,1.0,1.93,1.05,1.31,1.06,1.02,1.0,1.0,1.0,5.85,1.0,1.46,1.04,1.0,1.17,1.13,1.23,1.25,1.0,1.27,1.26,1.1,1.22,1.0,1.0
25-1011.00,"Business Teachers, Postsecondary",social_science|professional_advising|public_speaking|teaching_education|accounting|agriculture|animal_service|applied_arts_and_design|athletics|business_initiatives|construction_woodwork|creative_writing|culinary_art|engineering|finance|health_care_service|human_resources|humanities|information_technology|law|life_science|management_administration|marketing_advertising|mathematics_statistics|mechanics_electronics|media|medical_science|music|nature_outdoors|office_work|performing_arts|personal_service|physical_science|physical_manual_labor|politics|protective_service|religious_activities|sales|social_service|transportation_machine_operation|visual_arts,0.0,0.0,0.0,0.0,0.0,0.0,0.0,0.0,0.0,0.0,0.0,0.0,0.0,0.0,0.0,0.0,0.0,0.0,0.0,0.0,0.0,0.0,0.0,0.0,0.0,0.0,0.0,0.0,0.0,0.0,0.0,3.0,0.0,2.0,0.0,0.0,4.0,0.0,1.0,0.0,0.0,3.5,1.0,1.0,1.24,1.03,2.33,1.0,1.87,1.04,1.17,3.16,1.23,3.31,1.77,2.14,1.91,1.1,2.93,2.63,3.02,1.14,2.22,1.11,1.0,1.0,1.45,1.22,2.07,1.0,1.16,1.9,4.97,1.04,5.91,1.02,1.55,4.24,2.78,6.77,1.0,1.16
25-1021.00,"Computer Science Teachers, Postsecondary",professional_advising|information_technology|mathematics_statistics|public_speaking|teaching_education|accounting|agriculture|animal_service|applied_arts_and_design|athletics|business_initiatives|construction_woodwork|creative_writing|culinary_art|engineering|finance|health_care_service|human_resources|humanities|law|life_science|management_administration|marketing_advertising|mechanics_electronics|media|medical_science|music|nature_outdoors|office_work|performing_arts|personal_service|physical_science|physical_manual_labor|politics|protective_service|religious_activities|sales|social_science|social_service|transportation_machine_operation|visual_arts,0.0,0.0,0.0,0.0,0.0,0.0,0.0,0.0,0.0,0.0,0.0,0.0,0.0,0.0,4.0,0.0,0.0,0.0,0.0,3.0,0.0,0.0,0.0,0.0,0.0,0.0,0.0,0.0,0.0,0.0,0.0,5.0,0.0,2.0,0.0,0.0,0.0,0.0,1.0,0.0,0.0,1.76,1.0,1.0,1.52,1.0,1.35,1.0,1.54,1.0,2.92,1.34,1.16,2.4,1.84,4.71,1.32,1.23,2.42,1.35,4.78,1.81,1.88,1.42,1.02,1.0,2.21,1.13,2.04,1.06,2.25,1.43,4.67,1.12,5.31,1.0,1.14,2.31,2.65,6.59,1.0,1.37
25-1022.00,"Mathematical Science Teachers, Postsecondary",professional_advising|public_speaking|mathematics_statistics|teaching_education|accounting|agriculture|animal_service|applied_arts_and_design|athletics|business_initiatives|construction_woodwork|creative_writing|culinary_art|engineering|finance|health_care_service|human_resources|humanities|information_technology|law|life_science|management_administration|marketing_advertising|mechanics_electronics|media|medical_science|music|nature_outdoors|office_work|performing_arts|personal_service|physical_science|physical_manual_labor|politics|protective_service|religious_activities|sales|social_science|social_service|transportation_machine_operation|visual_arts,0.0,0.0,0.0,0.0,0.0,0.0,0.0,0.0,0.0,0.0,0.0,0.0,0.0,0.0,0.0,0.0,0.0,0.0,0.0,2.0,0.0,0.0,0.0,0.0,0.0,0.0,0.0,0.0,0.0,0.0,0.0,4.0,0.0,3.0,0.0,0.0,0.0,0.0,1.0,0.0,0.0,1.83,1.0,1.0,1.19,1.0,1.12,1.0,1.41,1.0,1.6,1.36,1.03,2.22,1.57,2.33,1.0,1.31,2.16,1.13,5.91,1.14,1.49,1.45,1.02,1.0,2.09,1.15,1.88,1.02,1.9,1.23,4.33,1.0,4.89,1.02,1.06,2.12,2.65,6.77,1.0,1.09
25-1031.00,"Architecture Teachers, Postsecondary",applied_arts_and_design|professional_advising|public_speaking|teaching_education|accounting|agriculture|animal_service|athletics|business_initiatives|construction_woodwork|creative_writing|culinary_art|engineering|finance|health_care_service|human_resources|humanities|information_technology|law|life_science|management_administration|marketing_advertising|mathematics_statistics|mechanics_electronics|media|medical_science|music|nature_outdoors|office_work|performing_arts|personal_service|physical_science|physical_manual_labor|politics|protective_service|religious_activities|sales|social_science|social_service|transportation_machine_operation|visual_arts,0.0,0.0,0.0,4.0,0.0,0.0,0.0,0.0,0.0,0.0,0.0,0.0,0.0,0.0,0.0,0.0,0.0,0.0,0.0,0.0,0.0,0.0,0.0,0.0,0.0,0.0,0.0,0.0,0.0,0.0,0.0,3.0,0.0,2.0,0.0,0.0,0.0,0.0,1.0,0.0,0.0,1.17,1.01,1.0,4.61,1.0,1.31,1.73,1.9,1.15,3.23,1.23,1.03,2.32,3.5,1.89,1.44,1.26,2.35,1.48,2.28,1.41,1.97,1.22,1.07,1.39,1.52,1.49,1.88,1.12,2.07,1.47,4.81,1.16,5.27,1.02,1.16,2.8,2.58,6.68,1.0,3.7
25-1032.00,"Engineering Teachers, Postsecondary",professional_advising|public_speaking|physical_science|mathematics_statistics|engineering|teaching_education|accounting|agriculture|animal_service|applied_arts_and_design|athletics|business_initiatives|construction_woodwork|creative_writing|culinary_art|finance|health_care_service|human_resources|humanities|information_technology|law|life_science|management_administration|marketing_advertising|mechanics_electronics|media|medical_science|music|nature_outdoors|office_work|performing_arts|personal_service|physical_manual_labor|politics|protective_service|religious_activities|sales|social_science|social_service|transportation_machine_operation|visual_arts,0.0,0.0,0.0,0.0,0.0,0.0,0.0,0.0,0.0,2.0,0.0,0.0,0.0,0.0,0.0,0.0,0.0,0.0,0.0,3.0,0.0,0.0,0.0,0.0,0.0,0.0,0.0,0.0,0.0,4.0,0.0,6.0,0.0,5.0,0.0,0.0,0.0,0.0,1.0,0.0,0.0,1.44,1.09,1.02,1.58,1.06,1.33,1.63,1.56,1.0,5.36,1.23,1.23,2.4,1.64,3.15,1.22,1.74,2.73,1.23,4.99,3.47,1.68,1.69,1.0,1.17,1.45,1.11,1.65,1.17,4.93,1.38,4.42,1.08,4.61,1.0,1.1,1.96,2.48,6.63,1.19,1.32
25-1041.00,"Agricultural Sciences Teachers, Postsecondary",professional_advising|public_speaking|life_science|teaching_education|accounting|agriculture|animal_service|applied_arts_and_design|athletics|business_initiatives|construction_woodwork|creative_writing|culinary_art|engineering|finance|health_care_service|human_resources|humanities|information_technology|law|management_administration|marketing_advertising|mathematics_statistics|mechanics_electronics|media|medical_science|music|nature_outdoors|office_work|performing_arts|personal_service|physical_science|physical_manual_labor|politics|protective_service|religious_activities|sales|social_science|social_service|transportation_machine_operation|visual_arts,0.0,0.0,0.0,0.0,0.0,0.0,0.0,0.0,0.0,0.0,0.0,0.0,0.0,0.0,0.0,0.0,2.0,0.0,0.0,0.0,0.0,0.0,0.0,0.0,0.0,0.0,0.0,0.0,0.0,0.0,0.0,4.0,0.0,3.0,0.0,0.0,0.0,0.0,1.0,0.0,0.0,1.41,3.31,1.8,1.24,1.17,1.31,1.18,1.59,1.74,1.63,1.25,1.33,2.25,2.17,1.8,1.47,5.56,2.76,1.37,3.37,1.53,1.82,2.25,1.0,3.34,1.35,1.11,1.68,1.38,3.69,1.87,4.77,1.12,4.85,1.02,1.12,2.7,2.58,6.68,1.26,1.16
25-1042.00,"Biological Science Teachers, Postsecondary",professional_advising|medical_science|public_speaking|life_science|teaching_education|accounting|agriculture|animal_service|applied_arts_and_design|athletics|business_initiatives|construction_woodwork|creative_writing|culinary_art|engineering|finance|health_care_service|human_resources|humanities|information_technology|law|management_administration|marketing_advertising|mathematics_statistics|mechanics_electronics|media|music|nature_outdoors|office_work|performing_arts|personal_service|physical_science|physical_manual_labor|politics|protective_service|religious_activities|sales|social_science|social_service|transportation_machine_operation|visual_arts,0.0,0.0,0.0,0.0,0.0,0.0,0.0,0.0,0.0,0.0,0.0,0.0,0.0,0.0,0.0,0.0,2.0,0.0,0.0,0.0,0.0,0.0,4.0,0.0,0.0,0.0,0.0,0.0,0.0,0.0,0.0,5.0,0.0,3.0,0.0,0.0,0.0,0.0,1.0,0.0,0.0,1.34,1.66,1.6,1.27,1.11,1.23,1.0,1.73,1.12,1.66,1.07,2.34,1.68,1.97,1.98,1.14,5.87,2.26,1.29,3.67,1.5,2.03,4.61,1.04,2.32,1.71,1.17,1.88,1.33,2.31,1.29,4.47,1.08,5.26,1.02,1.12,2.21,2.82,6.68,1.06,1.3
25-1043.00,"Forestry and Conservation Science Teachers, Postsecondary",professional_advising|public_speaking|life_science|teaching_education|accounting|agriculture|animal_service|applied_arts_and_design|athletics|business_initiatives|construction_woodwork|creative_writing|culinary_art|engineering|finance|health_care_service|human_resources|humanities|information_technology|law|management_administration|marketing_advertising|mathematics_statistics|mechanics_electronics|media|medical_science|music|nature_outdoors|office_work|performing_arts|personal_service|physical_science|physical_manual_labor|politics|protective_service|religious_activities|sales|social_science|social_service|transportation_machine_operation|visual_arts,0.0,0.0,0.0,0.0,0.0,0.0,0.0,0.0,0.0,0.0,0.0,0.0,0.0,0.0,0.0,0.0,2.0,0.0,0.0,0.0,0.0,0.0,0.0,0.0,0.0,0.0,0.0,0.0,0.0,0.0,0.0,4.0,0.0,3.0,0.0,0.0,0.0,0.0,1.0,0.0,0.0,1.41,2.9,1.27,1.24,1.14,1.35,1.31,1.62,1.0,1.79,1.23,1.16,2.11,1.67,1.71,1.29,5.26,2.42,1.23,3.09,1.38,1.79,1.84,1.0,3.72,1.57,1.07,1.75,1.38,3.04,2.02,4.57,1.28,4.61,1.0,1.1,3.67,2.82,6.63,1.19,1.16
25-1051.00,"Atmospheric, Earth, Marine, and Space Sciences Teachers, Postsecondary",professional_advising|mathematics_statistics|public_speaking|physical_science|teaching_education|accounting|agriculture|animal_service|applied_arts_and_design|athletics|business_initiatives|construction_woodwork|creative_writing|culinary_art|engineering|finance|health_care_service|human_resources|humanities|information_technology|law|life_science|management_administration|marketing_advertising|mechanics_electronics|media|medical_science|music|nature_outdoors|office_work|performing_arts|personal_service|physical_manual_labor|politics|protective_service|religious_activities|sales|social_science|social_service|transportation_machine_operation|visual_arts,0.0,0.0,0.0,0.0,0.0,0.0,0.0,0.0,0.0,0.0,0.0,0.0,0.0,0.0,0.0,0.0,0.0,0.0,0.0,4.0,0.0,0.0,0.0,0.0,0.0,0.0,0.0,0.0,0.0,2.0,0.0,5.0,0.0,3.0,0.0,0.0,0.0,0.0,1.0,0.0,0.0,1.3,1.16,1.12,1.13,1.06,1.16,1.09,1.56,1.0,2.64,1.13,1.29,1.93,1.64,2.08,1.18,2.46,2.39,1.18,4.66,1.44,1.6,1.54,1.0,2.35,1.69,1.15,1.75,1.26,5.46,1.41,4.52,1.12,5.35,1.0,1.08,2.18,2.86,6.72,1.19,1.3
25-1052.00,"Chemistry Teachers, Postsecondary",life_science|public_speaking|physical_science|teaching_education|accounting|agriculture|animal_service|applied_arts_and_design|athletics|business_initiatives|construction_woodwork|creative_writing|culinary_art|engineering|finance|health_care_service|human_resources|humanities|information_technology|law|management_administration|marketing_advertising|mathematics_statistics|mechanics_electronics|media|medical_science|music|nature_outdoors|office_work|performing_arts|personal_service|physical_manual_labor|politics|professional_advising|protective_service|religious_activities|sales|social_science|social_service|transportation_machine_operation|visual_arts,0.0,0.0,0.0,0.0,0.0,0.0,0.0,0.0,0.0,0.0,0.0,0.0,0.0,0.0,0.0,0.0,4.0,0.0,0.0,0.0,0.0,0.0,0.0,0.0,0.0,0.0,0.0,0.0,0.0,2.0,0.0,0.0,0.0,3.0,0.0,0.0,0.0,0.0,1.0,0.0,0.0,1.37,1.04,1.05,1.21,1.0,1.16,1.09,1.38,1.19,2.54,1.18,1.72,1.82,1.61,2.05,1.11,4.23,2.35,1.23,3.52,1.93,1.43,2.38,1.0,1.2,1.74,1.13,1.68,1.63,5.76,1.38,3.5,1.36,4.25,1.0,1.08,2.12,2.82,6.54,1.1,1.13
25-1053.00,"Environmental Science Teachers, Postsecondary",social_science|mathematics_statistics|physical_science|professional_advising|public_speaking|life_science|teaching_education|accounting|agriculture|animal_service|applied_arts_and_design|athletics|business_initiatives|construction_woodwork|creative_writing|culinary_art|engineering|finance|health_care_service|human_resources|humanities|information_technology|law|management_administration|marketing_advertising|mechanics_electronics|media|medical_science|music|nature_outdoors|office_work|performing_arts|personal_service|physical_manual_labor|politics|protective_service|religious_activities|sales|social_service|transportation_machine_operation|visual_arts,0.0,0.0,0.0,0.0,0.0,0.0,0.0,0.0,0.0,0.0,0.0,0.0,0.0,0.0,0.0,0.0,2.0,0.0,0.0,6.0,0.0,0.0,0.0,0.0,0.0,0.0,0.0,0.0,0.0,5.0,0.0,4.0,0.0,3.0,0.0,0.0,7.0,0.0,1.0,0.0,0.0,1.3,1.92,1.25,1.29,1.09,1.31,1.06,1.76,1.0,2.3,1.23,1.52,2.07,2.04,2.08,1.4,5.48,2.46,1.29,4.21,1.44,1.94,2.48,1.0,2.74,1.71,1.13,1.65,1.19,4.61,1.87,4.77,1.12,4.89,1.0,1.12,4.12,2.96,6.77,1.1,1.3
25-1054.00,"Physics Teachers, Postsecondary",professional_advising|mathematics_statistics|public_speaking|physical_science|teaching_education|accounting|agriculture|animal_service|applied_arts_and_design|athletics|business_initiatives|construction_woodwork|creative_writing|culinary_art|engineering|finance|health_care_service|human_resources|humanities|information_technology|law|life_science|management_administration|marketing_advertising|mechanics_electronics|media|medical_science|music|nature_outdoors|office_work|performing_arts|personal_service|physical_manual_labor|politics|protective_service|religious_activities|sales|social_science|social_service|transportation_machine_operation|visual_arts,0.0,0.0,0.0,0.0,0.0,0.0,0.0,0.0,0.0,0.0,0.0,0.0,0.0,0.0,0.0,0.0,0.0,0.0,0.0,4.0,0.0,0.0,0.0,0.0,0.0,0.0,0.0,0.0,0.0,2.0,0.0,5.0,0.0,3.0,0.0,0.0,0.0,0.0,1.0,0.0,0.0,1.37,1.01,1.0,1.24,1.0,1.2,1.06,1.49,1.0,2.78,1.23,1.19,1.86,1.64,2.5,1.14,1.63,2.32,1.23,5.16,2.03,1.74,1.51,1.04,1.09,1.59,1.15,1.65,1.15,5.66,1.29,4.33,1.04,5.18,1.0,1.12,1.93,2.49,6.68,1.06,1.23
25-1061.00,"Anthropology and Archeology Teachers, Postsecondary",professional_advising|public_speaking|humanities|social_science|teaching_education|accounting|agriculture|animal_service|applied_arts_and_design|athletics|business_initiatives|construction_woodwork|creative_writing|culinary_art|engineering|finance|health_care_service|human_resources|information_technology|law|life_science|management_administration|marketing_advertising|mathematics_statistics|mechanics_electronics|media|medical_science|music|nature_outdoors|office_work|performing_arts|personal_service|physical_science|physical_manual_labor|politics|protective_service|religious_activities|sales|social_service|transportation_machine_operation|visual_arts,0.0,0.0,0.0,0.0,0.0,0.0,0.0,0.0,0.0,0.0,0.0,0.0,0.0,3.0,0.0,0.0,0.0,0.0,0.0,0.0,0.0,0.0,0.0,0.0,0.0,0.0,0.0,0.0,0.0,0.0,0.0,5.0,0.0,4.0,0.0,0.0,2.0,0.0,1.0,0.0,0.0,1.2,1.09,1.1,1.32,1.09,1.14,1.09,2.17,1.12,1.17,1.1,1.26,2.07,6.53,1.19,1.25,2.46,2.59,1.32,2.35,1.17,2.0,1.63,1.11,1.44,1.5,1.28,1.68,1.21,2.01,1.68,4.62,1.2,5.44,1.27,1.12,6.62,2.72,6.68,1.1,1.43
25-1062.00,"Area, Ethnic, and Cultural Studies Teachers, Postsecondary",professional_advising|public_speaking|social_science|teaching_education|humanities|accounting|agriculture|animal_service|applied_arts_and_design|athletics|business_initiatives|construction_woodwork|creative_writing|culinary_art|engineering|finance|health_care_service|human_resources|information_technology|law|life_science|management_administration|marketing_advertising|mathematics_statistics|mechanics_electronics|media|medical_science|music|nature_outdoors|office_work|performing_arts|personal_service|physical_science|physical_manual_labor|politics|protective_service|religious_activities|sales|social_service|transportation_machine_operation|visual_arts,0.0,0.0,0.0,0.0,0.0,0.0,0.0,0.0,0.0,0.0,0.0,0.0,0.0,1.0,0.0,0.0,0.0,0.0,0.0,0.0,0.0,0.0,0.0,0.0,0.0,0.0,0.0,0.0,0.0,0.0,0.0,5.0,0.0,4.0,0.0,0.0,3.0,0.0,2.0,0.0,0.0,1.2,1.0,1.0,1.67,1.03,1.25,1.0,2.55,1.23,1.0,1.1,1.26,2.04,6.87,1.56,1.44,1.21,2.62,1.51,1.91,1.03,2.34,1.16,1.23,1.11,1.37,1.42,1.78,1.0,1.16,2.82,4.67,1.2,5.78,1.63,1.12,6.62,3.93,6.81,1.0,1.55
25-1063.00,"Economics Teachers, Postsecondary",professional_advising|mathematics_statistics|public_speaking|social_science|teaching_education|accounting|agriculture|animal_service|applied_arts_and_design|athletics|business_initiatives|construction_woodwork|creative_writing|culinary_art|engineering|finance|health_care_service|human_resources|humanities|information_technology|law|life_science|management_administration|marketing_advertising|mechanics_electronics|media|medical_science|music|nature_outdoors|office_work|performing_arts|personal_service|physical_science|physical_manual_labor|politics|protective_service|religious_activities|sales|social_service|transportation_machine_operation|visual_arts,0.0,0.0,0.0,0.0,0.0,0.0,0.0,0.0,0.0,0.0,0.0,0.0,0.0,0.0,0.0,0.0,0.0,0.0,0.0,4.0,0.0,0.0,0.0,0.0,0.0,0.0,0.0,0.0,0.0,0.0,0.0,5.0,0.0,3.0,0.0,0.0,2.0,0.0,1.0,0.0,0.0,2.39,1.04,1.0,1.16,1.0,1.7,1.0,1.56,1.0,1.17,2.57,1.06,2.25,2.72,1.44,1.55,1.15,2.69,1.26,5.03,1.0,1.71,1.19,1.02,1.0,1.74,1.2,1.81,1.0,1.44,2.55,4.29,1.04,5.61,1.02,1.22,6.34,2.55,6.68,1.0,1.13
25-1064.00,"Geography Teachers, Postsecondary",professional_advising|humanities|public_speaking|social_science|teaching_education|accounting|agriculture|animal_service|applied_arts_and_design|athletics|business_initiatives|construction_woodwork|creative_writing|culinary_art|engineering|finance|health_care_service|human_resources|information_technology|law|life_science|management_administration|marketing_advertising|mathematics_statistics|mechanics_electronics|media|medical_science|music|nature_outdoors|office_work|performing_arts|personal_service|physical_science|physical_manual_labor|politics|protective_service|religious_activities|sales|social_service|transportation_machine_operation|visual_arts,0.0,0.0,0.0,0.0,0.0,0.0,0.0,0.0,0.0,0.0,0.0,0.0,0.0,4.0,0.0,0.0,0.0,0.0,0.0,0.0,0.0,0.0,0.0,0.0,0.0,0.0,0.0,0.0,0.0,0.0,0.0,5.0,0.0,3.0,0.0,0.0,2.0,0.0,1.0,0.0,0.0,1.2,1.2,1.0,1.32,1.0,1.16,1.0,1.99,1.0,1.51,1.15,1.13,2.0,4.64,2.3,1.22,1.89,2.35,1.29,3.41,1.2,1.82,1.51,1.02,2.07,1.47,1.22,1.81,1.12,3.23,1.99,4.19,1.04,5.52,1.02,1.12,5.88,2.86,6.86,1.03,1.53
25-1065.00,"Political Science Teachers, Postsecondary",politics|professional_advising|humanities|public_speaking|social_science|teaching_education|accounting|agriculture|animal_service|applied_arts_and_design|athletics|business_initiatives|construction_woodwork|creative_writing|culinary_art|engineering|finance|health_care_service|human_resources|information_technology|law|life_science|management_administration|marketing_advertising|mathematics_statistics|mechanics_electronics|media|medical_science|music|nature_outdoors|office_work|performing_arts|personal_service|physical_science|physical_manual_labor|protective_service|religious_activities|sales|social_service|transportation_machine_operation|visual_arts,0.0,0.0,0.0,0.0,0.0,0.0,0.0,0.0,0.0,0.0,0.0,0.0,0.0,4.0,0.0,0.0,0.0,0.0,0.0,0.0,0.0,0.0,0.0,0.0,0.0,0.0,0.0,0.0,0.0,0.0,6.0,5.0,0.0,3.0,0.0,0.0,2.0,0.0,1.0,0.0,0.0,1.17,1.0,1.0,1.24,1.0,1.38,1.0,2.26,1.0,1.03,1.28,1.03,1.96,5.46,1.16,2.61,1.1,2.76,1.4,2.28,1.0,1.77,1.14,1.04,1.0,1.43,1.22,1.75,1.02,1.14,4.21,4.67,1.39,6.04,1.23,1.08,6.72,2.96,6.77,1.0,1.3
25-1066.00,"Psychology Teachers, Postsecondary",professional_advising|social_service|public_speaking|social_science|teaching_education|accounting|agriculture|animal_service|applied_arts_and_design|athletics|business_initiatives|construction_woodwork|creative_writing|culinary_art|engineering|finance|health_care_service|human_resources|humanities|information_technology|law|life_science|management_administration|marketing_advertising|mathematics_statistics|mechanics_electronics|media|medical_science|music|nature_outdoors|office_work|performing_arts|personal_service|physical_science|physical_manual_labor|politics|protective_service|religious_activities|sales|transportation_machine_operation|visual_arts,0.0,0.0,0.0,0.0,0.0,0.0,0.0,0.0,0.0,0.0,0.0,0.0,0.0,0.0,0.0,0.0,0.0,0.0,0.0,0.0,0.0,0.0,0.0,0.0,0.0,0.0,0.0,0.0,0.0,0.0,0.0,5.0,0.0,3.0,0.0,0.0,2.0,4.0,1.0,0.0,0.0,1.27,1.0,1.07,1.41,1.11,1.31,1.0,2.35,1.0,1.12,1.07,2.37,2.65,3.15,1.77,1.18,2.07,2.69,1.4,3.09,1.11,2.03,2.22,1.11,1.02,1.5,1.39,2.01,1.0,1.35,1.59,4.47,1.12,5.65,1.15,1.12,6.57,4.67,6.81,1.0,1.37
25-1067.00,"Sociology Teachers, Postsecondary",professional_advising|humanities|public_speaking|social_science|teaching_education|accounting|agriculture|animal_service|applied_arts_and_design|athletics|business_initiatives|construction_woodwork|creative_writing|culinary_art|engineering|finance|health_care_service|human_resources|information_technology|law|life_science|management_administration|marketing_advertising|mathematics_statistics|mechanics_electronics|media|medical_science|music|nature_outdoors|office_work|performing_arts|personal_service|physical_science|physical_manual_labor|politics|protective_service|religious_activities|sales|social_service|transportation_machine_operation|visual_arts,0.0,0.0,0.0,0.0,0.0,0.0,0.0,0.0,0.0,0.0,0.0,0.0,0.0,4.0,0.0,0.0,0.0,0.0,0.0,0.0,0.0,0.0,0.0,0.0,0.0,0.0,0.0,0.0,0.0,0.0,0.0,5.0,0.0,3.0,0.0,0.0,2.0,0.0,1.0,0.0,0.0,1.2,1.0,1.0,1.24,1.03,1.2,1.0,1.99,1.0,1.06,1.13,1.19,2.07,5.02,1.59,1.95,1.23,2.42,1.29,3.2,1.0,1.94,1.48,1.07,1.0,1.5,1.28,1.94,1.04,1.16,2.42,4.52,1.28,5.61,1.27,1.12,6.67,3.84,6.72,1.0,1.25
25-1071.00,"Health Specialties Teachers, Postsecondary",social_science|health_care_service|professional_advising|life_science|medical_science|public_speaking|teaching_education|accounting|agriculture|animal_service|applied_arts_and_design|athletics|business_initiatives|construction_woodwork|creative_writing|culinary_art|engineering|finance|human_resources|humanities|information_technology|law|management_administration|marketing_advertising|mathematics_statistics|mechanics_electronics|media|music|nature_outdoors|office_work|performing_arts|personal_service|physical_science|physical_manual_labor|politics|protective_service|religious_activities|sales|social_service|transportation_machine_operation|visual_arts,0.0,0.0,0.0,0.0,0.0,0.0,0.0,0.0,0.0,0.0,0.0,6.0,0.0,0.0,0.0,0.0,4.0,0.0,0.0,0.0,0.0,0.0,3.0,0.0,0.0,0.0,0.0,0.0,0.0,0.0,0.0,5.0,0.0,2.0,0.0,0.0,7.0,0.0,1.0,0.0,0.0,1.41,1.06,1.54,1.19,1.2,1.2,1.0,1.59,1.0,1.32,1.23,4.52,2.29,2.04,1.77,1.73,5.09,2.26,1.32,3.09,1.26,1.76,5.18,1.09,1.11,1.66,1.13,1.88,1.15,2.7,1.71,4.67,1.32,5.31,1.06,1.1,4.48,3.72,6.81,1.03,1.13
25-1072.00,"Nursing Instructors and Teachers, Postsecondary",life_science|medical_science|professional_advising|health_care_service|social_service|public_speaking|teaching_education|accounting|agriculture|animal_service|applied_arts_and_design|athletics|business_initiatives|construction_woodwork|creative_writing|culinary_art|engineering|finance|human_resources|humanities|information_technology|law|management_administration|marketing_advertising|mathematics_statistics|mechanics_electronics|media|music|nature_outdoors|office_work|performing_arts|personal_service|physical_science|physical_manual_labor|politics|protective_service|religious_activities|sales|social_science|transportation_machine_operation|visual_arts,0.0,0.0,0.0,0.0,0.0,0.0,0.0,0.0,0.0,0.0,0.0,4.0,0.0,0.0,0.0,0.0,7.0,0.0,0.0,0.0,0.0,0.0,6.0,0.0,0.0,0.0,0.0,0.0,0.0,0.0,0.0,5.0,0.0,2.0,0.0,0.0,0.0,3.0,1.0,0.0,0.0,1.2,1.0,1.0,1.24,1.14,1.27,1.0,1.54,1.0,1.2,1.05,5.26,2.4,1.9,1.62,1.18,4.07,2.93,1.24,2.22,1.17,1.65,4.25,1.04,1.0,1.74,1.13,1.91,1.24,1.56,1.26,4.87,1.51,5.35,1.06,1.1,3.85,5.28,6.72,1.0,1.13
25-1081.00,"Education Teachers, Postsecondary",social_service|professional_advising|public_speaking|social_science|teaching_education|accounting|agriculture|animal_service|applied_arts_and_design|athletics|business_initiatives|construction_woodwork|creative_writing|culinary_art|engineering|finance|health_care_service|human_resources|humanities|information_technology|law|life_science|management_administration|marketing_advertising|mathematics_statistics|mechanics_electronics|media|medical_science|music|nature_outdoors|office_work|performing_arts|personal_service|physical_science|physical_manual_labor|politics|protective_service|religious_activities|sales|transportation_machine_operation|visual_arts,0.0,0.0,0.0,0.0,0.0,0.0,0.0,0.0,0.0,0.0,0.0,0.0,0.0,0.0,0.0,0.0,0.0,0.0,0.0,0.0,0.0,0.0,0.0,0.0,0.0,0.0,0.0,0.0,0.0,0.0,0.0,4.0,0.0,3.0,0.0,0.0,2.0,5.0,1.0,0.0,0.0,1.34,1.03,1.0,1.52,1.17,1.33,1.0,2.42,1.0,1.17,1.23,1.49,2.58,3.84,1.68,1.36,1.51,2.69,1.35,2.41,1.0,2.12,1.57,1.16,1.11,1.95,1.44,2.24,1.0,1.35,1.71,5.38,1.08,5.69,1.37,1.12,5.71,4.9,6.81,1.0,1.55
25-1082.00,"Library Science Teachers, Postsecondary",humanities|social_science|public_speaking|teaching_education|accounting|agriculture|animal_service|applied_arts_and_design|athletics|business_initiatives|construction_woodwork|creative_writing|culinary_art|engineering|finance|health_care_service|human_resources|information_technology|law|life_science|management_administration|marketing_advertising|mathematics_statistics|mechanics_electronics|media|medical_science|music|nature_outdoors|office_work|performing_arts|personal_service|physical_science|physical_manual_labor|politics|professional_advising|protective_service|religious_activities|sales|social_service|transportation_machine_operation|visual_arts,0.0,0.0,0.0,0.0,0.0,0.0,0.0,0.0,0.0,0.0,0.0,0.0,0.0,4.0,0.0,0.0,0.0,0.0,0.0,0.0,0.0,0.0,0.0,0.0,0.0,0.0,0.0,0.0,0.0,0.0,0.0,0.0,0.0,2.0,0.0,0.0,3.0,0.0,1.0,0.0,0.0,1.3,1.0,1.0,1.44,1.0,1.31,1.0,1.99,1.0,1.17,1.23,1.13,2.18,4.37,2.2,1.29,1.32,2.45,1.37,1.7,1.08,2.34,1.45,1.14,1.0,1.73,1.17,2.11,1.04,1.33,1.47,3.0,1.08,5.18,1.02,1.1,4.64,2.68,6.63,1.0,1.27
25-1111.00,"Criminal Justice and Law Enforcement Teachers, Postsecondary",professional_advising|law|public_speaking|social_science|teaching_education|accounting|agriculture|animal_service|applied_arts_and_design|athletics|business_initiatives|construction_woodwork|creative_writing|culinary_art|engineering|finance|health_care_service|human_resources|humanities|information_technology|life_science|management_administration|marketing_advertising|mathematics_statistics|mechanics_electronics|media|medical_science|music|nature_outdoors|office_work|performing_arts|personal_service|physical_science|physical_manual_labor|politics|protective_service|religious_activities|sales|social_service|transportation_machine_operation|visual_arts,0.0,0.0,0.0,0.0,0.0,0.0,0.0,0.0,0.0,0.0,0.0,0.0,0.0,0.0,0.0,4.0,0.0,0.0,0.0,0.0,0.0,0.0,0.0,0.0,0.0,0.0,0.0,0.0,0.0,0.0,0.0,5.0,0.0,3.0,0.0,0.0,2.0,0.0,1.0,0.0,0.0,1.2,1.0,1.02,1.21,1.14,1.33,1.0,1.76,1.0,1.14,1.23,1.23,2.4,3.51,1.56,4.87,1.15,2.69,1.32,2.03,1.14,1.91,1.28,1.02,1.02,1.79,1.15,2.04,1.0,1.18,2.82,4.62,3.99,5.91,1.09,1.14,5.97,3.33,6.63,1.0,1.23
25-1112.00,"Law Teachers, Postsecondary",humanities|professional_advising|social_science|public_speaking|law|teaching_education|accounting|agriculture|animal_service|applied_arts_and_design|athletics|business_initiatives|construction_woodwork|creative_writing|culinary_art|engineering|finance|health_care_service|human_resources|information_technology|life_science|management_administration|marketing_advertising|mathematics_statistics|mechanics_electronics|media|medical_science|music|nature_outdoors|office_work|performing_arts|personal_service|physical_science|physical_manual_labor|politics|protective_service|religious_activities|sales|social_service|transportation_machine_operation|visual_arts,0.0,0.0,0.0,0.0,0.0,0.0,0.0,0.0,0.0,0.0,0.0,0.0,0.0,6.0,0.0,2.0,0.0,0.0,0.0,0.0,0.0,0.0,0.0,0.0,0.0,0.0,0.0,0.0,0.0,0.0,0.0,5.0,0.0,3.0,0.0,0.0,4.0,0.0,1.0,0.0,0.0,1.24,1.0,1.0,1.21,1.0,1.49,1.0,1.93,1.0,1.09,1.23,1.1,2.32,4.33,1.65,6.2,1.13,2.79,1.29,1.65,1.06,1.74,1.22,1.0,1.0,1.64,1.39,2.01,1.0,1.16,3.54,4.86,2.6,5.78,1.11,1.12,5.44,3.11,6.63,1.0,1.18
25-1113.00,"Social Work Teachers, Postsecondary",professional_advising|social_service|public_speaking|social_science|teaching_education|accounting|agriculture|animal_service|applied_arts_and_design|athletics|business_initiatives|construction_woodwork|creative_writing|culinary_art|engineering|finance|health_care_service|human_resources|humanities|information_technology|law|life_science|management_administration|marketing_advertising|mathematics_statistics|mechanics_electronics|media|medical_science|music|nature_outdoors|office_work|performing_arts|personal_service|physical_science|physical_manual_labor|politics|protective_service|religious_activities|sales|transportation_machine_operation|visual_arts,0.0,0.0,0.0,0.0,0.0,0.0,0.0,0.0,0.0,0.0,0.0,0.0,0.0,0.0,0.0,0.0,0.0,0.0,0.0,0.0,0.0,0.0,0.0,0.0,0.0,0.0,0.0,0.0,0.0,0.0,0.0,5.0,0.0,3.0,0.0,0.0,2.0,4.0,1.0,0.0,0.0,1.27,1.0,1.0,1.32,1.03,1.31,1.0,1.76,1.04,1.06,1.15,2.48,2.4,3.18,1.56,2.17,1.34,2.56,1.32,2.03,1.03,1.85,1.78,1.07,1.0,1.71,1.3,2.01,1.06,1.12,2.35,5.22,1.28,5.52,1.39,1.14,6.25,5.28,6.72,1.0,1.16
25-1121.00,"Art, Drama, and Music Teachers, Postsecondary",professional_advising|visual_arts|performing_arts|applied_arts_and_design|music|humanities|public_speaking|teaching_education|accounting|agriculture|animal_service|athletics|business_initiatives|construction_woodwork|creative_writing|culinary_art|engineering|finance|health_care_service|human_resources|information_technology|law|life_science|management_administration|marketing_advertising|mathematics_statistics|mechanics_electronics|media|medical_science|nature_outdoors|office_work|personal_service|physical_science|physical_manual_labor|politics|protective_service|religious_activities|sales|social_science|social_service|transportation_machine_operation,0.0,0.0,0.0,5.0,0.0,0.0,0.0,0.0,0.0,0.0,0.0,0.0,0.0,3.0,0.0,0.0,0.0,0.0,0.0,0.0,0.0,0.0,0.0,4.0,0.0,0.0,6.0,0.0,0.0,0.0,0.0,8.0,0.0,2.0,0.0,0.0,0.0,0.0,1.0,0.0,7.0,1.17,1.0,1.0,5.03,1.17,1.16,1.18,3.27,1.7,1.09,1.05,1.0,1.75,5.58,1.56,1.14,1.05,2.03,1.66,1.26,1.17,3.44,1.0,5.13,1.11,1.43,4.88,2.14,1.21,1.14,1.35,4.62,1.0,5.65,1.18,1.14,2.54,3.41,6.81,1.03,4.85
25-1122.00,"Communications Teachers, Postsecondary",media|professional_advising|social_science|public_speaking|teaching_education|accounting|agriculture|animal_service|applied_arts_and_design|athletics|business_initiatives|construction_woodwork|creative_writing|culinary_art|engineering|finance|health_care_service|human_resources|humanities|information_technology|law|life_science|management_administration|marketing_advertising|mathematics_statistics|mechanics_electronics|medical_science|music|nature_outdoors|office_work|performing_arts|personal_service|physical_science|physical_manual_labor|politics|protective_service|religious_activities|sales|social_service|transportation_machine_operation|visual_arts,0.0,0.0,0.0,0.0,0.0,0.0,0.0,0.0,0.0,0.0,0.0,0.0,0.0,0.0,0.0,0.0,0.0,0.0,0.0,0.0,0.0,5.0,0.0,0.0,0.0,0.0,0.0,0.0,0.0,0.0,0.0,4.0,0.0,2.0,0.0,0.0,3.0,0.0,1.0,0.0,0.0,1.2,1.0,1.0,1.88,1.11,1.35,1.0,3.27,1.0,1.06,1.2,1.06,2.04,3.76,1.68,1.36,1.1,2.66,2.11,1.56,1.17,4.09,1.16,1.38,1.0,1.39,1.61,1.98,1.0,1.18,1.93,4.72,1.04,6.72,1.13,1.2,5.1,2.72,6.77,1.0,1.69
25-1123.00,"English Language and Literature Teachers, Postsecondary",professional_advising|creative_writing|public_speaking|humanities|teaching_education|accounting|agriculture|animal_service|applied_arts_and_design|athletics|business_initiatives|construction_woodwork|culinary_art|engineering|finance|health_care_service|human_resources|information_technology|law|life_science|management_administration|marketing_advertising|mathematics_statistics|mechanics_electronics|media|medical_science|music|nature_outdoors|office_work|performing_arts|personal_service|physical_science|physical_manual_labor|politics|protective_service|religious_activities|sales|social_science|social_service|transportation_machine_operation|visual_arts,0.0,0.0,0.0,0.0,0.0,0.0,0.0,4.0,0.0,0.0,0.0,0.0,0.0,2.0,0.0,0.0,0.0,0.0,0.0,0.0,0.0,0.0,0.0,0.0,0.0,0.0,0.0,0.0,0.0,0.0,0.0,5.0,0.0,3.0,0.0,0.0,0.0,0.0,1.0,0.0,0.0,1.2,1.0,1.0,2.19,1.0,1.16,1.0,4.61,1.04,1.0,1.02,1.0,1.86,6.75,1.59,1.18,1.08,2.49,1.46,1.34,1.03,3.12,1.0,1.44,1.0,1.43,2.05,2.21,1.0,1.07,1.47,4.43,1.0,5.74,1.18,1.12,3.93,3.68,6.86,1.0,1.86
25-1124.00,"Foreign Language and Literature Teachers, Postsecondary",social_science|professional_advising|public_speaking|humanities|teaching_education|accounting|agriculture|animal_service|applied_arts_and_design|athletics|business_initiatives|construction_woodwork|creative_writing|culinary_art|engineering|finance|health_care_service|human_resources|information_technology|law|life_science|management_administration|marketing_advertising|mathematics_statistics|mechanics_electronics|media|medical_science|music|nature_outdoors|office_work|performing_arts|personal_service|physical_science|physical_manual_labor|politics|protective_service|religious_activities|sales|social_service|transportation_machine_operation|visual_arts,0.0,0.0,0.0,0.0,0.0,0.0,0.0,0.0,0.0,0.0,0.0,0.0,0.0,2.0,0.0,0.0,0.0,0.0,0.0,0.0,0.0,0.0,0.0,0.0,0.0,0.0,0.0,0.0,0.0,0.0,0.0,4.0,0.0,3.0,0.0,0.0,5.0,0.0,1.0,0.0,0.0,1.27,1.0,1.0,1.67,1.06,1.21,1.0,3.42,1.12,1.03,1.05,1.0,1.89,6.28,1.27,1.14,1.13,2.45,1.37,1.42,1.0,1.79,1.05,1.23,1.0,1.57,1.47,1.98,1.02,1.09,1.5,4.62,1.04,5.74,1.23,1.1,4.2,2.96,6.81,1.0,1.48
25-1125.00,"History Teachers, Postsecondary",professional_advising|social_science|public_speaking|humanities|teaching_education|accounting|agriculture|animal_service|applied_arts_and_design|athletics|business_initiatives|construction_woodwork|creative_writing|culinary_art|engineering|finance|health_care_service|human_resources|information_technology|law|life_science|management_administration|marketing_advertising|mathematics_statistics|mechanics_electronics|media|medical_science|music|nature_outdoors|office_work|performing_arts|personal_service|physical_science|physical_manual_labor|politics|protective_service|religious_activities|sales|social_service|transportation_machine_operation|visual_arts,0.0,0.0,0.0,0.0,0.0,0.0,0.0,0.0,0.0,0.0,0.0,0.0,0.0,2.0,0.0,0.0,0.0,0.0,0.0,0.0,0.0,0.0,0.0,0.0,0.0,0.0,0.0,0.0,0.0,0.0,0.0,5.0,0.0,3.0,0.0,0.0,4.0,0.0,1.0,0.0,0.0,1.2,1.0,1.0,1.35,1.0,1.16,1.0,2.58,1.0,1.06,1.15,1.0,1.89,6.58,1.59,1.8,1.13,2.59,1.29,1.59,1.06,2.18,1.11,1.09,1.02,1.57,1.28,1.68,1.0,1.16,2.32,4.01,1.16,5.74,1.37,1.12,5.71,2.72,6.77,1.0,1.28
25-1126.00,"Philosophy and Religion Teachers, Postsecondary",professional_advising|social_science|public_speaking|religious_activities|humanities|teaching_education|accounting|agriculture|animal_service|applied_arts_and_design|athletics|business_initiatives|construction_woodwork|creative_writing|culinary_art|engineering|finance|health_care_service|human_resources|information_technology|law|life_science|management_administration|marketing_advertising|mathematics_statistics|mechanics_electronics|media|medical_science|music|nature_outdoors|office_work|performing_arts|personal_service|physical_science|physical_manual_labor|politics|protective_service|sales|social_service|transportation_machine_operation|visual_arts,0.0,0.0,0.0,0.0,0.0,0.0,0.0,0.0,0.0,0.0,0.0,0.0,0.0,2.0,0.0,0.0,0.0,0.0,0.0,0.0,0.0,0.0,0.0,0.0,0.0,0.0,0.0,0.0,0.0,0.0,0.0,6.0,0.0,4.0,3.0,0.0,5.0,0.0,1.0,0.0,0.0,1.13,1.0,1.0,1.32,1.0,1.21,1.0,2.85,1.0,1.03,1.02,1.19,1.93,6.53,1.16,1.99,1.18,2.49,1.32,1.67,1.03,1.85,1.11,1.11,1.0,1.48,1.3,1.68,1.02,1.14,2.32,4.28,1.0,5.91,5.94,1.12,5.75,3.37,6.72,1.0,1.23
25-1192.00,"Family and Consumer Sciences Teachers, Postsecondary",social_service|professional_advising|public_speaking|social_science|teaching_education|accounting|agriculture|animal_service|applied_arts_and_design|athletics|business_initiatives|construction_woodwork|creative_writing|culinary_art|engineering|finance|health_care_service|human_resources|humanities|information_technology|law|life_science|management_administration|marketing_advertising|mathematics_statistics|mechanics_electronics|media|medical_science|music|nature_outdoors|office_work|performing_arts|personal_service|physical_science|physical_manual_labor|politics|protective_service|religious_activities|sales|transportation_machine_operation|visual_arts,0.0,0.0,0.0,0.0,0.0,0.0,0.0,0.0,0.0,0.0,0.0,0.0,0.0,0.0,0.0,0.0,0.0,0.0,0.0,0.0,0.0,0.0,0.0,0.0,0.0,0.0,0.0,0.0,0.0,0.0,0.0,4.0,0.0,3.0,0.0,0.0,2.0,5.0,1.0,0.0,0.0,1.58,1.42,1.1,1.58,1.09,1.25,1.03,1.67,3.03,1.2,1.88,2.2,2.36,3.62,1.59,1.73,2.86,2.32,1.49,2.41,1.14,1.85,2.51,1.07,1.11,1.68,1.19,2.17,1.1,1.93,1.68,5.22,1.08,5.82,1.09,1.08,5.84,4.94,6.81,1.0,1.25
25-1193.00,"Recreation and Fitness Studies Teachers, Postsecondary",social_science|professional_advising|public_speaking|teaching_education|accounting|agriculture|animal_service|applied_arts_and_design|athletics|business_initiatives|construction_woodwork|creative_writing|culinary_art|engineering|finance|health_care_service|human_resources|humanities|information_technology|law|life_science|management_administration|marketing_advertising|mathematics_statistics|mechanics_electronics|media|medical_science|music|nature_outdoors|office_work|performing_arts|personal_service|physical_science|physical_manual_labor|politics|protective_service|religious_activities|sales|social_service|transportation_machine_operation|visual_arts,0.0,0.0,0.0,0.0,0.0,0.0,0.0,0.0,0.0,0.0,0.0,0.0,0.0,0.0,0.0,0.0,0.0,0.0,0.0,0.0,0.0,0.0,0.0,0.0,0.0,0.0,0.0,0.0,0.0,0.0,0.0,3.0,0.0,2.0,0.0,0.0,4.0,0.0,1.0,0.0,0.0,1.17,1.03,1.07,1.38,3.62,1.27,1.0,1.62,1.0,1.26,1.18,2.65,2.32,2.04,1.53,1.14,3.18,2.66,1.43,2.41,1.14,1.82,2.72,1.14,1.49,1.59,1.42,2.21,1.15,1.56,1.38,4.86,1.12,5.26,1.06,1.12,4.16,3.64,6.77,1.0,1.23
25-1194.00,"Career/Technical Education Teachers, Postsecondary",professional_advising|public_speaking|teaching_education|accounting|agriculture|animal_service|applied_arts_and_design|athletics|business_initiatives|construction_woodwork|creative_writing|culinary_art|engineering|finance|health_care_service|human_resources|humanities|information_technology|law|life_science|management_administration|marketing_advertising|mathematics_statistics|mechanics_electronics|media|medical_science|music|nature_outdoors|office_work|performing_arts|personal_service|physical_science|physical_manual_labor|politics|protective_service|religious_activities|sales|social_science|social_service|transportation_machine_operation|visual_arts,0.0,0.0,0.0,0.0,0.0,0.0,0.0,0.0,0.0,0.0,0.0,0.0,0.0,0.0,0.0,0.0,0.0,0.0,0.0,0.0,0.0,0.0,0.0,0.0,0.0,0.0,0.0,0.0,0.0,0.0,0.0,3.0,0.0,2.0,0.0,0.0,0.0,0.0,1.0,0.0,0.0,1.44,1.49,1.12,1.88,1.17,1.2,2.64,1.56,1.96,2.85,1.23,2.13,2.61,1.83,2.08,1.18,1.63,2.29,1.32,1.91,3.43,1.85,1.54,1.11,1.15,1.54,1.28,2.31,2.13,2.1,1.23,4.42,1.32,4.93,1.04,1.14,2.31,3.56,6.63,2.0,1.61
25-2011.00,"Preschool Teachers, Except Special Education",personal_service|social_service|teaching_education|accounting|agriculture|animal_service|applied_arts_and_design|athletics|business_initiatives|construction_woodwork|creative_writing|culinary_art|engineering|finance|health_care_service|human_resources|humanities|information_technology|law|life_science|management_administration|marketing_advertising|mathematics_statistics|mechanics_electronics|media|medical_science|music|nature_outdoors|office_work|performing_arts|physical_science|physical_manual_labor|politics|professional_advising|protective_service|public_speaking|religious_activities|sales|social_science|transportation_machine_operation|visual_arts,0.0,0.0,0.0,0.0,0.0,0.0,0.0,0.0,0.0,0.0,0.0,0.0,0.0,0.0,0.0,0.0,0.0,0.0,0.0,0.0,0.0,0.0,0.0,0.0,0.0,0.0,0.0,3.0,0.0,0.0,0.0,0.0,0.0,0.0,0.0,0.0,0.0,2.0,1.0,0.0,0.0,1.2,1.03,1.0,2.48,1.29,1.06,1.18,1.9,1.5,1.0,1.0,1.62,1.75,1.87,1.11,1.07,1.15,1.81,1.15,1.23,1.0,1.54,1.11,2.36,1.15,1.41,1.91,3.72,1.5,1.05,1.11,2.81,1.35,2.99,1.11,1.12,2.27,6.05,7.0,1.0,2.31
25-2012.00,"Kindergarten Teachers, Except Special Education",professional_advising|social_service|teaching_education|accounting|agriculture|animal_service|applied_arts_and_design|athletics|business_initiatives|construction_woodwork|creative_writing|culinary_art|engineering|finance|health_care_service|human_resources|humanities|information_technology|law|life_science|management_administration|marketing_advertising|mathematics_statistics|mechanics_electronics|media|medical_science|music|nature_outdoors|office_work|performing_arts|personal_service|physical_science|physical_manual_labor|politics|protective_service|public_speaking|religious_activities|sales|social_science|transportation_machine_operation|visual_arts,0.0,0.0,0.0,0.0,0.0,0.0,0.0,0.0,0.0,0.0,0.0,0.0,0.0,0.0,0.0,0.0,0.0,0.0,0.0,0.0,0.0,0.0,0.0,0.0,0.0,0.0,0.0,0.0,0.0,0.0,0.0,3.0,0.0,0.0,0.0,0.0,0.0,2.0,1.0,0.0,0.0,1.2,1.0,1.1,2.48,1.29,1.11,1.09,2.02,1.27,1.0,1.05,1.42,1.75,2.1,1.27,1.11,1.15,2.03,1.1,1.45,1.06,1.68,1.08,2.14,1.2,1.64,1.88,2.21,1.12,1.09,1.17,3.79,1.31,3.57,1.13,1.12,2.4,6.05,7.0,1.03,2.24
25-2021.00,"Elementary School Teachers, Except Special Education",professional_advising|public_speaking|social_service|teaching_education|accounting|agriculture|animal_service|applied_arts_and_design|athletics|business_initiatives|construction_woodwork|creative_writing|culinary_art|engineering|finance|health_care_service|human_resources|humanities|information_technology|law|life_science|management_administration|marketing_advertising|mathematics_statistics|mechanics_electronics|media|medical_science|music|nature_outdoors|office_work|performing_arts|personal_service|physical_science|physical_manual_labor|politics|protective_service|religious_activities|sales|social_science|transportation_machine_operation|visual_arts,0.0,0.0,0.0,0.0,0.0,0.0,0.0,0.0,0.0,0.0,0.0,0.0,0.0,0.0,0.0,0.0,0.0,0.0,0.0,0.0,0.0,0.0,0.0,0.0,0.0,0.0,0.0,0.0,0.0,0.0,0.0,4.0,0.0,3.0,0.0,0.0,0.0,2.0,1.0,0.0,0.0,1.2,1.03,1.07,2.16,1.62,1.14,1.12,2.39,1.27,1.03,1.0,1.39,1.79,2.72,1.59,1.18,1.26,2.39,1.24,1.97,1.14,1.91,1.11,1.96,1.22,1.57,1.8,3.46,1.24,1.26,1.35,4.24,1.39,4.53,1.13,1.12,2.37,6.32,7.0,1.03,2.15
25-2022.00,"Middle School Teachers, Except Special and Career/Technical Education",public_speaking|professional_advising|social_service|teaching_education|accounting|agriculture|animal_service|applied_arts_and_design|athletics|business_initiatives|construction_woodwork|creative_writing|culinary_art|engineering|finance|health_care_service|human_resources|humanities|information_technology|law|life_science|management_administration|marketing_advertising|mathematics_statistics|mechanics_electronics|media|medical_science|music|nature_outdoors|office_work|performing_arts|personal_service|physical_science|physical_manual_labor|politics|protective_service|religious_activities|sales|social_science|transportation_machine_operation|visual_arts,0.0,0.0,0.0,0.0,0.0,0.0,0.0,0.0,0.0,0.0,0.0,0.0,0.0,0.0,0.0,0.0,0.0,0.0,0.0,0.0,0.0,0.0,0.0,0.0,0.0,0.0,0.0,0.0,0.0,0.0,0.0,3.0,0.0,4.0,0.0,0.0,0.0,2.0,1.0,0.0,0.0,1.24,1.03,1.07,2.09,1.69,1.12,1.03,2.99,1.15,1.29,1.07,1.36,2.14,3.88,1.62,1.18,1.83,2.52,1.35,3.34,1.17,1.85,1.39,1.68,1.22,1.61,1.8,2.37,1.19,1.98,1.32,4.77,1.63,4.69,1.15,1.12,3.12,5.78,7.0,1.06,2.0
25-2023.00,"Career/Technical Education Teachers, Middle School",public_speaking|professional_advising|social_service|teaching_education|accounting|agriculture|animal_service|applied_arts_and_design|athletics|business_initiatives|construction_woodwork|creative_writing|culinary_art|engineering|finance|health_care_service|human_resources|humanities|information_technology|law|life_science|management_administration|marketing_advertising|mathematics_statistics|mechanics_electronics|media|medical_science|music|nature_outdoors|office_work|performing_arts|personal_service|physical_science|physical_manual_labor|politics|protective_service|religious_activities|sales|social_science|transportation_machine_operation|visual_arts,0.0,0.0,0.0,0.0,0.0,0.0,0.0,0.0,0.0,0.0,0.0,0.0,0.0,0.0,0.0,0.0,0.0,0.0,0.0,0.0,0.0,0.0,0.0,0.0,0.0,0.0,0.0,0.0,0.0,0.0,0.0,3.0,0.0,4.0,0.0,0.0,0.0,2.0,1.0,0.0,0.0,1.44,1.28,1.12,1.7,1.53,1.16,1.76,1.51,1.93,2.07,1.13,1.29,2.54,1.87,2.27,1.22,1.57,2.13,1.32,1.56,2.06,1.71,1.25,1.41,1.17,1.64,1.44,2.14,1.28,1.44,1.23,4.57,1.27,4.37,1.02,1.16,2.54,5.43,6.77,1.33,1.74
25-2031.00,"Secondary School Teachers, Except Special and Career/Technical Education",humanities|professional_advising|public_speaking|social_service|teaching_education|accounting|agriculture|animal_service|applied_arts_and_design|athletics|business_initiatives|construction_woodwork|creative_writing|culinary_art|engineering|finance|health_care_service|human_resources|information_technology|law|life_science|management_administration|marketing_advertising|mathematics_statistics|mechanics_electronics|media|medical_science|music|nature_outdoors|office_work|performing_arts|personal_service|physical_science|physical_manual_labor|politics|protective_service|religious_activities|sales|social_science|transportation_machine_operation|visual_arts,0.0,0.0,0.0,0.0,0.0,0.0,0.0,0.0,0.0,0.0,0.0,0.0,0.0,5.0,0.0,0.0,0.0,0.0,0.0,0.0,0.0,0.0,0.0,0.0,0.0,0.0,0.0,0.0,0.0,0.0,0.0,4.0,0.0,3.0,0.0,0.0,0.0,2.0,1.0,0.0,0.0,1.2,1.01,1.0,1.7,1.44,1.18,1.03,2.48,1.19,1.23,1.02,1.36,2.14,4.29,1.71,1.22,1.65,2.19,1.32,2.88,1.14,1.88,1.25,1.49,1.17,1.57,1.54,2.51,1.12,1.71,1.5,4.67,1.67,5.27,1.13,1.12,3.55,5.73,7.0,1.0,1.74
25-2032.00,"Career/Technical Education Teachers, Secondary School",public_speaking|professional_advising|social_service|teaching_education|accounting|agriculture|animal_service|applied_arts_and_design|athletics|business_initiatives|construction_woodwork|creative_writing|culinary_art|engineering|finance|health_care_service|human_resources|humanities|information_technology|law|life_science|management_administration|marketing_advertising|mathematics_statistics|mechanics_electronics|media|medical_science|music|nature_outdoors|office_work|performing_arts|personal_service|physical_science|physical_manual_labor|politics|protective_service|religious_activities|sales|social_science|transportation_machine_operation|visual_arts,0.0,0.0,0.0,0.0,0.0,0.0,0.0,0.0,0.0,0.0,0.0,0.0,0.0,0.0,0.0,0.0,0.0,0.0,0.0,0.0,0.0,0.0,0.0,0.0,0.0,0.0,0.0,0.0,0.0,0.0,0.0,3.0,0.0,4.0,0.0,0.0,0.0,2.0,1.0,0.0,0.0,1.72,1.59,1.25,1.73,1.62,1.23,1.31,1.56,1.42,2.5,1.28,1.66,2.62,2.04,2.2,1.33,1.68,2.32,1.54,1.76,2.22,1.77,1.51,1.46,1.27,1.66,1.42,2.31,1.45,1.44,1.35,5.12,1.43,4.57,1.06,1.18,2.84,5.33,6.91,1.66,1.64
25-2051.00,"Special Education Teachers, Preschool",professional_advising|social_science|social_service|teaching_education|accounting|agriculture|animal_service|applied_arts_and_design|athletics|business_initiatives|construction_woodwork|creative_writing|culinary_art|engineering|finance|health_care_service|human_resources|humanities|information_technology|law|life_science|management_administration|marketing_advertising|mathematics_statistics|mechanics_electronics|media|medical_science|music|nature_outdoors|office_work|performing_arts|personal_service|physical_science|physical_manual_labor|politics|protective_service|public_speaking|religious_activities|sales|transportation_machine_operation|visual_arts,0.0,0.0,0.0,0.0,0.0,0.0,0.0,0.0,0.0,0.0,0.0,0.0,0.0,0.0,0.0,0.0,0.0,0.0,0.0,0.0,0.0,0.0,0.0,0.0,0.0,0.0,0.0,0.0,0.0,0.0,0.0,4.0,0.0,0.0,0.0,0.0,3.0,2.0,1.0,0.0,0.0,1.2,1.0,1.1,1.76,1.23,1.01,1.06,1.56,1.19,1.0,1.0,2.48,1.68,1.67,1.27,1.14,1.15,1.9,1.1,1.26,1.0,1.6,1.48,1.68,1.06,1.48,1.54,2.44,1.35,1.05,1.14,4.29,1.23,2.42,1.04,1.02,4.67,6.66,6.81,1.0,1.74
25-2055.00,"Special Education Teachers, Kindergarten",professional_advising|social_service|teaching_education|accounting|agriculture|animal_service|applied_arts_and_design|athletics|business_initiatives|construction_woodwork|creative_writing|culinary_art|engineering|finance|health_care_service|human_resources|humanities|information_technology|law|life_science|management_administration|marketing_advertising|mathematics_statistics|mechanics_electronics|media|medical_science|music|nature_outdoors|office_work|performing_arts|personal_service|physical_science|physical_manual_labor|politics|protective_service|public_speaking|religious_activities|sales|social_science|transportation_machine_operation|visual_arts,0.0,0.0,0.0,0.0,0.0,0.0,0.0,0.0,0.0,0.0,0.0,0.0,0.0,0.0,0.0,0.0,0.0,0.0,0.0,0.0,0.0,0.0,0.0,0.0,0.0,0.0,0.0,0.0,0.0,0.0,0.0,3.0,0.0,0.0,0.0,0.0,0.0,2.0,1.0,0.0,0.0,1.2,1.0,1.05,1.55,1.29,1.03,1.03,1.38,1.04,1.03,1.0,2.41,1.86,1.87,1.25,1.26,1.21,1.96,1.05,1.39,1.11,1.43,1.36,1.41,1.09,1.64,1.3,2.31,1.3,1.05,1.14,4.15,1.12,2.41,1.09,1.04,2.8,6.66,6.81,1.1,1.61
25-2056.00,"Special Education Teachers, Elementary School",social_science|professional_advising|social_service|teaching_education|accounting|agriculture|animal_service|applied_arts_and_design|athletics|business_initiatives|construction_woodwork|creative_writing|culinary_art|engineering|finance|health_care_service|human_resources|humanities|information_technology|law|life_science|management_administration|marketing_advertising|mathematics_statistics|mechanics_electronics|media|medical_science|music|nature_outdoors|office_work|performing_arts|personal_service|physical_science|physical_manual_labor|politics|protective_service|public_speaking|religious_activities|sales|transportation_machine_operation|visual_arts,0.0,0.0,0.0,0.0,0.0,0.0,0.0,0.0,0.0,0.0,0.0,0.0,0.0,0.0,0.0,0.0,0.0,0.0,0.0,0.0,0.0,0.0,0.0,0.0,0.0,0.0,0.0,0.0,0.0,0.0,0.0,3.0,0.0,0.0,0.0,0.0,4.0,2.0,1.0,0.0,0.0,1.2,1.0,1.12,1.82,1.38,1.06,1.03,1.67,1.12,1.06,1.05,2.65,2.04,1.94,1.56,1.33,1.24,2.09,1.13,1.85,1.17,1.3,1.72,1.26,1.06,1.66,1.22,3.8,1.33,1.1,1.17,4.57,1.2,2.89,1.09,1.12,4.01,6.49,6.86,1.06,1.72
25-2057.00,"Special Education Teachers, Middle School",professional_advising|social_service|teaching_education|accounting|agriculture|animal_service|applied_arts_and_design|athletics|business_initiatives|construction_woodwork|creative_writing|culinary_art|engineering|finance|health_care_service|human_resources|humanities|information_technology|law|life_science|management_administration|marketing_advertising|mathematics_statistics|mechanics_electronics|media|medical_science|music|nature_outdoors|office_work|performing_arts|personal_service|physical_science|physical_manual_labor|politics|protective_service|public_speaking|religious_activities|sales|social_science|transportation_machine_operation|visual_arts,0.0,0.0,0.0,0.0,0.0,0.0,0.0,0.0,0.0,0.0,0.0,0.0,0.0,0.0,0.0,0.0,0.0,0.0,0.0,0.0,0.0,0.0,0.0,0.0,0.0,0.0,0.0,0.0,0.0,0.0,0.0,3.0,0.0,0.0,0.0,0.0,0.0,2.0,1.0,0.0,0.0,1.24,1.0,1.15,1.61,1.23,1.01,1.06,1.59,1.19,1.0,1.0,2.34,2.04,2.31,1.33,1.69,1.26,2.03,1.15,1.97,1.08,1.43,1.6,1.26,1.02,1.71,1.24,3.1,1.17,1.1,1.23,4.81,1.59,2.89,1.06,1.06,3.78,6.6,6.81,1.1,1.5
25-2058.00,"Special Education Teachers, Secondary School",social_science|professional_advising|social_service|teaching_education|accounting|agriculture|animal_service|applied_arts_and_design|athletics|business_initiatives|construction_woodwork|creative_writing|culinary_art|engineering|finance|health_care_service|human_resources|humanities|information_technology|law|life_science|management_administration|marketing_advertising|mathematics_statistics|mechanics_electronics|media|medical_science|music|nature_outdoors|office_work|performing_arts|personal_service|physical_science|physical_manual_labor|politics|protective_service|public_speaking|religious_activities|sales|transportation_machine_operation|visual_arts,0.0,0.0,0.0,0.0,0.0,0.0,0.0,0.0,0.0,0.0,0.0,0.0,0.0,0.0,0.0,0.0,0.0,0.0,0.0,0.0,0.0,0.0,0.0,0.0,0.0,0.0,0.0,0.0,0.0,0.0,0.0,3.0,0.0,0.0,0.0,0.0,4.0,2.0,1.0,0.0,0.0,1.27,1.0,1.15,1.49,1.26,1.09,1.0,1.67,1.12,1.09,1.05,2.34,2.07,2.07,1.59,1.69,1.24,1.93,1.1,2.03,1.11,1.51,1.66,1.21,1.04,1.69,1.22,2.65,1.19,1.1,1.2,5.07,1.71,3.35,1.11,1.08,4.05,6.6,6.77,1.1,1.33
25-2059.01,Adapted Physical Education Specialists,athletics|social_service|teaching_education|accounting|agriculture|animal_service|applied_arts_and_design|business_initiatives|construction_woodwork|creative_writing|culinary_art|engineering|finance|health_care_service|human_resources|humanities|information_technology|law|life_science|management_administration|marketing_advertising|mathematics_statistics|mechanics_electronics|media|medical_science|music|nature_outdoors|office_work|performing_arts|personal_service|physical_science|physical_manual_labor|politics|professional_advising|protective_service|public_speaking|religious_activities|sales|social_science|transportation_machine_operation|visual_arts,0.0,0.0,0.0,0.0,3.0,0.0,0.0,0.0,0.0,0.0,0.0,0.0,0.0,0.0,0.0,0.0,0.0,0.0,0.0,0.0,0.0,0.0,0.0,0.0,0.0,0.0,0.0,0.0,0.0,0.0,0.0,0.0,0.0,0.0,0.0,0.0,0.0,2.0,1.0,0.0,0.0,1.2,1.0,1.0,1.1,3.77,1.06,1.0,1.33,1.0,1.23,1.0,3.19,1.71,1.19,1.08,1.11,1.57,1.62,1.03,1.26,1.11,1.1,1.78,1.09,1.22,1.45,1.17,2.17,2.08,1.14,1.14,3.3,1.12,2.06,1.0,1.02,2.44,5.99,6.54,1.03,1.11
25-3011.00,"Adult Basic Education, Adult Secondary Education, and English as a Second Language Instructors",professional_advising|public_speaking|social_service|teaching_education|accounting|agriculture|animal_service|applied_arts_and_design|athletics|business_initiatives|construction_woodwork|creative_writing|culinary_art|engineering|finance|health_care_service|human_resources|humanities|information_technology|law|life_science|management_administration|marketing_advertising|mathematics_statistics|mechanics_electronics|media|medical_science|music|nature_outdoors|office_work|performing_arts|personal_service|physical_science|physical_manual_labor|politics|protective_service|religious_activities|sales|social_science|transportation_machine_operation|visual_arts,0.0,0.0,0.0,0.0,0.0,0.0,0.0,0.0,0.0,0.0,0.0,0.0,0.0,0.0,0.0,0.0,0.0,0.0,0.0,0.0,0.0,0.0,0.0,0.0,0.0,0.0,0.0,0.0,0.0,0.0,0.0,4.0,0.0,3.0,0.0,0.0,0.0,2.0,1.0,0.0,0.0,1.2,1.0,1.0,1.44,1.0,1.14,1.0,1.67,1.0,1.06,1.0,1.1,1.93,3.54,1.27,1.22,1.05,1.96,1.15,1.39,1.03,1.76,1.0,1.23,1.0,1.64,1.26,2.17,1.12,1.05,1.2,4.81,1.12,4.97,1.06,1.12,2.8,6.1,6.91,1.0,1.37
25-3021.00,Self-Enrichment Teachers,social_service|public_speaking|teaching_education|accounting|agriculture|animal_service|applied_arts_and_design|athletics|business_initiatives|construction_woodwork|creative_writing|culinary_art|engineering|finance|health_care_service|human_resources|humanities|information_technology|law|life_science|management_administration|marketing_advertising|mathematics_statistics|mechanics_electronics|media|medical_science|music|nature_outdoors|office_work|performing_arts|personal_service|physical_science|physical_manual_labor|politics|professional_advising|protective_service|religious_activities|sales|social_science|transportation_machine_operation|visual_arts,0.0,0.0,0.0,0.0,0.0,0.0,0.0,0.0,0.0,0.0,0.0,0.0,0.0,0.0,0.0,0.0,0.0,0.0,0.0,0.0,0.0,0.0,0.0,0.0,0.0,0.0,0.0,0.0,0.0,0.0,0.0,0.0,0.0,2.0,0.0,0.0,0.0,3.0,1.0,0.0,0.0,1.13,1.03,1.12,2.48,2.63,1.18,1.03,2.29,1.93,1.09,1.0,1.23,2.18,2.68,1.22,1.0,1.15,1.84,1.46,1.28,1.08,1.74,1.03,2.08,1.25,1.41,3.58,3.91,1.26,1.1,1.11,3.58,1.12,4.57,1.23,1.33,2.02,4.05,6.49,1.0,2.6
25-3031.00,"Substitute Teachers, Short-Term",public_speaking|social_service|teaching_education|accounting|agriculture|animal_service|applied_arts_and_design|athletics|business_initiatives|construction_woodwork|creative_writing|culinary_art|engineering|finance|health_care_service|human_resources|humanities|information_technology|law|life_science|management_administration|marketing_advertising|mathematics_statistics|mechanics_electronics|media|medical_science|music|nature_outdoors|office_work|performing_arts|personal_service|physical_science|physical_manual_labor|politics|professional_advising|protective_service|religious_activities|sales|social_science|transportation_machine_operation|visual_arts,0.0,0.0,0.0,0.0,0.0,0.0,0.0,0.0,0.0,0.0,0.0,0.0,0.0,0.0,0.0,0.0,0.0,0.0,0.0,0.0,0.0,0.0,0.0,0.0,0.0,0.0,0.0,0.0,0.0,0.0,0.0,0.0,0.0,3.0,0.0,0.0,0.0,2.0,1.0,0.0,0.0,1.2,1.0,1.0,1.21,1.11,1.03,1.0,1.31,1.04,1.0,1.0,1.26,2.18,2.41,1.24,1.0,1.15,1.44,1.15,1.56,1.11,1.3,1.03,1.16,1.09,1.52,1.17,2.34,1.12,1.1,1.14,2.7,1.59,4.06,1.09,1.12,2.02,4.49,6.45,1.06,1.23
25-3041.00,Tutors,professional_advising|social_service|teaching_education|accounting|agriculture|animal_service|applied_arts_and_design|athletics|business_initiatives|construction_woodwork|creative_writing|culinary_art|engineering|finance|health_care_service|human_resources|humanities|information_technology|law|life_science|management_administration|marketing_advertising|mathematics_statistics|mechanics_electronics|media|medical_science|music|nature_outdoors|office_work|performing_arts|personal_service|physical_science|physical_manual_labor|politics|protective_service|public_speaking|religious_activities|sales|social_science|transportation_machine_operation|visual_arts,0.0,0.0,0.0,0.0,0.0,0.0,0.0,0.0,0.0,0.0,0.0,0.0,0.0,0.0,0.0,0.0,0.0,0.0,0.0,0.0,0.0,0.0,0.0,0.0,0.0,0.0,0.0,0.0,0.0,0.0,0.0,3.0,0.0,0.0,0.0,0.0,0.0,2.0,1.0,0.0,0.0,1.24,1.0,1.0,1.16,1.09,1.06,1.0,1.54,1.0,1.14,1.0,1.16,1.75,2.65,1.56,1.0,1.32,1.44,1.21,2.71,1.08,1.35,1.25,1.16,1.0,1.81,1.13,3.46,1.02,1.28,1.06,4.87,1.0,2.25,1.0,1.16,2.73,5.13,6.4,1.0,1.16
25-4011.00,Archivists,office_work|humanities|accounting|agriculture|animal_service|applied_arts_and_design|athletics|business_initiatives|construction_woodwork|creative_writing|culinary_art|engineering|finance|health_care_service|human_resources|information_technology|law|life_science|management_administration|marketing_advertising|mathematics_statistics|mechanics_electronics|media|medical_science|music|nature_outdoors|performing_arts|personal_service|physical_science|physical_manual_labor|politics|professional_advising|protective_service|public_speaking|religious_activities|sales|social_science|social_service|teaching_education|transportation_machine_operation|visual_arts,0.0,0.0,0.0,0.0,0.0,0.0,0.0,0.0,0.0,0.0,0.0,0.0,0.0,1.0,0.0,0.0,0.0,0.0,0.0,0.0,0.0,0.0,0.0,0.0,0.0,2.0,0.0,0.0,0.0,0.0,0.0,0.0,0.0,0.0,0.0,0.0,0.0,0.0,0.0,0.0,0.0,2.03,1.0,1.0,1.52,1.0,1.2,1.03,1.84,1.0,1.17,1.23,1.03,1.75,5.22,2.73,2.21,1.21,2.69,1.24,1.62,1.26,1.85,1.25,1.09,1.0,4.51,1.15,1.88,1.35,1.2,1.44,1.43,1.12,2.42,1.06,1.12,2.84,1.37,2.58,1.0,1.3
25-4012.00,Curators,public_speaking|management_administration|humanities|accounting|agriculture|animal_service|applied_arts_and_design|athletics|business_initiatives|construction_woodwork|creative_writing|culinary_art|engineering|finance|health_care_service|human_resources|information_technology|law|life_science|marketing_advertising|mathematics_statistics|mechanics_electronics|media|medical_science|music|nature_outdoors|office_work|performing_arts|personal_service|physical_science|physical_manual_labor|politics|professional_advising|protective_service|religious_activities|sales|social_science|social_service|teaching_education|transportation_machine_operation|visual_arts,0.0,0.0,0.0,0.0,0.0,0.0,0.0,0.0,0.0,0.0,0.0,0.0,0.0,1.0,0.0,0.0,0.0,2.0,0.0,0.0,0.0,0.0,0.0,0.0,0.0,0.0,0.0,0.0,0.0,0.0,0.0,0.0,0.0,3.0,0.0,0.0,0.0,0.0,0.0,0.0,0.0,2.31,1.01,1.07,3.38,1.0,2.39,1.15,1.99,1.12,1.12,1.85,1.16,2.07,5.54,1.8,1.69,1.89,5.05,2.53,1.59,1.14,2.22,1.48,1.36,1.34,2.96,1.44,2.44,1.35,1.66,1.87,1.97,1.23,3.64,1.37,1.84,3.37,1.83,3.06,1.1,2.97
25-4013.00,Museum Technicians and Conservators,physical_manual_labor|humanities|accounting|agriculture|animal_service|applied_arts_and_design|athletics|business_initiatives|construction_woodwork|creative_writing|culinary_art|engineering|finance|health_care_service|human_resources|information_technology|law|life_science|management_administration|marketing_advertising|mathematics_statistics|mechanics_electronics|media|medical_science|music|nature_outdoors|office_work|performing_arts|personal_service|physical_science|politics|professional_advising|protective_service|public_speaking|religious_activities|sales|social_science|social_service|teaching_education|transportation_machine_operation|visual_arts,0.0,0.0,0.0,0.0,0.0,0.0,0.0,0.0,0.0,0.0,0.0,0.0,0.0,1.0,0.0,0.0,0.0,0.0,0.0,0.0,0.0,0.0,0.0,0.0,0.0,0.0,0.0,0.0,2.0,0.0,0.0,0.0,0.0,0.0,0.0,0.0,0.0,0.0,0.0,0.0,0.0,1.65,1.03,1.1,2.55,1.0,1.06,2.6,1.28,1.0,2.07,1.13,1.1,1.53,3.99,1.56,1.14,1.8,1.87,1.43,1.36,2.22,1.71,1.33,1.11,1.62,1.87,1.37,1.72,3.2,1.9,1.11,1.24,1.35,2.22,1.06,1.1,1.87,1.29,2.51,1.19,2.73
25-4022.00,Librarians and Media Collections Specialists,humanities|teaching_education|office_work|accounting|agriculture|animal_service|applied_arts_and_design|athletics|business_initiatives|construction_woodwork|creative_writing|culinary_art|engineering|finance|health_care_service|human_resources|information_technology|law|life_science|management_administration|marketing_advertising|mathematics_statistics|mechanics_electronics|media|medical_science|music|nature_outdoors|performing_arts|personal_service|physical_science|physical_manual_labor|politics|professional_advising|protective_service|public_speaking|religious_activities|sales|social_science|social_service|transportation_machine_operation|visual_arts,0.0,0.0,0.0,0.0,0.0,0.0,0.0,0.0,0.0,0.0,0.0,0.0,0.0,3.0,0.0,0.0,0.0,0.0,0.0,0.0,0.0,0.0,0.0,0.0,0.0,1.0,0.0,0.0,0.0,0.0,0.0,0.0,0.0,0.0,0.0,0.0,0.0,0.0,2.0,0.0,0.0,2.1,1.0,1.0,1.55,1.06,1.4,1.0,1.59,1.0,1.17,1.47,1.26,2.47,3.69,2.94,1.36,1.48,3.43,1.72,1.67,1.47,2.8,1.42,1.49,1.0,4.75,1.26,3.5,1.3,1.35,1.26,2.84,1.08,3.06,1.04,1.29,2.84,2.55,4.09,1.16,1.53
25-4031.00,Library Technicians,personal_service|office_work|accounting|agriculture|animal_service|applied_arts_and_design|athletics|business_initiatives|construction_woodwork|creative_writing|culinary_art|engineering|finance|health_care_service|human_resources|humanities|information_technology|law|life_science|management_administration|marketing_advertising|mathematics_statistics|mechanics_electronics|media|medical_science|music|nature_outdoors|performing_arts|physical_science|physical_manual_labor|politics|professional_advising|protective_service|public_speaking|religious_activities|sales|social_science|social_service|teaching_education|transportation_machine_operation|visual_arts,0.0,0.0,0.0,0.0,0.0,0.0,0.0,0.0,0.0,0.0,0.0,0.0,0.0,0.0,0.0,0.0,0.0,0.0,0.0,0.0,0.0,0.0,0.0,0.0,0.0,1.0,0.0,2.0,0.0,0.0,0.0,0.0,0.0,0.0,0.0,0.0,0.0,0.0,0.0,0.0,0.0,1.72,1.0,1.0,1.32,1.0,1.04,1.09,1.21,1.0,1.12,1.13,1.03,1.89,2.48,2.24,1.11,1.03,1.93,1.32,1.2,1.53,1.54,1.05,1.07,1.0,4.89,1.07,3.18,2.16,1.0,1.0,1.63,1.12,1.75,1.0,1.14,1.81,2.0,2.54,1.33,1.2
25-9021.00,Farm and Home Management Educators,agriculture|social_service|public_speaking|professional_advising|teaching_education|accounting|animal_service|applied_arts_and_design|athletics|business_initiatives|construction_woodwork|creative_writing|culinary_art|engineering|finance|health_care_service|human_resources|humanities|information_technology|law|life_science|management_administration|marketing_advertising|mathematics_statistics|mechanics_electronics|media|medical_science|music|nature_outdoors|office_work|performing_arts|personal_service|physical_science|physical_manual_labor|politics|protective_service|religious_activities|sales|social_science|transportation_machine_operation|visual_arts,0.0,5.0,0.0,0.0,0.0,0.0,0.0,0.0,0.0,0.0,0.0,0.0,0.0,0.0,0.0,0.0,0.0,0.0,0.0,0.0,0.0,0.0,0.0,0.0,0.0,0.0,0.0,0.0,0.0,0.0,0.0,2.0,0.0,3.0,0.0,0.0,0.0,4.0,1.0,0.0,0.0,1.79,4.0,2.64,1.32,1.26,1.73,1.28,1.38,2.34,1.79,2.12,1.59,2.0,1.8,1.62,1.32,3.43,3.0,1.92,2.09,1.65,2.21,1.6,1.04,3.57,1.59,1.11,2.68,1.73,2.04,2.02,5.55,1.04,4.77,1.06,1.73,2.91,4.13,5.6,1.67,1.23
25-9031.00,Instructional Coordinators,public_speaking|management_administration|teaching_education|professional_advising|accounting|agriculture|animal_service|applied_arts_and_design|athletics|business_initiatives|construction_woodwork|creative_writing|culinary_art|engineering|finance|health_care_service|human_resources|humanities|information_technology|law|life_science|marketing_advertising|mathematics_statistics|mechanics_electronics|media|medical_science|music|nature_outdoors|office_work|performing_arts|personal_service|physical_science|physical_manual_labor|politics|protective_service|religious_activities|sales|social_science|social_service|transportation_machine_operation|visual_arts,0.0,0.0,0.0,0.0,0.0,0.0,0.0,0.0,0.0,0.0,0.0,0.0,0.0,0.0,0.0,0.0,0.0,3.0,0.0,0.0,0.0,0.0,0.0,0.0,0.0,0.0,0.0,0.0,0.0,0.0,0.0,1.0,0.0,4.0,0.0,0.0,0.0,0.0,2.0,0.0,0.0,1.48,1.0,1.02,1.76,1.2,2.09,1.0,1.75,1.23,1.26,1.47,1.49,3.42,3.14,2.6,1.8,1.54,4.53,2.14,1.94,1.32,2.41,1.42,1.21,1.04,2.53,1.33,1.91,1.0,1.4,2.19,5.66,1.23,4.45,1.23,1.71,3.74,3.92,5.64,1.0,1.58
25-9042.00,"Teaching Assistants, Preschool, Elementary, Middle, and Secondary School, Except Special Education",social_service|teaching_education|accounting|agriculture|animal_service|applied_arts_and_design|athletics|business_initiatives|construction_woodwork|creative_writing|culinary_art|engineering|finance|health_care_service|human_resources|humanities|information_technology|law|life_science|management_administration|marketing_advertising|mathematics_statistics|mechanics_electronics|media|medical_science|music|nature_outdoors|office_work|performing_arts|personal_service|physical_science|physical_manual_labor|politics|professional_advising|protective_service|public_speaking|religious_activities|sales|social_science|transportation_machine_operation|visual_arts,0.0,0.0,0.0,0.0,0.0,0.0,0.0,0.0,0.0,0.0,0.0,0.0,0.0,0.0,0.0,0.0,0.0,0.0,0.0,0.0,0.0,0.0,0.0,0.0,0.0,0.0,0.0,0.0,0.0,0.0,0.0,0.0,0.0,0.0,0.0,0.0,0.0,2.0,1.0,0.0,0.0,1.27,1.0,1.0,1.41,1.84,1.01,1.09,1.33,1.04,1.17,1.0,1.42,2.32,1.97,1.33,1.11,1.15,1.74,1.08,1.45,1.06,1.38,1.03,1.36,1.13,1.98,1.37,2.78,1.55,1.16,1.14,2.77,1.59,2.82,1.13,1.14,2.47,5.68,6.35,1.03,1.35
25-9043.00,"Teaching Assistants, Special Education",teaching_education|social_service|accounting|agriculture|animal_service|applied_arts_and_design|athletics|business_initiatives|construction_woodwork|creative_writing|culinary_art|engineering|finance|health_care_service|human_resources|humanities|information_technology|law|life_science|management_administration|marketing_advertising|mathematics_statistics|mechanics_electronics|media|medical_science|music|nature_outdoors|office_work|performing_arts|personal_service|physical_science|physical_manual_labor|politics|professional_advising|protective_service|public_speaking|religious_activities|sales|social_science|transportation_machine_operation|visual_arts,0.0,0.0,0.0,0.0,0.0,0.0,0.0,0.0,0.0,0.0,0.0,0.0,0.0,0.0,0.0,0.0,0.0,0.0,0.0,0.0,0.0,0.0,0.0,0.0,0.0,0.0,0.0,0.0,0.0,0.0,0.0,0.0,0.0,0.0,0.0,0.0,0.0,1.0,2.0,0.0,0.0,1.24,1.0,1.07,1.21,1.47,1.0,1.03,1.26,1.08,1.06,1.0,2.27,1.96,1.44,1.24,1.07,1.15,1.44,1.03,1.15,1.03,1.14,1.42,1.16,1.09,1.79,1.11,2.54,1.55,1.0,1.11,2.7,1.32,1.96,1.0,1.06,2.63,6.49,6.04,1.03,1.32
25-9044.00,"Teaching Assistants, Postsecondary",professional_advising|public_speaking|teaching_education|accounting|agriculture|animal_service|applied_arts_and_design|athletics|business_initiatives|construction_woodwork|creative_writing|culinary_art|engineering|finance|health_care_service|human_resources|humanities|information_technology|law|life_science|management_administration|marketing_advertising|mathematics_statistics|mechanics_electronics|media|medical_science|music|nature_outdoors|office_work|performing_arts|personal_service|physical_science|physical_manual_labor|politics|protective_service|religious_activities|sales|social_science|social_service|transportation_machine_operation|visual_arts,0.0,0.0,0.0,0.0,0.0,0.0,0.0,0.0,0.0,0.0,0.0,0.0,0.0,0.0,0.0,0.0,0.0,0.0,0.0,0.0,0.0,0.0,0.0,0.0,0.0,0.0,0.0,0.0,0.0,0.0,0.0,3.0,0.0,2.0,0.0,0.0,0.0,0.0,1.0,0.0,0.0,1.37,1.0,1.0,1.16,1.0,1.11,1.0,1.51,1.0,1.32,1.05,1.13,1.75,3.58,1.83,1.11,1.71,1.65,1.18,2.71,1.17,1.62,1.57,1.11,1.0,2.53,1.19,2.38,1.04,1.58,1.2,3.62,1.0,3.68,1.02,1.1,3.33,3.4,6.35,1.0,1.23
27-1011.00,Art Directors,management_administration|media|marketing_advertising|applied_arts_and_design|visual_arts|accounting|agriculture|animal_service|athletics|business_initiatives|construction_woodwork|creative_writing|culinary_art|engineering|finance|health_care_service|human_resources|humanities|information_technology|law|life_science|mathematics_statistics|mechanics_electronics|medical_science|music|nature_outdoors|office_work|performing_arts|personal_service|physical_science|physical_manual_labor|politics|professional_advising|protective_service|public_speaking|religious_activities|sales|social_science|social_service|teaching_education|transportation_machine_operation,0.0,0.0,0.0,2.0,0.0,0.0,0.0,0.0,0.0,0.0,0.0,0.0,0.0,0.0,0.0,0.0,0.0,5.0,3.0,0.0,0.0,4.0,0.0,0.0,0.0,0.0,0.0,0.0,0.0,0.0,0.0,0.0,0.0,0.0,0.0,0.0,0.0,0.0,0.0,0.0,1.0,1.41,1.0,1.0,6.62,1.0,2.86,1.12,1.99,1.27,1.14,1.67,1.03,1.93,1.71,2.01,1.22,1.0,4.81,6.24,1.23,1.11,6.22,1.0,1.57,1.04,1.54,1.94,1.75,1.08,1.0,1.47,1.73,1.0,3.39,1.0,2.57,1.32,1.11,1.42,1.0,6.69
27-1012.00,Craft Artists,physical_manual_labor|visual_arts|applied_arts_and_design|accounting|agriculture|animal_service|athletics|business_initiatives|construction_woodwork|creative_writing|culinary_art|engineering|finance|health_care_service|human_resources|humanities|information_technology|law|life_science|management_administration|marketing_advertising|mathematics_statistics|mechanics_electronics|media|medical_science|music|nature_outdoors|office_work|performing_arts|personal_service|physical_science|politics|professional_advising|protective_service|public_speaking|religious_activities|sales|social_science|social_service|teaching_education|transportation_machine_operation,0.0,0.0,0.0,1.0,0.0,0.0,0.0,0.0,0.0,0.0,0.0,0.0,0.0,0.0,0.0,0.0,0.0,0.0,0.0,0.0,0.0,0.0,0.0,0.0,0.0,0.0,0.0,0.0,3.0,0.0,0.0,0.0,0.0,0.0,0.0,0.0,0.0,0.0,0.0,0.0,2.0,1.1,1.04,1.0,6.67,1.0,1.46,3.31,1.49,1.42,1.63,1.18,1.0,1.11,1.74,1.05,1.0,1.0,1.65,2.56,1.18,1.74,1.6,1.0,1.07,1.2,1.22,1.39,2.07,4.29,1.14,1.0,1.12,1.0,1.84,1.06,2.53,1.03,1.1,1.36,1.26,5.47
27-1013.00,"Fine Artists, Including Painters, Sculptors, and Illustrators",applied_arts_and_design|visual_arts|accounting|agriculture|animal_service|athletics|business_initiatives|construction_woodwork|creative_writing|culinary_art|engineering|finance|health_care_service|human_resources|humanities|information_technology|law|life_science|management_administration|marketing_advertising|mathematics_statistics|mechanics_electronics|media|medical_science|music|nature_outdoors|office_work|performing_arts|personal_service|physical_science|physical_manual_labor|politics|professional_advising|protective_service|public_speaking|religious_activities|sales|social_science|social_service|teaching_education|transportation_machine_operation,0.0,0.0,0.0,2.0,0.0,0.0,0.0,0.0,0.0,0.0,0.0,0.0,0.0,0.0,0.0,0.0,0.0,0.0,0.0,0.0,0.0,0.0,0.0,0.0,0.0,0.0,0.0,0.0,0.0,0.0,0.0,0.0,0.0,0.0,0.0,0.0,0.0,0.0,0.0,0.0,1.0,1.17,1.03,1.05,6.81,1.03,1.35,1.73,1.56,1.27,1.23,1.1,1.0,1.14,2.1,1.62,1.11,1.15,1.41,2.73,1.47,1.2,2.15,1.0,1.26,1.49,1.19,1.77,1.81,2.26,1.1,1.2,1.14,1.0,1.81,1.11,1.76,1.24,1.1,1.75,1.06,7.0
27-1014.00,Special Effects Artists and Animators,information_technology|media|applied_arts_and_design|visual_arts|accounting|agriculture|animal_service|athletics|business_initiatives|construction_woodwork|creative_writing|culinary_art|engineering|finance|health_care_service|human_resources|humanities|law|life_science|management_administration|marketing_advertising|mathematics_statistics|mechanics_electronics|medical_science|music|nature_outdoors|office_work|performing_arts|personal_service|physical_science|physical_manual_labor|politics|professional_advising|protective_service|public_speaking|religious_activities|sales|social_science|social_service|teaching_education|transportation_machine_operation,0.0,0.0,0.0,2.0,0.0,0.0,0.0,0.0,0.0,0.0,0.0,0.0,0.0,0.0,4.0,0.0,0.0,0.0,0.0,0.0,0.0,3.0,0.0,0.0,0.0,0.0,0.0,0.0,0.0,0.0,0.0,0.0,0.0,0.0,0.0,0.0,0.0,0.0,0.0,0.0,1.0,1.27,1.0,1.0,6.53,1.11,1.33,1.18,1.87,1.0,2.57,1.23,1.0,1.18,1.77,4.63,1.04,1.08,1.81,2.97,1.91,1.96,6.03,1.08,1.59,1.09,1.33,3.32,1.33,1.08,1.42,1.14,1.12,1.0,1.51,1.0,1.27,1.21,1.06,1.33,1.0,6.85
27-1021.00,Commercial and Industrial Designers,engineering|visual_arts|applied_arts_and_design|accounting|agriculture|animal_service|athletics|business_initiatives|construction_woodwork|creative_writing|culinary_art|finance|health_care_service|human_resources|humanities|information_technology|law|life_science|management_administration|marketing_advertising|mathematics_statistics|mechanics_electronics|media|medical_science|music|nature_outdoors|office_work|performing_arts|personal_service|physical_science|physical_manual_labor|politics|professional_advising|protective_service|public_speaking|religious_activities|sales|social_science|social_service|teaching_education|transportation_machine_operation,0.0,0.0,0.0,1.0,0.0,0.0,0.0,0.0,0.0,3.0,0.0,0.0,0.0,0.0,0.0,0.0,0.0,0.0,0.0,0.0,0.0,0.0,0.0,0.0,0.0,0.0,0.0,0.0,0.0,0.0,0.0,0.0,0.0,0.0,0.0,0.0,0.0,0.0,0.0,0.0,2.0,1.41,1.03,1.0,6.67,1.0,1.91,2.7,1.62,1.23,5.03,1.15,1.06,1.32,1.64,2.33,1.07,1.23,2.22,3.0,2.41,3.14,1.88,1.31,1.11,1.09,1.54,1.42,1.3,1.45,2.16,1.17,1.21,1.0,2.55,1.0,1.95,1.58,1.1,1.51,1.4,5.29
27-1022.00,Fashion Designers,marketing_advertising|visual_arts|applied_arts_and_design|accounting|agriculture|animal_service|athletics|business_initiatives|construction_woodwork|creative_writing|culinary_art|engineering|finance|health_care_service|human_resources|humanities|information_technology|law|life_science|management_administration|mathematics_statistics|mechanics_electronics|media|medical_science|music|nature_outdoors|office_work|performing_arts|personal_service|physical_science|physical_manual_labor|politics|professional_advising|protective_service|public_speaking|religious_activities|sales|social_science|social_service|teaching_education|transportation_machine_operation,0.0,0.0,0.0,1.0,0.0,0.0,0.0,0.0,0.0,0.0,0.0,0.0,0.0,0.0,0.0,0.0,0.0,0.0,3.0,0.0,0.0,0.0,0.0,0.0,0.0,0.0,0.0,0.0,0.0,0.0,0.0,0.0,0.0,0.0,0.0,0.0,0.0,0.0,0.0,0.0,2.0,1.17,1.0,1.0,6.58,1.03,2.29,1.18,1.67,1.62,1.45,1.39,1.0,1.32,1.8,1.56,1.07,1.0,2.93,3.55,1.23,1.17,2.09,1.0,1.09,1.0,1.39,1.72,2.07,1.38,1.09,1.14,1.26,1.0,2.62,1.0,2.7,1.24,1.08,1.34,1.0,5.85
27-1023.00,Floral Designers,personal_service|visual_arts|applied_arts_and_design|accounting|agriculture|animal_service|athletics|business_initiatives|construction_woodwork|creative_writing|culinary_art|engineering|finance|health_care_service|human_resources|humanities|information_technology|law|life_science|management_administration|marketing_advertising|mathematics_statistics|mechanics_electronics|media|medical_science|music|nature_outdoors|office_work|performing_arts|physical_science|physical_manual_labor|politics|professional_advising|protective_service|public_speaking|religious_activities|sales|social_science|social_service|teaching_education|transportation_machine_operation,0.0,0.0,0.0,1.0,0.0,0.0,0.0,0.0,0.0,0.0,0.0,0.0,0.0,0.0,0.0,0.0,0.0,0.0,0.0,0.0,0.0,0.0,0.0,0.0,0.0,0.0,0.0,3.0,0.0,0.0,0.0,0.0,0.0,0.0,0.0,0.0,0.0,0.0,0.0,0.0,2.0,1.86,1.87,1.0,5.15,1.0,1.6,1.18,1.43,2.04,1.06,1.39,1.0,1.53,1.28,1.05,1.0,1.29,2.32,2.56,1.13,1.06,1.27,1.0,1.0,1.54,2.15,1.37,3.43,3.2,1.05,1.0,1.24,1.0,1.69,1.27,3.04,1.0,1.25,1.42,1.56,3.94
27-1024.00,Graphic Designers,media|applied_arts_and_design|visual_arts|accounting|agriculture|animal_service|athletics|business_initiatives|construction_woodwork|creative_writing|culinary_art|engineering|finance|health_care_service|human_resources|humanities|information_technology|law|life_science|management_administration|marketing_advertising|mathematics_statistics|mechanics_electronics|medical_science|music|nature_outdoors|office_work|performing_arts|personal_service|physical_science|physical_manual_labor|politics|professional_advising|protective_service|public_speaking|religious_activities|sales|social_science|social_service|teaching_education|transportation_machine_operation,0.0,0.0,0.0,2.0,0.0,0.0,0.0,0.0,0.0,0.0,0.0,0.0,0.0,0.0,0.0,0.0,0.0,0.0,0.0,0.0,0.0,3.0,0.0,0.0,0.0,0.0,0.0,0.0,0.0,0.0,0.0,0.0,0.0,0.0,0.0,0.0,0.0,0.0,0.0,0.0,1.0,1.13,1.0,1.0,6.58,1.03,1.51,1.06,1.78,1.27,1.29,1.15,1.0,1.32,1.8,2.56,1.0,1.0,2.0,3.69,1.36,1.26,4.95,1.05,1.11,1.0,1.71,1.51,1.52,1.08,1.03,1.29,1.19,1.0,1.81,1.06,1.9,1.24,1.08,1.39,1.0,6.69
27-1025.00,Interior Designers,visual_arts|applied_arts_and_design|accounting|agriculture|animal_service|athletics|business_initiatives|construction_woodwork|creative_writing|culinary_art|engineering|finance|health_care_service|human_resources|humanities|information_technology|law|life_science|management_administration|marketing_advertising|mathematics_statistics|mechanics_electronics|media|medical_science|music|nature_outdoors|office_work|performing_arts|personal_service|physical_science|physical_manual_labor|politics|professional_advising|protective_service|public_speaking|religious_activities|sales|social_science|social_service|teaching_education|transportation_machine_operation,0.0,0.0,0.0,1.0,0.0,0.0,0.0,0.0,0.0,0.0,0.0,0.0,0.0,0.0,0.0,0.0,0.0,0.0,0.0,0.0,0.0,0.0,0.0,0.0,0.0,0.0,0.0,0.0,0.0,0.0,0.0,0.0,0.0,0.0,0.0,0.0,0.0,0.0,0.0,0.0,2.0,1.58,1.0,1.0,6.62,1.0,1.65,2.92,1.56,1.27,2.44,1.42,1.19,1.53,1.77,2.2,1.29,1.0,2.69,2.53,1.53,1.59,1.85,1.05,1.09,1.17,1.74,1.42,2.79,1.47,1.22,1.23,2.03,1.2,2.28,1.06,2.47,1.58,1.35,1.48,1.06,5.16
27-1026.00,Merchandise Displayers and Window Trimmers,marketing_advertising|visual_arts|applied_arts_and_design|accounting|agriculture|animal_service|athletics|business_initiatives|construction_woodwork|creative_writing|culinary_art|engineering|finance|health_care_service|human_resources|humanities|information_technology|law|life_science|management_administration|mathematics_statistics|mechanics_electronics|media|medical_science|music|nature_outdoors|office_work|performing_arts|personal_service|physical_science|physical_manual_labor|politics|professional_advising|protective_service|public_speaking|religious_activities|sales|social_science|social_service|teaching_education|transportation_machine_operation,0.0,0.0,0.0,1.0,0.0,0.0,0.0,0.0,0.0,0.0,0.0,0.0,0.0,0.0,0.0,0.0,0.0,0.0,3.0,0.0,0.0,0.0,0.0,0.0,0.0,0.0,0.0,0.0,0.0,0.0,0.0,0.0,0.0,0.0,0.0,0.0,0.0,0.0,0.0,0.0,2.0,1.24,1.0,1.0,5.76,1.0,1.86,2.53,1.51,1.35,1.38,1.18,1.0,1.43,1.28,1.0,1.0,1.0,2.13,4.84,1.02,1.41,1.65,1.0,1.07,1.0,1.33,1.35,1.78,3.16,1.0,1.0,1.16,1.0,1.51,1.0,2.76,1.24,1.1,1.22,1.23,4.85
27-1027.00,Set and Exhibit Designers,performing_arts|media|visual_arts|applied_arts_and_design|accounting|agriculture|animal_service|athletics|business_initiatives|construction_woodwork|creative_writing|culinary_art|engineering|finance|health_care_service|human_resources|humanities|information_technology|law|life_science|management_administration|marketing_advertising|mathematics_statistics|mechanics_electronics|medical_science|music|nature_outdoors|office_work|personal_service|physical_science|physical_manual_labor|politics|professional_advising|protective_service|public_speaking|religious_activities|sales|social_science|social_service|teaching_education|transportation_machine_operation,0.0,0.0,0.0,1.0,0.0,0.0,0.0,0.0,0.0,0.0,0.0,0.0,0.0,0.0,0.0,0.0,0.0,0.0,0.0,0.0,0.0,3.0,0.0,0.0,0.0,0.0,4.0,0.0,0.0,0.0,0.0,0.0,0.0,0.0,0.0,0.0,0.0,0.0,0.0,0.0,2.0,1.3,1.0,1.07,7.0,1.06,1.42,2.88,1.54,1.31,1.88,1.34,1.0,1.28,3.8,1.59,1.04,1.15,2.59,2.24,1.56,1.5,5.66,1.03,1.65,1.2,1.5,5.35,1.52,1.99,1.2,1.14,1.16,1.0,1.9,1.06,1.31,1.49,1.11,1.48,1.13,6.39
27-2011.00,Actors,public_speaking|media|performing_arts|accounting|agriculture|animal_service|applied_arts_and_design|athletics|business_initiatives|construction_woodwork|creative_writing|culinary_art|engineering|finance|health_care_service|human_resources|humanities|information_technology|law|life_science|management_administration|marketing_advertising|mathematics_statistics|mechanics_electronics|medical_science|music|nature_outdoors|office_work|personal_service|physical_science|physical_manual_labor|politics|professional_advising|protective_service|religious_activities|sales|social_science|social_service|teaching_education|transportation_machine_operation|visual_arts,0.0,0.0,0.0,0.0,0.0,0.0,0.0,0.0,0.0,0.0,0.0,0.0,0.0,0.0,0.0,0.0,0.0,0.0,0.0,0.0,0.0,2.0,0.0,0.0,0.0,0.0,1.0,0.0,0.0,0.0,0.0,0.0,0.0,3.0,0.0,0.0,0.0,0.0,0.0,0.0,0.0,1.0,1.0,1.05,3.49,1.84,1.35,1.0,1.9,1.19,1.0,1.0,1.0,1.11,2.9,1.0,1.07,1.0,1.44,2.63,1.02,1.03,6.51,1.0,3.58,1.06,1.06,6.84,2.01,1.45,1.0,1.62,1.33,1.0,6.08,1.13,1.81,1.93,1.81,2.12,1.06,2.31
27-2012.00,Producers and Directors,visual_arts|management_administration|applied_arts_and_design|performing_arts|media|accounting|agriculture|animal_service|athletics|business_initiatives|construction_woodwork|creative_writing|culinary_art|engineering|finance|health_care_service|human_resources|humanities|information_technology|law|life_science|marketing_advertising|mathematics_statistics|mechanics_electronics|medical_science|music|nature_outdoors|office_work|personal_service|physical_science|physical_manual_labor|politics|professional_advising|protective_service|public_speaking|religious_activities|sales|social_science|social_service|teaching_education|transportation_machine_operation,0.0,0.0,0.0,3.0,0.0,0.0,0.0,0.0,0.0,0.0,0.0,0.0,0.0,0.0,0.0,0.0,0.0,4.0,0.0,0.0,0.0,1.0,0.0,0.0,0.0,0.0,2.0,0.0,0.0,0.0,0.0,0.0,0.0,0.0,0.0,0.0,0.0,0.0,0.0,0.0,5.0,1.44,1.0,1.07,5.67,1.32,3.3,1.09,3.65,1.27,1.23,1.67,1.06,1.89,2.9,2.04,1.47,1.08,5.09,3.25,1.23,1.35,6.85,1.05,3.0,1.13,1.57,6.04,1.85,1.12,1.07,1.68,1.61,1.04,3.53,1.11,1.84,1.75,1.27,1.99,1.16,4.72
27-2012.03,Media Programming Directors,marketing_advertising|management_administration|media|accounting|agriculture|animal_service|applied_arts_and_design|athletics|business_initiatives|construction_woodwork|creative_writing|culinary_art|engineering|finance|health_care_service|human_resources|humanities|information_technology|law|life_science|mathematics_statistics|mechanics_electronics|medical_science|music|nature_outdoors|office_work|performing_arts|personal_service|physical_science|physical_manual_labor|politics|professional_advising|protective_service|public_speaking|religious_activities|sales|social_science|social_service|teaching_education|transportation_machine_operation|visual_arts,0.0,0.0,0.0,0.0,0.0,0.0,0.0,0.0,0.0,0.0,0.0,0.0,0.0,0.0,0.0,0.0,0.0,2.0,3.0,0.0,0.0,1.0,0.0,0.0,0.0,0.0,0.0,0.0,0.0,0.0,0.0,0.0,0.0,0.0,0.0,0.0,0.0,0.0,0.0,0.0,0.0,1.62,1.0,1.0,2.62,1.81,2.0,1.0,2.32,1.15,1.38,1.56,1.0,2.98,2.03,2.3,1.87,1.0,6.24,4.04,1.65,1.44,6.51,1.0,3.0,1.0,2.34,2.42,1.75,1.1,1.02,2.09,1.78,1.12,3.6,1.02,2.13,1.81,1.33,1.87,1.0,2.03
27-2012.04,Talent Directors,management_administration|performing_arts|media|accounting|agriculture|animal_service|applied_arts_and_design|athletics|business_initiatives|construction_woodwork|creative_writing|culinary_art|engineering|finance|health_care_service|human_resources|humanities|information_technology|law|life_science|marketing_advertising|mathematics_statistics|mechanics_electronics|medical_science|music|nature_outdoors|office_work|personal_service|physical_science|physical_manual_labor|politics|professional_advising|protective_service|public_speaking|religious_activities|sales|social_science|social_service|teaching_education|transportation_machine_operation|visual_arts,0.0,0.0,0.0,0.0,0.0,0.0,0.0,0.0,0.0,0.0,0.0,0.0,0.0,0.0,0.0,0.0,0.0,3.0,0.0,0.0,0.0,1.0,0.0,0.0,0.0,0.0,2.0,0.0,0.0,0.0,0.0,0.0,0.0,0.0,0.0,0.0,0.0,0.0,0.0,0.0,0.0,1.3,1.0,1.0,3.46,1.06,2.68,1.0,1.67,1.15,1.0,1.39,1.0,2.94,2.14,1.11,1.44,1.0,4.57,2.83,1.02,1.0,5.98,1.0,2.08,1.0,1.79,5.16,2.68,1.0,1.0,1.32,3.03,1.0,2.51,1.0,2.37,1.75,1.75,1.96,1.0,2.18
27-2012.05,Media Technical Directors/Managers,mechanics_electronics|management_administration|media|accounting|agriculture|animal_service|applied_arts_and_design|athletics|business_initiatives|construction_woodwork|creative_writing|culinary_art|engineering|finance|health_care_service|human_resources|humanities|information_technology|law|life_science|marketing_advertising|mathematics_statistics|medical_science|music|nature_outdoors|office_work|performing_arts|personal_service|physical_science|physical_manual_labor|politics|professional_advising|protective_service|public_speaking|religious_activities|sales|social_science|social_service|teaching_education|transportation_machine_operation|visual_arts,0.0,0.0,0.0,0.0,0.0,0.0,0.0,0.0,0.0,0.0,0.0,0.0,0.0,0.0,0.0,0.0,0.0,2.0,0.0,0.0,3.0,1.0,0.0,0.0,0.0,0.0,0.0,0.0,0.0,0.0,0.0,0.0,0.0,0.0,0.0,0.0,0.0,0.0,0.0,0.0,0.0,1.62,1.0,1.0,2.48,1.2,2.11,1.03,1.51,1.0,2.71,1.39,1.0,2.14,1.51,3.26,1.25,1.0,5.3,2.17,1.5,3.8,6.08,1.0,1.85,1.04,1.84,2.05,1.46,1.5,1.16,1.56,1.47,1.04,1.96,1.0,1.4,1.4,1.1,1.99,1.36,2.27
27-2021.00,Athletes and Sports Competitors,public_speaking|physical_manual_labor|athletics|accounting|agriculture|animal_service|applied_arts_and_design|business_initiatives|construction_woodwork|creative_writing|culinary_art|engineering|finance|health_care_service|human_resources|humanities|information_technology|law|life_science|management_administration|marketing_advertising|mathematics_statistics|mechanics_electronics|media|medical_science|music|nature_outdoors|office_work|performing_arts|personal_service|physical_science|politics|professional_advising|protective_service|religious_activities|sales|social_science|social_service|teaching_education|transportation_machine_operation|visual_arts,0.0,0.0,0.0,0.0,1.0,0.0,0.0,0.0,0.0,0.0,0.0,0.0,0.0,0.0,0.0,0.0,0.0,0.0,0.0,0.0,0.0,0.0,0.0,0.0,0.0,0.0,0.0,0.0,2.0,0.0,0.0,0.0,0.0,3.0,0.0,0.0,0.0,0.0,0.0,0.0,0.0,1.13,1.0,1.0,1.19,6.87,1.97,1.03,1.18,1.15,1.17,1.23,1.46,2.0,1.09,1.05,1.14,1.05,2.45,2.97,1.31,1.41,2.37,1.11,1.14,1.46,1.08,1.39,2.01,4.98,1.03,1.59,1.68,1.2,3.68,1.04,2.41,1.26,1.6,2.22,1.83,1.13
27-2022.00,Coaches and Scouts,public_speaking|management_administration|professional_advising|teaching_education|athletics|accounting|agriculture|animal_service|applied_arts_and_design|business_initiatives|construction_woodwork|creative_writing|culinary_art|engineering|finance|health_care_service|human_resources|humanities|information_technology|law|life_science|marketing_advertising|mathematics_statistics|mechanics_electronics|media|medical_science|music|nature_outdoors|office_work|performing_arts|personal_service|physical_science|physical_manual_labor|politics|protective_service|religious_activities|sales|social_science|social_service|transportation_machine_operation|visual_arts,0.0,0.0,0.0,0.0,1.0,0.0,0.0,0.0,0.0,0.0,0.0,0.0,0.0,0.0,0.0,0.0,0.0,4.0,0.0,0.0,0.0,0.0,0.0,0.0,0.0,0.0,0.0,0.0,0.0,0.0,0.0,3.0,0.0,5.0,0.0,0.0,0.0,0.0,2.0,0.0,0.0,1.2,1.0,1.02,1.16,6.78,1.94,1.0,1.14,1.12,1.17,1.23,1.52,3.79,1.25,1.3,1.18,1.21,4.22,2.08,1.42,1.2,2.09,1.11,1.09,1.37,1.5,1.22,2.82,2.04,1.07,1.29,5.07,1.44,4.21,1.13,1.81,2.08,3.93,5.47,1.26,1.13
27-2023.00,"Umpires, Referees, and Other Sports Officials",public_speaking|athletics|accounting|agriculture|animal_service|applied_arts_and_design|business_initiatives|construction_woodwork|creative_writing|culinary_art|engineering|finance|health_care_service|human_resources|humanities|information_technology|law|life_science|management_administration|marketing_advertising|mathematics_statistics|mechanics_electronics|media|medical_science|music|nature_outdoors|office_work|performing_arts|personal_service|physical_science|physical_manual_labor|politics|professional_advising|protective_service|religious_activities|sales|social_science|social_service|teaching_education|transportation_machine_operation|visual_arts,0.0,0.0,0.0,0.0,1.0,0.0,0.0,0.0,0.0,0.0,0.0,0.0,0.0,0.0,0.0,0.0,0.0,0.0,0.0,0.0,0.0,0.0,0.0,0.0,0.0,0.0,0.0,0.0,0.0,0.0,0.0,0.0,0.0,2.0,0.0,0.0,0.0,0.0,0.0,0.0,0.0,1.34,1.0,1.05,1.0,6.78,1.25,1.0,1.07,1.0,1.09,1.05,1.13,1.96,1.16,1.16,1.88,1.0,2.79,1.15,1.15,1.11,1.27,1.0,1.0,1.27,1.21,1.17,1.88,1.93,1.0,1.17,1.61,2.6,3.21,1.0,1.24,1.24,1.35,2.61,1.06,1.0
27-2031.00,Dancers,athletics|music|performing_arts|accounting|agriculture|animal_service|applied_arts_and_design|business_initiatives|construction_woodwork|creative_writing|culinary_art|engineering|finance|health_care_service|human_resources|humanities|information_technology|law|life_science|management_administration|marketing_advertising|mathematics_statistics|mechanics_electronics|media|medical_science|nature_outdoors|office_work|personal_service|physical_science|physical_manual_labor|politics|professional_advising|protective_service|public_speaking|religious_activities|sales|social_science|social_service|teaching_education|transportation_machine_operation|visual_arts,0.0,0.0,0.0,0.0,3.0,0.0,0.0,0.0,0.0,0.0,0.0,0.0,0.0,0.0,0.0,0.0,0.0,0.0,0.0,0.0,0.0,0.0,0.0,2.0,0.0,0.0,1.0,0.0,0.0,0.0,0.0,0.0,0.0,0.0,0.0,0.0,0.0,0.0,0.0,0.0,0.0,1.0,1.0,1.0,3.42,4.11,1.06,1.0,1.18,1.08,1.09,1.0,1.03,1.18,1.94,1.0,1.0,1.03,1.23,1.57,1.05,1.03,2.31,1.03,4.79,1.0,1.06,6.84,1.72,2.48,1.0,1.0,1.27,1.0,1.75,1.06,1.16,1.16,1.35,1.96,1.0,2.03
27-2032.00,Choreographers,teaching_education|applied_arts_and_design|music|performing_arts|accounting|agriculture|animal_service|athletics|business_initiatives|construction_woodwork|creative_writing|culinary_art|engineering|finance|health_care_service|human_resources|humanities|information_technology|law|life_science|management_administration|marketing_advertising|mathematics_statistics|mechanics_electronics|media|medical_science|nature_outdoors|office_work|personal_service|physical_science|physical_manual_labor|politics|professional_advising|protective_service|public_speaking|religious_activities|sales|social_science|social_service|transportation_machine_operation|visual_arts,0.0,0.0,0.0,3.0,0.0,0.0,0.0,0.0,0.0,0.0,0.0,0.0,0.0,0.0,0.0,0.0,0.0,0.0,0.0,0.0,0.0,0.0,0.0,2.0,0.0,0.0,1.0,0.0,0.0,0.0,0.0,0.0,0.0,0.0,0.0,0.0,0.0,0.0,4.0,0.0,0.0,1.03,1.0,1.0,4.69,3.62,1.4,1.0,1.7,1.19,1.03,1.1,1.1,1.78,2.37,1.05,1.0,1.05,2.93,1.83,1.18,1.03,2.34,1.0,4.74,1.0,1.16,7.0,2.37,1.5,1.02,1.14,2.73,1.0,2.72,1.04,1.43,1.58,1.83,4.69,1.0,3.7
27-2041.00,Music Directors and Composers,management_administration|media|public_speaking|applied_arts_and_design|performing_arts|music|accounting|agriculture|animal_service|athletics|business_initiatives|construction_woodwork|creative_writing|culinary_art|engineering|finance|health_care_service|human_resources|humanities|information_technology|law|life_science|marketing_advertising|mathematics_statistics|mechanics_electronics|medical_science|nature_outdoors|office_work|personal_service|physical_science|physical_manual_labor|politics|professional_advising|protective_service|religious_activities|sales|social_science|social_service|teaching_education|transportation_machine_operation|visual_arts,0.0,0.0,0.0,3.0,0.0,0.0,0.0,0.0,0.0,0.0,0.0,0.0,0.0,0.0,0.0,0.0,0.0,6.0,0.0,0.0,0.0,5.0,0.0,1.0,0.0,0.0,2.0,0.0,0.0,0.0,0.0,0.0,0.0,4.0,0.0,0.0,0.0,0.0,0.0,0.0,0.0,1.27,1.0,1.0,4.37,1.11,2.3,1.0,2.39,1.31,1.03,1.47,1.0,1.6,3.51,1.47,1.07,1.0,4.22,2.21,1.62,1.17,4.33,1.0,7.0,1.0,1.45,6.04,2.07,1.08,1.05,1.17,1.76,1.0,4.37,1.82,1.6,1.24,1.27,3.2,1.0,1.66
27-2042.00,Musicians and Singers,public_speaking|media|performing_arts|music|accounting|agriculture|animal_service|applied_arts_and_design|athletics|business_initiatives|construction_woodwork|creative_writing|culinary_art|engineering|finance|health_care_service|human_resources|humanities|information_technology|law|life_science|management_administration|marketing_advertising|mathematics_statistics|mechanics_electronics|medical_science|nature_outdoors|office_work|personal_service|physical_science|physical_manual_labor|politics|professional_advising|protective_service|religious_activities|sales|social_science|social_service|teaching_education|transportation_machine_operation|visual_arts,0.0,0.0,0.0,0.0,0.0,0.0,0.0,0.0,0.0,0.0,0.0,0.0,0.0,0.0,0.0,0.0,0.0,0.0,0.0,0.0,0.0,3.0,0.0,1.0,0.0,0.0,2.0,0.0,0.0,0.0,0.0,0.0,0.0,4.0,0.0,0.0,0.0,0.0,0.0,0.0,0.0,1.0,1.0,1.0,2.58,1.38,1.4,1.0,2.02,1.12,1.06,1.1,1.0,1.32,2.37,1.08,1.0,1.0,1.62,2.6,1.15,1.08,4.58,1.0,7.0,1.09,1.06,6.57,1.78,1.28,1.0,1.29,1.39,1.0,4.37,1.32,2.07,1.24,1.39,2.25,1.06,1.5
27-2091.00,"Disc Jockeys, Except Radio",media|public_speaking|music|accounting|agriculture|animal_service|applied_arts_and_design|athletics|business_initiatives|construction_woodwork|creative_writing|culinary_art|engineering|finance|health_care_service|human_resources|humanities|information_technology|law|life_science|management_administration|marketing_advertising|mathematics_statistics|mechanics_electronics|medical_science|nature_outdoors|office_work|performing_arts|personal_service|physical_science|physical_manual_labor|politics|professional_advising|protective_service|religious_activities|sales|social_science|social_service|teaching_education|transportation_machine_operation|visual_arts,0.0,0.0,0.0,0.0,0.0,0.0,0.0,0.0,0.0,0.0,0.0,0.0,0.0,0.0,0.0,0.0,0.0,0.0,0.0,0.0,0.0,3.0,0.0,1.0,0.0,0.0,0.0,0.0,0.0,0.0,0.0,0.0,0.0,2.0,0.0,0.0,0.0,0.0,0.0,0.0,0.0,1.51,1.0,1.0,3.35,1.14,1.65,1.0,1.54,1.12,1.29,1.2,1.0,1.28,1.35,1.5,1.11,1.0,2.0,2.56,1.13,1.65,4.01,1.0,5.54,1.0,1.37,3.98,3.91,1.57,1.03,1.03,1.13,1.0,4.33,1.02,2.25,1.13,1.27,1.48,1.13,1.8
27-3011.00,Broadcast Announcers and Radio Disc Jockeys,performing_arts|public_speaking|media|accounting|agriculture|animal_service|applied_arts_and_design|athletics|business_initiatives|construction_woodwork|creative_writing|culinary_art|engineering|finance|health_care_service|human_resources|humanities|information_technology|law|life_science|management_administration|marketing_advertising|mathematics_statistics|mechanics_electronics|medical_science|music|nature_outdoors|office_work|personal_service|physical_science|physical_manual_labor|politics|professional_advising|protective_service|religious_activities|sales|social_science|social_service|teaching_education|transportation_machine_operation|visual_arts,0.0,0.0,0.0,0.0,0.0,0.0,0.0,0.0,0.0,0.0,0.0,0.0,0.0,0.0,0.0,0.0,0.0,0.0,0.0,0.0,0.0,1.0,0.0,0.0,0.0,0.0,3.0,0.0,0.0,0.0,0.0,0.0,0.0,2.0,0.0,0.0,0.0,0.0,0.0,0.0,0.0,1.2,1.0,1.0,2.42,2.06,1.73,1.0,3.76,1.0,1.17,1.2,1.0,1.35,2.17,1.89,1.18,1.0,2.13,3.89,1.13,1.38,6.85,1.03,3.41,1.0,1.54,4.27,2.28,1.12,1.0,2.02,1.49,1.0,6.35,1.18,2.1,1.6,1.55,2.02,1.0,1.58
27-3023.00,"News Analysts, Reporters, and Journalists",politics|creative_writing|public_speaking|media|accounting|agriculture|animal_service|applied_arts_and_design|athletics|business_initiatives|construction_woodwork|culinary_art|engineering|finance|health_care_service|human_resources|humanities|information_technology|law|life_science|management_administration|marketing_advertising|mathematics_statistics|mechanics_electronics|medical_science|music|nature_outdoors|office_work|performing_arts|personal_service|physical_science|physical_manual_labor|professional_advising|protective_service|religious_activities|sales|social_science|social_service|teaching_education|transportation_machine_operation|visual_arts,0.0,0.0,0.0,0.0,0.0,0.0,0.0,3.0,0.0,0.0,0.0,0.0,0.0,0.0,0.0,0.0,0.0,0.0,0.0,0.0,0.0,1.0,0.0,0.0,0.0,0.0,0.0,0.0,0.0,0.0,4.0,0.0,0.0,2.0,0.0,0.0,0.0,0.0,0.0,0.0,0.0,1.24,1.09,1.07,2.32,1.56,1.49,1.0,4.82,1.19,1.17,1.53,1.36,1.28,3.91,2.27,2.83,1.54,2.26,2.08,1.62,1.17,6.85,1.93,1.16,1.24,1.66,2.05,1.49,1.12,1.44,4.17,1.31,1.55,5.91,1.3,1.63,3.01,1.55,1.78,1.19,2.21
27-3031.00,Public Relations Specialists,creative_writing|management_administration|politics|media|public_speaking|marketing_advertising|accounting|agriculture|animal_service|applied_arts_and_design|athletics|business_initiatives|construction_woodwork|culinary_art|engineering|finance|health_care_service|human_resources|humanities|information_technology|law|life_science|mathematics_statistics|mechanics_electronics|medical_science|music|nature_outdoors|office_work|performing_arts|personal_service|physical_science|physical_manual_labor|professional_advising|protective_service|religious_activities|sales|social_science|social_service|teaching_education|transportation_machine_operation|visual_arts,0.0,0.0,0.0,0.0,0.0,0.0,0.0,6.0,0.0,0.0,0.0,0.0,0.0,0.0,0.0,0.0,0.0,5.0,1.0,0.0,0.0,3.0,0.0,0.0,0.0,0.0,0.0,0.0,0.0,0.0,4.0,0.0,0.0,2.0,0.0,0.0,0.0,0.0,0.0,0.0,0.0,1.44,1.03,1.15,2.58,1.29,3.94,1.0,4.03,1.19,1.0,1.64,1.56,2.03,2.07,1.8,1.73,1.21,4.07,6.67,1.39,1.0,5.53,1.22,1.19,1.17,2.4,2.0,2.17,1.0,1.09,4.14,2.27,1.2,5.78,1.13,3.15,2.67,2.03,2.22,1.0,2.5
27-3041.00,Editors,management_administration|creative_writing|media|accounting|agriculture|animal_service|applied_arts_and_design|athletics|business_initiatives|construction_woodwork|culinary_art|engineering|finance|health_care_service|human_resources|humanities|information_technology|law|life_science|marketing_advertising|mathematics_statistics|mechanics_electronics|medical_science|music|nature_outdoors|office_work|performing_arts|personal_service|physical_science|physical_manual_labor|politics|professional_advising|protective_service|public_speaking|religious_activities|sales|social_science|social_service|teaching_education|transportation_machine_operation|visual_arts,0.0,0.0,0.0,0.0,0.0,0.0,0.0,2.0,0.0,0.0,0.0,0.0,0.0,0.0,0.0,0.0,0.0,3.0,0.0,0.0,0.0,1.0,0.0,0.0,0.0,0.0,0.0,0.0,0.0,0.0,0.0,0.0,0.0,0.0,0.0,0.0,0.0,0.0,0.0,0.0,0.0,1.62,1.0,1.0,2.61,1.23,2.05,1.0,5.91,1.08,1.03,1.36,1.13,1.89,3.47,2.05,1.48,1.15,4.57,2.7,1.37,1.0,6.36,1.11,1.14,1.0,3.58,1.74,1.4,1.0,1.07,2.52,1.73,1.04,2.0,1.06,1.4,1.75,1.17,1.87,1.0,2.31
27-3042.00,Technical Writers,media|information_technology|office_work|accounting|agriculture|animal_service|applied_arts_and_design|athletics|business_initiatives|construction_woodwork|creative_writing|culinary_art|engineering|finance|health_care_service|human_resources|humanities|law|life_science|management_administration|marketing_advertising|mathematics_statistics|mechanics_electronics|medical_science|music|nature_outdoors|performing_arts|personal_service|physical_science|physical_manual_labor|politics|professional_advising|protective_service|public_speaking|religious_activities|sales|social_science|social_service|teaching_education|transportation_machine_operation|visual_arts,0.0,0.0,0.0,0.0,0.0,0.0,0.0,0.0,0.0,0.0,0.0,0.0,0.0,0.0,2.0,0.0,0.0,0.0,0.0,0.0,0.0,3.0,0.0,0.0,0.0,1.0,0.0,0.0,0.0,0.0,0.0,0.0,0.0,0.0,0.0,0.0,0.0,0.0,0.0,0.0,0.0,1.75,1.04,1.0,2.65,1.0,1.14,1.12,2.92,1.15,2.74,1.23,1.33,1.71,2.14,3.44,1.29,1.68,1.96,1.69,1.73,1.93,3.3,1.42,1.07,1.13,4.46,1.26,1.15,1.06,1.95,1.2,1.19,1.12,1.48,1.0,1.12,1.52,1.08,1.78,1.06,2.73
27-3043.00,Writers and Authors,humanities|media|marketing_advertising|creative_writing|accounting|agriculture|animal_service|applied_arts_and_design|athletics|business_initiatives|construction_woodwork|culinary_art|engineering|finance|health_care_service|human_resources|information_technology|law|life_science|management_administration|mathematics_statistics|mechanics_electronics|medical_science|music|nature_outdoors|office_work|performing_arts|personal_service|physical_science|physical_manual_labor|politics|professional_advising|protective_service|public_speaking|religious_activities|sales|social_science|social_service|teaching_education|transportation_machine_operation|visual_arts,0.0,0.0,0.0,0.0,0.0,0.0,0.0,1.0,0.0,0.0,0.0,0.0,0.0,4.0,0.0,0.0,0.0,0.0,2.0,0.0,0.0,3.0,0.0,0.0,0.0,0.0,0.0,0.0,0.0,0.0,0.0,0.0,0.0,0.0,0.0,0.0,0.0,0.0,0.0,0.0,0.0,1.03,1.01,1.02,3.9,1.11,1.4,1.0,6.8,1.19,1.0,1.42,1.19,1.21,5.67,1.71,1.36,1.13,2.12,6.34,1.2,1.0,5.98,1.11,1.19,1.11,1.52,2.17,1.52,1.0,1.0,1.68,1.37,1.0,2.85,1.11,3.12,1.78,1.17,1.42,1.0,1.97
27-3043.05,"Poets, Lyricists and Creative Writers",media|humanities|creative_writing|accounting|agriculture|animal_service|applied_arts_and_design|athletics|business_initiatives|construction_woodwork|culinary_art|engineering|finance|health_care_service|human_resources|information_technology|law|life_science|management_administration|marketing_advertising|mathematics_statistics|mechanics_electronics|medical_science|music|nature_outdoors|office_work|performing_arts|personal_service|physical_science|physical_manual_labor|politics|professional_advising|protective_service|public_speaking|religious_activities|sales|social_science|social_service|teaching_education|transportation_machine_operation|visual_arts,0.0,0.0,0.0,0.0,0.0,0.0,0.0,1.0,0.0,0.0,0.0,0.0,0.0,2.0,0.0,0.0,0.0,0.0,0.0,0.0,0.0,3.0,0.0,0.0,0.0,0.0,0.0,0.0,0.0,0.0,0.0,0.0,0.0,0.0,0.0,0.0,0.0,0.0,0.0,0.0,0.0,1.2,1.0,1.02,2.78,1.06,1.27,1.0,7.0,1.15,1.0,1.0,1.06,1.18,6.16,1.33,1.25,1.18,1.68,2.27,1.13,1.0,5.39,1.16,3.25,1.13,1.33,3.28,1.3,1.0,1.07,1.77,1.27,1.0,2.85,1.3,1.55,1.87,1.29,1.72,1.0,1.69
27-3091.00,Interpreters and Translators,law|health_care_service|humanities|accounting|agriculture|animal_service|applied_arts_and_design|athletics|business_initiatives|construction_woodwork|creative_writing|culinary_art|engineering|finance|human_resources|information_technology|life_science|management_administration|marketing_advertising|mathematics_statistics|mechanics_electronics|media|medical_science|music|nature_outdoors|office_work|performing_arts|personal_service|physical_science|physical_manual_labor|politics|professional_advising|protective_service|public_speaking|religious_activities|sales|social_science|social_service|teaching_education|transportation_machine_operation|visual_arts,0.0,0.0,0.0,0.0,0.0,0.0,0.0,0.0,0.0,0.0,0.0,2.0,0.0,1.0,0.0,3.0,0.0,0.0,0.0,0.0,0.0,0.0,0.0,0.0,0.0,0.0,0.0,0.0,0.0,0.0,0.0,0.0,0.0,0.0,0.0,0.0,0.0,0.0,0.0,0.0,0.0,1.2,1.01,1.07,1.85,1.09,1.14,1.0,1.93,1.15,1.03,1.15,3.48,1.75,5.33,1.59,3.38,1.43,1.38,1.32,1.23,1.0,2.0,1.93,1.16,1.0,2.28,1.74,2.72,1.0,1.09,1.68,1.37,1.55,2.03,1.42,1.1,2.27,2.58,2.12,1.0,1.2
27-3092.00,Court Reporters and Simultaneous Captioners,office_work|law|accounting|agriculture|animal_service|applied_arts_and_design|athletics|business_initiatives|construction_woodwork|creative_writing|culinary_art|engineering|finance|health_care_service|human_resources|humanities|information_technology|life_science|management_administration|marketing_advertising|mathematics_statistics|mechanics_electronics|media|medical_science|music|nature_outdoors|performing_arts|personal_service|physical_science|physical_manual_labor|politics|professional_advising|protective_service|public_speaking|religious_activities|sales|social_science|social_service|teaching_education|transportation_machine_operation|visual_arts,0.0,0.0,0.0,0.0,0.0,0.0,0.0,0.0,0.0,0.0,0.0,0.0,0.0,0.0,0.0,1.0,0.0,0.0,0.0,0.0,0.0,0.0,0.0,0.0,0.0,2.0,0.0,0.0,0.0,0.0,0.0,0.0,0.0,0.0,0.0,0.0,0.0,0.0,0.0,0.0,0.0,1.51,1.0,1.0,1.1,1.0,1.07,1.0,1.21,1.0,1.09,1.02,1.03,1.28,1.57,2.53,3.94,1.0,1.59,1.03,1.13,1.32,1.97,1.0,1.11,1.0,3.7,1.13,1.49,1.04,1.0,1.56,1.07,1.39,1.36,1.0,1.06,1.46,1.21,1.16,1.0,1.09
27-4011.00,Audio and Video Technicians,music|media|mechanics_electronics|accounting|agriculture|animal_service|applied_arts_and_design|athletics|business_initiatives|construction_woodwork|creative_writing|culinary_art|engineering|finance|health_care_service|human_resources|humanities|information_technology|law|life_science|management_administration|marketing_advertising|mathematics_statistics|medical_science|nature_outdoors|office_work|performing_arts|personal_service|physical_science|physical_manual_labor|politics|professional_advising|protective_service|public_speaking|religious_activities|sales|social_science|social_service|teaching_education|transportation_machine_operation|visual_arts,0.0,0.0,0.0,0.0,0.0,0.0,0.0,0.0,0.0,0.0,0.0,0.0,0.0,0.0,0.0,0.0,0.0,0.0,0.0,0.0,1.0,2.0,0.0,3.0,0.0,0.0,0.0,0.0,0.0,0.0,0.0,0.0,0.0,0.0,0.0,0.0,0.0,0.0,0.0,0.0,0.0,1.2,1.0,1.0,2.29,2.03,1.14,1.22,1.41,1.0,3.38,1.1,1.16,1.39,1.57,3.4,1.0,1.0,1.84,1.69,1.42,5.55,5.31,1.0,3.62,1.09,1.52,2.95,1.71,2.81,1.22,1.26,1.17,1.23,1.69,1.2,1.18,1.21,1.1,1.66,1.46,2.12
27-4012.00,Broadcast Technicians,engineering|media|mechanics_electronics|accounting|agriculture|animal_service|applied_arts_and_design|athletics|business_initiatives|construction_woodwork|creative_writing|culinary_art|finance|health_care_service|human_resources|humanities|information_technology|law|life_science|management_administration|marketing_advertising|mathematics_statistics|medical_science|music|nature_outdoors|office_work|performing_arts|personal_service|physical_science|physical_manual_labor|politics|professional_advising|protective_service|public_speaking|religious_activities|sales|social_science|social_service|teaching_education|transportation_machine_operation|visual_arts,0.0,0.0,0.0,0.0,0.0,0.0,0.0,0.0,0.0,3.0,0.0,0.0,0.0,0.0,0.0,0.0,0.0,0.0,0.0,0.0,1.0,2.0,0.0,0.0,0.0,0.0,0.0,0.0,0.0,0.0,0.0,0.0,0.0,0.0,0.0,0.0,0.0,0.0,0.0,0.0,0.0,1.2,1.0,1.0,1.49,1.14,1.11,1.15,1.21,1.0,4.05,1.02,1.0,1.25,1.19,3.92,1.07,1.0,1.44,1.4,1.56,5.63,4.74,1.0,1.9,1.0,1.66,1.4,1.21,2.02,1.39,1.14,1.03,1.04,1.3,1.0,1.0,1.1,1.08,1.16,1.3,1.37
27-4014.00,Sound Engineering Technicians,performing_arts|mechanics_electronics|media|accounting|agriculture|animal_service|applied_arts_and_design|athletics|business_initiatives|construction_woodwork|creative_writing|culinary_art|engineering|finance|health_care_service|human_resources|humanities|information_technology|law|life_science|management_administration|marketing_advertising|mathematics_statistics|medical_science|music|nature_outdoors|office_work|personal_service|physical_science|physical_manual_labor|politics|professional_advising|protective_service|public_speaking|religious_activities|sales|social_science|social_service|teaching_education|transportation_machine_operation|visual_arts,0.0,0.0,0.0,0.0,0.0,0.0,0.0,0.0,0.0,0.0,0.0,0.0,0.0,0.0,0.0,0.0,0.0,0.0,0.0,0.0,2.0,1.0,0.0,0.0,0.0,0.0,3.0,0.0,0.0,0.0,0.0,0.0,0.0,0.0,0.0,0.0,0.0,0.0,0.0,0.0,0.0,1.34,1.0,1.0,3.83,1.75,1.12,1.06,1.49,1.08,3.53,1.07,1.0,1.25,1.7,2.73,1.0,1.0,1.53,1.57,1.59,4.61,6.12,1.0,3.69,1.02,1.54,3.86,1.56,2.05,1.46,1.06,1.12,1.0,1.54,1.06,1.16,1.24,1.1,1.42,1.3,1.97
27-4015.00,Lighting Technicians,media|physical_manual_labor|mechanics_electronics|accounting|agriculture|animal_service|applied_arts_and_design|athletics|business_initiatives|construction_woodwork|creative_writing|culinary_art|engineering|finance|health_care_service|human_resources|humanities|information_technology|law|life_science|management_administration|marketing_advertising|mathematics_statistics|medical_science|music|nature_outdoors|office_work|performing_arts|personal_service|physical_science|politics|professional_advising|protective_service|public_speaking|religious_activities|sales|social_science|social_service|teaching_education|transportation_machine_operation|visual_arts,0.0,0.0,0.0,0.0,0.0,0.0,0.0,0.0,0.0,0.0,0.0,0.0,0.0,0.0,0.0,0.0,0.0,0.0,0.0,0.0,1.0,3.0,0.0,0.0,0.0,0.0,0.0,0.0,2.0,0.0,0.0,0.0,0.0,0.0,0.0,0.0,0.0,0.0,0.0,0.0,0.0,1.17,1.0,1.0,2.13,1.09,1.01,1.41,1.0,1.0,3.06,1.0,1.0,1.0,1.06,1.41,1.0,1.0,1.32,1.15,1.18,5.38,4.58,1.0,2.27,1.0,1.08,3.32,1.18,5.25,1.26,1.0,1.01,1.04,1.08,1.0,1.0,1.0,1.0,1.14,1.7,1.86
27-4021.00,Photographers,media|applied_arts_and_design|visual_arts|accounting|agriculture|animal_service|athletics|business_initiatives|construction_woodwork|creative_writing|culinary_art|engineering|finance|health_care_service|human_resources|humanities|information_technology|law|life_science|management_administration|marketing_advertising|mathematics_statistics|mechanics_electronics|medical_science|music|nature_outdoors|office_work|performing_arts|personal_service|physical_science|physical_manual_labor|politics|professional_advising|protective_service|public_speaking|religious_activities|sales|social_science|social_service|teaching_education|transportation_machine_operation,0.0,0.0,0.0,2.0,0.0,0.0,0.0,0.0,0.0,0.0,0.0,0.0,0.0,0.0,0.0,0.0,0.0,0.0,0.0,0.0,0.0,3.0,0.0,0.0,0.0,0.0,0.0,0.0,0.0,0.0,0.0,0.0,0.0,0.0,0.0,0.0,0.0,0.0,0.0,0.0,1.0,1.41,1.16,1.15,5.71,1.56,1.38,1.0,1.51,1.39,1.69,1.2,1.03,1.32,1.97,2.3,1.04,1.26,1.87,3.15,1.34,2.19,5.35,1.19,1.14,2.57,1.64,1.94,2.31,2.16,1.37,1.44,1.13,1.12,1.45,1.06,1.79,1.24,1.1,1.34,1.26,6.44
27-4031.00,"Camera Operators, Television, Video, and Film",visual_arts|applied_arts_and_design|media|accounting|agriculture|animal_service|athletics|business_initiatives|construction_woodwork|creative_writing|culinary_art|engineering|finance|health_care_service|human_resources|humanities|information_technology|law|life_science|management_administration|marketing_advertising|mathematics_statistics|mechanics_electronics|medical_science|music|nature_outdoors|office_work|performing_arts|personal_service|physical_science|physical_manual_labor|politics|professional_advising|protective_service|public_speaking|religious_activities|sales|social_science|social_service|teaching_education|transportation_machine_operation,0.0,0.0,0.0,2.0,0.0,0.0,0.0,0.0,0.0,0.0,0.0,0.0,0.0,0.0,0.0,0.0,0.0,0.0,0.0,0.0,0.0,1.0,0.0,0.0,0.0,0.0,0.0,0.0,0.0,0.0,0.0,0.0,0.0,0.0,0.0,0.0,0.0,0.0,0.0,0.0,3.0,1.2,1.01,1.05,5.15,1.53,1.18,1.15,1.48,1.08,2.3,1.0,1.03,1.25,1.67,2.3,1.0,1.03,1.53,2.36,1.23,3.5,6.56,1.03,1.62,1.6,1.13,3.51,1.15,2.14,1.24,1.38,1.09,1.12,1.33,1.04,1.12,1.21,1.1,1.19,1.66,4.94
27-4032.00,Film and Video Editors,applied_arts_and_design|visual_arts|media|accounting|agriculture|animal_service|athletics|business_initiatives|construction_woodwork|creative_writing|culinary_art|engineering|finance|health_care_service|human_resources|humanities|information_technology|law|life_science|management_administration|marketing_advertising|mathematics_statistics|mechanics_electronics|medical_science|music|nature_outdoors|office_work|performing_arts|personal_service|physical_science|physical_manual_labor|politics|professional_advising|protective_service|public_speaking|religious_activities|sales|social_science|social_service|teaching_education|transportation_machine_operation,0.0,0.0,0.0,3.0,0.0,0.0,0.0,0.0,0.0,0.0,0.0,0.0,0.0,0.0,0.0,0.0,0.0,0.0,0.0,0.0,0.0,1.0,0.0,0.0,0.0,0.0,0.0,0.0,0.0,0.0,0.0,0.0,0.0,0.0,0.0,0.0,0.0,0.0,0.0,0.0,2.0,1.31,1.0,1.0,5.84,1.14,1.33,1.0,2.88,1.23,1.72,1.2,1.0,1.32,1.94,3.29,1.07,1.0,2.42,2.14,1.31,1.77,6.56,1.0,2.72,1.02,1.66,3.24,1.18,1.12,1.1,1.26,1.13,1.0,1.33,1.02,1.14,1.21,1.1,1.31,1.1,6.19
29-1011.00,Chiropractors,medical_science|social_service|health_care_service|accounting|agriculture|animal_service|applied_arts_and_design|athletics|business_initiatives|construction_woodwork|creative_writing|culinary_art|engineering|finance|human_resources|humanities|information_technology|law|life_science|management_administration|marketing_advertising|mathematics_statistics|mechanics_electronics|media|music|nature_outdoors|office_work|performing_arts|personal_service|physical_science|physical_manual_labor|politics|professional_advising|protective_service|public_speaking|religious_activities|sales|social_science|teaching_education|transportation_machine_operation|visual_arts,0.0,0.0,0.0,0.0,0.0,0.0,0.0,0.0,0.0,0.0,0.0,1.0,0.0,0.0,0.0,0.0,0.0,0.0,0.0,0.0,0.0,0.0,3.0,0.0,0.0,0.0,0.0,0.0,0.0,0.0,0.0,0.0,0.0,0.0,0.0,0.0,0.0,2.0,0.0,0.0,0.0,1.34,1.0,1.0,1.05,2.23,1.58,1.03,1.11,1.04,1.35,1.2,6.38,1.64,1.12,1.36,1.14,3.1,2.06,1.78,1.62,1.38,1.14,3.68,1.0,1.02,1.84,1.02,3.11,3.13,1.63,1.14,3.54,1.12,1.96,1.06,1.63,2.18,3.76,2.82,1.0,1.11
29-1021.00,"Dentists, General",life_science|medical_science|health_care_service|accounting|agriculture|animal_service|applied_arts_and_design|athletics|business_initiatives|construction_woodwork|creative_writing|culinary_art|engineering|finance|human_resources|humanities|information_technology|law|management_administration|marketing_advertising|mathematics_statistics|mechanics_electronics|media|music|nature_outdoors|office_work|performing_arts|personal_service|physical_science|physical_manual_labor|politics|professional_advising|protective_service|public_speaking|religious_activities|sales|social_science|social_service|teaching_education|transportation_machine_operation|visual_arts,0.0,0.0,0.0,0.0,0.0,0.0,0.0,0.0,0.0,0.0,0.0,1.0,0.0,0.0,0.0,0.0,3.0,0.0,0.0,0.0,0.0,0.0,2.0,0.0,0.0,0.0,0.0,0.0,0.0,0.0,0.0,0.0,0.0,0.0,0.0,0.0,0.0,0.0,0.0,0.0,0.0,1.93,1.0,1.0,1.27,1.0,1.49,1.03,1.07,1.0,2.2,1.67,6.83,2.0,1.19,1.39,1.29,4.27,2.76,1.43,1.79,2.22,1.12,4.65,1.0,1.0,1.87,1.02,2.37,2.13,2.04,1.23,2.46,1.23,1.78,1.02,1.4,1.75,2.42,2.78,1.03,1.11
29-1022.00,Oral and Maxillofacial Surgeons,life_science|medical_science|health_care_service|accounting|agriculture|animal_service|applied_arts_and_design|athletics|business_initiatives|construction_woodwork|creative_writing|culinary_art|engineering|finance|human_resources|humanities|information_technology|law|management_administration|marketing_advertising|mathematics_statistics|mechanics_electronics|media|music|nature_outdoors|office_work|performing_arts|personal_service|physical_science|physical_manual_labor|politics|professional_advising|protective_service|public_speaking|religious_activities|sales|social_science|social_service|teaching_education|transportation_machine_operation|visual_arts,0.0,0.0,0.0,0.0,0.0,0.0,0.0,0.0,0.0,0.0,0.0,1.0,0.0,0.0,0.0,0.0,3.0,0.0,0.0,0.0,0.0,0.0,2.0,0.0,0.0,0.0,0.0,0.0,0.0,0.0,0.0,0.0,0.0,0.0,0.0,0.0,0.0,0.0,0.0,0.0,0.0,1.31,1.0,1.0,1.16,1.0,1.16,1.12,1.02,1.0,1.72,1.25,6.67,1.46,1.19,1.27,1.29,4.43,2.0,1.13,2.34,1.56,1.02,4.61,1.0,1.0,1.33,1.02,1.78,1.76,1.95,1.08,1.58,1.2,1.81,1.0,1.14,1.57,1.39,2.45,1.0,1.11
29-1023.00,Orthodontists,engineering|medical_science|health_care_service|accounting|agriculture|animal_service|applied_arts_and_design|athletics|business_initiatives|construction_woodwork|creative_writing|culinary_art|finance|human_resources|humanities|information_technology|law|life_science|management_administration|marketing_advertising|mathematics_statistics|mechanics_electronics|media|music|nature_outdoors|office_work|performing_arts|personal_service|physical_science|physical_manual_labor|politics|professional_advising|protective_service|public_speaking|religious_activities|sales|social_science|social_service|teaching_education|transportation_machine_operation|visual_arts,0.0,0.0,0.0,0.0,0.0,0.0,0.0,0.0,0.0,3.0,0.0,1.0,0.0,0.0,0.0,0.0,0.0,0.0,0.0,0.0,0.0,0.0,2.0,0.0,0.0,0.0,0.0,0.0,0.0,0.0,0.0,0.0,0.0,0.0,0.0,0.0,0.0,0.0,0.0,0.0,0.0,1.62,1.0,1.0,1.52,1.03,1.25,1.25,1.04,1.0,3.6,1.39,6.42,1.75,1.09,2.08,1.22,3.25,1.84,1.29,2.57,2.49,1.1,4.02,1.0,1.0,2.0,1.02,2.07,1.57,2.22,1.06,1.89,1.04,1.87,1.0,1.33,1.32,1.7,2.61,1.03,1.18
29-1024.00,Prosthodontists,life_science|medical_science|health_care_service|accounting|agriculture|animal_service|applied_arts_and_design|athletics|business_initiatives|construction_woodwork|creative_writing|culinary_art|engineering|finance|human_resources|humanities|information_technology|law|management_administration|marketing_advertising|mathematics_statistics|mechanics_electronics|media|music|nature_outdoors|office_work|performing_arts|personal_service|physical_science|physical_manual_labor|politics|professional_advising|protective_service|public_speaking|religious_activities|sales|social_science|social_service|teaching_education|transportation_machine_operation|visual_arts,0.0,0.0,0.0,0.0,0.0,0.0,0.0,0.0,0.0,0.0,0.0,1.0,0.0,0.0,0.0,0.0,3.0,0.0,0.0,0.0,0.0,0.0,2.0,0.0,0.0,0.0,0.0,0.0,0.0,0.0,0.0,0.0,0.0,0.0,0.0,0.0,0.0,0.0,0.0,0.0,0.0,1.37,1.0,1.0,1.61,1.0,1.21,1.5,1.04,1.04,2.88,1.26,6.67,1.6,1.16,1.36,1.18,3.21,1.78,1.35,2.0,2.35,1.1,4.06,1.0,1.0,1.37,1.06,2.89,1.87,1.82,1.06,1.73,1.0,1.54,1.0,1.25,1.78,2.06,2.61,1.03,1.47
29-1031.00,Dietitians and Nutritionists,personal_service|teaching_education|medical_science|professional_advising|health_care_service|accounting|agriculture|animal_service|applied_arts_and_design|athletics|business_initiatives|construction_woodwork|creative_writing|culinary_art|engineering|finance|human_resources|humanities|information_technology|law|life_science|management_administration|marketing_advertising|mathematics_statistics|mechanics_electronics|media|music|nature_outdoors|office_work|performing_arts|physical_science|physical_manual_labor|politics|protective_service|public_speaking|religious_activities|sales|social_science|social_service|transportation_machine_operation|visual_arts,0.0,0.0,0.0,0.0,0.0,0.0,0.0,0.0,0.0,0.0,0.0,1.0,0.0,0.0,0.0,0.0,0.0,0.0,0.0,0.0,0.0,0.0,3.0,0.0,0.0,0.0,0.0,5.0,0.0,0.0,0.0,2.0,0.0,0.0,0.0,0.0,0.0,0.0,4.0,0.0,0.0,1.51,1.4,1.12,1.24,2.06,1.44,1.0,1.41,3.81,1.17,1.23,5.85,2.18,1.8,1.65,1.18,3.99,2.62,1.77,2.95,1.06,1.74,4.53,1.0,1.11,1.89,1.06,4.21,1.12,2.28,1.44,5.12,1.0,3.75,1.06,1.4,3.59,3.4,4.33,1.0,1.16
29-1041.00,Optometrists,life_science|medical_science|health_care_service|accounting|agriculture|animal_service|applied_arts_and_design|athletics|business_initiatives|construction_woodwork|creative_writing|culinary_art|engineering|finance|human_resources|humanities|information_technology|law|management_administration|marketing_advertising|mathematics_statistics|mechanics_electronics|media|music|nature_outdoors|office_work|performing_arts|personal_service|physical_science|physical_manual_labor|politics|professional_advising|protective_service|public_speaking|religious_activities|sales|social_science|social_service|teaching_education|transportation_machine_operation|visual_arts,0.0,0.0,0.0,0.0,0.0,0.0,0.0,0.0,0.0,0.0,0.0,1.0,0.0,0.0,0.0,0.0,3.0,0.0,0.0,0.0,0.0,0.0,2.0,0.0,0.0,0.0,0.0,0.0,0.0,0.0,0.0,0.0,0.0,0.0,0.0,0.0,0.0,0.0,0.0,0.0,0.0,1.86,1.0,1.0,1.19,1.11,1.55,1.0,1.14,1.0,1.82,1.47,6.5,1.71,1.19,1.89,1.51,4.15,1.53,1.46,2.51,1.81,1.12,5.1,1.0,1.02,1.74,1.02,2.44,1.38,2.34,1.2,3.14,1.23,2.15,1.0,1.87,1.96,3.25,3.2,1.0,1.13
29-1051.00,Pharmacists,medical_science|life_science|health_care_service|accounting|agriculture|animal_service|applied_arts_and_design|athletics|business_initiatives|construction_woodwork|creative_writing|culinary_art|engineering|finance|human_resources|humanities|information_technology|law|management_administration|marketing_advertising|mathematics_statistics|mechanics_electronics|media|music|nature_outdoors|office_work|performing_arts|personal_service|physical_science|physical_manual_labor|politics|professional_advising|protective_service|public_speaking|religious_activities|sales|social_science|social_service|teaching_education|transportation_machine_operation|visual_arts,0.0,0.0,0.0,0.0,0.0,0.0,0.0,0.0,0.0,0.0,0.0,1.0,0.0,0.0,0.0,0.0,2.0,0.0,0.0,0.0,0.0,0.0,3.0,0.0,0.0,0.0,0.0,0.0,0.0,0.0,0.0,0.0,0.0,0.0,0.0,0.0,0.0,0.0,0.0,0.0,0.0,2.35,1.0,1.02,1.03,1.0,1.53,1.0,1.14,1.08,1.35,1.5,6.26,1.75,1.22,2.47,1.69,4.88,2.66,1.35,3.56,1.29,1.14,4.81,1.0,1.0,2.7,1.0,3.0,1.3,3.38,1.35,3.5,1.28,2.03,1.0,1.84,2.21,3.56,3.56,1.0,1.0
29-1071.00,Physician Assistants,life_science|social_service|medical_science|health_care_service|accounting|agriculture|animal_service|applied_arts_and_design|athletics|business_initiatives|construction_woodwork|creative_writing|culinary_art|engineering|finance|human_resources|humanities|information_technology|law|management_administration|marketing_advertising|mathematics_statistics|mechanics_electronics|media|music|nature_outdoors|office_work|performing_arts|personal_service|physical_science|physical_manual_labor|politics|professional_advising|protective_service|public_speaking|religious_activities|sales|social_science|teaching_education|transportation_machine_operation|visual_arts,0.0,0.0,0.0,0.0,0.0,0.0,0.0,0.0,0.0,0.0,0.0,1.0,0.0,0.0,0.0,0.0,4.0,0.0,0.0,0.0,0.0,0.0,2.0,0.0,0.0,0.0,0.0,0.0,0.0,0.0,0.0,0.0,0.0,0.0,0.0,0.0,0.0,3.0,0.0,0.0,0.0,1.44,1.04,1.07,1.0,1.38,1.18,1.0,1.14,1.0,1.32,1.07,6.67,1.75,1.44,1.98,1.25,4.71,1.81,1.13,2.51,1.26,1.12,4.93,1.0,1.11,1.92,1.0,2.14,1.65,1.87,1.17,3.3,1.4,2.06,1.02,1.16,2.67,4.89,3.9,1.06,1.07
29-1071.01,Anesthesiologist Assistants,life_science|medical_science|health_care_service|accounting|agriculture|animal_service|applied_arts_and_design|athletics|business_initiatives|construction_woodwork|creative_writing|culinary_art|engineering|finance|human_resources|humanities|information_technology|law|management_administration|marketing_advertising|mathematics_statistics|mechanics_electronics|media|music|nature_outdoors|office_work|performing_arts|personal_service|physical_science|physical_manual_labor|politics|professional_advising|protective_service|public_speaking|religious_activities|sales|social_science|social_service|teaching_education|transportation_machine_operation|visual_arts,0.0,0.0,0.0,0.0,0.0,0.0,0.0,0.0,0.0,0.0,0.0,1.0,0.0,0.0,0.0,0.0,3.0,0.0,0.0,0.0,0.0,0.0,2.0,0.0,0.0,0.0,0.0,0.0,0.0,0.0,0.0,0.0,0.0,0.0,0.0,0.0,0.0,0.0,0.0,0.0,0.0,1.24,1.0,1.0,1.0,1.0,1.0,1.0,1.0,1.0,1.54,1.0,6.54,1.39,1.06,2.01,1.07,3.32,1.35,1.0,2.44,2.22,1.0,3.94,1.0,1.0,1.37,1.0,1.84,1.65,1.95,1.0,1.41,1.24,1.36,1.0,1.0,1.66,2.52,2.25,1.16,1.0
29-1081.00,Podiatrists,life_science|medical_science|health_care_service|accounting|agriculture|animal_service|applied_arts_and_design|athletics|business_initiatives|construction_woodwork|creative_writing|culinary_art|engineering|finance|human_resources|humanities|information_technology|law|management_administration|marketing_advertising|mathematics_statistics|mechanics_electronics|media|music|nature_outdoors|office_work|performing_arts|personal_service|physical_science|physical_manual_labor|politics|professional_advising|protective_service|public_speaking|religious_activities|sales|social_science|social_service|teaching_education|transportation_machine_operation|visual_arts,0.0,0.0,0.0,0.0,0.0,0.0,0.0,0.0,0.0,0.0,0.0,1.0,0.0,0.0,0.0,0.0,3.0,0.0,0.0,0.0,0.0,0.0,2.0,0.0,0.0,0.0,0.0,0.0,0.0,0.0,0.0,0.0,0.0,0.0,0.0,0.0,0.0,0.0,0.0,0.0,0.0,1.76,1.0,1.0,1.13,2.19,1.44,1.09,1.14,1.0,1.72,1.45,6.63,1.82,1.16,1.56,1.18,4.11,1.59,1.57,1.88,1.38,1.22,5.22,1.0,1.0,1.64,1.06,2.34,1.6,1.66,1.14,2.33,1.04,2.22,1.0,1.27,2.05,2.36,2.78,1.0,1.04
29-1122.00,Occupational Therapists,social_science|professional_advising|teaching_education|social_service|health_care_service|accounting|agriculture|animal_service|applied_arts_and_design|athletics|business_initiatives|construction_woodwork|creative_writing|culinary_art|engineering|finance|human_resources|humanities|information_technology|law|life_science|management_administration|marketing_advertising|mathematics_statistics|mechanics_electronics|media|medical_science|music|nature_outdoors|office_work|performing_arts|personal_service|physical_science|physical_manual_labor|politics|protective_service|public_speaking|religious_activities|sales|transportation_machine_operation|visual_arts,0.0,0.0,0.0,0.0,0.0,0.0,0.0,0.0,0.0,0.0,0.0,1.0,0.0,0.0,0.0,0.0,0.0,0.0,0.0,0.0,0.0,0.0,0.0,0.0,0.0,0.0,0.0,0.0,0.0,0.0,0.0,4.0,0.0,0.0,0.0,0.0,5.0,2.0,3.0,0.0,0.0,1.2,1.01,1.15,1.64,1.74,1.12,1.28,1.31,1.23,1.41,1.07,6.42,1.75,1.9,1.39,1.22,2.49,1.71,1.15,1.7,1.41,1.2,3.42,1.21,1.06,1.66,1.17,3.07,1.93,1.2,1.17,4.24,1.0,2.06,1.02,1.12,4.08,6.15,4.6,1.13,1.45
29-1122.01,"Low Vision Therapists, Orientation and Mobility Specialists, and Vision Rehabilitation Therapists",personal_service|professional_advising|health_care_service|teaching_education|social_service|accounting|agriculture|animal_service|applied_arts_and_design|athletics|business_initiatives|construction_woodwork|creative_writing|culinary_art|engineering|finance|human_resources|humanities|information_technology|law|life_science|management_administration|marketing_advertising|mathematics_statistics|mechanics_electronics|media|medical_science|music|nature_outdoors|office_work|performing_arts|physical_science|physical_manual_labor|politics|protective_service|public_speaking|religious_activities|sales|social_science|transportation_machine_operation|visual_arts,0.0,0.0,0.0,0.0,0.0,0.0,0.0,0.0,0.0,0.0,0.0,3.0,0.0,0.0,0.0,0.0,0.0,0.0,0.0,0.0,0.0,0.0,0.0,0.0,0.0,0.0,0.0,5.0,0.0,0.0,0.0,4.0,0.0,0.0,0.0,0.0,0.0,1.0,2.0,0.0,0.0,1.13,1.0,1.17,1.41,1.41,1.11,1.15,1.31,1.12,1.54,1.02,5.26,1.64,1.67,1.65,1.18,1.71,1.53,1.1,1.36,1.87,1.17,2.35,1.11,1.13,1.54,1.13,4.44,1.52,1.16,1.17,5.23,1.23,2.48,1.02,1.12,3.33,6.15,5.91,1.46,1.27
29-1123.00,Physical Therapists,teaching_education|social_service|health_care_service|accounting|agriculture|animal_service|applied_arts_and_design|athletics|business_initiatives|construction_woodwork|creative_writing|culinary_art|engineering|finance|human_resources|humanities|information_technology|law|life_science|management_administration|marketing_advertising|mathematics_statistics|mechanics_electronics|media|medical_science|music|nature_outdoors|office_work|performing_arts|personal_service|physical_science|physical_manual_labor|politics|professional_advising|protective_service|public_speaking|religious_activities|sales|social_science|transportation_machine_operation|visual_arts,0.0,0.0,0.0,0.0,0.0,0.0,0.0,0.0,0.0,0.0,0.0,1.0,0.0,0.0,0.0,0.0,0.0,0.0,0.0,0.0,0.0,0.0,0.0,0.0,0.0,0.0,0.0,0.0,0.0,0.0,0.0,0.0,0.0,0.0,0.0,0.0,0.0,2.0,3.0,0.0,0.0,1.24,1.0,1.12,1.16,2.97,1.23,1.22,1.09,1.0,1.88,1.07,6.59,1.75,1.38,1.39,1.33,2.9,2.25,1.21,2.03,1.87,1.2,3.72,1.07,1.09,1.57,1.11,3.28,2.61,1.87,1.38,3.88,1.23,2.68,1.02,1.27,2.77,5.33,4.29,1.19,1.13
29-1124.00,Radiation Therapists,mechanics_electronics|medical_science|health_care_service|accounting|agriculture|animal_service|applied_arts_and_design|athletics|business_initiatives|construction_woodwork|creative_writing|culinary_art|engineering|finance|human_resources|humanities|information_technology|law|life_science|management_administration|marketing_advertising|mathematics_statistics|media|music|nature_outdoors|office_work|performing_arts|personal_service|physical_science|physical_manual_labor|politics|professional_advising|protective_service|public_speaking|religious_activities|sales|social_science|social_service|teaching_education|transportation_machine_operation|visual_arts,0.0,0.0,0.0,0.0,0.0,0.0,0.0,0.0,0.0,0.0,0.0,1.0,0.0,0.0,0.0,0.0,0.0,0.0,0.0,0.0,3.0,0.0,2.0,0.0,0.0,0.0,0.0,0.0,0.0,0.0,0.0,0.0,0.0,0.0,0.0,0.0,0.0,0.0,0.0,0.0,0.0,1.76,1.0,1.0,1.03,1.0,1.07,1.0,1.07,1.0,2.85,1.05,6.42,1.68,1.16,2.05,1.22,2.86,1.78,1.03,3.16,3.47,1.05,4.45,1.0,1.0,1.89,1.0,2.92,2.35,3.38,1.03,2.21,1.32,1.69,1.0,1.08,1.84,3.44,2.78,1.23,1.07
29-1125.00,Recreational Therapists,professional_advising|social_science|personal_service|teaching_education|health_care_service|social_service|accounting|agriculture|animal_service|applied_arts_and_design|athletics|business_initiatives|construction_woodwork|creative_writing|culinary_art|engineering|finance|human_resources|humanities|information_technology|law|life_science|management_administration|marketing_advertising|mathematics_statistics|mechanics_electronics|media|medical_science|music|nature_outdoors|office_work|performing_arts|physical_science|physical_manual_labor|politics|protective_service|public_speaking|religious_activities|sales|transportation_machine_operation|visual_arts,0.0,0.0,0.0,0.0,0.0,0.0,0.0,0.0,0.0,0.0,0.0,2.0,0.0,0.0,0.0,0.0,0.0,0.0,0.0,0.0,0.0,0.0,0.0,0.0,0.0,0.0,0.0,4.0,0.0,0.0,0.0,6.0,0.0,0.0,0.0,0.0,5.0,1.0,3.0,0.0,0.0,1.2,1.03,1.12,1.94,3.08,1.12,1.18,1.54,1.43,1.06,1.02,5.93,1.93,1.84,1.11,1.04,1.74,2.42,1.18,1.34,1.06,1.3,3.21,2.24,1.67,1.64,2.58,4.44,1.55,1.05,1.03,4.01,1.2,2.19,1.13,1.18,4.12,6.54,4.68,1.06,2.0
29-1126.00,Respiratory Therapists,social_service|medical_science|health_care_service|accounting|agriculture|animal_service|applied_arts_and_design|athletics|business_initiatives|construction_woodwork|creative_writing|culinary_art|engineering|finance|human_resources|humanities|information_technology|law|life_science|management_administration|marketing_advertising|mathematics_statistics|mechanics_electronics|media|music|nature_outdoors|office_work|performing_arts|personal_service|physical_science|physical_manual_labor|politics|professional_advising|protective_service|public_speaking|religious_activities|sales|social_science|teaching_education|transportation_machine_operation|visual_arts,0.0,0.0,0.0,0.0,0.0,0.0,0.0,0.0,0.0,0.0,0.0,1.0,0.0,0.0,0.0,0.0,0.0,0.0,0.0,0.0,0.0,0.0,2.0,0.0,0.0,0.0,0.0,0.0,0.0,0.0,0.0,0.0,0.0,0.0,0.0,0.0,0.0,3.0,0.0,0.0,0.0,1.34,1.0,1.0,1.0,1.11,1.01,1.0,1.0,1.0,2.24,1.0,6.59,1.82,1.16,1.68,1.07,3.92,1.96,1.0,2.57,3.07,1.1,4.49,1.0,1.0,1.59,1.02,2.14,2.41,2.1,1.0,2.43,1.32,2.22,1.0,1.12,1.72,4.01,3.87,1.53,1.0
29-1127.00,Speech-Language Pathologists,professional_advising|teaching_education|social_service|health_care_service|accounting|agriculture|animal_service|applied_arts_and_design|athletics|business_initiatives|construction_woodwork|creative_writing|culinary_art|engineering|finance|human_resources|humanities|information_technology|law|life_science|management_administration|marketing_advertising|mathematics_statistics|mechanics_electronics|media|medical_science|music|nature_outdoors|office_work|performing_arts|personal_service|physical_science|physical_manual_labor|politics|protective_service|public_speaking|religious_activities|sales|social_science|transportation_machine_operation|visual_arts,0.0,0.0,0.0,0.0,0.0,0.0,0.0,0.0,0.0,0.0,0.0,1.0,0.0,0.0,0.0,0.0,0.0,0.0,0.0,0.0,0.0,0.0,0.0,0.0,0.0,0.0,0.0,0.0,0.0,0.0,0.0,4.0,0.0,0.0,0.0,0.0,0.0,2.0,3.0,0.0,0.0,1.58,1.0,1.0,1.24,1.11,1.07,1.0,1.33,1.12,1.17,1.07,6.38,1.89,2.07,1.59,1.25,2.36,1.87,1.15,1.91,1.17,1.46,3.72,1.38,1.0,2.47,1.3,2.75,1.12,1.18,1.2,4.38,1.0,2.55,1.02,1.12,3.97,5.99,5.14,1.0,1.18
29-1128.00,Exercise Physiologists,life_science|teaching_education|athletics|health_care_service|accounting|agriculture|animal_service|applied_arts_and_design|business_initiatives|construction_woodwork|creative_writing|culinary_art|engineering|finance|human_resources|humanities|information_technology|law|management_administration|marketing_advertising|mathematics_statistics|mechanics_electronics|media|medical_science|music|nature_outdoors|office_work|performing_arts|personal_service|physical_science|physical_manual_labor|politics|professional_advising|protective_service|public_speaking|religious_activities|sales|social_science|social_service|transportation_machine_operation|visual_arts,0.0,0.0,0.0,0.0,2.0,0.0,0.0,0.0,0.0,0.0,0.0,1.0,0.0,0.0,0.0,0.0,4.0,0.0,0.0,0.0,0.0,0.0,0.0,0.0,0.0,0.0,0.0,0.0,0.0,0.0,0.0,0.0,0.0,0.0,0.0,0.0,0.0,0.0,3.0,0.0,0.0,1.13,1.0,1.07,1.11,5.22,1.38,1.0,1.16,1.12,1.78,1.02,5.29,1.93,1.09,1.3,1.14,4.19,2.32,1.4,2.64,1.5,1.4,3.57,1.04,1.15,1.5,1.11,3.07,2.2,1.79,1.06,3.71,1.24,3.06,1.0,1.43,2.4,3.22,4.41,1.06,1.07
29-1129.01,Art Therapists,professional_advising|teaching_education|social_science|visual_arts|applied_arts_and_design|health_care_service|social_service|accounting|agriculture|animal_service|athletics|business_initiatives|construction_woodwork|creative_writing|culinary_art|engineering|finance|human_resources|humanities|information_technology|law|life_science|management_administration|marketing_advertising|mathematics_statistics|mechanics_electronics|media|medical_science|music|nature_outdoors|office_work|performing_arts|personal_service|physical_science|physical_manual_labor|politics|protective_service|public_speaking|religious_activities|sales|transportation_machine_operation,0.0,0.0,0.0,3.0,0.0,0.0,0.0,0.0,0.0,0.0,0.0,2.0,0.0,0.0,0.0,0.0,0.0,0.0,0.0,0.0,0.0,0.0,0.0,0.0,0.0,0.0,0.0,0.0,0.0,0.0,0.0,7.0,0.0,0.0,0.0,0.0,5.0,1.0,6.0,0.0,4.0,1.1,1.0,1.0,4.82,1.03,1.18,1.18,1.81,1.15,1.0,1.0,5.22,1.68,2.97,1.13,1.11,1.4,1.9,1.35,1.39,1.0,1.62,2.12,1.59,1.09,1.64,2.02,3.18,1.15,1.05,1.17,4.24,1.12,2.38,1.27,1.12,4.56,6.49,4.41,1.0,4.76
29-1129.02,Music Therapists,social_science|health_care_service|music|social_service|accounting|agriculture|animal_service|applied_arts_and_design|athletics|business_initiatives|construction_woodwork|creative_writing|culinary_art|engineering|finance|human_resources|humanities|information_technology|law|life_science|management_administration|marketing_advertising|mathematics_statistics|mechanics_electronics|media|medical_science|nature_outdoors|office_work|performing_arts|personal_service|physical_science|physical_manual_labor|politics|professional_advising|protective_service|public_speaking|religious_activities|sales|teaching_education|transportation_machine_operation|visual_arts,0.0,0.0,0.0,0.0,0.0,0.0,0.0,0.0,0.0,0.0,0.0,3.0,0.0,0.0,0.0,0.0,0.0,0.0,0.0,0.0,0.0,0.0,0.0,2.0,0.0,0.0,0.0,0.0,0.0,0.0,0.0,0.0,0.0,0.0,0.0,0.0,4.0,1.0,0.0,0.0,0.0,1.17,1.0,1.05,3.2,1.17,1.16,1.0,1.93,1.19,1.09,1.02,5.26,1.64,2.97,1.22,1.07,1.65,2.0,1.32,1.73,1.08,1.71,3.17,5.77,1.0,1.61,3.21,3.87,1.17,1.12,1.11,3.66,1.12,2.55,1.42,1.16,4.01,6.04,3.9,1.0,1.83
29-1131.00,Veterinarians,health_care_service|medical_science|life_science|animal_service|accounting|agriculture|applied_arts_and_design|athletics|business_initiatives|construction_woodwork|creative_writing|culinary_art|engineering|finance|human_resources|humanities|information_technology|law|management_administration|marketing_advertising|mathematics_statistics|mechanics_electronics|media|music|nature_outdoors|office_work|performing_arts|personal_service|physical_science|physical_manual_labor|politics|professional_advising|protective_service|public_speaking|religious_activities|sales|social_science|social_service|teaching_education|transportation_machine_operation|visual_arts,0.0,0.0,1.0,0.0,0.0,0.0,0.0,0.0,0.0,0.0,0.0,4.0,0.0,0.0,0.0,0.0,2.0,0.0,0.0,0.0,0.0,0.0,3.0,0.0,0.0,0.0,0.0,0.0,0.0,0.0,0.0,0.0,0.0,0.0,0.0,0.0,0.0,0.0,0.0,0.0,0.0,1.76,3.62,6.8,1.0,1.09,1.33,1.0,1.14,1.04,1.48,1.34,5.69,1.79,1.12,1.41,1.29,6.48,2.09,1.32,2.35,1.62,1.14,5.78,1.0,2.19,1.84,1.0,2.17,2.57,2.19,1.23,2.18,1.32,2.31,1.02,1.25,1.78,2.06,2.85,1.23,1.0
29-1141.00,Registered Nurses,medical_science|teaching_education|social_service|health_care_service|accounting|agriculture|animal_service|applied_arts_and_design|athletics|business_initiatives|construction_woodwork|creative_writing|culinary_art|engineering|finance|human_resources|humanities|information_technology|law|life_science|management_administration|marketing_advertising|mathematics_statistics|mechanics_electronics|media|music|nature_outdoors|office_work|performing_arts|personal_service|physical_science|physical_manual_labor|politics|professional_advising|protective_service|public_speaking|religious_activities|sales|social_science|transportation_machine_operation|visual_arts,0.0,0.0,0.0,0.0,0.0,0.0,0.0,0.0,0.0,0.0,0.0,1.0,0.0,0.0,0.0,0.0,0.0,0.0,0.0,0.0,0.0,0.0,4.0,0.0,0.0,0.0,0.0,0.0,0.0,0.0,0.0,0.0,0.0,0.0,0.0,0.0,0.0,2.0,3.0,0.0,0.0,1.68,1.0,1.02,1.05,1.11,1.21,1.0,1.07,1.19,1.26,1.13,6.92,2.18,1.38,1.65,1.22,3.5,2.69,1.18,2.28,1.29,1.17,4.06,1.0,1.06,1.95,1.02,2.89,2.1,1.61,1.23,3.22,1.71,2.58,1.11,1.2,2.57,5.53,4.09,1.13,1.11
29-1141.01,Acute Care Nurses,medical_science|social_service|health_care_service|accounting|agriculture|animal_service|applied_arts_and_design|athletics|business_initiatives|construction_woodwork|creative_writing|culinary_art|engineering|finance|human_resources|humanities|information_technology|law|life_science|management_administration|marketing_advertising|mathematics_statistics|mechanics_electronics|media|music|nature_outdoors|office_work|performing_arts|personal_service|physical_science|physical_manual_labor|politics|professional_advising|protective_service|public_speaking|religious_activities|sales|social_science|teaching_education|transportation_machine_operation|visual_arts,0.0,0.0,0.0,0.0,0.0,0.0,0.0,0.0,0.0,0.0,0.0,1.0,0.0,0.0,0.0,0.0,0.0,0.0,0.0,0.0,0.0,0.0,3.0,0.0,0.0,0.0,0.0,0.0,0.0,0.0,0.0,0.0,0.0,0.0,0.0,0.0,0.0,2.0,0.0,0.0,0.0,1.2,1.0,1.0,1.03,1.06,1.14,1.0,1.14,1.08,1.82,1.05,6.71,1.75,1.22,1.71,1.18,3.84,2.12,1.0,2.41,2.19,1.14,4.69,1.0,1.0,1.35,1.02,3.39,2.38,1.68,1.11,2.21,1.55,2.22,1.06,1.1,2.47,4.99,2.85,1.2,1.02
29-1141.02,Advanced Practice Psychiatric Nurses,medical_science|social_science|social_service|health_care_service|accounting|agriculture|animal_service|applied_arts_and_design|athletics|business_initiatives|construction_woodwork|creative_writing|culinary_art|engineering|finance|human_resources|humanities|information_technology|law|life_science|management_administration|marketing_advertising|mathematics_statistics|mechanics_electronics|media|music|nature_outdoors|office_work|performing_arts|personal_service|physical_science|physical_manual_labor|politics|professional_advising|protective_service|public_speaking|religious_activities|sales|teaching_education|transportation_machine_operation|visual_arts,0.0,0.0,0.0,0.0,0.0,0.0,0.0,0.0,0.0,0.0,0.0,1.0,0.0,0.0,0.0,0.0,0.0,0.0,0.0,0.0,0.0,0.0,4.0,0.0,0.0,0.0,0.0,0.0,0.0,0.0,0.0,0.0,0.0,0.0,0.0,0.0,3.0,2.0,0.0,0.0,0.0,1.31,1.0,1.0,1.13,1.03,1.14,1.0,1.23,1.0,1.17,1.07,6.5,1.6,1.8,1.71,1.58,2.9,1.81,1.1,2.19,1.14,1.17,4.77,1.07,1.0,1.68,1.09,2.04,1.12,1.49,1.2,3.97,1.67,2.09,1.11,1.12,5.88,6.21,3.82,1.0,1.09
29-1141.03,Critical Care Nurses,medical_science|social_service|health_care_service|accounting|agriculture|animal_service|applied_arts_and_design|athletics|business_initiatives|construction_woodwork|creative_writing|culinary_art|engineering|finance|human_resources|humanities|information_technology|law|life_science|management_administration|marketing_advertising|mathematics_statistics|mechanics_electronics|media|music|nature_outdoors|office_work|performing_arts|personal_service|physical_science|physical_manual_labor|politics|professional_advising|protective_service|public_speaking|religious_activities|sales|social_science|teaching_education|transportation_machine_operation|visual_arts,0.0,0.0,0.0,0.0,0.0,0.0,0.0,0.0,0.0,0.0,0.0,1.0,0.0,0.0,0.0,0.0,0.0,0.0,0.0,0.0,0.0,0.0,3.0,0.0,0.0,0.0,0.0,0.0,0.0,0.0,0.0,0.0,0.0,0.0,0.0,0.0,0.0,2.0,0.0,0.0,0.0,1.24,1.0,1.05,1.0,1.03,1.11,1.0,1.04,1.0,1.63,1.07,6.79,2.11,1.25,1.8,1.14,3.28,2.0,1.0,2.51,2.29,1.07,4.33,1.02,1.0,1.41,1.0,1.97,2.14,1.76,1.08,1.86,1.63,1.93,1.04,1.06,2.57,4.53,2.82,1.19,1.02
29-1141.04,Clinical Nurse Specialists,professional_advising|medical_science|management_administration|teaching_education|social_service|health_care_service|accounting|agriculture|animal_service|applied_arts_and_design|athletics|business_initiatives|construction_woodwork|creative_writing|culinary_art|engineering|finance|human_resources|humanities|information_technology|law|life_science|marketing_advertising|mathematics_statistics|mechanics_electronics|media|music|nature_outdoors|office_work|performing_arts|personal_service|physical_science|physical_manual_labor|politics|protective_service|public_speaking|religious_activities|sales|social_science|transportation_machine_operation|visual_arts,0.0,0.0,0.0,0.0,0.0,0.0,0.0,0.0,0.0,0.0,0.0,1.0,0.0,0.0,0.0,0.0,0.0,4.0,0.0,0.0,0.0,0.0,5.0,0.0,0.0,0.0,0.0,0.0,0.0,0.0,0.0,6.0,0.0,0.0,0.0,0.0,0.0,2.0,3.0,0.0,0.0,1.45,1.0,1.02,1.03,1.11,1.58,1.0,1.16,1.12,1.12,1.23,6.63,2.4,1.41,1.42,1.37,3.47,4.46,1.15,2.28,1.14,1.22,4.13,1.0,1.0,1.98,1.06,2.01,1.3,1.35,1.35,4.1,1.2,3.06,1.11,1.25,2.94,5.48,4.68,1.0,1.02
29-1151.00,Nurse Anesthetists,life_science|medical_science|health_care_service|accounting|agriculture|animal_service|applied_arts_and_design|athletics|business_initiatives|construction_woodwork|creative_writing|culinary_art|engineering|finance|human_resources|humanities|information_technology|law|management_administration|marketing_advertising|mathematics_statistics|mechanics_electronics|media|music|nature_outdoors|office_work|performing_arts|personal_service|physical_science|physical_manual_labor|politics|professional_advising|protective_service|public_speaking|religious_activities|sales|social_science|social_service|teaching_education|transportation_machine_operation|visual_arts,0.0,0.0,0.0,0.0,0.0,0.0,0.0,0.0,0.0,0.0,0.0,1.0,0.0,0.0,0.0,0.0,3.0,0.0,0.0,0.0,0.0,0.0,2.0,0.0,0.0,0.0,0.0,0.0,0.0,0.0,0.0,0.0,0.0,0.0,0.0,0.0,0.0,0.0,0.0,0.0,0.0,1.27,1.0,1.0,1.0,1.0,1.09,1.0,1.0,1.0,2.17,1.05,6.63,1.53,1.03,1.95,1.4,3.07,1.81,1.0,2.41,2.25,1.0,4.25,1.0,1.0,1.28,1.0,1.84,1.73,2.07,1.11,1.56,1.63,1.48,1.0,1.08,1.72,2.55,2.58,1.1,1.0
29-1161.00,Nurse Midwives,teaching_education|medical_science|social_service|health_care_service|accounting|agriculture|animal_service|applied_arts_and_design|athletics|business_initiatives|construction_woodwork|creative_writing|culinary_art|engineering|finance|human_resources|humanities|information_technology|law|life_science|management_administration|marketing_advertising|mathematics_statistics|mechanics_electronics|media|music|nature_outdoors|office_work|performing_arts|personal_service|physical_science|physical_manual_labor|politics|professional_advising|protective_service|public_speaking|religious_activities|sales|social_science|transportation_machine_operation|visual_arts,0.0,0.0,0.0,0.0,0.0,0.0,0.0,0.0,0.0,0.0,0.0,1.0,0.0,0.0,0.0,0.0,0.0,0.0,0.0,0.0,0.0,0.0,3.0,0.0,0.0,0.0,0.0,0.0,0.0,0.0,0.0,0.0,0.0,0.0,0.0,0.0,0.0,2.0,4.0,0.0,0.0,1.17,1.0,1.0,1.0,1.09,1.35,1.0,1.14,1.0,1.17,1.05,6.75,1.79,1.44,1.22,1.58,3.73,2.16,1.15,2.48,1.11,1.15,4.29,1.02,1.0,1.64,1.04,2.31,1.6,1.42,1.35,3.88,1.24,2.58,1.09,1.22,2.87,5.58,4.02,1.0,1.02
29-1171.00,Nurse Practitioners,life_science|medical_science|social_service|health_care_service|accounting|agriculture|animal_service|applied_arts_and_design|athletics|business_initiatives|construction_woodwork|creative_writing|culinary_art|engineering|finance|human_resources|humanities|information_technology|law|management_administration|marketing_advertising|mathematics_statistics|mechanics_electronics|media|music|nature_outdoors|office_work|performing_arts|personal_service|physical_science|physical_manual_labor|politics|professional_advising|protective_service|public_speaking|religious_activities|sales|social_science|teaching_education|transportation_machine_operation|visual_arts,0.0,0.0,0.0,0.0,0.0,0.0,0.0,0.0,0.0,0.0,0.0,1.0,0.0,0.0,0.0,0.0,4.0,0.0,0.0,0.0,0.0,0.0,3.0,0.0,0.0,0.0,0.0,0.0,0.0,0.0,0.0,0.0,0.0,0.0,0.0,0.0,0.0,2.0,0.0,0.0,0.0,1.48,1.01,1.02,1.0,1.11,1.33,1.0,1.14,1.12,1.38,1.13,6.75,1.86,1.38,1.77,1.36,4.27,2.39,1.08,2.35,1.32,1.14,4.81,1.0,1.04,1.89,1.0,3.25,1.38,2.07,1.41,3.62,1.4,2.41,1.09,1.14,2.34,5.18,3.31,1.03,1.02
29-1181.00,Audiologists,teaching_education|social_service|medical_science|health_care_service|accounting|agriculture|animal_service|applied_arts_and_design|athletics|business_initiatives|construction_woodwork|creative_writing|culinary_art|engineering|finance|human_resources|humanities|information_technology|law|life_science|management_administration|marketing_advertising|mathematics_statistics|mechanics_electronics|media|music|nature_outdoors|office_work|performing_arts|personal_service|physical_science|physical_manual_labor|politics|professional_advising|protective_service|public_speaking|religious_activities|sales|social_science|transportation_machine_operation|visual_arts,0.0,0.0,0.0,0.0,0.0,0.0,0.0,0.0,0.0,0.0,0.0,1.0,0.0,0.0,0.0,0.0,0.0,0.0,0.0,0.0,0.0,0.0,2.0,0.0,0.0,0.0,0.0,0.0,0.0,0.0,0.0,0.0,0.0,0.0,0.0,0.0,0.0,3.0,4.0,0.0,0.0,1.96,1.0,1.0,1.21,1.14,1.46,1.0,1.14,1.0,2.07,1.5,6.42,1.86,1.31,1.95,1.25,3.47,2.42,1.57,2.61,2.49,1.38,4.73,1.16,1.0,2.31,1.09,2.61,1.23,1.76,1.17,3.97,1.0,2.82,1.0,1.73,2.91,4.57,4.37,1.03,1.11
29-1211.00,Anesthesiologists,life_science|medical_science|health_care_service|accounting|agriculture|animal_service|applied_arts_and_design|athletics|business_initiatives|construction_woodwork|creative_writing|culinary_art|engineering|finance|human_resources|humanities|information_technology|law|management_administration|marketing_advertising|mathematics_statistics|mechanics_electronics|media|music|nature_outdoors|office_work|performing_arts|personal_service|physical_science|physical_manual_labor|politics|professional_advising|protective_service|public_speaking|religious_activities|sales|social_science|social_service|teaching_education|transportation_machine_operation|visual_arts,0.0,0.0,0.0,0.0,0.0,0.0,0.0,0.0,0.0,0.0,0.0,1.0,0.0,0.0,0.0,0.0,3.0,0.0,0.0,0.0,0.0,0.0,2.0,0.0,0.0,0.0,0.0,0.0,0.0,0.0,0.0,0.0,0.0,0.0,0.0,0.0,0.0,0.0,0.0,0.0,0.0,1.34,1.0,1.0,1.0,1.0,1.38,1.0,1.07,1.0,1.6,1.23,6.67,2.03,1.16,1.53,1.25,4.15,2.35,1.0,2.91,1.62,1.07,5.48,1.0,1.0,1.47,1.0,1.85,1.55,2.44,1.11,1.76,1.24,2.12,1.02,1.1,1.96,2.42,3.27,1.06,1.0
29-1212.00,Cardiologists,mathematics_statistics|life_science|medical_science|health_care_service|accounting|agriculture|animal_service|applied_arts_and_design|athletics|business_initiatives|construction_woodwork|creative_writing|culinary_art|engineering|finance|human_resources|humanities|information_technology|law|management_administration|marketing_advertising|mechanics_electronics|media|music|nature_outdoors|office_work|performing_arts|personal_service|physical_science|physical_manual_labor|politics|professional_advising|protective_service|public_speaking|religious_activities|sales|social_science|social_service|teaching_education|transportation_machine_operation|visual_arts,0.0,0.0,0.0,0.0,0.0,0.0,0.0,0.0,0.0,0.0,0.0,1.0,0.0,0.0,0.0,0.0,3.0,0.0,0.0,4.0,0.0,0.0,2.0,0.0,0.0,0.0,0.0,0.0,0.0,0.0,0.0,0.0,0.0,0.0,0.0,0.0,0.0,0.0,0.0,0.0,0.0,1.24,1.0,1.0,1.0,1.5,1.23,1.0,1.0,1.0,1.91,1.13,6.88,1.43,1.12,2.05,1.18,5.79,1.68,1.0,4.02,2.25,1.14,6.22,1.0,1.0,1.73,1.0,1.72,1.47,2.19,1.14,2.27,1.2,2.38,1.0,1.16,1.6,2.75,2.99,1.1,1.02
29-1213.00,Dermatologists,life_science|medical_science|health_care_service|accounting|agriculture|animal_service|applied_arts_and_design|athletics|business_initiatives|construction_woodwork|creative_writing|culinary_art|engineering|finance|human_resources|humanities|information_technology|law|management_administration|marketing_advertising|mathematics_statistics|mechanics_electronics|media|music|nature_outdoors|office_work|performing_arts|personal_service|physical_science|physical_manual_labor|politics|professional_advising|protective_service|public_speaking|religious_activities|sales|social_science|social_service|teaching_education|transportation_machine_operation|visual_arts,0.0,0.0,0.0,0.0,0.0,0.0,0.0,0.0,0.0,0.0,0.0,1.0,0.0,0.0,0.0,0.0,3.0,0.0,0.0,0.0,0.0,0.0,2.0,0.0,0.0,0.0,0.0,0.0,0.0,0.0,0.0,0.0,0.0,0.0,0.0,0.0,0.0,0.0,0.0,0.0,0.0,1.24,1.0,1.0,1.13,1.09,1.21,1.0,1.09,1.0,1.51,1.07,6.75,1.78,1.19,1.68,1.22,5.79,1.81,1.21,2.0,1.38,1.17,6.22,1.0,1.0,1.69,1.0,2.01,1.57,2.04,1.14,2.4,1.08,2.06,1.0,1.18,1.87,2.17,2.71,1.03,1.11
29-1214.00,Emergency Medicine Physicians,social_service|medical_science|health_care_service|accounting|agriculture|animal_service|applied_arts_and_design|athletics|business_initiatives|construction_woodwork|creative_writing|culinary_art|engineering|finance|human_resources|humanities|information_technology|law|life_science|management_administration|marketing_advertising|mathematics_statistics|mechanics_electronics|media|music|nature_outdoors|office_work|performing_arts|personal_service|physical_science|physical_manual_labor|politics|professional_advising|protective_service|public_speaking|religious_activities|sales|social_science|teaching_education|transportation_machine_operation|visual_arts,0.0,0.0,0.0,0.0,0.0,0.0,0.0,0.0,0.0,0.0,0.0,1.0,0.0,0.0,0.0,0.0,0.0,0.0,0.0,0.0,0.0,0.0,2.0,0.0,0.0,0.0,0.0,0.0,0.0,0.0,0.0,0.0,0.0,0.0,0.0,0.0,0.0,3.0,0.0,0.0,0.0,1.31,1.0,1.0,1.0,1.17,1.25,1.0,1.04,1.0,1.38,1.23,6.88,1.86,1.19,1.71,1.37,3.61,2.52,1.0,2.38,1.41,1.14,4.69,1.0,1.02,1.31,1.0,1.85,1.76,2.16,1.23,1.83,2.29,2.25,1.09,1.12,2.5,4.01,2.55,1.13,1.0
29-1215.00,Family Medicine Physicians,professional_advising|teaching_education|life_science|medical_science|social_service|health_care_service|accounting|agriculture|animal_service|applied_arts_and_design|athletics|business_initiatives|construction_woodwork|creative_writing|culinary_art|engineering|finance|human_resources|humanities|information_technology|law|management_administration|marketing_advertising|mathematics_statistics|mechanics_electronics|media|music|nature_outdoors|office_work|performing_arts|personal_service|physical_science|physical_manual_labor|politics|protective_service|public_speaking|religious_activities|sales|social_science|transportation_machine_operation|visual_arts,0.0,0.0,0.0,0.0,0.0,0.0,0.0,0.0,0.0,0.0,0.0,1.0,0.0,0.0,0.0,0.0,4.0,0.0,0.0,0.0,0.0,0.0,3.0,0.0,0.0,0.0,0.0,0.0,0.0,0.0,0.0,6.0,0.0,0.0,0.0,0.0,0.0,2.0,5.0,0.0,0.0,1.48,1.0,1.05,1.05,1.41,1.42,1.0,1.11,1.12,1.29,1.34,6.96,2.07,1.71,2.01,1.62,4.75,2.73,1.18,2.51,1.32,1.17,5.27,1.0,1.09,1.69,1.09,3.36,1.21,2.01,1.44,4.19,1.28,2.58,1.09,1.18,3.52,5.73,4.56,1.06,1.09
29-1216.00,General Internal Medicine Physicians,social_service|life_science|medical_science|health_care_service|accounting|agriculture|animal_service|applied_arts_and_design|athletics|business_initiatives|construction_woodwork|creative_writing|culinary_art|engineering|finance|human_resources|humanities|information_technology|law|management_administration|marketing_advertising|mathematics_statistics|mechanics_electronics|media|music|nature_outdoors|office_work|performing_arts|personal_service|physical_science|physical_manual_labor|politics|professional_advising|protective_service|public_speaking|religious_activities|sales|social_science|teaching_education|transportation_machine_operation|visual_arts,0.0,0.0,0.0,0.0,0.0,0.0,0.0,0.0,0.0,0.0,0.0,1.0,0.0,0.0,0.0,0.0,3.0,0.0,0.0,0.0,0.0,0.0,2.0,0.0,0.0,0.0,0.0,0.0,0.0,0.0,0.0,0.0,0.0,0.0,0.0,0.0,0.0,4.0,0.0,0.0,0.0,1.51,1.0,1.0,1.03,1.26,1.18,1.0,1.11,1.08,1.57,1.23,6.83,1.96,1.38,1.8,1.33,5.34,2.26,1.15,2.61,1.47,1.14,5.61,1.0,1.06,1.66,1.02,2.96,1.21,2.53,1.38,3.58,1.48,2.55,1.11,1.12,2.74,4.4,3.31,1.03,1.09
29-1217.00,Neurologists,life_science|medical_science|health_care_service|accounting|agriculture|animal_service|applied_arts_and_design|athletics|business_initiatives|construction_woodwork|creative_writing|culinary_art|engineering|finance|human_resources|humanities|information_technology|law|management_administration|marketing_advertising|mathematics_statistics|mechanics_electronics|media|music|nature_outdoors|office_work|performing_arts|personal_service|physical_science|physical_manual_labor|politics|professional_advising|protective_service|public_speaking|religious_activities|sales|social_science|social_service|teaching_education|transportation_machine_operation|visual_arts,0.0,0.0,0.0,0.0,0.0,0.0,0.0,0.0,0.0,0.0,0.0,1.0,0.0,0.0,0.0,0.0,3.0,0.0,0.0,0.0,0.0,0.0,2.0,0.0,0.0,0.0,0.0,0.0,0.0,0.0,0.0,0.0,0.0,0.0,0.0,0.0,0.0,0.0,0.0,0.0,0.0,1.17,1.0,1.0,1.0,1.09,1.25,1.0,1.11,1.0,1.48,1.1,6.88,1.71,1.31,1.8,1.22,5.97,2.16,1.08,2.71,1.35,1.14,6.13,1.0,1.0,1.57,1.02,2.04,1.12,2.04,1.08,2.7,1.04,2.51,1.04,1.16,2.57,3.6,3.24,1.0,1.04
29-1218.00,Obstetricians and Gynecologists,social_service|life_science|medical_science|health_care_service|accounting|agriculture|animal_service|applied_arts_and_design|athletics|business_initiatives|construction_woodwork|creative_writing|culinary_art|engineering|finance|human_resources|humanities|information_technology|law|management_administration|marketing_advertising|mathematics_statistics|mechanics_electronics|media|music|nature_outdoors|office_work|performing_arts|personal_service|physical_science|physical_manual_labor|politics|professional_advising|protective_service|public_speaking|religious_activities|sales|social_science|teaching_education|transportation_machine_operation|visual_arts,0.0,0.0,0.0,0.0,0.0,0.0,0.0,0.0,0.0,0.0,0.0,1.0,0.0,0.0,0.0,0.0,3.0,0.0,0.0,0.0,0.0,0.0,2.0,0.0,0.0,0.0,0.0,0.0,0.0,0.0,0.0,0.0,0.0,0.0,0.0,0.0,0.0,4.0,0.0,0.0,0.0,1.51,1.0,1.0,1.0,1.11,1.42,1.0,1.14,1.04,1.38,1.31,6.88,1.82,1.19,1.62,1.51,5.17,2.86,1.15,2.41,1.47,1.14,5.35,1.0,1.0,1.81,1.0,2.44,1.84,1.71,1.56,2.99,1.2,2.65,1.09,1.14,2.18,4.53,3.06,1.0,1.13
29-1221.00,"Pediatricians, General",teaching_education|life_science|social_service|health_care_service|medical_science|accounting|agriculture|animal_service|applied_arts_and_design|athletics|business_initiatives|construction_woodwork|creative_writing|culinary_art|engineering|finance|human_resources|humanities|information_technology|law|management_administration|marketing_advertising|mathematics_statistics|mechanics_electronics|media|music|nature_outdoors|office_work|performing_arts|personal_service|physical_science|physical_manual_labor|politics|professional_advising|protective_service|public_speaking|religious_activities|sales|social_science|transportation_machine_operation|visual_arts,0.0,0.0,0.0,0.0,0.0,0.0,0.0,0.0,0.0,0.0,0.0,2.0,0.0,0.0,0.0,0.0,4.0,0.0,0.0,0.0,0.0,0.0,1.0,0.0,0.0,0.0,0.0,0.0,0.0,0.0,0.0,0.0,0.0,0.0,0.0,0.0,0.0,3.0,5.0,0.0,0.0,1.2,1.0,1.02,1.05,1.32,1.35,1.0,1.14,1.08,1.29,1.23,6.88,1.86,1.67,1.8,1.33,4.96,2.35,1.18,2.44,1.11,1.12,7.0,1.07,1.06,1.69,1.04,2.86,1.17,1.58,1.29,3.84,1.2,2.58,1.13,1.16,3.52,5.78,4.45,1.0,1.07
29-1222.00,"Physicians, Pathologists",physical_science|health_care_service|life_science|medical_science|accounting|agriculture|animal_service|applied_arts_and_design|athletics|business_initiatives|construction_woodwork|creative_writing|culinary_art|engineering|finance|human_resources|humanities|information_technology|law|management_administration|marketing_advertising|mathematics_statistics|mechanics_electronics|media|music|nature_outdoors|office_work|performing_arts|personal_service|physical_manual_labor|politics|professional_advising|protective_service|public_speaking|religious_activities|sales|social_science|social_service|teaching_education|transportation_machine_operation|visual_arts,0.0,0.0,0.0,0.0,0.0,0.0,0.0,0.0,0.0,0.0,0.0,3.0,0.0,0.0,0.0,0.0,2.0,0.0,0.0,0.0,0.0,0.0,1.0,0.0,0.0,0.0,0.0,0.0,0.0,4.0,0.0,0.0,0.0,0.0,0.0,0.0,0.0,0.0,0.0,0.0,0.0,1.48,1.06,1.17,1.0,1.0,1.18,1.0,1.16,1.0,2.07,1.15,5.42,1.35,1.25,2.47,1.73,6.38,2.32,1.0,2.84,1.65,1.14,6.59,1.0,1.06,1.95,1.0,1.27,1.65,4.14,1.14,1.41,2.6,1.75,1.0,1.08,1.6,1.41,2.61,1.1,1.13
29-1223.00,Psychiatrists,professional_advising|medical_science|social_service|social_science|health_care_service|accounting|agriculture|animal_service|applied_arts_and_design|athletics|business_initiatives|construction_woodwork|creative_writing|culinary_art|engineering|finance|human_resources|humanities|information_technology|law|life_science|management_administration|marketing_advertising|mathematics_statistics|mechanics_electronics|media|music|nature_outdoors|office_work|performing_arts|personal_service|physical_science|physical_manual_labor|politics|protective_service|public_speaking|religious_activities|sales|teaching_education|transportation_machine_operation|visual_arts,0.0,0.0,0.0,0.0,0.0,0.0,0.0,0.0,0.0,0.0,0.0,1.0,0.0,0.0,0.0,0.0,0.0,0.0,0.0,0.0,0.0,0.0,4.0,0.0,0.0,0.0,0.0,0.0,0.0,0.0,0.0,5.0,0.0,0.0,0.0,0.0,2.0,3.0,0.0,0.0,0.0,1.2,1.0,1.0,1.13,1.0,1.21,1.0,1.28,1.0,1.09,1.13,6.63,1.71,2.41,1.65,1.69,3.0,2.09,1.13,2.38,1.03,1.27,4.97,1.07,1.0,1.79,1.06,2.27,1.0,1.42,1.35,4.15,1.48,2.55,1.18,1.16,6.43,6.1,3.42,1.0,1.04
29-1224.00,Radiologists,life_science|physical_science|medical_science|health_care_service|accounting|agriculture|animal_service|applied_arts_and_design|athletics|business_initiatives|construction_woodwork|creative_writing|culinary_art|engineering|finance|human_resources|humanities|information_technology|law|management_administration|marketing_advertising|mathematics_statistics|mechanics_electronics|media|music|nature_outdoors|office_work|performing_arts|personal_service|physical_manual_labor|politics|professional_advising|protective_service|public_speaking|religious_activities|sales|social_science|social_service|teaching_education|transportation_machine_operation|visual_arts,0.0,0.0,0.0,0.0,0.0,0.0,0.0,0.0,0.0,0.0,0.0,1.0,0.0,0.0,0.0,0.0,4.0,0.0,0.0,0.0,0.0,0.0,2.0,0.0,0.0,0.0,0.0,0.0,0.0,3.0,0.0,0.0,0.0,0.0,0.0,0.0,0.0,0.0,0.0,0.0,0.0,1.31,1.0,1.05,1.03,1.03,1.21,1.0,1.11,1.0,2.61,1.18,6.54,1.71,1.16,3.55,1.29,4.03,1.81,1.1,3.41,1.93,1.14,5.91,1.0,1.0,1.92,1.02,1.88,1.23,4.35,1.08,1.73,1.16,1.84,1.0,1.1,1.55,1.81,2.58,1.19,1.11
29-1229.01,Allergists and Immunologists,life_science|medical_science|health_care_service|accounting|agriculture|animal_service|applied_arts_and_design|athletics|business_initiatives|construction_woodwork|creative_writing|culinary_art|engineering|finance|human_resources|humanities|information_technology|law|management_administration|marketing_advertising|mathematics_statistics|mechanics_electronics|media|music|nature_outdoors|office_work|performing_arts|personal_service|physical_science|physical_manual_labor|politics|professional_advising|protective_service|public_speaking|religious_activities|sales|social_science|social_service|teaching_education|transportation_machine_operation|visual_arts,0.0,0.0,0.0,0.0,0.0,0.0,0.0,0.0,0.0,0.0,0.0,1.0,0.0,0.0,0.0,0.0,3.0,0.0,0.0,0.0,0.0,0.0,2.0,0.0,0.0,0.0,0.0,0.0,0.0,0.0,0.0,0.0,0.0,0.0,0.0,0.0,0.0,0.0,0.0,0.0,0.0,1.27,1.03,1.17,1.0,1.06,1.2,1.0,1.14,1.12,1.38,1.15,6.63,1.71,1.19,1.59,1.22,6.01,1.75,1.1,2.54,1.32,1.12,6.35,1.0,1.02,1.66,1.04,2.11,1.24,2.34,1.11,2.95,1.04,2.55,1.02,1.12,2.18,3.25,3.94,1.0,1.0
29-1229.02,Hospitalists,social_service|medical_science|health_care_service|accounting|agriculture|animal_service|applied_arts_and_design|athletics|business_initiatives|construction_woodwork|creative_writing|culinary_art|engineering|finance|human_resources|humanities|information_technology|law|life_science|management_administration|marketing_advertising|mathematics_statistics|mechanics_electronics|media|music|nature_outdoors|office_work|performing_arts|personal_service|physical_science|physical_manual_labor|politics|professional_advising|protective_service|public_speaking|religious_activities|sales|social_science|teaching_education|transportation_machine_operation|visual_arts,0.0,0.0,0.0,0.0,0.0,0.0,0.0,0.0,0.0,0.0,0.0,1.0,0.0,0.0,0.0,0.0,0.0,0.0,0.0,0.0,0.0,0.0,2.0,0.0,0.0,0.0,0.0,0.0,0.0,0.0,0.0,0.0,0.0,0.0,0.0,0.0,0.0,3.0,0.0,0.0,0.0,1.55,1.0,1.0,1.0,1.06,1.38,1.0,1.11,1.0,1.09,1.31,6.67,2.18,1.32,1.95,1.29,3.39,2.97,1.03,2.15,1.08,1.14,4.29,1.0,1.0,1.87,1.0,2.07,1.19,1.53,1.2,2.06,1.16,2.09,1.04,1.18,2.67,4.18,3.53,1.03,1.0
29-1229.03,Urologists,life_science|medical_science|health_care_service|accounting|agriculture|animal_service|applied_arts_and_design|athletics|business_initiatives|construction_woodwork|creative_writing|culinary_art|engineering|finance|human_resources|humanities|information_technology|law|management_administration|marketing_advertising|mathematics_statistics|mechanics_electronics|media|music|nature_outdoors|office_work|performing_arts|personal_service|physical_science|physical_manual_labor|politics|professional_advising|protective_service|public_speaking|religious_activities|sales|social_science|social_service|teaching_education|transportation_machine_operation|visual_arts,0.0,0.0,0.0,0.0,0.0,0.0,0.0,0.0,0.0,0.0,0.0,1.0,0.0,0.0,0.0,0.0,3.0,0.0,0.0,0.0,0.0,0.0,2.0,0.0,0.0,0.0,0.0,0.0,0.0,0.0,0.0,0.0,0.0,0.0,0.0,0.0,0.0,0.0,0.0,0.0,0.0,1.27,1.0,1.0,1.03,1.11,1.23,1.0,1.07,1.0,1.85,1.28,6.75,1.85,1.19,1.74,1.44,5.17,2.19,1.16,2.48,1.84,1.12,6.4,1.0,1.0,1.39,1.0,1.88,1.68,2.1,1.26,1.94,1.16,2.35,1.0,1.14,2.18,2.09,2.85,1.06,1.04
29-1229.04,Physical Medicine and Rehabilitation Physicians,life_science|social_service|medical_science|health_care_service|accounting|agriculture|animal_service|applied_arts_and_design|athletics|business_initiatives|construction_woodwork|creative_writing|culinary_art|engineering|finance|human_resources|humanities|information_technology|law|management_administration|marketing_advertising|mathematics_statistics|mechanics_electronics|media|music|nature_outdoors|office_work|performing_arts|personal_service|physical_science|physical_manual_labor|politics|professional_advising|protective_service|public_speaking|religious_activities|sales|social_science|teaching_education|transportation_machine_operation|visual_arts,0.0,0.0,0.0,0.0,0.0,0.0,0.0,0.0,0.0,0.0,0.0,1.0,0.0,0.0,0.0,0.0,4.0,0.0,0.0,0.0,0.0,0.0,2.0,0.0,0.0,0.0,0.0,0.0,0.0,0.0,0.0,0.0,0.0,0.0,0.0,0.0,0.0,3.0,0.0,0.0,0.0,1.3,1.0,1.0,1.13,2.87,1.2,1.0,1.14,1.0,1.82,1.18,6.71,1.93,1.44,1.83,1.55,4.43,2.06,1.1,2.48,1.84,1.14,5.35,1.07,1.04,1.54,1.04,2.44,1.4,2.07,1.2,3.46,1.12,2.45,1.02,1.18,3.05,4.71,3.6,1.13,1.09
29-1229.05,Preventive Medicine Physicians,teaching_education|social_service|social_science|life_science|medical_science|health_care_service|accounting|agriculture|animal_service|applied_arts_and_design|athletics|business_initiatives|construction_woodwork|creative_writing|culinary_art|engineering|finance|human_resources|humanities|information_technology|law|management_administration|marketing_advertising|mathematics_statistics|mechanics_electronics|media|music|nature_outdoors|office_work|performing_arts|personal_service|physical_science|physical_manual_labor|politics|professional_advising|protective_service|public_speaking|religious_activities|sales|transportation_machine_operation|visual_arts,0.0,0.0,0.0,0.0,0.0,0.0,0.0,0.0,0.0,0.0,0.0,1.0,0.0,0.0,0.0,0.0,3.0,0.0,0.0,0.0,0.0,0.0,2.0,0.0,0.0,0.0,0.0,0.0,0.0,0.0,0.0,0.0,0.0,0.0,0.0,0.0,4.0,5.0,6.0,0.0,0.0,1.41,1.26,1.2,1.05,1.32,1.4,1.0,1.36,1.15,1.54,1.31,6.42,2.32,1.51,2.11,2.24,5.48,3.95,1.37,3.63,1.32,1.38,6.31,1.0,1.73,1.59,1.11,2.01,1.08,2.37,2.19,3.88,2.17,3.8,1.0,1.2,5.18,4.4,4.02,1.0,1.13
29-1229.06,Sports Medicine Physicians,life_science|medical_science|athletics|health_care_service|accounting|agriculture|animal_service|applied_arts_and_design|business_initiatives|construction_woodwork|creative_writing|culinary_art|engineering|finance|human_resources|humanities|information_technology|law|management_administration|marketing_advertising|mathematics_statistics|mechanics_electronics|media|music|nature_outdoors|office_work|performing_arts|personal_service|physical_science|physical_manual_labor|politics|professional_advising|protective_service|public_speaking|religious_activities|sales|social_science|social_service|teaching_education|transportation_machine_operation|visual_arts,0.0,0.0,0.0,0.0,2.0,0.0,0.0,0.0,0.0,0.0,0.0,1.0,0.0,0.0,0.0,0.0,4.0,0.0,0.0,0.0,0.0,0.0,3.0,0.0,0.0,0.0,0.0,0.0,0.0,0.0,0.0,0.0,0.0,0.0,0.0,0.0,0.0,0.0,0.0,0.0,0.0,1.24,1.01,1.0,1.03,5.64,1.27,1.0,1.09,1.12,1.57,1.13,6.55,2.0,1.19,1.27,1.29,4.35,2.12,1.21,2.03,1.38,1.25,5.52,1.0,1.32,1.61,1.0,2.04,1.79,1.58,1.2,3.79,1.23,2.32,1.0,1.2,2.24,3.37,3.79,1.06,1.02
29-1241.00,"Ophthalmologists, Except Pediatric",life_science|medical_science|health_care_service|accounting|agriculture|animal_service|applied_arts_and_design|athletics|business_initiatives|construction_woodwork|creative_writing|culinary_art|engineering|finance|human_resources|humanities|information_technology|law|management_administration|marketing_advertising|mathematics_statistics|mechanics_electronics|media|music|nature_outdoors|office_work|performing_arts|personal_service|physical_science|physical_manual_labor|politics|professional_advising|protective_service|public_speaking|religious_activities|sales|social_science|social_service|teaching_education|transportation_machine_operation|visual_arts,0.0,0.0,0.0,0.0,0.0,0.0,0.0,0.0,0.0,0.0,0.0,1.0,0.0,0.0,0.0,0.0,3.0,0.0,0.0,0.0,0.0,0.0,2.0,0.0,0.0,0.0,0.0,0.0,0.0,0.0,0.0,0.0,0.0,0.0,0.0,0.0,0.0,0.0,0.0,0.0,0.0,1.31,1.0,1.0,1.16,1.17,1.44,1.03,1.14,1.0,1.82,1.31,6.75,1.64,1.19,1.77,1.22,5.17,2.39,1.29,2.48,1.71,1.14,5.48,1.0,1.0,1.81,1.0,2.41,1.42,1.93,1.17,2.24,1.04,2.19,1.0,1.31,1.81,3.18,2.61,1.1,1.11
29-1242.00,"Orthopedic Surgeons, Except Pediatric",life_science|medical_science|health_care_service|accounting|agriculture|animal_service|applied_arts_and_design|athletics|business_initiatives|construction_woodwork|creative_writing|culinary_art|engineering|finance|human_resources|humanities|information_technology|law|management_administration|marketing_advertising|mathematics_statistics|mechanics_electronics|media|music|nature_outdoors|office_work|performing_arts|personal_service|physical_science|physical_manual_labor|politics|professional_advising|protective_service|public_speaking|religious_activities|sales|social_science|social_service|teaching_education|transportation_machine_operation|visual_arts,0.0,0.0,0.0,0.0,0.0,0.0,0.0,0.0,0.0,0.0,0.0,1.0,0.0,0.0,0.0,0.0,3.0,0.0,0.0,0.0,0.0,0.0,2.0,0.0,0.0,0.0,0.0,0.0,0.0,0.0,0.0,0.0,0.0,0.0,0.0,0.0,0.0,0.0,0.0,0.0,0.0,1.34,1.0,1.05,1.1,1.81,1.4,1.18,1.07,1.04,2.5,1.2,6.75,1.5,1.09,1.39,1.33,4.67,2.8,1.15,2.31,1.8,1.12,5.87,1.0,1.0,1.41,1.06,1.59,2.07,1.68,1.17,1.83,1.08,2.03,1.0,1.1,1.75,2.08,2.65,1.0,1.04
29-1243.00,Pediatric Surgeons,life_science|medical_science|health_care_service|accounting|agriculture|animal_service|applied_arts_and_design|athletics|business_initiatives|construction_woodwork|creative_writing|culinary_art|engineering|finance|human_resources|humanities|information_technology|law|management_administration|marketing_advertising|mathematics_statistics|mechanics_electronics|media|music|nature_outdoors|office_work|performing_arts|personal_service|physical_science|physical_manual_labor|politics|professional_advising|protective_service|public_speaking|religious_activities|sales|social_science|social_service|teaching_education|transportation_machine_operation|visual_arts,0.0,0.0,0.0,0.0,0.0,0.0,0.0,0.0,0.0,0.0,0.0,1.0,0.0,0.0,0.0,0.0,3.0,0.0,0.0,0.0,0.0,0.0,2.0,0.0,0.0,0.0,0.0,0.0,0.0,0.0,0.0,0.0,0.0,0.0,0.0,0.0,0.0,0.0,0.0,0.0,0.0,1.2,1.0,1.0,1.1,1.06,1.25,1.09,1.11,1.0,2.01,1.18,6.79,1.68,1.19,1.47,1.29,4.88,2.52,1.1,2.22,1.65,1.12,6.13,1.0,1.0,1.26,1.06,1.84,1.9,1.92,1.11,1.86,1.23,2.06,1.02,1.1,1.87,3.03,2.75,1.0,1.11
29-1291.00,Acupuncturists,social_service|personal_service|health_care_service|accounting|agriculture|animal_service|applied_arts_and_design|athletics|business_initiatives|construction_woodwork|creative_writing|culinary_art|engineering|finance|human_resources|humanities|information_technology|law|life_science|management_administration|marketing_advertising|mathematics_statistics|mechanics_electronics|media|medical_science|music|nature_outdoors|office_work|performing_arts|physical_science|physical_manual_labor|politics|professional_advising|protective_service|public_speaking|religious_activities|sales|social_science|teaching_education|transportation_machine_operation|visual_arts,0.0,0.0,0.0,0.0,0.0,0.0,0.0,0.0,0.0,0.0,0.0,1.0,0.0,0.0,0.0,0.0,0.0,0.0,0.0,0.0,0.0,0.0,0.0,0.0,0.0,0.0,0.0,2.0,0.0,0.0,0.0,0.0,0.0,0.0,0.0,0.0,0.0,3.0,0.0,0.0,0.0,1.44,1.04,1.0,1.13,1.44,1.23,1.03,1.21,1.23,1.26,1.1,6.38,1.32,2.04,1.08,1.44,2.62,1.71,1.35,1.42,1.2,1.14,3.39,1.02,1.0,1.59,1.04,4.29,1.93,1.37,1.14,3.18,1.0,1.9,1.11,1.36,2.47,3.97,3.42,1.0,1.13
29-1292.00,Dental Hygienists,teaching_education|personal_service|health_care_service|accounting|agriculture|animal_service|applied_arts_and_design|athletics|business_initiatives|construction_woodwork|creative_writing|culinary_art|engineering|finance|human_resources|humanities|information_technology|law|life_science|management_administration|marketing_advertising|mathematics_statistics|mechanics_electronics|media|medical_science|music|nature_outdoors|office_work|performing_arts|physical_science|physical_manual_labor|politics|professional_advising|protective_service|public_speaking|religious_activities|sales|social_science|social_service|transportation_machine_operation|visual_arts,0.0,0.0,0.0,0.0,0.0,0.0,0.0,0.0,0.0,0.0,0.0,1.0,0.0,0.0,0.0,0.0,0.0,0.0,0.0,0.0,0.0,0.0,0.0,0.0,0.0,0.0,0.0,2.0,0.0,0.0,0.0,0.0,0.0,0.0,0.0,0.0,0.0,0.0,3.0,0.0,0.0,1.44,1.0,1.0,1.05,1.0,1.07,1.06,1.02,1.0,1.38,1.0,6.42,1.57,1.0,1.24,1.07,3.18,1.29,1.05,1.47,1.65,1.02,3.13,1.0,1.0,1.81,1.0,3.61,2.32,1.61,1.0,2.63,1.16,1.87,1.0,1.22,1.4,3.29,3.57,1.0,1.02
29-1299.01,Naturopathic Physicians,social_service|medical_science|life_science|health_care_service|accounting|agriculture|animal_service|applied_arts_and_design|athletics|business_initiatives|construction_woodwork|creative_writing|culinary_art|engineering|finance|human_resources|humanities|information_technology|law|management_administration|marketing_advertising|mathematics_statistics|mechanics_electronics|media|music|nature_outdoors|office_work|performing_arts|personal_service|physical_science|physical_manual_labor|politics|professional_advising|protective_service|public_speaking|religious_activities|sales|social_science|teaching_education|transportation_machine_operation|visual_arts,0.0,0.0,0.0,0.0,0.0,0.0,0.0,0.0,0.0,0.0,0.0,1.0,0.0,0.0,0.0,0.0,2.0,0.0,0.0,0.0,0.0,0.0,3.0,0.0,0.0,0.0,0.0,0.0,0.0,0.0,0.0,0.0,0.0,0.0,0.0,0.0,0.0,4.0,0.0,0.0,0.0,1.51,1.14,1.1,1.08,1.5,1.21,1.0,1.14,2.34,1.38,1.31,6.59,1.35,1.87,1.33,1.4,4.8,1.74,1.4,2.16,1.32,1.22,4.77,1.02,1.47,1.79,1.02,2.48,1.76,2.07,1.32,3.71,1.2,2.68,1.11,1.33,3.33,4.44,3.71,1.0,1.11
29-1299.02,Orthoptists,teaching_education|medical_science|health_care_service|accounting|agriculture|animal_service|applied_arts_and_design|athletics|business_initiatives|construction_woodwork|creative_writing|culinary_art|engineering|finance|human_resources|humanities|information_technology|law|life_science|management_administration|marketing_advertising|mathematics_statistics|mechanics_electronics|media|music|nature_outdoors|office_work|performing_arts|personal_service|physical_science|physical_manual_labor|politics|professional_advising|protective_service|public_speaking|religious_activities|sales|social_science|social_service|transportation_machine_operation|visual_arts,0.0,0.0,0.0,0.0,0.0,0.0,0.0,0.0,0.0,0.0,0.0,1.0,0.0,0.0,0.0,0.0,0.0,0.0,0.0,0.0,0.0,0.0,2.0,0.0,0.0,0.0,0.0,0.0,0.0,0.0,0.0,0.0,0.0,0.0,0.0,0.0,0.0,0.0,3.0,0.0,0.0,1.13,1.0,1.0,1.08,1.11,1.06,1.0,1.14,1.0,1.66,1.0,6.38,1.53,1.22,1.3,1.0,3.07,1.41,1.03,2.03,1.38,1.14,4.57,1.0,1.0,1.66,1.0,2.21,1.45,1.49,1.0,1.86,1.0,1.93,1.0,1.18,2.09,2.52,3.38,1.0,1.11
29-2011.00,Medical and Clinical Laboratory Technologists,physical_science|health_care_service|medical_science|life_science|accounting|agriculture|animal_service|applied_arts_and_design|athletics|business_initiatives|construction_woodwork|creative_writing|culinary_art|engineering|finance|human_resources|humanities|information_technology|law|management_administration|marketing_advertising|mathematics_statistics|mechanics_electronics|media|music|nature_outdoors|office_work|performing_arts|personal_service|physical_manual_labor|politics|professional_advising|protective_service|public_speaking|religious_activities|sales|social_science|social_service|teaching_education|transportation_machine_operation|visual_arts,0.0,0.0,0.0,0.0,0.0,0.0,0.0,0.0,0.0,0.0,0.0,3.0,0.0,0.0,0.0,0.0,1.0,0.0,0.0,0.0,0.0,0.0,2.0,0.0,0.0,0.0,0.0,0.0,0.0,4.0,0.0,0.0,0.0,0.0,0.0,0.0,0.0,0.0,0.0,0.0,0.0,1.82,1.03,1.07,1.0,1.0,1.14,1.0,1.04,1.0,2.47,1.18,5.37,1.61,1.12,2.4,1.0,5.79,2.26,1.0,3.3,3.14,1.07,5.61,1.0,1.0,1.84,1.0,1.43,2.05,4.35,1.0,1.27,1.2,1.48,1.0,1.08,1.52,1.37,2.12,1.19,1.04
29-2011.01,Cytogenetic Technologists,health_care_service|medical_science|life_science|accounting|agriculture|animal_service|applied_arts_and_design|athletics|business_initiatives|construction_woodwork|creative_writing|culinary_art|engineering|finance|human_resources|humanities|information_technology|law|management_administration|marketing_advertising|mathematics_statistics|mechanics_electronics|media|music|nature_outdoors|office_work|performing_arts|personal_service|physical_science|physical_manual_labor|politics|professional_advising|protective_service|public_speaking|religious_activities|sales|social_science|social_service|teaching_education|transportation_machine_operation|visual_arts,0.0,0.0,0.0,0.0,0.0,0.0,0.0,0.0,0.0,0.0,0.0,3.0,0.0,0.0,0.0,0.0,1.0,0.0,0.0,0.0,0.0,0.0,2.0,0.0,0.0,0.0,0.0,0.0,0.0,0.0,0.0,0.0,0.0,0.0,0.0,0.0,0.0,0.0,0.0,0.0,0.0,1.27,1.0,1.02,1.08,1.0,1.01,1.0,1.07,1.0,1.69,1.0,4.33,1.28,1.0,2.08,1.11,6.48,1.65,1.0,2.98,1.74,1.05,6.31,1.0,1.0,1.74,1.0,1.09,1.47,3.01,1.0,1.09,1.04,1.25,1.0,1.0,1.24,1.15,1.78,1.0,1.09
29-2011.02,Cytotechnologists,health_care_service|medical_science|life_science|accounting|agriculture|animal_service|applied_arts_and_design|athletics|business_initiatives|construction_woodwork|creative_writing|culinary_art|engineering|finance|human_resources|humanities|information_technology|law|management_administration|marketing_advertising|mathematics_statistics|mechanics_electronics|media|music|nature_outdoors|office_work|performing_arts|personal_service|physical_science|physical_manual_labor|politics|professional_advising|protective_service|public_speaking|religious_activities|sales|social_science|social_service|teaching_education|transportation_machine_operation|visual_arts,0.0,0.0,0.0,0.0,0.0,0.0,0.0,0.0,0.0,0.0,0.0,3.0,0.0,0.0,0.0,0.0,1.0,0.0,0.0,0.0,0.0,0.0,2.0,0.0,0.0,0.0,0.0,0.0,0.0,0.0,0.0,0.0,0.0,0.0,0.0,0.0,0.0,0.0,0.0,0.0,0.0,1.34,1.0,1.02,1.0,1.0,1.04,1.0,1.04,1.0,1.75,1.0,5.14,1.25,1.0,1.24,1.0,6.29,1.71,1.0,1.65,1.84,1.02,5.95,1.0,1.0,1.61,1.0,1.09,1.45,1.98,1.0,1.12,1.08,1.19,1.0,1.0,1.24,1.21,1.42,1.06,1.09
29-2011.04,Histotechnologists,health_care_service|medical_science|life_science|accounting|agriculture|animal_service|applied_arts_and_design|athletics|business_initiatives|construction_woodwork|creative_writing|culinary_art|engineering|finance|human_resources|humanities|information_technology|law|management_administration|marketing_advertising|mathematics_statistics|mechanics_electronics|media|music|nature_outdoors|office_work|performing_arts|personal_service|physical_science|physical_manual_labor|politics|professional_advising|protective_service|public_speaking|religious_activities|sales|social_science|social_service|teaching_education|transportation_machine_operation|visual_arts,0.0,0.0,0.0,0.0,0.0,0.0,0.0,0.0,0.0,0.0,0.0,3.0,0.0,0.0,0.0,0.0,1.0,0.0,0.0,0.0,0.0,0.0,2.0,0.0,0.0,0.0,0.0,0.0,0.0,0.0,0.0,0.0,0.0,0.0,0.0,0.0,0.0,0.0,0.0,0.0,0.0,1.41,1.0,1.07,1.16,1.0,1.01,1.06,1.02,1.04,1.69,1.02,5.1,1.35,1.16,1.8,1.0,6.06,1.84,1.0,1.82,2.79,1.07,6.04,1.0,1.0,1.74,1.0,1.24,1.9,2.94,1.0,1.22,1.04,1.42,1.0,1.0,1.49,1.25,2.15,1.06,1.13
29-2012.00,Medical and Clinical Laboratory Technicians,life_science|medical_science|health_care_service|accounting|agriculture|animal_service|applied_arts_and_design|athletics|business_initiatives|construction_woodwork|creative_writing|culinary_art|engineering|finance|human_resources|humanities|information_technology|law|management_administration|marketing_advertising|mathematics_statistics|mechanics_electronics|media|music|nature_outdoors|office_work|performing_arts|personal_service|physical_science|physical_manual_labor|politics|professional_advising|protective_service|public_speaking|religious_activities|sales|social_science|social_service|teaching_education|transportation_machine_operation|visual_arts,0.0,0.0,0.0,0.0,0.0,0.0,0.0,0.0,0.0,0.0,0.0,1.0,0.0,0.0,0.0,0.0,3.0,0.0,0.0,0.0,0.0,0.0,2.0,0.0,0.0,0.0,0.0,0.0,0.0,0.0,0.0,0.0,0.0,0.0,0.0,0.0,0.0,0.0,0.0,0.0,0.0,1.72,1.01,1.12,1.0,1.0,1.0,1.0,1.04,1.0,2.57,1.05,5.49,1.39,1.12,2.01,1.07,5.26,1.44,1.0,3.05,2.83,1.07,5.27,1.0,1.02,1.84,1.0,1.33,2.19,3.97,1.0,1.1,1.28,1.16,1.0,1.06,1.4,1.46,1.81,1.13,1.02
29-2012.01,Histology Technicians,health_care_service|medical_science|life_science|accounting|agriculture|animal_service|applied_arts_and_design|athletics|business_initiatives|construction_woodwork|creative_writing|culinary_art|engineering|finance|human_resources|humanities|information_technology|law|management_administration|marketing_advertising|mathematics_statistics|mechanics_electronics|media|music|nature_outdoors|office_work|performing_arts|personal_service|physical_science|physical_manual_labor|politics|professional_advising|protective_service|public_speaking|religious_activities|sales|social_science|social_service|teaching_education|transportation_machine_operation|visual_arts,0.0,0.0,0.0,0.0,0.0,0.0,0.0,0.0,0.0,0.0,0.0,3.0,0.0,0.0,0.0,0.0,1.0,0.0,0.0,0.0,0.0,0.0,2.0,0.0,0.0,0.0,0.0,0.0,0.0,0.0,0.0,0.0,0.0,0.0,0.0,0.0,0.0,0.0,0.0,0.0,0.0,1.27,1.0,1.1,1.1,1.0,1.0,1.06,1.02,1.0,1.85,1.0,4.37,1.11,1.19,1.65,1.0,5.43,1.17,1.0,1.5,2.59,1.0,4.97,1.0,1.0,1.57,1.0,1.03,2.1,2.97,1.0,1.0,1.08,1.08,1.0,1.0,1.26,1.1,1.25,1.19,1.11
29-2031.00,Cardiovascular Technologists and Technicians,mechanics_electronics|medical_science|health_care_service|accounting|agriculture|animal_service|applied_arts_and_design|athletics|business_initiatives|construction_woodwork|creative_writing|culinary_art|engineering|finance|human_resources|humanities|information_technology|law|life_science|management_administration|marketing_advertising|mathematics_statistics|media|music|nature_outdoors|office_work|performing_arts|personal_service|physical_science|physical_manual_labor|politics|professional_advising|protective_service|public_speaking|religious_activities|sales|social_science|social_service|teaching_education|transportation_machine_operation|visual_arts,0.0,0.0,0.0,0.0,0.0,0.0,0.0,0.0,0.0,0.0,0.0,1.0,0.0,0.0,0.0,0.0,0.0,0.0,0.0,0.0,3.0,0.0,2.0,0.0,0.0,0.0,0.0,0.0,0.0,0.0,0.0,0.0,0.0,0.0,0.0,0.0,0.0,0.0,0.0,0.0,0.0,1.34,1.0,1.0,1.0,1.23,1.03,1.0,1.0,1.0,2.81,1.0,6.42,1.64,1.0,2.08,1.04,3.36,1.53,1.0,2.12,3.61,1.0,4.45,1.0,1.0,1.71,1.0,2.27,1.93,1.95,1.0,1.43,1.08,1.48,1.0,1.12,1.52,2.12,2.68,1.19,1.0
29-2032.00,Diagnostic Medical Sonographers,mechanics_electronics|medical_science|health_care_service|accounting|agriculture|animal_service|applied_arts_and_design|athletics|business_initiatives|construction_woodwork|creative_writing|culinary_art|engineering|finance|human_resources|humanities|information_technology|law|life_science|management_administration|marketing_advertising|mathematics_statistics|media|music|nature_outdoors|office_work|performing_arts|personal_service|physical_science|physical_manual_labor|politics|professional_advising|protective_service|public_speaking|religious_activities|sales|social_science|social_service|teaching_education|transportation_machine_operation|visual_arts,0.0,0.0,0.0,0.0,0.0,0.0,0.0,0.0,0.0,0.0,0.0,1.0,0.0,0.0,0.0,0.0,0.0,0.0,0.0,0.0,3.0,0.0,2.0,0.0,0.0,0.0,0.0,0.0,0.0,0.0,0.0,0.0,0.0,0.0,0.0,0.0,0.0,0.0,0.0,0.0,0.0,1.51,1.0,1.0,1.13,1.03,1.06,1.0,1.11,1.0,2.54,1.07,6.22,1.53,1.12,2.2,1.25,2.76,1.65,1.0,2.15,3.18,1.14,3.98,1.0,1.0,2.01,1.02,2.17,2.16,2.16,1.0,1.37,1.16,1.42,1.0,1.18,1.49,2.33,2.28,1.23,1.11
29-2033.00,Nuclear Medicine Technologists,medical_science|physical_science|health_care_service|accounting|agriculture|animal_service|applied_arts_and_design|athletics|business_initiatives|construction_woodwork|creative_writing|culinary_art|engineering|finance|human_resources|humanities|information_technology|law|life_science|management_administration|marketing_advertising|mathematics_statistics|mechanics_electronics|media|music|nature_outdoors|office_work|performing_arts|personal_service|physical_manual_labor|politics|professional_advising|protective_service|public_speaking|religious_activities|sales|social_science|social_service|teaching_education|transportation_machine_operation|visual_arts,0.0,0.0,0.0,0.0,0.0,0.0,0.0,0.0,0.0,0.0,0.0,1.0,0.0,0.0,0.0,0.0,0.0,0.0,0.0,0.0,0.0,0.0,3.0,0.0,0.0,0.0,0.0,0.0,0.0,2.0,0.0,0.0,0.0,0.0,0.0,0.0,0.0,0.0,0.0,0.0,0.0,1.86,1.0,1.0,1.0,1.0,1.01,1.0,1.0,1.0,2.92,1.07,5.97,1.32,1.03,2.8,1.11,3.65,1.62,1.0,3.71,2.76,1.07,4.77,1.0,1.0,1.79,1.0,1.72,1.84,5.07,1.0,1.27,1.44,1.48,1.0,1.06,1.52,1.46,1.9,1.16,1.09
29-2034.00,Radiologic Technologists and Technicians,medical_science|health_care_service|accounting|agriculture|animal_service|applied_arts_and_design|athletics|business_initiatives|construction_woodwork|creative_writing|culinary_art|engineering|finance|human_resources|humanities|information_technology|law|life_science|management_administration|marketing_advertising|mathematics_statistics|mechanics_electronics|media|music|nature_outdoors|office_work|performing_arts|personal_service|physical_science|physical_manual_labor|politics|professional_advising|protective_service|public_speaking|religious_activities|sales|social_science|social_service|teaching_education|transportation_machine_operation|visual_arts,0.0,0.0,0.0,0.0,0.0,0.0,0.0,0.0,0.0,0.0,0.0,1.0,0.0,0.0,0.0,0.0,0.0,0.0,0.0,0.0,0.0,0.0,2.0,0.0,0.0,0.0,0.0,0.0,0.0,0.0,0.0,0.0,0.0,0.0,0.0,0.0,0.0,0.0,0.0,0.0,0.0,1.37,1.0,1.0,1.08,1.09,1.0,1.0,1.0,1.0,2.85,1.0,6.01,1.68,1.0,2.3,1.07,2.3,1.71,1.0,2.0,1.87,1.19,3.83,1.0,1.0,1.84,1.0,2.14,2.57,2.97,1.0,1.33,1.2,1.33,1.0,1.12,1.43,1.94,2.02,1.43,1.09
29-2035.00,Magnetic Resonance Imaging Technologists,medical_science|mechanics_electronics|health_care_service|accounting|agriculture|animal_service|applied_arts_and_design|athletics|business_initiatives|construction_woodwork|creative_writing|culinary_art|engineering|finance|human_resources|humanities|information_technology|law|life_science|management_administration|marketing_advertising|mathematics_statistics|media|music|nature_outdoors|office_work|performing_arts|personal_service|physical_science|physical_manual_labor|politics|professional_advising|protective_service|public_speaking|religious_activities|sales|social_science|social_service|teaching_education|transportation_machine_operation|visual_arts,0.0,0.0,0.0,0.0,0.0,0.0,0.0,0.0,0.0,0.0,0.0,1.0,0.0,0.0,0.0,0.0,0.0,0.0,0.0,0.0,2.0,0.0,3.0,0.0,0.0,0.0,0.0,0.0,0.0,0.0,0.0,0.0,0.0,0.0,0.0,0.0,0.0,0.0,0.0,0.0,0.0,1.41,1.0,1.0,1.03,1.0,1.01,1.0,1.04,1.0,3.13,1.0,5.85,1.53,1.06,2.47,1.04,2.83,1.53,1.0,2.22,3.95,1.12,3.72,1.0,1.0,1.92,1.0,2.72,1.99,3.08,1.0,1.43,1.2,1.66,1.0,1.1,1.52,1.78,2.35,1.36,1.09
29-2036.00,Medical Dosimetrists,information_technology|engineering|physical_science|health_care_service|medical_science|mathematics_statistics|accounting|agriculture|animal_service|applied_arts_and_design|athletics|business_initiatives|construction_woodwork|creative_writing|culinary_art|finance|human_resources|humanities|law|life_science|management_administration|marketing_advertising|mechanics_electronics|media|music|nature_outdoors|office_work|performing_arts|personal_service|physical_manual_labor|politics|professional_advising|protective_service|public_speaking|religious_activities|sales|social_science|social_service|teaching_education|transportation_machine_operation|visual_arts,0.0,0.0,0.0,0.0,0.0,0.0,0.0,0.0,0.0,5.0,0.0,3.0,0.0,0.0,6.0,0.0,0.0,0.0,0.0,1.0,0.0,0.0,2.0,0.0,0.0,0.0,0.0,0.0,0.0,4.0,0.0,0.0,0.0,0.0,0.0,0.0,0.0,0.0,0.0,0.0,0.0,1.75,1.0,1.0,1.24,1.0,1.14,1.09,1.07,1.0,4.47,1.05,5.22,1.5,1.06,4.27,1.07,3.62,1.93,1.03,5.73,2.55,1.1,5.44,1.0,1.0,1.61,1.02,1.49,1.23,5.03,1.03,1.49,1.12,1.78,1.0,1.08,1.49,1.68,2.58,1.1,1.16
29-2042.00,Emergency Medical Technicians,transportation_machine_operation|physical_manual_labor|social_service|health_care_service|accounting|agriculture|animal_service|applied_arts_and_design|athletics|business_initiatives|construction_woodwork|creative_writing|culinary_art|engineering|finance|human_resources|humanities|information_technology|law|life_science|management_administration|marketing_advertising|mathematics_statistics|mechanics_electronics|media|medical_science|music|nature_outdoors|office_work|performing_arts|personal_service|physical_science|politics|professional_advising|protective_service|public_speaking|religious_activities|sales|social_science|teaching_education|visual_arts,0.0,0.0,0.0,0.0,0.0,0.0,0.0,0.0,0.0,0.0,0.0,1.0,0.0,0.0,0.0,0.0,0.0,0.0,0.0,0.0,0.0,0.0,0.0,0.0,0.0,0.0,0.0,0.0,3.0,0.0,0.0,0.0,0.0,0.0,0.0,0.0,0.0,2.0,0.0,4.0,0.0,1.2,1.0,1.15,1.0,1.32,1.0,1.03,1.07,1.0,1.41,1.0,6.55,1.25,1.16,1.19,1.22,2.11,1.44,1.0,1.28,1.96,1.1,3.17,1.0,1.47,1.24,1.0,2.04,4.25,1.33,1.06,1.26,3.13,1.63,1.0,1.04,1.66,4.76,2.02,4.23,1.0
29-2043.00,Paramedics,physical_manual_labor|social_service|health_care_service|accounting|agriculture|animal_service|applied_arts_and_design|athletics|business_initiatives|construction_woodwork|creative_writing|culinary_art|engineering|finance|human_resources|humanities|information_technology|law|life_science|management_administration|marketing_advertising|mathematics_statistics|mechanics_electronics|media|medical_science|music|nature_outdoors|office_work|performing_arts|personal_service|physical_science|politics|professional_advising|protective_service|public_speaking|religious_activities|sales|social_science|teaching_education|transportation_machine_operation|visual_arts,0.0,0.0,0.0,0.0,0.0,0.0,0.0,0.0,0.0,0.0,0.0,1.0,0.0,0.0,0.0,0.0,0.0,0.0,0.0,0.0,0.0,0.0,0.0,0.0,0.0,0.0,0.0,0.0,3.0,0.0,0.0,0.0,0.0,0.0,0.0,0.0,0.0,2.0,0.0,0.0,0.0,1.17,1.0,1.02,1.0,1.29,1.0,1.0,1.04,1.0,1.82,1.0,6.83,1.42,1.09,1.3,1.22,2.2,1.38,1.0,1.7,1.84,1.05,3.57,1.0,1.37,1.1,1.0,1.68,3.72,1.46,1.06,1.39,3.17,1.78,1.04,1.06,1.72,4.31,2.61,3.68,1.0
29-2051.00,Dietetic Technicians,personal_service|social_service|health_care_service|accounting|agriculture|animal_service|applied_arts_and_design|athletics|business_initiatives|construction_woodwork|creative_writing|culinary_art|engineering|finance|human_resources|humanities|information_technology|law|life_science|management_administration|marketing_advertising|mathematics_statistics|mechanics_electronics|media|medical_science|music|nature_outdoors|office_work|performing_arts|physical_science|physical_manual_labor|politics|professional_advising|protective_service|public_speaking|religious_activities|sales|social_science|teaching_education|transportation_machine_operation|visual_arts,0.0,0.0,0.0,0.0,0.0,0.0,0.0,0.0,0.0,0.0,0.0,1.0,0.0,0.0,0.0,0.0,0.0,0.0,0.0,0.0,0.0,0.0,0.0,0.0,0.0,0.0,0.0,3.0,0.0,0.0,0.0,0.0,0.0,0.0,0.0,0.0,0.0,2.0,0.0,0.0,0.0,1.86,1.14,1.0,1.27,1.35,1.23,1.0,1.14,3.63,1.14,1.2,4.94,2.43,1.22,1.56,1.25,2.49,2.76,1.23,2.06,1.17,1.12,2.85,1.0,1.04,2.06,1.06,3.95,1.9,1.58,1.17,3.42,1.16,2.12,1.02,1.18,1.99,4.09,3.53,1.1,1.09
29-2052.00,Pharmacy Technicians,office_work|health_care_service|accounting|agriculture|animal_service|applied_arts_and_design|athletics|business_initiatives|construction_woodwork|creative_writing|culinary_art|engineering|finance|human_resources|humanities|information_technology|law|life_science|management_administration|marketing_advertising|mathematics_statistics|mechanics_electronics|media|medical_science|music|nature_outdoors|performing_arts|personal_service|physical_science|physical_manual_labor|politics|professional_advising|protective_service|public_speaking|religious_activities|sales|social_science|social_service|teaching_education|transportation_machine_operation|visual_arts,0.0,0.0,0.0,0.0,0.0,0.0,0.0,0.0,0.0,0.0,0.0,1.0,0.0,0.0,0.0,0.0,0.0,0.0,0.0,0.0,0.0,0.0,0.0,0.0,0.0,2.0,0.0,0.0,0.0,0.0,0.0,0.0,0.0,0.0,0.0,0.0,0.0,0.0,0.0,0.0,0.0,2.28,1.0,1.0,1.0,1.0,1.12,1.0,1.0,1.04,1.26,1.25,4.6,1.53,1.0,1.98,1.55,1.95,1.53,1.0,1.73,1.32,1.0,2.35,1.0,1.0,4.0,1.0,2.54,2.16,1.74,1.03,1.14,1.32,1.16,1.0,1.73,1.24,1.58,1.33,1.03,1.0
29-2053.00,Psychiatric Technicians,social_science|health_care_service|social_service|accounting|agriculture|animal_service|applied_arts_and_design|athletics|business_initiatives|construction_woodwork|creative_writing|culinary_art|engineering|finance|human_resources|humanities|information_technology|law|life_science|management_administration|marketing_advertising|mathematics_statistics|mechanics_electronics|media|medical_science|music|nature_outdoors|office_work|performing_arts|personal_service|physical_science|physical_manual_labor|politics|professional_advising|protective_service|public_speaking|religious_activities|sales|teaching_education|transportation_machine_operation|visual_arts,0.0,0.0,0.0,0.0,0.0,0.0,0.0,0.0,0.0,0.0,0.0,2.0,0.0,0.0,0.0,0.0,0.0,0.0,0.0,0.0,0.0,0.0,0.0,0.0,0.0,0.0,0.0,0.0,0.0,0.0,0.0,0.0,0.0,0.0,0.0,0.0,3.0,1.0,0.0,0.0,0.0,1.03,1.0,1.02,1.0,1.09,1.0,1.0,1.07,1.0,1.03,1.0,6.18,1.75,1.51,1.24,1.44,1.89,1.44,1.0,1.31,1.14,1.12,2.65,1.07,1.0,1.41,1.09,3.28,2.19,1.05,1.08,2.63,2.75,1.72,1.06,1.06,4.4,6.49,3.71,1.1,1.07
29-2055.00,Surgical Technologists,physical_manual_labor|health_care_service|accounting|agriculture|animal_service|applied_arts_and_design|athletics|business_initiatives|construction_woodwork|creative_writing|culinary_art|engineering|finance|human_resources|humanities|information_technology|law|life_science|management_administration|marketing_advertising|mathematics_statistics|mechanics_electronics|media|medical_science|music|nature_outdoors|office_work|performing_arts|personal_service|physical_science|politics|professional_advising|protective_service|public_speaking|religious_activities|sales|social_science|social_service|teaching_education|transportation_machine_operation|visual_arts,0.0,0.0,0.0,0.0,0.0,0.0,0.0,0.0,0.0,0.0,0.0,1.0,0.0,0.0,0.0,0.0,0.0,0.0,0.0,0.0,0.0,0.0,0.0,0.0,0.0,0.0,0.0,0.0,2.0,0.0,0.0,0.0,0.0,0.0,0.0,0.0,0.0,0.0,0.0,0.0,0.0,1.17,1.0,1.0,1.0,1.0,1.0,1.06,1.0,1.04,1.5,1.0,6.3,1.28,1.0,1.16,1.0,1.98,1.14,1.0,1.15,2.09,1.0,2.68,1.0,1.0,1.1,1.0,1.43,2.81,1.22,1.0,1.09,1.0,1.14,1.0,1.0,1.24,1.55,1.54,1.03,1.0
29-2056.00,Veterinary Technologists and Technicians,medical_science|life_science|health_care_service|animal_service|accounting|agriculture|applied_arts_and_design|athletics|business_initiatives|construction_woodwork|creative_writing|culinary_art|engineering|finance|human_resources|humanities|information_technology|law|management_administration|marketing_advertising|mathematics_statistics|mechanics_electronics|media|music|nature_outdoors|office_work|performing_arts|personal_service|physical_science|physical_manual_labor|politics|professional_advising|protective_service|public_speaking|religious_activities|sales|social_science|social_service|teaching_education|transportation_machine_operation|visual_arts,0.0,0.0,1.0,0.0,0.0,0.0,0.0,0.0,0.0,0.0,0.0,2.0,0.0,0.0,0.0,0.0,3.0,0.0,0.0,0.0,0.0,0.0,4.0,0.0,0.0,0.0,0.0,0.0,0.0,0.0,0.0,0.0,0.0,0.0,0.0,0.0,0.0,0.0,0.0,0.0,0.0,2.17,1.69,6.08,1.03,1.0,1.0,1.0,1.04,1.0,1.51,1.13,6.01,1.53,1.0,1.27,1.07,5.39,1.53,1.08,2.25,2.12,1.02,4.73,1.0,1.2,1.89,1.0,2.24,3.02,2.07,1.0,1.39,1.2,1.39,1.0,1.18,1.24,1.53,1.99,1.06,1.0
29-2057.00,Ophthalmic Medical Technicians,life_science|medical_science|health_care_service|accounting|agriculture|animal_service|applied_arts_and_design|athletics|business_initiatives|construction_woodwork|creative_writing|culinary_art|engineering|finance|human_resources|humanities|information_technology|law|management_administration|marketing_advertising|mathematics_statistics|mechanics_electronics|media|music|nature_outdoors|office_work|performing_arts|personal_service|physical_science|physical_manual_labor|politics|professional_advising|protective_service|public_speaking|religious_activities|sales|social_science|social_service|teaching_education|transportation_machine_operation|visual_arts,0.0,0.0,0.0,0.0,0.0,0.0,0.0,0.0,0.0,0.0,0.0,1.0,0.0,0.0,0.0,0.0,3.0,0.0,0.0,0.0,0.0,0.0,2.0,0.0,0.0,0.0,0.0,0.0,0.0,0.0,0.0,0.0,0.0,0.0,0.0,0.0,0.0,0.0,0.0,0.0,0.0,1.34,1.0,1.0,1.0,1.0,1.01,1.0,1.02,1.0,1.85,1.0,6.3,1.57,1.0,1.3,1.0,3.18,1.35,1.03,2.44,2.16,1.0,3.87,1.0,1.0,1.92,1.0,2.24,1.73,1.76,1.0,1.31,1.0,1.3,1.0,1.16,1.49,2.0,2.35,1.2,1.0
29-2061.00,Licensed Practical and Licensed Vocational Nurses,personal_service|social_service|health_care_service|accounting|agriculture|animal_service|applied_arts_and_design|athletics|business_initiatives|construction_woodwork|creative_writing|culinary_art|engineering|finance|human_resources|humanities|information_technology|law|life_science|management_administration|marketing_advertising|mathematics_statistics|mechanics_electronics|media|medical_science|music|nature_outdoors|office_work|performing_arts|physical_science|physical_manual_labor|politics|professional_advising|protective_service|public_speaking|religious_activities|sales|social_science|teaching_education|transportation_machine_operation|visual_arts,0.0,0.0,0.0,0.0,0.0,0.0,0.0,0.0,0.0,0.0,0.0,1.0,0.0,0.0,0.0,0.0,0.0,0.0,0.0,0.0,0.0,0.0,0.0,0.0,0.0,0.0,0.0,3.0,0.0,0.0,0.0,0.0,0.0,0.0,0.0,0.0,0.0,2.0,0.0,0.0,0.0,1.38,1.0,1.05,1.0,1.11,1.11,1.0,1.07,1.19,1.23,1.05,6.5,1.71,1.19,1.27,1.11,2.27,1.93,1.0,1.85,1.35,1.02,3.13,1.0,1.0,1.64,1.0,3.61,2.67,1.22,1.03,1.89,1.28,1.48,1.06,1.14,1.84,4.76,2.32,1.06,1.0
29-2072.00,Medical Records Specialists,health_care_service|office_work|accounting|agriculture|animal_service|applied_arts_and_design|athletics|business_initiatives|construction_woodwork|creative_writing|culinary_art|engineering|finance|human_resources|humanities|information_technology|law|life_science|management_administration|marketing_advertising|mathematics_statistics|mechanics_electronics|media|medical_science|music|nature_outdoors|performing_arts|personal_service|physical_science|physical_manual_labor|politics|professional_advising|protective_service|public_speaking|religious_activities|sales|social_science|social_service|teaching_education|transportation_machine_operation|visual_arts,0.0,0.0,0.0,0.0,0.0,0.0,0.0,0.0,0.0,0.0,0.0,2.0,0.0,0.0,0.0,0.0,0.0,0.0,0.0,0.0,0.0,0.0,0.0,0.0,0.0,1.0,0.0,0.0,0.0,0.0,0.0,0.0,0.0,0.0,0.0,0.0,0.0,0.0,0.0,0.0,0.0,2.85,1.0,1.0,1.0,1.0,1.12,1.0,1.0,1.0,1.06,1.28,4.18,1.6,1.19,2.97,2.1,1.83,2.25,1.0,2.34,1.14,1.07,2.28,1.0,1.0,6.26,1.0,1.68,1.1,1.1,1.03,1.12,1.16,1.25,1.0,1.12,1.49,1.46,1.28,1.0,1.0
29-2081.00,"Opticians, Dispensing",health_care_service|personal_service|accounting|agriculture|animal_service|applied_arts_and_design|athletics|business_initiatives|construction_woodwork|creative_writing|culinary_art|engineering|finance|human_resources|humanities|information_technology|law|life_science|management_administration|marketing_advertising|mathematics_statistics|mechanics_electronics|media|medical_science|music|nature_outdoors|office_work|performing_arts|physical_science|physical_manual_labor|politics|professional_advising|protective_service|public_speaking|religious_activities|sales|social_science|social_service|teaching_education|transportation_machine_operation|visual_arts,0.0,0.0,0.0,0.0,0.0,0.0,0.0,0.0,0.0,0.0,0.0,2.0,0.0,0.0,0.0,0.0,0.0,0.0,0.0,0.0,0.0,0.0,0.0,0.0,0.0,0.0,0.0,1.0,0.0,0.0,0.0,0.0,0.0,0.0,0.0,0.0,0.0,0.0,0.0,0.0,0.0,2.1,1.0,1.0,1.46,1.0,1.4,1.15,1.04,1.0,1.82,1.45,3.55,1.64,1.0,1.47,1.36,1.34,2.32,1.72,1.76,2.35,1.02,1.51,1.0,1.0,2.24,1.0,4.02,2.08,1.37,1.03,1.73,1.0,1.66,1.0,2.0,1.24,1.55,2.31,1.03,1.2
29-2091.00,Orthotists and Prosthetists,mechanics_electronics|engineering|health_care_service|accounting|agriculture|animal_service|applied_arts_and_design|athletics|business_initiatives|construction_woodwork|creative_writing|culinary_art|finance|human_resources|humanities|information_technology|law|life_science|management_administration|marketing_advertising|mathematics_statistics|media|medical_science|music|nature_outdoors|office_work|performing_arts|personal_service|physical_science|physical_manual_labor|politics|professional_advising|protective_service|public_speaking|religious_activities|sales|social_science|social_service|teaching_education|transportation_machine_operation|visual_arts,0.0,0.0,0.0,0.0,0.0,0.0,0.0,0.0,0.0,2.0,0.0,1.0,0.0,0.0,0.0,0.0,0.0,0.0,0.0,0.0,3.0,0.0,0.0,0.0,0.0,0.0,0.0,0.0,0.0,0.0,0.0,0.0,0.0,0.0,0.0,0.0,0.0,0.0,0.0,0.0,0.0,1.48,1.0,1.0,1.27,1.78,1.14,1.41,1.14,1.04,4.87,1.15,5.81,1.71,1.12,1.86,1.04,2.26,2.19,1.21,2.35,4.18,1.12,3.46,1.0,1.0,1.66,1.06,2.89,2.74,2.13,1.06,2.11,1.0,1.78,1.0,1.33,2.15,3.37,3.35,1.19,1.5
29-2092.00,Hearing Aid Specialists,professional_advising|social_service|personal_service|health_care_service|accounting|agriculture|animal_service|applied_arts_and_design|athletics|business_initiatives|construction_woodwork|creative_writing|culinary_art|engineering|finance|human_resources|humanities|information_technology|law|life_science|management_administration|marketing_advertising|mathematics_statistics|mechanics_electronics|media|medical_science|music|nature_outdoors|office_work|performing_arts|physical_science|physical_manual_labor|politics|protective_service|public_speaking|religious_activities|sales|social_science|teaching_education|transportation_machine_operation|visual_arts,0.0,0.0,0.0,0.0,0.0,0.0,0.0,0.0,0.0,0.0,0.0,1.0,0.0,0.0,0.0,0.0,0.0,0.0,0.0,0.0,0.0,0.0,0.0,0.0,0.0,0.0,0.0,2.0,0.0,0.0,0.0,4.0,0.0,0.0,0.0,0.0,0.0,3.0,0.0,0.0,0.0,2.0,1.0,1.0,1.29,1.0,1.25,1.09,1.11,1.0,2.3,1.25,6.05,1.86,1.28,1.8,1.11,1.89,1.87,1.51,1.91,3.03,1.14,3.28,1.21,1.0,2.18,1.04,4.59,1.42,1.66,1.03,4.06,1.04,2.0,1.0,2.1,2.67,4.44,3.9,1.06,1.09
29-2099.01,Neurodiagnostic Technologists,life_science|medical_science|health_care_service|accounting|agriculture|animal_service|applied_arts_and_design|athletics|business_initiatives|construction_woodwork|creative_writing|culinary_art|engineering|finance|human_resources|humanities|information_technology|law|management_administration|marketing_advertising|mathematics_statistics|mechanics_electronics|media|music|nature_outdoors|office_work|performing_arts|personal_service|physical_science|physical_manual_labor|politics|professional_advising|protective_service|public_speaking|religious_activities|sales|social_science|social_service|teaching_education|transportation_machine_operation|visual_arts,0.0,0.0,0.0,0.0,0.0,0.0,0.0,0.0,0.0,0.0,0.0,1.0,0.0,0.0,0.0,0.0,3.0,0.0,0.0,0.0,0.0,0.0,2.0,0.0,0.0,0.0,0.0,0.0,0.0,0.0,0.0,0.0,0.0,0.0,0.0,0.0,0.0,0.0,0.0,0.0,0.0,1.31,1.0,1.0,1.0,1.0,1.0,1.0,1.07,1.0,2.6,1.0,5.85,1.53,1.16,2.5,1.0,3.92,1.41,1.0,2.81,3.4,1.05,4.65,1.0,1.0,1.66,1.0,1.88,1.6,1.9,1.0,1.35,1.12,1.39,1.0,1.06,1.75,1.65,1.96,1.16,1.09
29-2099.05,Ophthalmic Medical Technologists,life_science|medical_science|health_care_service|accounting|agriculture|animal_service|applied_arts_and_design|athletics|business_initiatives|construction_woodwork|creative_writing|culinary_art|engineering|finance|human_resources|humanities|information_technology|law|management_administration|marketing_advertising|mathematics_statistics|mechanics_electronics|media|music|nature_outdoors|office_work|performing_arts|personal_service|physical_science|physical_manual_labor|politics|professional_advising|protective_service|public_speaking|religious_activities|sales|social_science|social_service|teaching_education|transportation_machine_operation|visual_arts,0.0,0.0,0.0,0.0,0.0,0.0,0.0,0.0,0.0,0.0,0.0,1.0,0.0,0.0,0.0,0.0,3.0,0.0,0.0,0.0,0.0,0.0,2.0,0.0,0.0,0.0,0.0,0.0,0.0,0.0,0.0,0.0,0.0,0.0,0.0,0.0,0.0,0.0,0.0,0.0,0.0,1.34,1.0,1.0,1.16,1.0,1.14,1.0,1.02,1.0,1.82,1.02,6.18,1.71,1.0,1.36,1.0,3.88,1.78,1.0,2.54,2.0,1.07,4.29,1.0,1.0,1.89,1.0,2.31,1.63,1.98,1.0,1.89,1.04,1.48,1.0,1.18,1.49,2.3,2.82,1.0,1.2
29-2099.08,Patient Representatives,personal_service|professional_advising|health_care_service|social_service|accounting|agriculture|animal_service|applied_arts_and_design|athletics|business_initiatives|construction_woodwork|creative_writing|culinary_art|engineering|finance|human_resources|humanities|information_technology|law|life_science|management_administration|marketing_advertising|mathematics_statistics|mechanics_electronics|media|medical_science|music|nature_outdoors|office_work|performing_arts|physical_science|physical_manual_labor|politics|protective_service|public_speaking|religious_activities|sales|social_science|teaching_education|transportation_machine_operation|visual_arts,0.0,0.0,0.0,0.0,0.0,0.0,0.0,0.0,0.0,0.0,0.0,2.0,0.0,0.0,0.0,0.0,0.0,0.0,0.0,0.0,0.0,0.0,0.0,0.0,0.0,0.0,0.0,4.0,0.0,0.0,0.0,3.0,0.0,0.0,0.0,0.0,0.0,1.0,0.0,0.0,0.0,1.41,1.0,1.02,1.03,1.0,1.38,1.0,1.31,1.0,1.0,1.34,5.37,3.23,1.48,1.56,1.7,1.77,2.62,1.6,1.26,1.03,1.35,2.28,1.0,1.0,3.62,1.0,4.95,1.0,1.02,1.38,5.02,1.2,2.42,1.06,1.5,3.82,5.89,2.61,1.0,1.04
29-9021.00,Health Information Technologists and Medical Registrars,health_care_service|office_work|information_technology|accounting|agriculture|animal_service|applied_arts_and_design|athletics|business_initiatives|construction_woodwork|creative_writing|culinary_art|engineering|finance|human_resources|humanities|law|life_science|management_administration|marketing_advertising|mathematics_statistics|mechanics_electronics|media|medical_science|music|nature_outdoors|performing_arts|personal_service|physical_science|physical_manual_labor|politics|professional_advising|protective_service|public_speaking|religious_activities|sales|social_science|social_service|teaching_education|transportation_machine_operation|visual_arts,0.0,0.0,0.0,0.0,0.0,0.0,0.0,0.0,0.0,0.0,0.0,3.0,0.0,0.0,1.0,0.0,0.0,0.0,0.0,0.0,0.0,0.0,0.0,0.0,0.0,2.0,0.0,0.0,0.0,0.0,0.0,0.0,0.0,0.0,0.0,0.0,0.0,0.0,0.0,0.0,0.0,1.93,1.0,1.0,1.03,1.0,1.42,1.0,1.14,1.0,1.45,1.47,4.41,2.11,1.28,5.55,1.69,2.14,3.62,1.13,3.34,1.38,1.14,3.06,1.0,1.0,5.41,1.0,1.62,1.06,1.35,1.26,2.0,1.23,1.87,1.0,1.14,1.96,1.75,2.48,1.0,1.13
29-9091.00,Athletic Trainers,teaching_education|health_care_service|athletics|accounting|agriculture|animal_service|applied_arts_and_design|business_initiatives|construction_woodwork|creative_writing|culinary_art|engineering|finance|human_resources|humanities|information_technology|law|life_science|management_administration|marketing_advertising|mathematics_statistics|mechanics_electronics|media|medical_science|music|nature_outdoors|office_work|performing_arts|personal_service|physical_science|physical_manual_labor|politics|professional_advising|protective_service|public_speaking|religious_activities|sales|social_science|social_service|transportation_machine_operation|visual_arts,0.0,0.0,0.0,0.0,1.0,0.0,0.0,0.0,0.0,0.0,0.0,2.0,0.0,0.0,0.0,0.0,0.0,0.0,0.0,0.0,0.0,0.0,0.0,0.0,0.0,0.0,0.0,0.0,0.0,0.0,0.0,0.0,0.0,0.0,0.0,0.0,0.0,0.0,3.0,0.0,0.0,1.27,1.0,1.07,1.08,6.73,1.18,1.0,1.09,1.12,1.29,1.0,6.21,1.96,1.12,1.16,1.18,2.59,2.09,1.18,1.47,1.26,1.14,3.53,1.0,1.32,1.48,1.09,2.79,2.81,1.39,1.03,2.88,1.48,2.58,1.0,1.2,2.44,3.8,4.29,1.13,1.04
29-9092.00,Genetic Counselors,teaching_education|social_service|professional_advising|medical_science|life_science|health_care_service|accounting|agriculture|animal_service|applied_arts_and_design|athletics|business_initiatives|construction_woodwork|creative_writing|culinary_art|engineering|finance|human_resources|humanities|information_technology|law|management_administration|marketing_advertising|mathematics_statistics|mechanics_electronics|media|music|nature_outdoors|office_work|performing_arts|personal_service|physical_science|physical_manual_labor|politics|protective_service|public_speaking|religious_activities|sales|social_science|transportation_machine_operation|visual_arts,0.0,0.0,0.0,0.0,0.0,0.0,0.0,0.0,0.0,0.0,0.0,1.0,0.0,0.0,0.0,0.0,2.0,0.0,0.0,0.0,0.0,0.0,3.0,0.0,0.0,0.0,0.0,0.0,0.0,0.0,0.0,4.0,0.0,0.0,0.0,0.0,0.0,5.0,6.0,0.0,0.0,1.31,1.0,1.0,1.13,1.0,1.31,1.0,1.33,1.0,1.17,1.07,6.13,1.68,1.54,1.36,1.51,5.74,1.84,1.23,2.98,1.0,1.38,5.69,1.0,1.0,1.87,1.11,2.86,1.0,1.84,1.17,5.66,1.04,3.03,1.04,1.25,3.78,5.38,4.21,1.0,1.07
29-9093.00,Surgical Assistants,physical_manual_labor|medical_science|health_care_service|accounting|agriculture|animal_service|applied_arts_and_design|athletics|business_initiatives|construction_woodwork|creative_writing|culinary_art|engineering|finance|human_resources|humanities|information_technology|law|life_science|management_administration|marketing_advertising|mathematics_statistics|mechanics_electronics|media|music|nature_outdoors|office_work|performing_arts|personal_service|physical_science|politics|professional_advising|protective_service|public_speaking|religious_activities|sales|social_science|social_service|teaching_education|transportation_machine_operation|visual_arts,0.0,0.0,0.0,0.0,0.0,0.0,0.0,0.0,0.0,0.0,0.0,1.0,0.0,0.0,0.0,0.0,0.0,0.0,0.0,0.0,0.0,0.0,2.0,0.0,0.0,0.0,0.0,0.0,3.0,0.0,0.0,0.0,0.0,0.0,0.0,0.0,0.0,0.0,0.0,0.0,0.0,1.17,1.0,1.0,1.0,1.03,1.0,1.0,1.0,1.04,1.47,1.0,6.18,1.32,1.0,1.11,1.0,2.33,1.35,1.0,1.28,1.56,1.0,3.17,1.0,1.0,1.12,1.0,1.4,3.12,1.33,1.0,1.2,1.16,1.16,1.0,1.0,1.32,1.7,1.72,1.1,1.0
29-9099.01,Midwives,professional_advising|medical_science|life_science|social_service|health_care_service|accounting|agriculture|animal_service|applied_arts_and_design|athletics|business_initiatives|construction_woodwork|creative_writing|culinary_art|engineering|finance|human_resources|humanities|information_technology|law|management_administration|marketing_advertising|mathematics_statistics|mechanics_electronics|media|music|nature_outdoors|office_work|performing_arts|personal_service|physical_science|physical_manual_labor|politics|protective_service|public_speaking|religious_activities|sales|social_science|teaching_education|transportation_machine_operation|visual_arts,0.0,0.0,0.0,0.0,0.0,0.0,0.0,0.0,0.0,0.0,0.0,1.0,0.0,0.0,0.0,0.0,3.0,0.0,0.0,0.0,0.0,0.0,4.0,0.0,0.0,0.0,0.0,0.0,0.0,0.0,0.0,5.0,0.0,0.0,0.0,0.0,0.0,2.0,0.0,0.0,0.0,1.13,1.0,1.0,1.05,1.11,1.21,1.0,1.09,1.12,1.29,1.02,6.71,1.46,1.7,1.08,1.07,4.19,1.96,1.15,1.88,1.14,1.12,4.1,1.14,1.0,1.59,1.04,3.61,2.23,1.33,1.17,4.01,1.16,2.06,1.18,1.18,2.41,5.83,3.98,1.0,1.04
31-1121.00,Home Health Aides,personal_service|health_care_service|social_service|accounting|agriculture|animal_service|applied_arts_and_design|athletics|business_initiatives|construction_woodwork|creative_writing|culinary_art|engineering|finance|human_resources|humanities|information_technology|law|life_science|management_administration|marketing_advertising|mathematics_statistics|mechanics_electronics|media|medical_science|music|nature_outdoors|office_work|performing_arts|physical_science|physical_manual_labor|politics|professional_advising|protective_service|public_speaking|religious_activities|sales|social_science|teaching_education|transportation_machine_operation|visual_arts,0.0,0.0,0.0,0.0,0.0,0.0,0.0,0.0,0.0,0.0,0.0,2.0,0.0,0.0,0.0,0.0,0.0,0.0,0.0,0.0,0.0,0.0,0.0,0.0,0.0,0.0,0.0,3.0,0.0,0.0,0.0,0.0,0.0,0.0,0.0,0.0,0.0,1.0,0.0,0.0,0.0,1.24,1.0,1.15,1.0,1.23,1.0,1.0,1.07,1.96,1.03,1.0,6.18,1.35,1.16,1.05,1.0,1.48,1.26,1.0,1.15,1.17,1.0,1.87,1.07,1.0,1.24,1.06,4.87,3.61,1.05,1.0,1.56,1.16,1.25,1.11,1.14,1.49,6.21,2.82,1.36,1.0
31-1122.00,Personal Care Aides,health_care_service|personal_service|social_service|accounting|agriculture|animal_service|applied_arts_and_design|athletics|business_initiatives|construction_woodwork|creative_writing|culinary_art|engineering|finance|human_resources|humanities|information_technology|law|life_science|management_administration|marketing_advertising|mathematics_statistics|mechanics_electronics|media|medical_science|music|nature_outdoors|office_work|performing_arts|physical_science|physical_manual_labor|politics|professional_advising|protective_service|public_speaking|religious_activities|sales|social_science|teaching_education|transportation_machine_operation|visual_arts,0.0,0.0,0.0,0.0,0.0,0.0,0.0,0.0,0.0,0.0,0.0,3.0,0.0,0.0,0.0,0.0,0.0,0.0,0.0,0.0,0.0,0.0,0.0,0.0,0.0,0.0,0.0,2.0,0.0,0.0,0.0,0.0,0.0,0.0,0.0,0.0,0.0,1.0,0.0,0.0,0.0,1.2,1.0,1.22,1.05,1.14,1.03,1.03,1.07,2.04,1.09,1.05,5.18,1.75,1.19,1.08,1.04,1.23,1.38,1.03,1.05,1.2,1.05,1.69,1.09,1.09,1.45,1.02,5.39,2.91,1.0,1.03,1.83,1.32,1.39,1.13,1.12,2.12,6.66,2.65,1.43,1.0
31-1131.00,Nursing Assistants,personal_service|social_service|health_care_service|accounting|agriculture|animal_service|applied_arts_and_design|athletics|business_initiatives|construction_woodwork|creative_writing|culinary_art|engineering|finance|human_resources|humanities|information_technology|law|life_science|management_administration|marketing_advertising|mathematics_statistics|mechanics_electronics|media|medical_science|music|nature_outdoors|office_work|performing_arts|physical_science|physical_manual_labor|politics|professional_advising|protective_service|public_speaking|religious_activities|sales|social_science|teaching_education|transportation_machine_operation|visual_arts,0.0,0.0,0.0,0.0,0.0,0.0,0.0,0.0,0.0,0.0,0.0,1.0,0.0,0.0,0.0,0.0,0.0,0.0,0.0,0.0,0.0,0.0,0.0,0.0,0.0,0.0,0.0,3.0,0.0,0.0,0.0,0.0,0.0,0.0,0.0,0.0,0.0,2.0,0.0,0.0,0.0,1.27,1.0,1.43,1.0,1.09,1.0,1.0,1.0,1.35,1.09,1.0,6.5,1.53,1.16,1.05,1.0,1.89,1.32,1.0,1.15,1.17,1.0,2.0,1.0,1.0,1.47,1.02,4.6,3.34,1.07,1.03,1.39,1.32,1.33,1.11,1.1,1.63,5.53,2.12,1.36,1.0
31-1132.00,Orderlies,health_care_service|physical_manual_labor|accounting|agriculture|animal_service|applied_arts_and_design|athletics|business_initiatives|construction_woodwork|creative_writing|culinary_art|engineering|finance|human_resources|humanities|information_technology|law|life_science|management_administration|marketing_advertising|mathematics_statistics|mechanics_electronics|media|medical_science|music|nature_outdoors|office_work|performing_arts|personal_service|physical_science|politics|professional_advising|protective_service|public_speaking|religious_activities|sales|social_science|social_service|teaching_education|transportation_machine_operation|visual_arts,0.0,0.0,0.0,0.0,0.0,0.0,0.0,0.0,0.0,0.0,0.0,2.0,0.0,0.0,0.0,0.0,0.0,0.0,0.0,0.0,0.0,0.0,0.0,0.0,0.0,0.0,0.0,0.0,1.0,0.0,0.0,0.0,0.0,0.0,0.0,0.0,0.0,0.0,0.0,0.0,0.0,1.13,1.0,1.02,1.0,1.11,1.0,1.0,1.0,1.0,1.09,1.0,4.68,1.18,1.0,1.05,1.0,1.21,1.08,1.0,1.02,1.38,1.0,1.42,1.0,1.0,1.24,1.0,2.27,5.43,1.0,1.0,1.04,1.83,1.11,1.0,1.06,1.13,2.23,1.16,2.77,1.0
31-1133.00,Psychiatric Aides,social_science|health_care_service|social_service|accounting|agriculture|animal_service|applied_arts_and_design|athletics|business_initiatives|construction_woodwork|creative_writing|culinary_art|engineering|finance|human_resources|humanities|information_technology|law|life_science|management_administration|marketing_advertising|mathematics_statistics|mechanics_electronics|media|medical_science|music|nature_outdoors|office_work|performing_arts|personal_service|physical_science|physical_manual_labor|politics|professional_advising|protective_service|public_speaking|religious_activities|sales|teaching_education|transportation_machine_operation|visual_arts,0.0,0.0,0.0,0.0,0.0,0.0,0.0,0.0,0.0,0.0,0.0,2.0,0.0,0.0,0.0,0.0,0.0,0.0,0.0,0.0,0.0,0.0,0.0,0.0,0.0,0.0,0.0,0.0,0.0,0.0,0.0,0.0,0.0,0.0,0.0,0.0,3.0,1.0,0.0,0.0,0.0,1.24,1.0,1.05,1.03,1.29,1.0,1.0,1.11,1.12,1.0,1.0,5.89,1.53,1.28,1.05,1.07,1.57,1.38,1.0,1.1,1.06,1.02,2.38,1.07,1.0,1.66,1.04,3.5,2.44,1.02,1.0,1.91,2.71,1.36,1.11,1.12,3.85,6.49,2.58,1.06,1.07
31-2011.00,Occupational Therapy Assistants,teaching_education|social_service|health_care_service|accounting|agriculture|animal_service|applied_arts_and_design|athletics|business_initiatives|construction_woodwork|creative_writing|culinary_art|engineering|finance|human_resources|humanities|information_technology|law|life_science|management_administration|marketing_advertising|mathematics_statistics|mechanics_electronics|media|medical_science|music|nature_outdoors|office_work|performing_arts|personal_service|physical_science|physical_manual_labor|politics|professional_advising|protective_service|public_speaking|religious_activities|sales|social_science|transportation_machine_operation|visual_arts,0.0,0.0,0.0,0.0,0.0,0.0,0.0,0.0,0.0,0.0,0.0,1.0,0.0,0.0,0.0,0.0,0.0,0.0,0.0,0.0,0.0,0.0,0.0,0.0,0.0,0.0,0.0,0.0,0.0,0.0,0.0,0.0,0.0,0.0,0.0,0.0,0.0,2.0,3.0,0.0,0.0,1.37,1.0,1.17,1.38,1.5,1.01,1.38,1.16,1.12,1.32,1.02,6.38,1.68,1.41,1.53,1.07,1.74,1.5,1.13,1.26,1.44,1.12,2.41,1.14,1.0,2.03,1.19,3.61,2.35,1.12,1.06,3.92,1.08,1.96,1.02,1.14,3.08,6.21,4.72,1.3,1.35
31-2012.00,Occupational Therapy Aides,teaching_education|social_service|health_care_service|accounting|agriculture|animal_service|applied_arts_and_design|athletics|business_initiatives|construction_woodwork|creative_writing|culinary_art|engineering|finance|human_resources|humanities|information_technology|law|life_science|management_administration|marketing_advertising|mathematics_statistics|mechanics_electronics|media|medical_science|music|nature_outdoors|office_work|performing_arts|personal_service|physical_science|physical_manual_labor|politics|professional_advising|protective_service|public_speaking|religious_activities|sales|social_science|transportation_machine_operation|visual_arts,0.0,0.0,0.0,0.0,0.0,0.0,0.0,0.0,0.0,0.0,0.0,1.0,0.0,0.0,0.0,0.0,0.0,0.0,0.0,0.0,0.0,0.0,0.0,0.0,0.0,0.0,0.0,0.0,0.0,0.0,0.0,0.0,0.0,0.0,0.0,0.0,0.0,2.0,3.0,0.0,0.0,1.27,1.0,1.15,1.38,1.32,1.0,1.22,1.14,1.08,1.26,1.0,5.85,1.71,1.28,1.42,1.0,1.51,1.41,1.03,1.23,1.5,1.07,1.87,1.07,1.0,2.4,1.17,3.54,2.51,1.03,1.0,2.4,1.08,1.69,1.02,1.1,2.4,5.53,3.64,1.43,1.35
31-2021.00,Physical Therapist Assistants,teaching_education|social_service|health_care_service|accounting|agriculture|animal_service|applied_arts_and_design|athletics|business_initiatives|construction_woodwork|creative_writing|culinary_art|engineering|finance|human_resources|humanities|information_technology|law|life_science|management_administration|marketing_advertising|mathematics_statistics|mechanics_electronics|media|medical_science|music|nature_outdoors|office_work|performing_arts|personal_service|physical_science|physical_manual_labor|politics|professional_advising|protective_service|public_speaking|religious_activities|sales|social_science|transportation_machine_operation|visual_arts,0.0,0.0,0.0,0.0,0.0,0.0,0.0,0.0,0.0,0.0,0.0,1.0,0.0,0.0,0.0,0.0,0.0,0.0,0.0,0.0,0.0,0.0,0.0,0.0,0.0,0.0,0.0,0.0,0.0,0.0,0.0,0.0,0.0,0.0,0.0,0.0,0.0,2.0,3.0,0.0,0.0,1.41,1.0,1.05,1.1,2.9,1.03,1.09,1.11,1.0,1.38,1.0,6.42,1.64,1.16,1.39,1.11,2.27,1.41,1.03,1.56,1.41,1.14,3.06,1.07,1.06,1.73,1.06,3.72,3.57,1.35,1.0,3.26,1.08,1.87,1.0,1.14,2.08,5.48,4.25,1.33,1.07
31-2022.00,Physical Therapist Aides,personal_service|social_service|health_care_service|accounting|agriculture|animal_service|applied_arts_and_design|athletics|business_initiatives|construction_woodwork|creative_writing|culinary_art|engineering|finance|human_resources|humanities|information_technology|law|life_science|management_administration|marketing_advertising|mathematics_statistics|mechanics_electronics|media|medical_science|music|nature_outdoors|office_work|performing_arts|physical_science|physical_manual_labor|politics|professional_advising|protective_service|public_speaking|religious_activities|sales|social_science|teaching_education|transportation_machine_operation|visual_arts,0.0,0.0,0.0,0.0,0.0,0.0,0.0,0.0,0.0,0.0,0.0,1.0,0.0,0.0,0.0,0.0,0.0,0.0,0.0,0.0,0.0,0.0,0.0,0.0,0.0,0.0,0.0,3.0,0.0,0.0,0.0,0.0,0.0,0.0,0.0,0.0,0.0,2.0,0.0,0.0,0.0,1.31,1.0,1.07,1.05,2.29,1.01,1.18,1.04,1.0,1.26,1.05,5.81,1.64,1.03,1.27,1.0,1.57,1.35,1.03,1.05,1.74,1.07,2.0,1.02,1.0,1.92,1.06,3.57,3.49,1.12,1.0,1.54,1.08,1.22,1.0,1.12,1.52,4.62,2.45,1.4,1.0
31-9011.00,Massage Therapists,social_service|personal_service|health_care_service|accounting|agriculture|animal_service|applied_arts_and_design|athletics|business_initiatives|construction_woodwork|creative_writing|culinary_art|engineering|finance|human_resources|humanities|information_technology|law|life_science|management_administration|marketing_advertising|mathematics_statistics|mechanics_electronics|media|medical_science|music|nature_outdoors|office_work|performing_arts|physical_science|physical_manual_labor|politics|professional_advising|protective_service|public_speaking|religious_activities|sales|social_science|teaching_education|transportation_machine_operation|visual_arts,0.0,0.0,0.0,0.0,0.0,0.0,0.0,0.0,0.0,0.0,0.0,1.0,0.0,0.0,0.0,0.0,0.0,0.0,0.0,0.0,0.0,0.0,0.0,0.0,0.0,0.0,0.0,2.0,0.0,0.0,0.0,0.0,0.0,0.0,0.0,0.0,0.0,3.0,0.0,0.0,0.0,1.1,1.0,1.05,1.19,2.36,1.11,1.0,1.14,1.15,1.06,1.05,5.53,1.53,1.16,1.0,1.11,2.33,1.44,1.4,1.18,1.08,1.12,3.03,1.09,1.09,1.31,1.06,5.43,3.38,1.16,1.0,2.27,1.12,1.36,1.06,1.57,2.18,4.09,2.82,1.06,1.13
31-9091.00,Dental Assistants,office_work|health_care_service|accounting|agriculture|animal_service|applied_arts_and_design|athletics|business_initiatives|construction_woodwork|creative_writing|culinary_art|engineering|finance|human_resources|humanities|information_technology|law|life_science|management_administration|marketing_advertising|mathematics_statistics|mechanics_electronics|media|medical_science|music|nature_outdoors|performing_arts|personal_service|physical_science|physical_manual_labor|politics|professional_advising|protective_service|public_speaking|religious_activities|sales|social_science|social_service|teaching_education|transportation_machine_operation|visual_arts,0.0,0.0,0.0,0.0,0.0,0.0,0.0,0.0,0.0,0.0,0.0,1.0,0.0,0.0,0.0,0.0,0.0,0.0,0.0,0.0,0.0,0.0,0.0,0.0,0.0,2.0,0.0,0.0,0.0,0.0,0.0,0.0,0.0,0.0,0.0,0.0,0.0,0.0,0.0,0.0,0.0,2.49,1.0,1.0,1.08,1.0,1.06,1.06,1.0,1.04,1.38,1.2,6.01,1.71,1.03,1.53,1.0,1.86,1.93,1.08,1.26,1.96,1.0,2.35,1.0,1.0,3.1,1.0,2.86,2.48,1.33,1.0,1.51,1.04,1.34,1.0,1.27,1.24,1.97,2.51,1.06,1.0
31-9092.00,Medical Assistants,social_service|office_work|health_care_service|accounting|agriculture|animal_service|applied_arts_and_design|athletics|business_initiatives|construction_woodwork|creative_writing|culinary_art|engineering|finance|human_resources|humanities|information_technology|law|life_science|management_administration|marketing_advertising|mathematics_statistics|mechanics_electronics|media|medical_science|music|nature_outdoors|performing_arts|personal_service|physical_science|physical_manual_labor|politics|professional_advising|protective_service|public_speaking|religious_activities|sales|social_science|teaching_education|transportation_machine_operation|visual_arts,0.0,0.0,0.0,0.0,0.0,0.0,0.0,0.0,0.0,0.0,0.0,1.0,0.0,0.0,0.0,0.0,0.0,0.0,0.0,0.0,0.0,0.0,0.0,0.0,0.0,2.0,0.0,0.0,0.0,0.0,0.0,0.0,0.0,0.0,0.0,0.0,0.0,3.0,0.0,0.0,0.0,2.28,1.0,1.12,1.0,1.03,1.11,1.0,1.0,1.0,1.23,1.18,6.59,1.71,1.12,1.77,1.11,2.04,1.81,1.0,1.36,1.62,1.05,2.68,1.0,1.0,4.28,1.0,3.0,2.48,1.42,1.06,1.63,1.28,1.42,1.0,1.14,1.78,3.18,2.54,1.13,1.0
31-9093.00,Medical Equipment Preparers,health_care_service|mechanics_electronics|accounting|agriculture|animal_service|applied_arts_and_design|athletics|business_initiatives|construction_woodwork|creative_writing|culinary_art|engineering|finance|human_resources|humanities|information_technology|law|life_science|management_administration|marketing_advertising|mathematics_statistics|media|medical_science|music|nature_outdoors|office_work|performing_arts|personal_service|physical_science|physical_manual_labor|politics|professional_advising|protective_service|public_speaking|religious_activities|sales|social_science|social_service|teaching_education|transportation_machine_operation|visual_arts,0.0,0.0,0.0,0.0,0.0,0.0,0.0,0.0,0.0,0.0,0.0,2.0,0.0,0.0,0.0,0.0,0.0,0.0,0.0,0.0,1.0,0.0,0.0,0.0,0.0,0.0,0.0,0.0,0.0,0.0,0.0,0.0,0.0,0.0,0.0,0.0,0.0,0.0,0.0,0.0,0.0,1.48,1.0,1.0,1.0,1.0,1.0,1.15,1.0,1.08,2.24,1.0,4.22,1.28,1.0,1.5,1.0,1.92,1.26,1.0,1.2,4.22,1.0,2.28,1.0,1.0,1.76,1.0,1.37,1.65,1.61,1.0,1.01,1.28,1.14,1.0,1.12,1.18,1.19,1.36,1.46,1.0
31-9094.00,Medical Transcriptionists,health_care_service|office_work|accounting|agriculture|animal_service|applied_arts_and_design|athletics|business_initiatives|construction_woodwork|creative_writing|culinary_art|engineering|finance|human_resources|humanities|information_technology|law|life_science|management_administration|marketing_advertising|mathematics_statistics|mechanics_electronics|media|medical_science|music|nature_outdoors|performing_arts|personal_service|physical_science|physical_manual_labor|politics|professional_advising|protective_service|public_speaking|religious_activities|sales|social_science|social_service|teaching_education|transportation_machine_operation|visual_arts,0.0,0.0,0.0,0.0,0.0,0.0,0.0,0.0,0.0,0.0,0.0,2.0,0.0,0.0,0.0,0.0,0.0,0.0,0.0,0.0,0.0,0.0,0.0,0.0,0.0,1.0,0.0,0.0,0.0,0.0,0.0,0.0,0.0,0.0,0.0,0.0,0.0,0.0,0.0,0.0,0.0,2.07,1.0,1.0,1.03,1.0,1.0,1.0,1.21,1.0,1.06,1.05,4.26,1.6,1.31,2.17,1.33,1.8,1.41,1.0,1.34,1.14,1.3,2.25,1.0,1.0,5.85,1.02,1.33,1.06,1.12,1.0,1.09,1.0,1.03,1.0,1.0,1.49,1.6,1.25,1.0,1.0
31-9095.00,Pharmacy Aides,health_care_service|office_work|accounting|agriculture|animal_service|applied_arts_and_design|athletics|business_initiatives|construction_woodwork|creative_writing|culinary_art|engineering|finance|human_resources|humanities|information_technology|law|life_science|management_administration|marketing_advertising|mathematics_statistics|mechanics_electronics|media|medical_science|music|nature_outdoors|performing_arts|personal_service|physical_science|physical_manual_labor|politics|professional_advising|protective_service|public_speaking|religious_activities|sales|social_science|social_service|teaching_education|transportation_machine_operation|visual_arts,0.0,0.0,0.0,0.0,0.0,0.0,0.0,0.0,0.0,0.0,0.0,2.0,0.0,0.0,0.0,0.0,0.0,0.0,0.0,0.0,0.0,0.0,0.0,0.0,0.0,1.0,0.0,0.0,0.0,0.0,0.0,0.0,0.0,0.0,0.0,0.0,0.0,0.0,0.0,0.0,0.0,1.82,1.0,1.0,1.0,1.0,1.2,1.0,1.0,1.0,1.09,1.25,3.18,1.57,1.0,1.16,1.0,1.4,1.56,1.29,1.07,1.14,1.0,1.42,1.0,1.0,4.46,1.0,2.54,2.26,1.09,1.03,1.13,1.08,1.28,1.0,2.5,1.08,1.44,1.16,1.06,1.0
31-9096.00,Veterinary Assistants and Laboratory Animal Caretakers,life_science|health_care_service|animal_service|accounting|agriculture|applied_arts_and_design|athletics|business_initiatives|construction_woodwork|creative_writing|culinary_art|engineering|finance|human_resources|humanities|information_technology|law|management_administration|marketing_advertising|mathematics_statistics|mechanics_electronics|media|medical_science|music|nature_outdoors|office_work|performing_arts|personal_service|physical_science|physical_manual_labor|politics|professional_advising|protective_service|public_speaking|religious_activities|sales|social_science|social_service|teaching_education|transportation_machine_operation|visual_arts,0.0,0.0,1.0,0.0,0.0,0.0,0.0,0.0,0.0,0.0,0.0,2.0,0.0,0.0,0.0,0.0,3.0,0.0,0.0,0.0,0.0,0.0,0.0,0.0,0.0,0.0,0.0,0.0,0.0,0.0,0.0,0.0,0.0,0.0,0.0,0.0,0.0,0.0,0.0,0.0,0.0,1.79,1.32,6.31,1.0,1.09,1.0,1.0,1.09,1.04,1.26,1.1,5.02,1.46,1.0,1.27,1.07,3.95,1.41,1.15,1.5,1.44,1.0,3.53,1.0,1.27,1.98,1.0,2.41,3.88,1.49,1.0,1.27,1.28,1.31,1.0,1.27,1.4,1.55,1.9,1.13,1.0
31-9097.00,Phlebotomists,medical_science|health_care_service|accounting|agriculture|animal_service|applied_arts_and_design|athletics|business_initiatives|construction_woodwork|creative_writing|culinary_art|engineering|finance|human_resources|humanities|information_technology|law|life_science|management_administration|marketing_advertising|mathematics_statistics|mechanics_electronics|media|music|nature_outdoors|office_work|performing_arts|personal_service|physical_science|physical_manual_labor|politics|professional_advising|protective_service|public_speaking|religious_activities|sales|social_science|social_service|teaching_education|transportation_machine_operation|visual_arts,0.0,0.0,0.0,0.0,0.0,0.0,0.0,0.0,0.0,0.0,0.0,1.0,0.0,0.0,0.0,0.0,0.0,0.0,0.0,0.0,0.0,0.0,2.0,0.0,0.0,0.0,0.0,0.0,0.0,0.0,0.0,0.0,0.0,0.0,0.0,0.0,0.0,0.0,0.0,0.0,0.0,1.41,1.0,1.02,1.0,1.0,1.01,1.0,1.0,1.0,1.23,1.05,5.73,1.53,1.06,1.59,1.07,2.97,1.32,1.0,1.39,1.32,1.0,3.28,1.0,1.0,1.98,1.0,1.88,2.19,1.56,1.0,1.26,1.08,1.39,1.0,1.12,1.46,1.73,2.28,1.33,1.0
31-9099.01,Speech-Language Pathology Assistants,teaching_education|social_service|health_care_service|accounting|agriculture|animal_service|applied_arts_and_design|athletics|business_initiatives|construction_woodwork|creative_writing|culinary_art|engineering|finance|human_resources|humanities|information_technology|law|life_science|management_administration|marketing_advertising|mathematics_statistics|mechanics_electronics|media|medical_science|music|nature_outdoors|office_work|performing_arts|personal_service|physical_science|physical_manual_labor|politics|professional_advising|protective_service|public_speaking|religious_activities|sales|social_science|transportation_machine_operation|visual_arts,0.0,0.0,0.0,0.0,0.0,0.0,0.0,0.0,0.0,0.0,0.0,1.0,0.0,0.0,0.0,0.0,0.0,0.0,0.0,0.0,0.0,0.0,0.0,0.0,0.0,0.0,0.0,0.0,0.0,0.0,0.0,0.0,0.0,0.0,0.0,0.0,0.0,2.0,3.0,0.0,0.0,1.48,1.0,1.0,1.16,1.03,1.01,1.0,1.28,1.0,1.06,1.0,5.81,1.82,2.13,1.33,1.0,2.01,1.65,1.13,1.67,1.03,1.32,2.92,1.23,1.0,2.28,1.15,2.48,1.12,1.1,1.03,2.56,1.0,1.9,1.0,1.12,3.22,5.52,4.68,1.0,1.23
31-9099.02,Endoscopy Technicians,medical_science|mechanics_electronics|health_care_service|accounting|agriculture|animal_service|applied_arts_and_design|athletics|business_initiatives|construction_woodwork|creative_writing|culinary_art|engineering|finance|human_resources|humanities|information_technology|law|life_science|management_administration|marketing_advertising|mathematics_statistics|media|music|nature_outdoors|office_work|performing_arts|personal_service|physical_science|physical_manual_labor|politics|professional_advising|protective_service|public_speaking|religious_activities|sales|social_science|social_service|teaching_education|transportation_machine_operation|visual_arts,0.0,0.0,0.0,0.0,0.0,0.0,0.0,0.0,0.0,0.0,0.0,1.0,0.0,0.0,0.0,0.0,0.0,0.0,0.0,0.0,2.0,0.0,3.0,0.0,0.0,0.0,0.0,0.0,0.0,0.0,0.0,0.0,0.0,0.0,0.0,0.0,0.0,0.0,0.0,0.0,0.0,1.2,1.0,1.0,1.0,1.0,1.0,1.0,1.0,1.0,2.44,1.0,6.05,1.5,1.0,1.68,1.0,2.66,1.26,1.0,1.39,3.95,1.02,3.57,1.0,1.0,1.35,1.0,1.62,2.45,1.53,1.0,1.13,1.04,1.34,1.0,1.0,1.24,1.48,1.9,1.13,1.02
33-1011.00,First-Line Supervisors of Correctional Officers,human_resources|management_administration|protective_service|accounting|agriculture|animal_service|applied_arts_and_design|athletics|business_initiatives|construction_woodwork|creative_writing|culinary_art|engineering|finance|health_care_service|humanities|information_technology|law|life_science|marketing_advertising|mathematics_statistics|mechanics_electronics|media|medical_science|music|nature_outdoors|office_work|performing_arts|personal_service|physical_science|physical_manual_labor|politics|professional_advising|public_speaking|religious_activities|sales|social_science|social_service|teaching_education|transportation_machine_operation|visual_arts,0.0,0.0,0.0,0.0,0.0,0.0,0.0,0.0,0.0,0.0,0.0,0.0,3.0,0.0,0.0,0.0,0.0,2.0,0.0,0.0,0.0,0.0,0.0,0.0,0.0,0.0,0.0,0.0,0.0,0.0,0.0,0.0,1.0,0.0,0.0,0.0,0.0,0.0,0.0,0.0,0.0,1.51,1.04,1.0,1.0,1.29,1.42,1.09,1.0,1.08,1.09,1.07,1.49,3.27,1.19,1.39,3.2,1.0,5.89,1.03,1.15,1.23,1.12,1.03,1.0,1.0,1.98,1.0,1.59,2.05,1.0,1.65,1.17,6.48,2.19,1.04,1.12,2.41,2.72,2.28,1.73,1.0
33-1012.00,First-Line Supervisors of Police and Detectives,human_resources|public_speaking|law|protective_service|management_administration|accounting|agriculture|animal_service|applied_arts_and_design|athletics|business_initiatives|construction_woodwork|creative_writing|culinary_art|engineering|finance|health_care_service|humanities|information_technology|life_science|marketing_advertising|mathematics_statistics|mechanics_electronics|media|medical_science|music|nature_outdoors|office_work|performing_arts|personal_service|physical_science|physical_manual_labor|politics|professional_advising|religious_activities|sales|social_science|social_service|teaching_education|transportation_machine_operation|visual_arts,0.0,0.0,0.0,0.0,0.0,0.0,0.0,0.0,0.0,0.0,0.0,0.0,5.0,0.0,0.0,3.0,0.0,1.0,0.0,0.0,0.0,0.0,0.0,0.0,0.0,0.0,0.0,0.0,0.0,0.0,0.0,0.0,2.0,4.0,0.0,0.0,0.0,0.0,0.0,0.0,0.0,1.72,1.0,1.07,1.0,1.32,2.2,1.0,1.21,1.0,1.17,1.25,1.29,4.16,1.25,1.42,4.42,1.03,6.33,1.32,1.31,1.23,1.35,1.05,1.0,1.13,2.15,1.06,2.04,1.37,1.07,2.38,2.63,6.13,4.17,1.02,1.22,2.57,2.45,2.99,1.46,1.0
33-1021.00,First-Line Supervisors of Firefighting and Prevention Workers,physical_manual_labor|management_administration|protective_service|accounting|agriculture|animal_service|applied_arts_and_design|athletics|business_initiatives|construction_woodwork|creative_writing|culinary_art|engineering|finance|health_care_service|human_resources|humanities|information_technology|law|life_science|marketing_advertising|mathematics_statistics|mechanics_electronics|media|medical_science|music|nature_outdoors|office_work|performing_arts|personal_service|physical_science|politics|professional_advising|public_speaking|religious_activities|sales|social_science|social_service|teaching_education|transportation_machine_operation|visual_arts,0.0,0.0,0.0,0.0,0.0,0.0,0.0,0.0,0.0,0.0,0.0,0.0,0.0,0.0,0.0,0.0,0.0,2.0,0.0,0.0,0.0,0.0,0.0,0.0,0.0,0.0,0.0,0.0,3.0,0.0,0.0,0.0,1.0,0.0,0.0,0.0,0.0,0.0,0.0,0.0,0.0,1.65,1.04,1.05,1.0,1.9,2.11,1.47,1.11,1.0,2.3,1.31,2.41,3.31,1.09,1.39,2.17,1.15,5.8,1.15,1.56,2.76,1.2,1.48,1.0,2.88,2.03,1.0,1.65,4.58,1.37,1.71,1.92,5.99,3.31,1.0,1.18,1.52,1.94,2.89,3.27,1.0
33-1091.00,First-Line Supervisors of Security Workers,human_resources|management_administration|protective_service|accounting|agriculture|animal_service|applied_arts_and_design|athletics|business_initiatives|construction_woodwork|creative_writing|culinary_art|engineering|finance|health_care_service|humanities|information_technology|law|life_science|marketing_advertising|mathematics_statistics|mechanics_electronics|media|medical_science|music|nature_outdoors|office_work|performing_arts|personal_service|physical_science|physical_manual_labor|politics|professional_advising|public_speaking|religious_activities|sales|social_science|social_service|teaching_education|transportation_machine_operation|visual_arts,0.0,0.0,0.0,0.0,0.0,0.0,0.0,0.0,0.0,0.0,0.0,0.0,3.0,0.0,0.0,0.0,0.0,2.0,0.0,0.0,0.0,0.0,0.0,0.0,0.0,0.0,0.0,0.0,0.0,0.0,0.0,0.0,1.0,0.0,0.0,0.0,0.0,0.0,0.0,0.0,0.0,1.34,1.0,1.0,1.0,1.2,1.78,1.0,1.04,1.0,1.32,1.23,1.29,3.27,1.0,1.83,2.54,1.0,5.43,1.15,1.15,1.93,1.14,1.0,1.0,1.09,2.12,1.0,1.97,2.02,1.02,1.35,1.76,5.77,2.28,1.0,1.27,1.55,1.68,2.18,1.4,1.0
33-2011.00,Firefighters,transportation_machine_operation|protective_service|physical_manual_labor|accounting|agriculture|animal_service|applied_arts_and_design|athletics|business_initiatives|construction_woodwork|creative_writing|culinary_art|engineering|finance|health_care_service|human_resources|humanities|information_technology|law|life_science|management_administration|marketing_advertising|mathematics_statistics|mechanics_electronics|media|medical_science|music|nature_outdoors|office_work|performing_arts|personal_service|physical_science|politics|professional_advising|public_speaking|religious_activities|sales|social_science|social_service|teaching_education|visual_arts,0.0,0.0,0.0,0.0,0.0,0.0,0.0,0.0,0.0,0.0,0.0,0.0,0.0,0.0,0.0,0.0,0.0,0.0,0.0,0.0,0.0,0.0,0.0,0.0,0.0,0.0,0.0,0.0,1.0,0.0,0.0,0.0,2.0,0.0,0.0,0.0,0.0,0.0,0.0,3.0,0.0,1.13,1.16,1.15,1.03,2.46,1.14,1.83,1.04,1.04,2.51,1.02,2.83,1.46,1.09,1.16,1.58,1.34,2.03,1.21,1.48,2.73,1.17,1.84,1.0,3.13,1.16,1.04,1.52,6.63,1.49,1.17,1.24,4.8,2.0,1.02,1.12,1.32,2.17,2.09,3.97,1.0
33-2021.00,Fire Inspectors and Investigators,law|public_speaking|protective_service|accounting|agriculture|animal_service|applied_arts_and_design|athletics|business_initiatives|construction_woodwork|creative_writing|culinary_art|engineering|finance|health_care_service|human_resources|humanities|information_technology|life_science|management_administration|marketing_advertising|mathematics_statistics|mechanics_electronics|media|medical_science|music|nature_outdoors|office_work|performing_arts|personal_service|physical_science|physical_manual_labor|politics|professional_advising|religious_activities|sales|social_science|social_service|teaching_education|transportation_machine_operation|visual_arts,0.0,0.0,0.0,0.0,0.0,0.0,0.0,0.0,0.0,0.0,0.0,0.0,0.0,0.0,0.0,3.0,0.0,0.0,0.0,0.0,0.0,0.0,0.0,0.0,0.0,0.0,0.0,0.0,0.0,0.0,0.0,0.0,1.0,2.0,0.0,0.0,0.0,0.0,0.0,0.0,0.0,1.55,1.01,1.05,1.0,1.09,1.31,2.33,1.14,1.0,2.57,1.07,1.29,1.71,1.16,1.3,3.57,1.13,2.49,1.15,1.53,2.16,1.25,1.25,1.0,1.34,2.06,1.04,1.46,2.26,2.28,1.56,1.81,5.27,3.6,1.0,1.18,1.55,1.6,2.54,1.94,1.07
33-2022.00,Forest Fire Inspectors and Prevention Specialists,physical_manual_labor|protective_service|nature_outdoors|accounting|agriculture|animal_service|applied_arts_and_design|athletics|business_initiatives|construction_woodwork|creative_writing|culinary_art|engineering|finance|health_care_service|human_resources|humanities|information_technology|law|life_science|management_administration|marketing_advertising|mathematics_statistics|mechanics_electronics|media|medical_science|music|office_work|performing_arts|personal_service|physical_science|politics|professional_advising|public_speaking|religious_activities|sales|social_science|social_service|teaching_education|transportation_machine_operation|visual_arts,0.0,0.0,0.0,0.0,0.0,0.0,0.0,0.0,0.0,0.0,0.0,0.0,0.0,0.0,0.0,0.0,0.0,0.0,0.0,0.0,0.0,0.0,0.0,0.0,1.0,0.0,0.0,0.0,3.0,0.0,0.0,0.0,2.0,0.0,0.0,0.0,0.0,0.0,0.0,0.0,0.0,1.41,1.98,1.07,1.0,1.41,1.29,1.18,1.09,1.0,1.91,1.07,1.23,1.96,1.16,1.59,2.02,1.68,2.69,1.21,1.76,2.32,1.38,1.05,1.0,6.28,1.61,1.02,1.49,4.41,1.95,1.41,1.51,4.54,2.92,1.0,1.18,1.32,1.35,2.58,3.05,1.02
33-3011.00,Bailiffs,law|protective_service|accounting|agriculture|animal_service|applied_arts_and_design|athletics|business_initiatives|construction_woodwork|creative_writing|culinary_art|engineering|finance|health_care_service|human_resources|humanities|information_technology|life_science|management_administration|marketing_advertising|mathematics_statistics|mechanics_electronics|media|medical_science|music|nature_outdoors|office_work|performing_arts|personal_service|physical_science|physical_manual_labor|politics|professional_advising|public_speaking|religious_activities|sales|social_science|social_service|teaching_education|transportation_machine_operation|visual_arts,0.0,0.0,0.0,0.0,0.0,0.0,0.0,0.0,0.0,0.0,0.0,0.0,0.0,0.0,0.0,2.0,0.0,0.0,0.0,0.0,0.0,0.0,0.0,0.0,0.0,0.0,0.0,0.0,0.0,0.0,0.0,0.0,1.0,0.0,0.0,0.0,0.0,0.0,0.0,0.0,0.0,1.2,1.0,1.0,1.0,1.11,1.07,1.0,1.0,1.0,1.12,1.0,1.1,1.53,1.09,1.08,3.98,1.0,1.84,1.0,1.0,1.2,1.07,1.0,1.0,1.0,1.45,1.0,1.78,2.64,1.02,1.65,1.09,6.09,1.69,1.0,1.12,1.49,1.31,1.16,1.26,1.0
33-3012.00,Correctional Officers and Jailers,law|protective_service|accounting|agriculture|animal_service|applied_arts_and_design|athletics|business_initiatives|construction_woodwork|creative_writing|culinary_art|engineering|finance|health_care_service|human_resources|humanities|information_technology|life_science|management_administration|marketing_advertising|mathematics_statistics|mechanics_electronics|media|medical_science|music|nature_outdoors|office_work|performing_arts|personal_service|physical_science|physical_manual_labor|politics|professional_advising|public_speaking|religious_activities|sales|social_science|social_service|teaching_education|transportation_machine_operation|visual_arts,0.0,0.0,0.0,0.0,0.0,0.0,0.0,0.0,0.0,0.0,0.0,0.0,0.0,0.0,0.0,2.0,0.0,0.0,0.0,0.0,0.0,0.0,0.0,0.0,0.0,0.0,0.0,0.0,0.0,0.0,0.0,0.0,1.0,0.0,0.0,0.0,0.0,0.0,0.0,0.0,0.0,1.38,1.0,1.02,1.0,1.32,1.11,1.09,1.0,1.0,1.09,1.05,1.63,1.86,1.19,1.53,3.05,1.0,2.19,1.0,1.13,1.38,1.05,1.08,1.0,1.02,1.73,1.0,1.68,2.74,1.0,1.35,1.51,6.48,1.6,1.06,1.1,1.81,2.48,1.93,2.25,1.0
33-3021.00,Detectives and Criminal Investigators,social_science|law|protective_service|accounting|agriculture|animal_service|applied_arts_and_design|athletics|business_initiatives|construction_woodwork|creative_writing|culinary_art|engineering|finance|health_care_service|human_resources|humanities|information_technology|life_science|management_administration|marketing_advertising|mathematics_statistics|mechanics_electronics|media|medical_science|music|nature_outdoors|office_work|performing_arts|personal_service|physical_science|physical_manual_labor|politics|professional_advising|public_speaking|religious_activities|sales|social_service|teaching_education|transportation_machine_operation|visual_arts,0.0,0.0,0.0,0.0,0.0,0.0,0.0,0.0,0.0,0.0,0.0,0.0,0.0,0.0,0.0,2.0,0.0,0.0,0.0,0.0,0.0,0.0,0.0,0.0,0.0,0.0,0.0,0.0,0.0,0.0,0.0,0.0,1.0,0.0,0.0,0.0,3.0,0.0,0.0,0.0,0.0,1.86,1.0,1.15,1.05,1.35,1.31,1.0,1.21,1.0,1.48,1.31,1.69,1.46,1.67,1.95,4.5,1.74,2.9,1.1,2.03,1.68,1.33,1.63,1.0,1.29,2.12,1.09,1.43,2.23,1.9,1.68,1.26,6.9,2.65,1.0,1.2,3.05,1.55,1.36,2.04,1.11
33-3021.02,Police Identification and Records Officers,law|protective_service|accounting|agriculture|animal_service|applied_arts_and_design|athletics|business_initiatives|construction_woodwork|creative_writing|culinary_art|engineering|finance|health_care_service|human_resources|humanities|information_technology|life_science|management_administration|marketing_advertising|mathematics_statistics|mechanics_electronics|media|medical_science|music|nature_outdoors|office_work|performing_arts|personal_service|physical_science|physical_manual_labor|politics|professional_advising|public_speaking|religious_activities|sales|social_science|social_service|teaching_education|transportation_machine_operation|visual_arts,0.0,0.0,0.0,0.0,0.0,0.0,0.0,0.0,0.0,0.0,0.0,0.0,0.0,0.0,0.0,2.0,0.0,0.0,0.0,0.0,0.0,0.0,0.0,0.0,0.0,0.0,0.0,0.0,0.0,0.0,0.0,0.0,1.0,0.0,0.0,0.0,0.0,0.0,0.0,0.0,0.0,1.65,1.0,1.07,1.35,1.06,1.18,1.12,1.11,1.0,1.98,1.07,1.19,1.53,1.28,2.4,3.31,1.86,2.12,1.13,1.76,1.41,1.46,1.75,1.0,1.17,2.37,1.07,1.21,2.13,1.35,1.35,1.21,4.99,2.62,1.0,1.08,1.55,1.27,2.02,1.43,1.66
33-3021.06,Intelligence Analysts,information_technology|mathematics_statistics|protective_service|accounting|agriculture|animal_service|applied_arts_and_design|athletics|business_initiatives|construction_woodwork|creative_writing|culinary_art|engineering|finance|health_care_service|human_resources|humanities|law|life_science|management_administration|marketing_advertising|mechanics_electronics|media|medical_science|music|nature_outdoors|office_work|performing_arts|personal_service|physical_science|physical_manual_labor|politics|professional_advising|public_speaking|religious_activities|sales|social_science|social_service|teaching_education|transportation_machine_operation|visual_arts,0.0,0.0,0.0,0.0,0.0,0.0,0.0,0.0,0.0,0.0,0.0,0.0,0.0,0.0,3.0,0.0,0.0,0.0,0.0,2.0,0.0,0.0,0.0,0.0,0.0,0.0,0.0,0.0,0.0,0.0,0.0,0.0,1.0,0.0,0.0,0.0,0.0,0.0,0.0,0.0,0.0,2.56,1.0,1.0,1.16,1.0,1.7,1.0,1.38,1.0,1.32,1.91,1.03,1.39,1.93,3.96,3.31,1.13,2.32,1.15,4.13,1.38,1.62,1.25,1.0,1.02,3.34,1.04,1.21,1.0,1.26,1.9,1.16,4.58,2.65,1.0,1.12,3.7,1.19,1.33,1.0,1.28
33-3031.00,Fish and Game Wardens,transportation_machine_operation|protective_service|nature_outdoors|accounting|agriculture|animal_service|applied_arts_and_design|athletics|business_initiatives|construction_woodwork|creative_writing|culinary_art|engineering|finance|health_care_service|human_resources|humanities|information_technology|law|life_science|management_administration|marketing_advertising|mathematics_statistics|mechanics_electronics|media|medical_science|music|office_work|performing_arts|personal_service|physical_science|physical_manual_labor|politics|professional_advising|public_speaking|religious_activities|sales|social_science|social_service|teaching_education|visual_arts,0.0,0.0,0.0,0.0,0.0,0.0,0.0,0.0,0.0,0.0,0.0,0.0,0.0,0.0,0.0,0.0,0.0,0.0,0.0,0.0,0.0,0.0,0.0,0.0,1.0,0.0,0.0,0.0,0.0,0.0,0.0,0.0,2.0,0.0,0.0,0.0,0.0,0.0,0.0,3.0,0.0,1.34,2.15,2.81,1.0,1.44,1.25,1.15,1.14,1.04,1.48,1.1,1.19,1.35,1.28,1.59,3.34,3.47,2.49,1.35,1.97,1.81,1.4,1.6,1.0,6.48,1.52,1.04,1.68,3.2,1.82,1.71,1.65,6.27,2.89,1.0,1.12,1.78,1.37,2.48,4.05,1.02
33-3041.00,Parking Enforcement Workers,transportation_machine_operation|protective_service|accounting|agriculture|animal_service|applied_arts_and_design|athletics|business_initiatives|construction_woodwork|creative_writing|culinary_art|engineering|finance|health_care_service|human_resources|humanities|information_technology|law|life_science|management_administration|marketing_advertising|mathematics_statistics|mechanics_electronics|media|medical_science|music|nature_outdoors|office_work|performing_arts|personal_service|physical_science|physical_manual_labor|politics|professional_advising|public_speaking|religious_activities|sales|social_science|social_service|teaching_education|visual_arts,0.0,0.0,0.0,0.0,0.0,0.0,0.0,0.0,0.0,0.0,0.0,0.0,0.0,0.0,0.0,0.0,0.0,0.0,0.0,0.0,0.0,0.0,0.0,0.0,0.0,0.0,0.0,0.0,0.0,0.0,0.0,0.0,1.0,0.0,0.0,0.0,0.0,0.0,0.0,2.0,0.0,1.34,1.0,1.0,1.0,1.06,1.07,1.0,1.0,1.0,1.09,1.05,1.0,1.42,1.0,1.65,2.68,1.0,1.56,1.0,1.1,1.56,1.0,1.0,1.0,1.06,1.74,1.0,1.43,2.02,1.0,1.26,1.06,3.85,1.42,1.0,1.12,1.08,1.25,1.28,3.06,1.0
33-3051.00,Police and Sheriff's Patrol Officers,transportation_machine_operation|law|protective_service|accounting|agriculture|animal_service|applied_arts_and_design|athletics|business_initiatives|construction_woodwork|creative_writing|culinary_art|engineering|finance|health_care_service|human_resources|humanities|information_technology|life_science|management_administration|marketing_advertising|mathematics_statistics|mechanics_electronics|media|medical_science|music|nature_outdoors|office_work|performing_arts|personal_service|physical_science|physical_manual_labor|politics|professional_advising|public_speaking|religious_activities|sales|social_science|social_service|teaching_education|visual_arts,0.0,0.0,0.0,0.0,0.0,0.0,0.0,0.0,0.0,0.0,0.0,0.0,0.0,0.0,0.0,2.0,0.0,0.0,0.0,0.0,0.0,0.0,0.0,0.0,0.0,0.0,0.0,0.0,0.0,0.0,0.0,0.0,1.0,0.0,0.0,0.0,0.0,0.0,0.0,3.0,0.0,1.45,1.0,1.22,1.0,2.06,1.29,1.03,1.14,1.0,1.26,1.1,2.23,1.71,1.25,1.86,4.46,1.05,2.46,1.26,1.34,1.84,1.3,1.16,1.0,1.39,1.61,1.09,1.91,3.09,1.2,1.77,1.49,6.9,2.92,1.06,1.22,2.31,2.39,2.15,4.2,1.09
33-3051.04,Customs and Border Protection Officers,law|protective_service|accounting|agriculture|animal_service|applied_arts_and_design|athletics|business_initiatives|construction_woodwork|creative_writing|culinary_art|engineering|finance|health_care_service|human_resources|humanities|information_technology|life_science|management_administration|marketing_advertising|mathematics_statistics|mechanics_electronics|media|medical_science|music|nature_outdoors|office_work|performing_arts|personal_service|physical_science|physical_manual_labor|politics|professional_advising|public_speaking|religious_activities|sales|social_science|social_service|teaching_education|transportation_machine_operation|visual_arts,0.0,0.0,0.0,0.0,0.0,0.0,0.0,0.0,0.0,0.0,0.0,0.0,0.0,0.0,0.0,2.0,0.0,0.0,0.0,0.0,0.0,0.0,0.0,0.0,0.0,0.0,0.0,0.0,0.0,0.0,0.0,0.0,1.0,0.0,0.0,0.0,0.0,0.0,0.0,0.0,0.0,2.31,1.04,1.07,1.0,1.2,1.4,1.03,1.04,1.0,1.26,1.76,1.19,1.89,1.61,2.05,4.87,1.15,2.62,1.03,1.34,1.5,1.22,1.05,1.0,1.13,2.31,1.0,1.46,2.08,1.18,1.35,1.24,6.76,2.35,1.0,1.22,1.93,1.31,1.66,2.07,1.0
33-3052.00,Transit and Railroad Police,law|protective_service|accounting|agriculture|animal_service|applied_arts_and_design|athletics|business_initiatives|construction_woodwork|creative_writing|culinary_art|engineering|finance|health_care_service|human_resources|humanities|information_technology|life_science|management_administration|marketing_advertising|mathematics_statistics|mechanics_electronics|media|medical_science|music|nature_outdoors|office_work|performing_arts|personal_service|physical_science|physical_manual_labor|politics|professional_advising|public_speaking|religious_activities|sales|social_science|social_service|teaching_education|transportation_machine_operation|visual_arts,0.0,0.0,0.0,0.0,0.0,0.0,0.0,0.0,0.0,0.0,0.0,0.0,0.0,0.0,0.0,2.0,0.0,0.0,0.0,0.0,0.0,0.0,0.0,0.0,0.0,0.0,0.0,0.0,0.0,0.0,0.0,0.0,1.0,0.0,0.0,0.0,0.0,0.0,0.0,0.0,0.0,1.2,1.0,1.05,1.0,1.11,1.27,1.0,1.07,1.0,1.35,1.18,1.19,1.68,1.19,1.59,3.02,1.0,2.52,1.15,1.15,1.78,1.14,1.0,1.0,1.13,1.81,1.0,1.52,2.45,1.07,1.35,1.17,6.59,1.96,1.0,1.12,1.52,1.31,1.72,2.7,1.0
33-9011.00,Animal Control Workers,physical_manual_labor|protective_service|animal_service|accounting|agriculture|applied_arts_and_design|athletics|business_initiatives|construction_woodwork|creative_writing|culinary_art|engineering|finance|health_care_service|human_resources|humanities|information_technology|law|life_science|management_administration|marketing_advertising|mathematics_statistics|mechanics_electronics|media|medical_science|music|nature_outdoors|office_work|performing_arts|personal_service|physical_science|politics|professional_advising|public_speaking|religious_activities|sales|social_science|social_service|teaching_education|transportation_machine_operation|visual_arts,0.0,0.0,1.0,0.0,0.0,0.0,0.0,0.0,0.0,0.0,0.0,0.0,0.0,0.0,0.0,0.0,0.0,0.0,0.0,0.0,0.0,0.0,0.0,0.0,0.0,0.0,0.0,0.0,3.0,0.0,0.0,0.0,2.0,0.0,0.0,0.0,0.0,0.0,0.0,0.0,0.0,1.2,1.34,6.46,1.0,1.11,1.04,1.03,1.14,1.0,1.06,1.02,2.23,1.57,1.19,1.41,2.94,2.33,1.81,1.18,1.13,1.32,1.2,1.84,1.0,2.41,1.98,1.0,1.49,3.84,1.2,1.29,1.16,4.84,2.42,1.0,1.14,1.58,1.91,2.18,3.16,1.0
33-9021.00,Private Detectives and Investigators,office_work|law|protective_service|accounting|agriculture|animal_service|applied_arts_and_design|athletics|business_initiatives|construction_woodwork|creative_writing|culinary_art|engineering|finance|health_care_service|human_resources|humanities|information_technology|life_science|management_administration|marketing_advertising|mathematics_statistics|mechanics_electronics|media|medical_science|music|nature_outdoors|performing_arts|personal_service|physical_science|physical_manual_labor|politics|professional_advising|public_speaking|religious_activities|sales|social_science|social_service|teaching_education|transportation_machine_operation|visual_arts,0.0,0.0,0.0,0.0,0.0,0.0,0.0,0.0,0.0,0.0,0.0,0.0,0.0,0.0,0.0,2.0,0.0,0.0,0.0,0.0,0.0,0.0,0.0,0.0,0.0,3.0,0.0,0.0,0.0,0.0,0.0,0.0,1.0,0.0,0.0,0.0,0.0,0.0,0.0,0.0,0.0,2.32,1.0,1.07,1.03,1.11,1.63,1.0,1.28,1.0,1.26,1.73,1.19,1.82,1.41,1.53,4.05,1.15,2.76,1.26,1.62,1.44,1.27,1.25,1.0,1.09,3.03,1.07,1.62,1.33,1.18,1.83,1.29,5.24,2.35,1.0,1.48,2.8,1.39,1.25,1.46,1.07
33-9031.00,Gambling Surveillance Officers and Gambling Investigators,law|protective_service|accounting|agriculture|animal_service|applied_arts_and_design|athletics|business_initiatives|construction_woodwork|creative_writing|culinary_art|engineering|finance|health_care_service|human_resources|humanities|information_technology|life_science|management_administration|marketing_advertising|mathematics_statistics|mechanics_electronics|media|medical_science|music|nature_outdoors|office_work|performing_arts|personal_service|physical_science|physical_manual_labor|politics|professional_advising|public_speaking|religious_activities|sales|social_science|social_service|teaching_education|transportation_machine_operation|visual_arts,0.0,0.0,0.0,0.0,0.0,0.0,0.0,0.0,0.0,0.0,0.0,0.0,0.0,0.0,0.0,2.0,0.0,0.0,0.0,0.0,0.0,0.0,0.0,0.0,0.0,0.0,0.0,0.0,0.0,0.0,0.0,0.0,1.0,0.0,0.0,0.0,0.0,0.0,0.0,0.0,0.0,1.72,1.0,1.0,1.0,1.03,1.44,1.0,1.0,1.0,1.26,1.7,1.0,1.64,1.0,2.02,2.8,1.0,2.62,1.0,1.48,1.62,1.2,1.0,1.0,1.0,1.84,1.0,1.37,1.12,1.03,1.14,1.06,4.62,1.25,1.0,1.12,1.29,1.11,1.34,1.16,1.0
33-9032.00,Security Guards,physical_manual_labor|protective_service|accounting|agriculture|animal_service|applied_arts_and_design|athletics|business_initiatives|construction_woodwork|creative_writing|culinary_art|engineering|finance|health_care_service|human_resources|humanities|information_technology|law|life_science|management_administration|marketing_advertising|mathematics_statistics|mechanics_electronics|media|medical_science|music|nature_outdoors|office_work|performing_arts|personal_service|physical_science|politics|professional_advising|public_speaking|religious_activities|sales|social_science|social_service|teaching_education|transportation_machine_operation|visual_arts,0.0,0.0,0.0,0.0,0.0,0.0,0.0,0.0,0.0,0.0,0.0,0.0,0.0,0.0,0.0,0.0,0.0,0.0,0.0,0.0,0.0,0.0,0.0,0.0,0.0,0.0,0.0,0.0,2.0,0.0,0.0,0.0,1.0,0.0,0.0,0.0,0.0,0.0,0.0,0.0,0.0,1.2,1.0,1.02,1.0,1.11,1.09,1.0,1.02,1.0,1.23,1.05,1.73,1.64,1.03,1.56,1.8,1.03,1.65,1.0,1.05,1.5,1.07,1.11,1.0,1.11,1.89,1.0,1.59,2.51,1.05,1.14,1.12,6.62,1.33,1.0,1.16,1.32,1.41,1.25,2.07,1.0
33-9091.00,Crossing Guards and Flaggers,transportation_machine_operation|protective_service|accounting|agriculture|animal_service|applied_arts_and_design|athletics|business_initiatives|construction_woodwork|creative_writing|culinary_art|engineering|finance|health_care_service|human_resources|humanities|information_technology|law|life_science|management_administration|marketing_advertising|mathematics_statistics|mechanics_electronics|media|medical_science|music|nature_outdoors|office_work|performing_arts|personal_service|physical_science|physical_manual_labor|politics|professional_advising|public_speaking|religious_activities|sales|social_science|social_service|teaching_education|visual_arts,0.0,0.0,0.0,0.0,0.0,0.0,0.0,0.0,0.0,0.0,0.0,0.0,0.0,0.0,0.0,0.0,0.0,0.0,0.0,0.0,0.0,0.0,0.0,0.0,0.0,0.0,0.0,0.0,0.0,0.0,0.0,0.0,1.0,0.0,0.0,0.0,0.0,0.0,0.0,2.0,0.0,1.1,1.0,1.0,1.0,1.09,1.01,1.09,1.0,1.0,1.09,1.0,1.16,1.32,1.0,1.0,1.25,1.0,1.26,1.0,1.02,1.0,1.05,1.0,1.0,1.13,1.06,1.04,1.72,1.96,1.0,1.0,1.1,3.51,1.63,1.0,1.06,1.16,1.6,1.69,2.04,1.0
33-9092.00,"Lifeguards, Ski Patrol, and Other Recreational Protective Service Workers",physical_manual_labor|athletics|protective_service|accounting|agriculture|animal_service|applied_arts_and_design|business_initiatives|construction_woodwork|creative_writing|culinary_art|engineering|finance|health_care_service|human_resources|humanities|information_technology|law|life_science|management_administration|marketing_advertising|mathematics_statistics|mechanics_electronics|media|medical_science|music|nature_outdoors|office_work|performing_arts|personal_service|physical_science|politics|professional_advising|public_speaking|religious_activities|sales|social_science|social_service|teaching_education|transportation_machine_operation|visual_arts,0.0,0.0,0.0,0.0,2.0,0.0,0.0,0.0,0.0,0.0,0.0,0.0,0.0,0.0,0.0,0.0,0.0,0.0,0.0,0.0,0.0,0.0,0.0,0.0,0.0,0.0,0.0,0.0,3.0,0.0,0.0,0.0,1.0,0.0,0.0,0.0,0.0,0.0,0.0,0.0,0.0,1.2,1.03,1.1,1.0,4.64,1.07,1.06,1.0,1.0,1.44,1.0,3.7,1.75,1.0,1.08,1.22,1.23,1.78,1.15,1.15,1.56,1.12,1.6,1.0,3.53,1.21,1.0,2.86,4.45,1.2,1.0,1.56,5.34,1.87,1.0,1.12,1.29,2.49,2.88,2.24,1.0
33-9093.00,Transportation Security Screeners,physical_manual_labor|protective_service|accounting|agriculture|animal_service|applied_arts_and_design|athletics|business_initiatives|construction_woodwork|creative_writing|culinary_art|engineering|finance|health_care_service|human_resources|humanities|information_technology|law|life_science|management_administration|marketing_advertising|mathematics_statistics|mechanics_electronics|media|medical_science|music|nature_outdoors|office_work|performing_arts|personal_service|physical_science|politics|professional_advising|public_speaking|religious_activities|sales|social_science|social_service|teaching_education|transportation_machine_operation|visual_arts,0.0,0.0,0.0,0.0,0.0,0.0,0.0,0.0,0.0,0.0,0.0,0.0,0.0,0.0,0.0,0.0,0.0,0.0,0.0,0.0,0.0,0.0,0.0,0.0,0.0,0.0,0.0,0.0,2.0,0.0,0.0,0.0,1.0,0.0,0.0,0.0,0.0,0.0,0.0,0.0,0.0,1.1,1.0,1.02,1.0,1.03,1.03,1.0,1.0,1.0,1.23,1.0,1.16,1.32,1.03,1.3,1.47,1.0,1.35,1.0,1.1,1.71,1.0,1.0,1.0,1.0,1.28,1.0,1.81,2.51,1.2,1.14,1.09,5.56,1.39,1.0,1.12,1.21,1.27,1.28,1.8,1.0
33-9094.00,School Bus Monitors,protective_service|social_service|accounting|agriculture|animal_service|applied_arts_and_design|athletics|business_initiatives|construction_woodwork|creative_writing|culinary_art|engineering|finance|health_care_service|human_resources|humanities|information_technology|law|life_science|management_administration|marketing_advertising|mathematics_statistics|mechanics_electronics|media|medical_science|music|nature_outdoors|office_work|performing_arts|personal_service|physical_science|physical_manual_labor|politics|professional_advising|public_speaking|religious_activities|sales|social_science|teaching_education|transportation_machine_operation|visual_arts,0.0,0.0,0.0,0.0,0.0,0.0,0.0,0.0,0.0,0.0,0.0,0.0,0.0,0.0,0.0,0.0,0.0,0.0,0.0,0.0,0.0,0.0,0.0,0.0,0.0,0.0,0.0,0.0,0.0,0.0,0.0,0.0,2.0,0.0,0.0,0.0,0.0,1.0,0.0,0.0,0.0,1.1,1.0,1.0,1.0,1.06,1.0,1.0,1.02,1.0,1.0,1.0,1.32,1.71,1.03,1.0,1.0,1.0,1.35,1.0,1.0,1.23,1.05,1.0,1.0,1.02,1.17,1.0,2.44,2.1,1.0,1.0,1.31,3.28,1.57,1.0,1.0,1.46,4.3,2.12,2.5,1.0
33-9099.02,Retail Loss Prevention Specialists,law|management_administration|protective_service|accounting|agriculture|animal_service|applied_arts_and_design|athletics|business_initiatives|construction_woodwork|creative_writing|culinary_art|engineering|finance|health_care_service|human_resources|humanities|information_technology|life_science|marketing_advertising|mathematics_statistics|mechanics_electronics|media|medical_science|music|nature_outdoors|office_work|performing_arts|personal_service|physical_science|physical_manual_labor|politics|professional_advising|public_speaking|religious_activities|sales|social_science|social_service|teaching_education|transportation_machine_operation|visual_arts,0.0,0.0,0.0,0.0,0.0,0.0,0.0,0.0,0.0,0.0,0.0,0.0,0.0,0.0,0.0,3.0,0.0,2.0,0.0,0.0,0.0,0.0,0.0,0.0,0.0,0.0,0.0,0.0,0.0,0.0,0.0,0.0,1.0,0.0,0.0,0.0,0.0,0.0,0.0,0.0,0.0,2.24,1.0,1.0,1.0,1.14,1.86,1.06,1.09,1.0,1.26,1.88,1.03,2.32,1.03,1.92,3.09,1.0,3.29,1.1,1.67,1.74,1.14,1.0,1.0,1.0,1.92,1.0,1.33,1.79,1.02,1.14,1.22,5.27,1.93,1.0,1.43,1.49,1.23,1.6,1.26,1.0
35-1011.00,Chefs and Head Cooks,physical_manual_labor|management_administration|culinary_art|accounting|agriculture|animal_service|applied_arts_and_design|athletics|business_initiatives|construction_woodwork|creative_writing|engineering|finance|health_care_service|human_resources|humanities|information_technology|law|life_science|marketing_advertising|mathematics_statistics|mechanics_electronics|media|medical_science|music|nature_outdoors|office_work|performing_arts|personal_service|physical_science|politics|professional_advising|protective_service|public_speaking|religious_activities|sales|social_science|social_service|teaching_education|transportation_machine_operation|visual_arts,0.0,0.0,0.0,0.0,0.0,0.0,0.0,0.0,1.0,0.0,0.0,0.0,0.0,0.0,0.0,0.0,0.0,2.0,0.0,0.0,0.0,0.0,0.0,0.0,0.0,0.0,0.0,0.0,3.0,0.0,0.0,0.0,0.0,0.0,0.0,0.0,0.0,0.0,0.0,0.0,0.0,3.1,1.32,1.0,2.65,1.06,2.93,1.03,1.28,6.76,1.29,2.22,1.1,3.12,1.22,1.11,1.07,1.15,5.64,1.95,1.7,1.38,1.25,1.05,1.0,1.06,1.64,1.26,2.89,3.27,1.26,1.14,1.54,1.12,1.96,1.0,1.84,1.21,1.25,2.75,1.13,2.09
35-1012.00,First-Line Supervisors of Food Preparation and Serving Workers,personal_service|culinary_art|management_administration|accounting|agriculture|animal_service|applied_arts_and_design|athletics|business_initiatives|construction_woodwork|creative_writing|engineering|finance|health_care_service|human_resources|humanities|information_technology|law|life_science|marketing_advertising|mathematics_statistics|mechanics_electronics|media|medical_science|music|nature_outdoors|office_work|performing_arts|physical_science|physical_manual_labor|politics|professional_advising|protective_service|public_speaking|religious_activities|sales|social_science|social_service|teaching_education|transportation_machine_operation|visual_arts,0.0,0.0,0.0,0.0,0.0,0.0,0.0,0.0,2.0,0.0,0.0,0.0,0.0,0.0,0.0,0.0,0.0,1.0,0.0,0.0,0.0,0.0,0.0,0.0,0.0,0.0,0.0,3.0,0.0,0.0,0.0,0.0,0.0,0.0,0.0,0.0,0.0,0.0,0.0,0.0,0.0,2.96,1.26,1.0,1.16,1.09,3.04,1.0,1.14,4.11,1.03,2.12,1.06,3.64,1.09,1.11,1.04,1.03,5.85,1.72,1.15,1.17,1.12,1.0,1.0,1.0,2.06,1.02,3.76,2.08,1.05,1.08,1.78,1.12,1.9,1.0,1.67,1.16,1.31,2.18,1.1,1.02
35-2011.00,"Cooks, Fast Food",culinary_art|physical_manual_labor|accounting|agriculture|animal_service|applied_arts_and_design|athletics|business_initiatives|construction_woodwork|creative_writing|engineering|finance|health_care_service|human_resources|humanities|information_technology|law|life_science|management_administration|marketing_advertising|mathematics_statistics|mechanics_electronics|media|medical_science|music|nature_outdoors|office_work|performing_arts|personal_service|physical_science|politics|professional_advising|protective_service|public_speaking|religious_activities|sales|social_science|social_service|teaching_education|transportation_machine_operation|visual_arts,0.0,0.0,0.0,0.0,0.0,0.0,0.0,0.0,2.0,0.0,0.0,0.0,0.0,0.0,0.0,0.0,0.0,0.0,0.0,0.0,0.0,0.0,0.0,0.0,0.0,0.0,0.0,0.0,1.0,0.0,0.0,0.0,0.0,0.0,0.0,0.0,0.0,0.0,0.0,0.0,0.0,1.24,1.04,1.0,1.13,1.03,1.14,1.0,1.0,2.23,1.09,1.0,1.0,1.32,1.0,1.03,1.0,1.03,1.44,1.1,1.07,1.29,1.07,1.0,1.0,1.0,1.1,1.0,1.81,3.61,1.05,1.0,1.0,1.04,1.16,1.0,1.65,1.0,1.1,1.16,1.23,1.09
35-2012.00,"Cooks, Institution and Cafeteria",culinary_art|physical_manual_labor|accounting|agriculture|animal_service|applied_arts_and_design|athletics|business_initiatives|construction_woodwork|creative_writing|engineering|finance|health_care_service|human_resources|humanities|information_technology|law|life_science|management_administration|marketing_advertising|mathematics_statistics|mechanics_electronics|media|medical_science|music|nature_outdoors|office_work|performing_arts|personal_service|physical_science|politics|professional_advising|protective_service|public_speaking|religious_activities|sales|social_science|social_service|teaching_education|transportation_machine_operation|visual_arts,0.0,0.0,0.0,0.0,0.0,0.0,0.0,0.0,2.0,0.0,0.0,0.0,0.0,0.0,0.0,0.0,0.0,0.0,0.0,0.0,0.0,0.0,0.0,0.0,0.0,0.0,0.0,0.0,1.0,0.0,0.0,0.0,0.0,0.0,0.0,0.0,0.0,0.0,0.0,0.0,0.0,1.58,1.11,1.0,1.24,1.03,1.21,1.03,1.0,3.44,1.09,1.15,1.69,1.75,1.0,1.05,1.0,1.05,2.32,1.0,1.39,1.32,1.0,1.08,1.0,1.0,1.17,1.0,1.97,3.76,1.14,1.0,1.06,1.08,1.16,1.04,1.16,1.05,1.53,1.42,1.19,1.13
35-2013.00,"Cooks, Private Household",personal_service|culinary_art|accounting|agriculture|animal_service|applied_arts_and_design|athletics|business_initiatives|construction_woodwork|creative_writing|engineering|finance|health_care_service|human_resources|humanities|information_technology|law|life_science|management_administration|marketing_advertising|mathematics_statistics|mechanics_electronics|media|medical_science|music|nature_outdoors|office_work|performing_arts|physical_science|physical_manual_labor|politics|professional_advising|protective_service|public_speaking|religious_activities|sales|social_science|social_service|teaching_education|transportation_machine_operation|visual_arts,0.0,0.0,0.0,0.0,0.0,0.0,0.0,0.0,1.0,0.0,0.0,0.0,0.0,0.0,0.0,0.0,0.0,0.0,0.0,0.0,0.0,0.0,0.0,0.0,0.0,0.0,0.0,2.0,0.0,0.0,0.0,0.0,0.0,0.0,0.0,0.0,0.0,0.0,0.0,0.0,0.0,1.86,1.2,1.0,2.35,1.06,1.42,1.0,1.21,6.58,1.12,1.39,1.1,1.53,1.32,1.0,1.0,1.1,2.42,1.37,1.28,1.08,1.14,1.08,1.0,1.02,1.33,1.22,4.33,2.88,1.1,1.0,1.13,1.0,1.25,1.0,1.65,1.16,1.63,1.51,1.13,1.8
35-2014.00,"Cooks, Restaurant",physical_manual_labor|culinary_art|accounting|agriculture|animal_service|applied_arts_and_design|athletics|business_initiatives|construction_woodwork|creative_writing|engineering|finance|health_care_service|human_resources|humanities|information_technology|law|life_science|management_administration|marketing_advertising|mathematics_statistics|mechanics_electronics|media|medical_science|music|nature_outdoors|office_work|performing_arts|personal_service|physical_science|politics|professional_advising|protective_service|public_speaking|religious_activities|sales|social_science|social_service|teaching_education|transportation_machine_operation|visual_arts,0.0,0.0,0.0,0.0,0.0,0.0,0.0,0.0,1.0,0.0,0.0,0.0,0.0,0.0,0.0,0.0,0.0,0.0,0.0,0.0,0.0,0.0,0.0,0.0,0.0,0.0,0.0,0.0,2.0,0.0,0.0,0.0,0.0,0.0,0.0,0.0,0.0,0.0,0.0,0.0,0.0,1.79,1.18,1.0,1.67,1.06,1.38,1.0,1.07,6.5,1.14,1.18,1.06,1.32,1.09,1.03,1.0,1.08,2.52,1.21,1.15,1.38,1.02,1.05,1.0,1.0,1.11,1.09,1.94,4.12,1.12,1.0,1.09,1.12,1.16,1.0,1.45,1.0,1.11,1.25,1.13,1.3
35-2015.00,"Cooks, Short Order",physical_manual_labor|culinary_art|accounting|agriculture|animal_service|applied_arts_and_design|athletics|business_initiatives|construction_woodwork|creative_writing|engineering|finance|health_care_service|human_resources|humanities|information_technology|law|life_science|management_administration|marketing_advertising|mathematics_statistics|mechanics_electronics|media|medical_science|music|nature_outdoors|office_work|performing_arts|personal_service|physical_science|politics|professional_advising|protective_service|public_speaking|religious_activities|sales|social_science|social_service|teaching_education|transportation_machine_operation|visual_arts,0.0,0.0,0.0,0.0,0.0,0.0,0.0,0.0,1.0,0.0,0.0,0.0,0.0,0.0,0.0,0.0,0.0,0.0,0.0,0.0,0.0,0.0,0.0,0.0,0.0,0.0,0.0,0.0,2.0,0.0,0.0,0.0,0.0,0.0,0.0,0.0,0.0,0.0,0.0,0.0,0.0,1.2,1.03,1.0,1.24,1.0,1.12,1.0,1.0,4.33,1.06,1.0,1.0,1.21,1.0,1.0,1.0,1.0,1.38,1.03,1.07,1.11,1.0,1.0,1.0,1.0,1.08,1.02,2.54,3.84,1.05,1.0,1.04,1.0,1.16,1.0,1.81,1.0,1.15,1.16,1.06,1.11
35-2021.00,Food Preparation Workers,culinary_art|physical_manual_labor|accounting|agriculture|animal_service|applied_arts_and_design|athletics|business_initiatives|construction_woodwork|creative_writing|engineering|finance|health_care_service|human_resources|humanities|information_technology|law|life_science|management_administration|marketing_advertising|mathematics_statistics|mechanics_electronics|media|medical_science|music|nature_outdoors|office_work|performing_arts|personal_service|physical_science|politics|professional_advising|protective_service|public_speaking|religious_activities|sales|social_science|social_service|teaching_education|transportation_machine_operation|visual_arts,0.0,0.0,0.0,0.0,0.0,0.0,0.0,0.0,2.0,0.0,0.0,0.0,0.0,0.0,0.0,0.0,0.0,0.0,0.0,0.0,0.0,0.0,0.0,0.0,0.0,0.0,0.0,0.0,1.0,0.0,0.0,0.0,0.0,0.0,0.0,0.0,0.0,0.0,0.0,0.0,0.0,1.2,1.11,1.0,1.05,1.0,1.0,1.0,1.0,2.46,1.03,1.0,1.69,1.11,1.0,1.0,1.0,1.0,1.23,1.0,1.07,1.17,1.0,1.05,1.0,1.0,1.08,1.0,1.88,4.8,1.09,1.0,1.0,1.0,1.0,1.0,1.14,1.0,1.21,1.08,1.13,1.02
35-3011.00,Bartenders,culinary_art|sales|personal_service|accounting|agriculture|animal_service|applied_arts_and_design|athletics|business_initiatives|construction_woodwork|creative_writing|engineering|finance|health_care_service|human_resources|humanities|information_technology|law|life_science|management_administration|marketing_advertising|mathematics_statistics|mechanics_electronics|media|medical_science|music|nature_outdoors|office_work|performing_arts|physical_science|physical_manual_labor|politics|professional_advising|protective_service|public_speaking|religious_activities|social_science|social_service|teaching_education|transportation_machine_operation|visual_arts,0.0,0.0,0.0,0.0,0.0,0.0,0.0,0.0,3.0,0.0,0.0,0.0,0.0,0.0,0.0,0.0,0.0,0.0,0.0,0.0,0.0,0.0,0.0,0.0,0.0,0.0,0.0,1.0,0.0,0.0,0.0,0.0,0.0,0.0,0.0,2.0,0.0,0.0,0.0,0.0,0.0,2.03,1.03,1.0,1.85,1.03,1.58,1.0,1.21,3.14,1.06,1.25,1.1,1.61,1.16,1.03,1.25,1.0,2.83,2.02,1.07,1.06,1.14,1.0,1.07,1.0,1.21,1.3,4.6,3.09,1.05,1.08,1.26,2.06,1.75,1.0,3.56,1.18,1.68,1.48,1.0,1.43
35-3023.00,Fast Food and Counter Workers,personal_service|physical_manual_labor|accounting|agriculture|animal_service|applied_arts_and_design|athletics|business_initiatives|construction_woodwork|creative_writing|culinary_art|engineering|finance|health_care_service|human_resources|humanities|information_technology|law|life_science|management_administration|marketing_advertising|mathematics_statistics|mechanics_electronics|media|medical_science|music|nature_outdoors|office_work|performing_arts|physical_science|politics|professional_advising|protective_service|public_speaking|religious_activities|sales|social_science|social_service|teaching_education|transportation_machine_operation|visual_arts,0.0,0.0,0.0,0.0,0.0,0.0,0.0,0.0,0.0,0.0,0.0,0.0,0.0,0.0,0.0,0.0,0.0,0.0,0.0,0.0,0.0,0.0,0.0,0.0,0.0,0.0,0.0,2.0,1.0,0.0,0.0,0.0,0.0,0.0,0.0,0.0,0.0,0.0,0.0,0.0,0.0,1.82,1.04,1.0,1.05,1.0,1.11,1.0,1.0,2.23,1.03,1.07,1.0,1.5,1.0,1.08,1.0,1.0,1.38,1.15,1.18,1.11,1.0,1.0,1.0,1.0,1.37,1.0,3.18,3.27,1.0,1.0,1.07,1.0,1.3,1.0,2.87,1.0,1.31,1.16,1.03,1.0
35-3023.01,Baristas,culinary_art|personal_service|accounting|agriculture|animal_service|applied_arts_and_design|athletics|business_initiatives|construction_woodwork|creative_writing|engineering|finance|health_care_service|human_resources|humanities|information_technology|law|life_science|management_administration|marketing_advertising|mathematics_statistics|mechanics_electronics|media|medical_science|music|nature_outdoors|office_work|performing_arts|physical_science|physical_manual_labor|politics|professional_advising|protective_service|public_speaking|religious_activities|sales|social_science|social_service|teaching_education|transportation_machine_operation|visual_arts,0.0,0.0,0.0,0.0,0.0,0.0,0.0,0.0,2.0,0.0,0.0,0.0,0.0,0.0,0.0,0.0,0.0,0.0,0.0,0.0,0.0,0.0,0.0,0.0,0.0,0.0,0.0,1.0,0.0,0.0,0.0,0.0,0.0,0.0,0.0,0.0,0.0,0.0,0.0,0.0,0.0,1.48,1.04,1.0,1.58,1.0,1.12,1.0,1.14,3.89,1.09,1.05,1.03,1.39,1.03,1.08,1.0,1.0,1.53,1.66,1.0,1.2,1.14,1.0,1.09,1.0,1.39,1.07,4.1,2.74,1.02,1.0,1.17,1.0,1.6,1.0,2.87,1.1,1.44,1.48,1.06,1.25
35-3031.00,Waiters and Waitresses,sales|personal_service|accounting|agriculture|animal_service|applied_arts_and_design|athletics|business_initiatives|construction_woodwork|creative_writing|culinary_art|engineering|finance|health_care_service|human_resources|humanities|information_technology|law|life_science|management_administration|marketing_advertising|mathematics_statistics|mechanics_electronics|media|medical_science|music|nature_outdoors|office_work|performing_arts|physical_science|physical_manual_labor|politics|professional_advising|protective_service|public_speaking|religious_activities|social_science|social_service|teaching_education|transportation_machine_operation|visual_arts,0.0,0.0,0.0,0.0,0.0,0.0,0.0,0.0,0.0,0.0,0.0,0.0,0.0,0.0,0.0,0.0,0.0,0.0,0.0,0.0,0.0,0.0,0.0,0.0,0.0,0.0,0.0,1.0,0.0,0.0,0.0,0.0,0.0,0.0,0.0,2.0,0.0,0.0,0.0,0.0,0.0,1.51,1.0,1.0,1.13,1.09,1.2,1.0,1.14,2.57,1.0,1.07,1.0,1.5,1.09,1.08,1.11,1.0,1.65,1.72,1.07,1.0,1.02,1.0,1.04,1.0,1.24,1.15,5.93,2.61,1.0,1.0,1.24,1.12,1.93,1.0,3.37,1.03,1.65,1.57,1.03,1.04
35-3041.00,"Food Servers, Nonrestaurant",physical_manual_labor|personal_service|accounting|agriculture|animal_service|applied_arts_and_design|athletics|business_initiatives|construction_woodwork|creative_writing|culinary_art|engineering|finance|health_care_service|human_resources|humanities|information_technology|law|life_science|management_administration|marketing_advertising|mathematics_statistics|mechanics_electronics|media|medical_science|music|nature_outdoors|office_work|performing_arts|physical_science|politics|professional_advising|protective_service|public_speaking|religious_activities|sales|social_science|social_service|teaching_education|transportation_machine_operation|visual_arts,0.0,0.0,0.0,0.0,0.0,0.0,0.0,0.0,0.0,0.0,0.0,0.0,0.0,0.0,0.0,0.0,0.0,0.0,0.0,0.0,0.0,0.0,0.0,0.0,0.0,0.0,0.0,1.0,2.0,0.0,0.0,0.0,0.0,0.0,0.0,0.0,0.0,0.0,0.0,0.0,0.0,1.2,1.03,1.0,1.18,1.06,1.11,1.0,1.0,2.65,1.03,1.02,2.69,1.57,1.0,1.0,1.0,1.0,1.38,1.0,1.0,1.06,1.0,1.14,1.0,1.0,1.19,1.0,4.99,3.64,1.02,1.0,1.1,1.0,1.16,1.0,1.84,1.08,2.36,1.25,1.26,1.0
35-9011.00,Dining Room and Cafeteria Attendants and Bartender Helpers,personal_service|physical_manual_labor|accounting|agriculture|animal_service|applied_arts_and_design|athletics|business_initiatives|construction_woodwork|creative_writing|culinary_art|engineering|finance|health_care_service|human_resources|humanities|information_technology|law|life_science|management_administration|marketing_advertising|mathematics_statistics|mechanics_electronics|media|medical_science|music|nature_outdoors|office_work|performing_arts|physical_science|politics|professional_advising|protective_service|public_speaking|religious_activities|sales|social_science|social_service|teaching_education|transportation_machine_operation|visual_arts,0.0,0.0,0.0,0.0,0.0,0.0,0.0,0.0,0.0,0.0,0.0,0.0,0.0,0.0,0.0,0.0,0.0,0.0,0.0,0.0,0.0,0.0,0.0,0.0,0.0,0.0,0.0,2.0,1.0,0.0,0.0,0.0,0.0,0.0,0.0,0.0,0.0,0.0,0.0,0.0,0.0,1.2,1.0,1.0,1.0,1.0,1.01,1.0,1.0,2.19,1.0,1.0,1.0,1.18,1.0,1.0,1.0,1.0,1.26,1.1,1.02,1.08,1.0,1.0,1.02,1.0,1.1,1.0,3.91,4.54,1.0,1.0,1.04,1.0,1.16,1.0,1.65,1.0,1.46,1.16,1.03,1.0
35-9021.00,Dishwashers,culinary_art|physical_manual_labor|accounting|agriculture|animal_service|applied_arts_and_design|athletics|business_initiatives|construction_woodwork|creative_writing|engineering|finance|health_care_service|human_resources|humanities|information_technology|law|life_science|management_administration|marketing_advertising|mathematics_statistics|mechanics_electronics|media|medical_science|music|nature_outdoors|office_work|performing_arts|personal_service|physical_science|politics|professional_advising|protective_service|public_speaking|religious_activities|sales|social_science|social_service|teaching_education|transportation_machine_operation|visual_arts,0.0,0.0,0.0,0.0,0.0,0.0,0.0,0.0,2.0,0.0,0.0,0.0,0.0,0.0,0.0,0.0,0.0,0.0,0.0,0.0,0.0,0.0,0.0,0.0,0.0,0.0,0.0,0.0,1.0,0.0,0.0,0.0,0.0,0.0,0.0,0.0,0.0,0.0,0.0,0.0,0.0,1.0,1.0,1.0,1.0,1.0,1.0,1.09,1.0,1.85,1.0,1.0,1.06,1.0,1.0,1.0,1.0,1.0,1.0,1.0,1.0,1.08,1.0,1.0,1.0,1.0,1.0,1.0,1.15,5.62,1.0,1.0,1.0,1.0,1.0,1.0,1.0,1.0,1.05,1.0,1.1,1.0
35-9031.00,"Hosts and Hostesses, Restaurant, Lounge, and Coffee Shop",management_administration|personal_service|accounting|agriculture|animal_service|applied_arts_and_design|athletics|business_initiatives|construction_woodwork|creative_writing|culinary_art|engineering|finance|health_care_service|human_resources|humanities|information_technology|law|life_science|marketing_advertising|mathematics_statistics|mechanics_electronics|media|medical_science|music|nature_outdoors|office_work|performing_arts|physical_science|physical_manual_labor|politics|professional_advising|protective_service|public_speaking|religious_activities|sales|social_science|social_service|teaching_education|transportation_machine_operation|visual_arts,0.0,0.0,0.0,0.0,0.0,0.0,0.0,0.0,0.0,0.0,0.0,0.0,0.0,0.0,0.0,0.0,0.0,2.0,0.0,0.0,0.0,0.0,0.0,0.0,0.0,0.0,0.0,1.0,0.0,0.0,0.0,0.0,0.0,0.0,0.0,0.0,0.0,0.0,0.0,0.0,0.0,1.2,1.0,1.0,1.24,1.0,1.29,1.0,1.11,2.0,1.0,1.07,1.0,1.75,1.06,1.03,1.0,1.0,2.69,1.54,1.02,1.0,1.12,1.0,1.14,1.0,1.79,1.19,5.8,1.57,1.0,1.0,1.31,1.0,2.35,1.0,2.25,1.1,1.6,1.39,1.0,1.0
37-1011.00,First-Line Supervisors of Housekeeping and Janitorial Workers,human_resources|management_administration|accounting|agriculture|animal_service|applied_arts_and_design|athletics|business_initiatives|construction_woodwork|creative_writing|culinary_art|engineering|finance|health_care_service|humanities|information_technology|law|life_science|marketing_advertising|mathematics_statistics|mechanics_electronics|media|medical_science|music|nature_outdoors|office_work|performing_arts|personal_service|physical_science|physical_manual_labor|politics|professional_advising|protective_service|public_speaking|religious_activities|sales|social_science|social_service|teaching_education|transportation_machine_operation|visual_arts,0.0,0.0,0.0,0.0,0.0,0.0,0.0,0.0,0.0,0.0,0.0,0.0,2.0,0.0,0.0,0.0,0.0,1.0,0.0,0.0,0.0,0.0,0.0,0.0,0.0,0.0,0.0,0.0,0.0,0.0,0.0,0.0,0.0,0.0,0.0,0.0,0.0,0.0,0.0,0.0,0.0,2.17,1.0,1.0,1.0,1.0,1.84,1.18,1.07,1.19,1.17,1.56,2.06,3.64,1.0,1.16,1.11,1.05,5.8,1.13,1.26,1.47,1.02,1.22,1.0,1.0,2.43,1.0,2.68,2.64,1.05,1.0,1.81,1.44,1.93,1.0,1.36,1.24,1.48,1.9,1.33,1.0
37-1012.00,"First-Line Supervisors of Landscaping, Lawn Service, and Groundskeeping Workers",agriculture|nature_outdoors|management_administration|accounting|animal_service|applied_arts_and_design|athletics|business_initiatives|construction_woodwork|creative_writing|culinary_art|engineering|finance|health_care_service|human_resources|humanities|information_technology|law|life_science|marketing_advertising|mathematics_statistics|mechanics_electronics|media|medical_science|music|office_work|performing_arts|personal_service|physical_science|physical_manual_labor|politics|professional_advising|protective_service|public_speaking|religious_activities|sales|social_science|social_service|teaching_education|transportation_machine_operation|visual_arts,0.0,3.0,0.0,0.0,0.0,0.0,0.0,0.0,0.0,0.0,0.0,0.0,0.0,0.0,0.0,0.0,0.0,1.0,0.0,0.0,0.0,0.0,0.0,0.0,2.0,0.0,0.0,0.0,0.0,0.0,0.0,0.0,0.0,0.0,0.0,0.0,0.0,0.0,0.0,0.0,0.0,2.28,3.74,1.15,1.52,1.23,2.62,1.73,1.07,1.08,1.6,1.59,1.0,3.27,1.0,1.11,1.22,1.8,5.76,1.69,1.65,2.16,1.12,1.05,1.0,4.74,2.12,1.0,1.94,3.65,1.33,1.17,1.56,1.23,2.22,1.02,2.53,1.24,1.17,2.15,2.84,1.16
37-2011.00,"Janitors and Cleaners, Except Maids and Housekeeping Cleaners",protective_service|physical_manual_labor|accounting|agriculture|animal_service|applied_arts_and_design|athletics|business_initiatives|construction_woodwork|creative_writing|culinary_art|engineering|finance|health_care_service|human_resources|humanities|information_technology|law|life_science|management_administration|marketing_advertising|mathematics_statistics|mechanics_electronics|media|medical_science|music|nature_outdoors|office_work|performing_arts|personal_service|physical_science|politics|professional_advising|public_speaking|religious_activities|sales|social_science|social_service|teaching_education|transportation_machine_operation|visual_arts,0.0,0.0,0.0,0.0,0.0,0.0,0.0,0.0,0.0,0.0,0.0,0.0,0.0,0.0,0.0,0.0,0.0,0.0,0.0,0.0,0.0,0.0,0.0,0.0,0.0,0.0,0.0,0.0,1.0,0.0,0.0,0.0,2.0,0.0,0.0,0.0,0.0,0.0,0.0,0.0,0.0,1.0,1.0,1.0,1.0,1.06,1.0,1.22,1.0,1.0,1.14,1.0,1.32,1.14,1.0,1.0,1.0,1.0,1.23,1.0,1.0,1.47,1.0,1.0,1.0,1.09,1.05,1.0,1.21,6.06,1.05,1.0,1.0,1.71,1.0,1.0,1.0,1.0,1.1,1.0,1.4,1.0
37-2012.00,Maids and Housekeeping Cleaners,personal_service|physical_manual_labor|accounting|agriculture|animal_service|applied_arts_and_design|athletics|business_initiatives|construction_woodwork|creative_writing|culinary_art|engineering|finance|health_care_service|human_resources|humanities|information_technology|law|life_science|management_administration|marketing_advertising|mathematics_statistics|mechanics_electronics|media|medical_science|music|nature_outdoors|office_work|performing_arts|physical_science|politics|professional_advising|protective_service|public_speaking|religious_activities|sales|social_science|social_service|teaching_education|transportation_machine_operation|visual_arts,0.0,0.0,0.0,0.0,0.0,0.0,0.0,0.0,0.0,0.0,0.0,0.0,0.0,0.0,0.0,0.0,0.0,0.0,0.0,0.0,0.0,0.0,0.0,0.0,0.0,0.0,0.0,2.0,1.0,0.0,0.0,0.0,0.0,0.0,0.0,0.0,0.0,0.0,0.0,0.0,0.0,1.13,1.0,1.0,1.03,1.09,1.0,1.22,1.0,1.12,1.0,1.0,1.73,1.18,1.0,1.0,1.0,1.0,1.08,1.0,1.0,1.06,1.0,1.03,1.0,1.0,1.08,1.0,1.88,5.62,1.0,1.0,1.0,1.12,1.0,1.0,1.12,1.0,1.23,1.03,1.23,1.0
37-2021.00,Pest Control Workers,transportation_machine_operation|physical_manual_labor|accounting|agriculture|animal_service|applied_arts_and_design|athletics|business_initiatives|construction_woodwork|creative_writing|culinary_art|engineering|finance|health_care_service|human_resources|humanities|information_technology|law|life_science|management_administration|marketing_advertising|mathematics_statistics|mechanics_electronics|media|medical_science|music|nature_outdoors|office_work|performing_arts|personal_service|physical_science|politics|professional_advising|protective_service|public_speaking|religious_activities|sales|social_science|social_service|teaching_education|visual_arts,0.0,0.0,0.0,0.0,0.0,0.0,0.0,0.0,0.0,0.0,0.0,0.0,0.0,0.0,0.0,0.0,0.0,0.0,0.0,0.0,0.0,0.0,0.0,0.0,0.0,0.0,0.0,0.0,1.0,0.0,0.0,0.0,0.0,0.0,0.0,0.0,0.0,0.0,0.0,2.0,0.0,1.24,1.76,1.15,1.0,1.03,1.09,1.37,1.0,1.0,1.41,1.07,1.1,1.28,1.0,1.08,1.07,1.77,1.44,1.08,1.36,1.56,1.0,1.28,1.0,1.9,1.39,1.0,1.49,4.71,1.42,1.0,1.1,1.55,1.42,1.0,1.7,1.03,1.1,1.19,4.05,1.0
37-3011.00,Landscaping and Groundskeeping Workers,agriculture|nature_outdoors|physical_manual_labor|accounting|animal_service|applied_arts_and_design|athletics|business_initiatives|construction_woodwork|creative_writing|culinary_art|engineering|finance|health_care_service|human_resources|humanities|information_technology|law|life_science|management_administration|marketing_advertising|mathematics_statistics|mechanics_electronics|media|medical_science|music|office_work|performing_arts|personal_service|physical_science|politics|professional_advising|protective_service|public_speaking|religious_activities|sales|social_science|social_service|teaching_education|transportation_machine_operation|visual_arts,0.0,3.0,0.0,0.0,0.0,0.0,0.0,0.0,0.0,0.0,0.0,0.0,0.0,0.0,0.0,0.0,0.0,0.0,0.0,0.0,0.0,0.0,0.0,0.0,2.0,0.0,0.0,0.0,1.0,0.0,0.0,0.0,0.0,0.0,0.0,0.0,0.0,0.0,0.0,0.0,0.0,1.13,3.86,1.05,1.55,1.17,1.01,1.86,1.0,1.0,1.26,1.0,1.0,1.0,1.0,1.0,1.0,1.32,1.17,1.0,1.05,1.62,1.0,1.0,1.0,6.43,1.0,1.0,1.24,6.58,1.09,1.0,1.0,1.0,1.03,1.0,1.1,1.0,1.06,1.08,3.79,1.27
37-3012.00,"Pesticide Handlers, Sprayers, and Applicators, Vegetation",agriculture|transportation_machine_operation|physical_manual_labor|accounting|animal_service|applied_arts_and_design|athletics|business_initiatives|construction_woodwork|creative_writing|culinary_art|engineering|finance|health_care_service|human_resources|humanities|information_technology|law|life_science|management_administration|marketing_advertising|mathematics_statistics|mechanics_electronics|media|medical_science|music|nature_outdoors|office_work|performing_arts|personal_service|physical_science|politics|professional_advising|protective_service|public_speaking|religious_activities|sales|social_science|social_service|teaching_education|visual_arts,0.0,3.0,0.0,0.0,0.0,0.0,0.0,0.0,0.0,0.0,0.0,0.0,0.0,0.0,0.0,0.0,0.0,0.0,0.0,0.0,0.0,0.0,0.0,0.0,0.0,0.0,0.0,0.0,1.0,0.0,0.0,0.0,0.0,0.0,0.0,0.0,0.0,0.0,0.0,2.0,0.0,1.2,3.97,1.12,1.0,1.0,1.09,1.15,1.0,1.0,1.91,1.0,1.1,1.14,1.0,1.19,1.37,2.17,1.38,1.05,1.73,1.78,1.0,1.45,1.0,3.91,1.1,1.0,1.24,5.72,1.9,1.17,1.04,1.23,1.16,1.0,1.25,1.0,1.1,1.25,4.05,1.0
37-3013.00,Tree Trimmers and Pruners,transportation_machine_operation|nature_outdoors|physical_manual_labor|accounting|agriculture|animal_service|applied_arts_and_design|athletics|business_initiatives|construction_woodwork|creative_writing|culinary_art|engineering|finance|health_care_service|human_resources|humanities|information_technology|law|life_science|management_administration|marketing_advertising|mathematics_statistics|mechanics_electronics|media|medical_science|music|office_work|performing_arts|personal_service|physical_science|politics|professional_advising|protective_service|public_speaking|religious_activities|sales|social_science|social_service|teaching_education|visual_arts,0.0,0.0,0.0,0.0,0.0,0.0,0.0,0.0,0.0,0.0,0.0,0.0,0.0,0.0,0.0,0.0,0.0,0.0,0.0,0.0,0.0,0.0,0.0,0.0,2.0,0.0,0.0,0.0,1.0,0.0,0.0,0.0,0.0,0.0,0.0,0.0,0.0,0.0,0.0,3.0,0.0,1.03,2.63,1.0,1.08,1.2,1.0,1.96,1.0,1.0,1.44,1.0,1.0,1.21,1.0,1.0,1.0,1.4,1.62,1.0,1.02,1.93,1.0,1.05,1.0,5.37,1.03,1.0,1.37,6.63,1.09,1.0,1.09,1.12,1.25,1.0,1.12,1.0,1.06,1.34,3.79,1.07
39-1013.00,First-Line Supervisors of Gambling Services Workers,protective_service|personal_service|management_administration|accounting|agriculture|animal_service|applied_arts_and_design|athletics|business_initiatives|construction_woodwork|creative_writing|culinary_art|engineering|finance|health_care_service|human_resources|humanities|information_technology|law|life_science|marketing_advertising|mathematics_statistics|mechanics_electronics|media|medical_science|music|nature_outdoors|office_work|performing_arts|physical_science|physical_manual_labor|politics|professional_advising|public_speaking|religious_activities|sales|social_science|social_service|teaching_education|transportation_machine_operation|visual_arts,0.0,0.0,0.0,0.0,0.0,0.0,0.0,0.0,0.0,0.0,0.0,0.0,0.0,0.0,0.0,0.0,0.0,1.0,0.0,0.0,0.0,0.0,0.0,0.0,0.0,0.0,0.0,2.0,0.0,0.0,0.0,0.0,3.0,0.0,0.0,0.0,0.0,0.0,0.0,0.0,0.0,2.99,1.0,1.0,1.05,1.06,2.2,1.09,1.02,1.08,1.14,1.91,1.1,3.01,1.0,1.62,1.88,1.0,5.72,1.69,1.53,2.16,1.12,1.0,1.0,1.0,1.98,1.0,3.28,1.52,1.0,1.2,1.73,3.17,1.78,1.0,1.9,1.49,1.51,1.62,1.3,1.0
39-1014.00,"First-Line Supervisors of Entertainment and Recreation Workers, Except Gambling Services",personal_service|human_resources|management_administration|accounting|agriculture|animal_service|applied_arts_and_design|athletics|business_initiatives|construction_woodwork|creative_writing|culinary_art|engineering|finance|health_care_service|humanities|information_technology|law|life_science|marketing_advertising|mathematics_statistics|mechanics_electronics|media|medical_science|music|nature_outdoors|office_work|performing_arts|physical_science|physical_manual_labor|politics|professional_advising|protective_service|public_speaking|religious_activities|sales|social_science|social_service|teaching_education|transportation_machine_operation|visual_arts,0.0,0.0,0.0,0.0,0.0,0.0,0.0,0.0,0.0,0.0,0.0,0.0,2.0,0.0,0.0,0.0,0.0,1.0,0.0,0.0,0.0,0.0,0.0,0.0,0.0,0.0,0.0,3.0,0.0,0.0,0.0,0.0,0.0,0.0,0.0,0.0,0.0,0.0,0.0,0.0,0.0,1.96,1.0,1.15,1.46,3.08,2.36,1.0,1.38,1.31,1.06,1.39,1.19,3.97,1.28,1.16,1.14,1.0,6.24,2.08,1.13,1.14,1.57,1.0,2.02,1.46,2.24,2.02,3.72,1.4,1.0,1.17,2.15,1.23,3.35,1.09,2.19,1.49,2.08,2.28,1.19,1.37
39-1022.00,First-Line Supervisors of Personal Service Workers,human_resources|personal_service|management_administration|accounting|agriculture|animal_service|applied_arts_and_design|athletics|business_initiatives|construction_woodwork|creative_writing|culinary_art|engineering|finance|health_care_service|humanities|information_technology|law|life_science|marketing_advertising|mathematics_statistics|mechanics_electronics|media|medical_science|music|nature_outdoors|office_work|performing_arts|physical_science|physical_manual_labor|politics|professional_advising|protective_service|public_speaking|religious_activities|sales|social_science|social_service|teaching_education|transportation_machine_operation|visual_arts,0.0,0.0,0.0,0.0,0.0,0.0,0.0,0.0,0.0,0.0,0.0,0.0,3.0,0.0,0.0,0.0,0.0,1.0,0.0,0.0,0.0,0.0,0.0,0.0,0.0,0.0,0.0,2.0,0.0,0.0,0.0,0.0,0.0,0.0,0.0,0.0,0.0,0.0,0.0,0.0,0.0,1.62,1.0,1.27,1.08,1.29,2.14,1.0,1.11,1.35,1.0,1.39,2.34,4.34,1.12,1.27,1.29,1.0,6.1,1.51,1.15,1.17,1.05,1.05,1.02,1.06,2.21,1.04,5.47,1.3,1.0,1.14,2.27,1.32,2.48,1.04,2.25,1.57,3.14,2.38,1.13,1.04
39-2011.00,Animal Trainers,physical_manual_labor|teaching_education|animal_service|accounting|agriculture|applied_arts_and_design|athletics|business_initiatives|construction_woodwork|creative_writing|culinary_art|engineering|finance|health_care_service|human_resources|humanities|information_technology|law|life_science|management_administration|marketing_advertising|mathematics_statistics|mechanics_electronics|media|medical_science|music|nature_outdoors|office_work|performing_arts|personal_service|physical_science|politics|professional_advising|protective_service|public_speaking|religious_activities|sales|social_science|social_service|transportation_machine_operation|visual_arts,0.0,0.0,1.0,0.0,0.0,0.0,0.0,0.0,0.0,0.0,0.0,0.0,0.0,0.0,0.0,0.0,0.0,0.0,0.0,0.0,0.0,0.0,0.0,0.0,0.0,0.0,0.0,0.0,3.0,0.0,0.0,0.0,0.0,0.0,0.0,0.0,0.0,0.0,2.0,0.0,0.0,1.1,1.68,6.61,1.08,1.72,1.16,1.0,1.09,1.0,1.03,1.0,1.83,1.42,1.19,1.0,1.04,1.71,1.81,1.26,1.15,1.0,1.17,1.45,1.07,2.41,1.21,1.69,2.34,3.45,1.07,1.0,1.71,1.67,1.93,1.0,1.31,1.78,1.91,3.56,1.23,1.11
39-2021.00,Animal Caretakers,health_care_service|physical_manual_labor|animal_service|accounting|agriculture|applied_arts_and_design|athletics|business_initiatives|construction_woodwork|creative_writing|culinary_art|engineering|finance|human_resources|humanities|information_technology|law|life_science|management_administration|marketing_advertising|mathematics_statistics|mechanics_electronics|media|medical_science|music|nature_outdoors|office_work|performing_arts|personal_service|physical_science|politics|professional_advising|protective_service|public_speaking|religious_activities|sales|social_science|social_service|teaching_education|transportation_machine_operation|visual_arts,0.0,0.0,1.0,0.0,0.0,0.0,0.0,0.0,0.0,0.0,0.0,3.0,0.0,0.0,0.0,0.0,0.0,0.0,0.0,0.0,0.0,0.0,0.0,0.0,0.0,0.0,0.0,0.0,2.0,0.0,0.0,0.0,0.0,0.0,0.0,0.0,0.0,0.0,0.0,0.0,0.0,1.41,1.87,6.85,1.1,1.32,1.0,1.06,1.07,1.15,1.06,1.02,3.01,1.43,1.12,1.05,1.0,2.56,1.44,1.21,1.13,1.08,1.14,1.69,1.02,2.23,1.64,1.06,2.58,4.67,1.1,1.0,1.49,1.12,1.45,1.0,1.29,1.26,2.14,2.06,1.4,1.04
39-3011.00,Gambling Dealers,accounting|personal_service|agriculture|animal_service|applied_arts_and_design|athletics|business_initiatives|construction_woodwork|creative_writing|culinary_art|engineering|finance|health_care_service|human_resources|humanities|information_technology|law|life_science|management_administration|marketing_advertising|mathematics_statistics|mechanics_electronics|media|medical_science|music|nature_outdoors|office_work|performing_arts|physical_science|physical_manual_labor|politics|professional_advising|protective_service|public_speaking|religious_activities|sales|social_science|social_service|teaching_education|transportation_machine_operation|visual_arts,2.0,0.0,0.0,0.0,0.0,0.0,0.0,0.0,0.0,0.0,0.0,0.0,0.0,0.0,0.0,0.0,0.0,0.0,0.0,0.0,0.0,0.0,0.0,0.0,0.0,0.0,0.0,1.0,0.0,0.0,0.0,0.0,0.0,0.0,0.0,0.0,0.0,0.0,0.0,0.0,0.0,2.39,1.0,1.0,1.0,1.03,1.27,1.0,1.0,1.0,1.03,1.59,1.0,1.32,1.03,1.08,1.18,1.0,1.53,1.13,1.53,1.06,1.07,1.0,1.0,1.0,1.27,1.17,2.79,1.33,1.0,1.08,1.08,1.32,1.9,1.0,2.01,1.05,1.1,1.34,1.03,1.02
39-3012.00,Gambling and Sports Book Writers and Runners,personal_service|accounting|agriculture|animal_service|applied_arts_and_design|athletics|business_initiatives|construction_woodwork|creative_writing|culinary_art|engineering|finance|health_care_service|human_resources|humanities|information_technology|law|life_science|management_administration|marketing_advertising|mathematics_statistics|mechanics_electronics|media|medical_science|music|nature_outdoors|office_work|performing_arts|physical_science|physical_manual_labor|politics|professional_advising|protective_service|public_speaking|religious_activities|sales|social_science|social_service|teaching_education|transportation_machine_operation|visual_arts,1.0,0.0,0.0,0.0,0.0,0.0,0.0,0.0,0.0,0.0,0.0,0.0,0.0,0.0,0.0,0.0,0.0,0.0,0.0,0.0,0.0,0.0,0.0,0.0,0.0,0.0,0.0,2.0,0.0,0.0,0.0,0.0,0.0,0.0,0.0,0.0,0.0,0.0,0.0,0.0,0.0,3.83,1.0,1.0,1.0,1.59,1.33,1.0,1.0,1.0,1.0,2.09,1.0,1.39,1.0,1.19,1.25,1.0,1.59,1.48,1.5,1.06,1.17,1.0,1.0,1.0,2.34,1.02,2.51,1.21,1.0,1.0,1.13,1.23,1.72,1.0,1.79,1.05,1.11,1.19,1.0,1.0
39-3021.00,Motion Picture Projectionists,engineering|mechanics_electronics|accounting|agriculture|animal_service|applied_arts_and_design|athletics|business_initiatives|construction_woodwork|creative_writing|culinary_art|finance|health_care_service|human_resources|humanities|information_technology|law|life_science|management_administration|marketing_advertising|mathematics_statistics|media|medical_science|music|nature_outdoors|office_work|performing_arts|personal_service|physical_science|physical_manual_labor|politics|professional_advising|protective_service|public_speaking|religious_activities|sales|social_science|social_service|teaching_education|transportation_machine_operation|visual_arts,0.0,0.0,0.0,0.0,0.0,0.0,0.0,0.0,0.0,2.0,0.0,0.0,0.0,0.0,0.0,0.0,0.0,0.0,0.0,0.0,1.0,0.0,0.0,0.0,0.0,0.0,0.0,0.0,0.0,0.0,0.0,0.0,0.0,0.0,0.0,0.0,0.0,0.0,0.0,0.0,0.0,1.24,1.0,1.0,1.49,1.0,1.0,1.06,1.14,1.0,2.6,1.0,1.0,1.14,1.19,2.01,1.0,1.0,1.35,1.18,1.23,5.01,2.0,1.0,1.52,1.0,1.24,1.47,1.4,2.23,1.22,1.0,1.03,1.0,1.16,1.0,1.02,1.0,1.06,1.16,1.56,1.53
39-3031.00,"Ushers, Lobby Attendants, and Ticket Takers",sales|personal_service|accounting|agriculture|animal_service|applied_arts_and_design|athletics|business_initiatives|construction_woodwork|creative_writing|culinary_art|engineering|finance|health_care_service|human_resources|humanities|information_technology|law|life_science|management_administration|marketing_advertising|mathematics_statistics|mechanics_electronics|media|medical_science|music|nature_outdoors|office_work|performing_arts|physical_science|physical_manual_labor|politics|professional_advising|protective_service|public_speaking|religious_activities|social_science|social_service|teaching_education|transportation_machine_operation|visual_arts,0.0,0.0,0.0,0.0,0.0,0.0,0.0,0.0,0.0,0.0,0.0,0.0,0.0,0.0,0.0,0.0,0.0,0.0,0.0,0.0,0.0,0.0,0.0,0.0,0.0,0.0,0.0,1.0,0.0,0.0,0.0,0.0,0.0,0.0,0.0,2.0,0.0,0.0,0.0,0.0,0.0,1.31,1.0,1.0,1.08,1.75,1.09,1.0,1.0,1.0,1.0,1.07,1.1,1.64,1.19,1.08,1.0,1.0,1.65,1.32,1.0,1.03,1.35,1.0,1.57,1.0,1.31,1.94,5.23,1.82,1.0,1.0,1.14,2.17,1.72,1.02,2.22,1.13,2.12,1.36,1.0,1.0
39-3091.00,Amusement and Recreation Attendants,sales|personal_service|accounting|agriculture|animal_service|applied_arts_and_design|athletics|business_initiatives|construction_woodwork|creative_writing|culinary_art|engineering|finance|health_care_service|human_resources|humanities|information_technology|law|life_science|management_administration|marketing_advertising|mathematics_statistics|mechanics_electronics|media|medical_science|music|nature_outdoors|office_work|performing_arts|physical_science|physical_manual_labor|politics|professional_advising|protective_service|public_speaking|religious_activities|social_science|social_service|teaching_education|transportation_machine_operation|visual_arts,0.0,0.0,0.0,0.0,0.0,0.0,0.0,0.0,0.0,0.0,0.0,0.0,0.0,0.0,0.0,0.0,0.0,0.0,0.0,0.0,0.0,0.0,0.0,0.0,0.0,0.0,0.0,1.0,0.0,0.0,0.0,0.0,0.0,0.0,0.0,2.0,0.0,0.0,0.0,0.0,0.0,1.93,1.0,1.05,1.21,2.16,1.25,1.09,1.04,1.0,1.2,1.18,1.06,1.64,1.0,1.08,1.04,1.0,1.68,1.51,1.07,1.44,1.02,1.0,1.11,1.41,1.61,1.26,4.4,2.51,1.0,1.0,1.14,2.1,1.69,1.0,2.7,1.13,1.63,1.42,2.42,1.02
39-3092.00,Costume Attendants,media|visual_arts|applied_arts_and_design|accounting|agriculture|animal_service|athletics|business_initiatives|construction_woodwork|creative_writing|culinary_art|engineering|finance|health_care_service|human_resources|humanities|information_technology|law|life_science|management_administration|marketing_advertising|mathematics_statistics|mechanics_electronics|medical_science|music|nature_outdoors|office_work|performing_arts|personal_service|physical_science|physical_manual_labor|politics|professional_advising|protective_service|public_speaking|religious_activities|sales|social_science|social_service|teaching_education|transportation_machine_operation,0.0,0.0,0.0,1.0,0.0,0.0,0.0,0.0,0.0,0.0,0.0,0.0,0.0,0.0,0.0,0.0,0.0,0.0,0.0,0.0,0.0,3.0,0.0,0.0,0.0,0.0,0.0,0.0,0.0,0.0,0.0,0.0,0.0,0.0,0.0,0.0,0.0,0.0,0.0,0.0,2.0,1.41,1.0,1.0,5.76,1.11,1.18,1.28,1.48,1.23,1.06,1.07,1.0,1.53,2.93,1.05,1.0,1.0,2.06,1.4,1.0,1.17,3.05,1.0,1.65,1.0,1.92,3.0,3.0,2.35,1.0,1.0,1.16,1.04,1.33,1.0,1.2,1.4,1.31,1.48,1.03,3.59
39-3093.00,"Locker Room, Coatroom, and Dressing Room Attendants",physical_manual_labor|personal_service|accounting|agriculture|animal_service|applied_arts_and_design|athletics|business_initiatives|construction_woodwork|creative_writing|culinary_art|engineering|finance|health_care_service|human_resources|humanities|information_technology|law|life_science|management_administration|marketing_advertising|mathematics_statistics|mechanics_electronics|media|medical_science|music|nature_outdoors|office_work|performing_arts|physical_science|politics|professional_advising|protective_service|public_speaking|religious_activities|sales|social_science|social_service|teaching_education|transportation_machine_operation|visual_arts,0.0,0.0,0.0,0.0,0.0,0.0,0.0,0.0,0.0,0.0,0.0,0.0,0.0,0.0,0.0,0.0,0.0,0.0,0.0,0.0,0.0,0.0,0.0,0.0,0.0,0.0,0.0,1.0,2.0,0.0,0.0,0.0,0.0,0.0,0.0,0.0,0.0,0.0,0.0,0.0,0.0,1.24,1.0,1.0,1.0,1.67,1.01,1.03,1.0,1.0,1.0,1.02,1.29,1.53,1.0,1.03,1.0,1.0,1.44,1.03,1.0,1.08,1.0,1.0,1.0,1.0,1.64,1.04,4.44,2.84,1.0,1.0,1.1,1.67,1.16,1.0,1.27,1.03,1.63,1.25,1.03,1.0
39-4011.00,Embalmers,personal_service|physical_manual_labor|accounting|agriculture|animal_service|applied_arts_and_design|athletics|business_initiatives|construction_woodwork|creative_writing|culinary_art|engineering|finance|health_care_service|human_resources|humanities|information_technology|law|life_science|management_administration|marketing_advertising|mathematics_statistics|mechanics_electronics|media|medical_science|music|nature_outdoors|office_work|performing_arts|physical_science|politics|professional_advising|protective_service|public_speaking|religious_activities|sales|social_science|social_service|teaching_education|transportation_machine_operation|visual_arts,0.0,0.0,0.0,0.0,0.0,0.0,0.0,0.0,0.0,0.0,0.0,0.0,0.0,0.0,0.0,0.0,0.0,0.0,0.0,0.0,0.0,0.0,0.0,0.0,0.0,0.0,0.0,2.0,1.0,0.0,0.0,0.0,0.0,0.0,0.0,0.0,0.0,0.0,0.0,0.0,0.0,1.44,1.01,1.0,1.58,1.0,1.14,1.06,1.11,1.0,1.45,1.1,1.99,1.64,1.38,1.13,2.06,2.11,2.26,1.05,1.1,1.5,1.07,2.32,1.0,1.0,1.66,1.07,2.85,4.25,1.46,1.14,1.17,1.4,1.57,1.5,1.4,1.38,2.03,1.34,1.63,1.45
39-4012.00,Crematory Operators,transportation_machine_operation|physical_manual_labor|accounting|agriculture|animal_service|applied_arts_and_design|athletics|business_initiatives|construction_woodwork|creative_writing|culinary_art|engineering|finance|health_care_service|human_resources|humanities|information_technology|law|life_science|management_administration|marketing_advertising|mathematics_statistics|mechanics_electronics|media|medical_science|music|nature_outdoors|office_work|performing_arts|personal_service|physical_science|politics|professional_advising|protective_service|public_speaking|religious_activities|sales|social_science|social_service|teaching_education|visual_arts,0.0,0.0,0.0,0.0,0.0,0.0,0.0,0.0,0.0,0.0,0.0,0.0,0.0,0.0,0.0,0.0,0.0,0.0,0.0,0.0,0.0,0.0,0.0,0.0,0.0,0.0,0.0,0.0,1.0,0.0,0.0,0.0,0.0,0.0,0.0,0.0,0.0,0.0,0.0,2.0,0.0,1.31,1.0,1.41,1.0,1.0,1.0,1.09,1.0,1.0,1.38,1.0,1.66,1.32,1.19,1.03,1.25,1.23,1.06,1.0,1.0,2.52,1.0,1.22,1.0,1.0,1.28,1.0,2.11,4.8,1.2,1.0,1.22,1.28,1.48,1.5,1.04,1.16,1.89,1.16,2.6,1.02
39-4021.00,Funeral Attendants,physical_manual_labor|personal_service|accounting|agriculture|animal_service|applied_arts_and_design|athletics|business_initiatives|construction_woodwork|creative_writing|culinary_art|engineering|finance|health_care_service|human_resources|humanities|information_technology|law|life_science|management_administration|marketing_advertising|mathematics_statistics|mechanics_electronics|media|medical_science|music|nature_outdoors|office_work|performing_arts|physical_science|politics|professional_advising|protective_service|public_speaking|religious_activities|sales|social_science|social_service|teaching_education|transportation_machine_operation|visual_arts,0.0,0.0,0.0,0.0,0.0,0.0,0.0,0.0,0.0,0.0,0.0,0.0,0.0,0.0,0.0,0.0,0.0,0.0,0.0,0.0,0.0,0.0,0.0,0.0,0.0,0.0,0.0,1.0,2.0,0.0,0.0,0.0,0.0,0.0,0.0,0.0,0.0,0.0,0.0,0.0,0.0,1.24,1.0,1.0,1.35,1.06,1.23,1.15,1.07,1.0,1.09,1.15,1.39,1.64,1.32,1.03,1.07,1.05,1.74,1.21,1.0,1.26,1.07,1.0,1.11,1.06,1.98,1.07,4.87,3.46,1.0,1.0,1.35,1.28,1.69,1.77,1.45,1.24,2.89,1.36,1.67,1.13
39-4031.00,"Morticians, Undertakers, and Funeral Arrangers",social_service|management_administration|personal_service|accounting|agriculture|animal_service|applied_arts_and_design|athletics|business_initiatives|construction_woodwork|creative_writing|culinary_art|engineering|finance|health_care_service|human_resources|humanities|information_technology|law|life_science|marketing_advertising|mathematics_statistics|mechanics_electronics|media|medical_science|music|nature_outdoors|office_work|performing_arts|physical_science|physical_manual_labor|politics|professional_advising|protective_service|public_speaking|religious_activities|sales|social_science|teaching_education|transportation_machine_operation|visual_arts,0.0,0.0,0.0,0.0,0.0,0.0,0.0,0.0,0.0,0.0,0.0,0.0,0.0,0.0,0.0,0.0,0.0,2.0,0.0,0.0,0.0,0.0,0.0,0.0,0.0,0.0,0.0,1.0,0.0,0.0,0.0,0.0,0.0,0.0,0.0,0.0,0.0,3.0,0.0,0.0,0.0,2.71,1.0,1.0,1.61,1.0,2.45,1.18,1.16,1.0,1.09,2.18,2.06,2.8,2.1,1.39,2.46,1.4,5.01,2.33,1.15,1.23,1.3,1.54,1.21,1.06,2.99,1.13,5.84,2.44,1.1,1.11,2.73,1.23,3.38,2.93,3.22,1.69,3.6,1.71,2.35,1.18
39-5011.00,Barbers,management_administration|personal_service|accounting|agriculture|animal_service|applied_arts_and_design|athletics|business_initiatives|construction_woodwork|creative_writing|culinary_art|engineering|finance|health_care_service|human_resources|humanities|information_technology|law|life_science|marketing_advertising|mathematics_statistics|mechanics_electronics|media|medical_science|music|nature_outdoors|office_work|performing_arts|physical_science|physical_manual_labor|politics|professional_advising|protective_service|public_speaking|religious_activities|sales|social_science|social_service|teaching_education|transportation_machine_operation|visual_arts,0.0,0.0,0.0,0.0,0.0,0.0,0.0,0.0,0.0,0.0,0.0,0.0,0.0,0.0,0.0,0.0,0.0,2.0,0.0,0.0,0.0,0.0,0.0,0.0,0.0,0.0,0.0,1.0,0.0,0.0,0.0,0.0,0.0,0.0,0.0,0.0,0.0,0.0,0.0,0.0,0.0,1.76,1.0,1.0,2.13,1.09,1.6,1.03,1.11,1.15,1.06,1.45,1.46,1.79,1.19,1.0,1.0,1.05,2.79,1.8,1.05,1.2,1.12,1.03,1.11,1.0,1.71,1.2,5.11,2.44,1.05,1.08,1.47,1.0,1.66,1.0,2.6,1.24,1.75,1.66,1.03,1.4
39-5012.00,"Hairdressers, Hairstylists, and Cosmetologists",applied_arts_and_design|personal_service|accounting|agriculture|animal_service|athletics|business_initiatives|construction_woodwork|creative_writing|culinary_art|engineering|finance|health_care_service|human_resources|humanities|information_technology|law|life_science|management_administration|marketing_advertising|mathematics_statistics|mechanics_electronics|media|medical_science|music|nature_outdoors|office_work|performing_arts|physical_science|physical_manual_labor|politics|professional_advising|protective_service|public_speaking|religious_activities|sales|social_science|social_service|teaching_education|transportation_machine_operation|visual_arts,0.0,0.0,0.0,2.0,0.0,0.0,0.0,0.0,0.0,0.0,0.0,0.0,0.0,0.0,0.0,0.0,0.0,0.0,0.0,0.0,0.0,0.0,0.0,0.0,0.0,0.0,0.0,1.0,0.0,0.0,0.0,0.0,0.0,0.0,0.0,0.0,0.0,0.0,0.0,0.0,0.0,1.51,1.0,1.02,3.46,1.06,1.46,1.12,1.16,1.35,1.09,1.2,1.49,1.64,1.19,1.08,1.04,1.08,2.06,2.53,1.07,1.17,1.19,1.08,1.14,1.0,1.73,1.51,6.05,2.61,1.05,1.03,1.65,1.0,1.84,1.0,2.87,1.1,1.89,2.31,1.0,2.43
39-5091.00,"Makeup Artists, Theatrical and Performance",media|performing_arts|visual_arts|applied_arts_and_design|accounting|agriculture|animal_service|athletics|business_initiatives|construction_woodwork|creative_writing|culinary_art|engineering|finance|health_care_service|human_resources|humanities|information_technology|law|life_science|management_administration|marketing_advertising|mathematics_statistics|mechanics_electronics|medical_science|music|nature_outdoors|office_work|personal_service|physical_science|physical_manual_labor|politics|professional_advising|protective_service|public_speaking|religious_activities|sales|social_science|social_service|teaching_education|transportation_machine_operation,0.0,0.0,0.0,1.0,0.0,0.0,0.0,0.0,0.0,0.0,0.0,0.0,0.0,0.0,0.0,0.0,0.0,0.0,0.0,0.0,0.0,4.0,0.0,0.0,0.0,0.0,3.0,0.0,0.0,0.0,0.0,0.0,0.0,0.0,0.0,0.0,0.0,0.0,0.0,0.0,2.0,1.2,1.0,1.0,6.34,1.09,1.31,1.03,1.51,1.81,1.29,1.07,1.19,1.32,2.41,1.08,1.0,1.15,1.81,1.6,1.07,1.29,5.17,1.05,1.49,1.0,1.19,5.74,2.72,2.08,1.1,1.0,1.35,1.0,1.57,1.0,1.48,1.24,1.23,1.87,1.0,5.9
39-5092.00,Manicurists and Pedicurists,applied_arts_and_design|personal_service|accounting|agriculture|animal_service|athletics|business_initiatives|construction_woodwork|creative_writing|culinary_art|engineering|finance|health_care_service|human_resources|humanities|information_technology|law|life_science|management_administration|marketing_advertising|mathematics_statistics|mechanics_electronics|media|medical_science|music|nature_outdoors|office_work|performing_arts|physical_science|physical_manual_labor|politics|professional_advising|protective_service|public_speaking|religious_activities|sales|social_science|social_service|teaching_education|transportation_machine_operation|visual_arts,0.0,0.0,0.0,2.0,0.0,0.0,0.0,0.0,0.0,0.0,0.0,0.0,0.0,0.0,0.0,0.0,0.0,0.0,0.0,0.0,0.0,0.0,0.0,0.0,0.0,0.0,0.0,1.0,0.0,0.0,0.0,0.0,0.0,0.0,0.0,0.0,0.0,0.0,0.0,0.0,0.0,1.51,1.0,1.0,2.72,1.0,1.23,1.06,1.0,1.15,1.09,1.07,1.46,1.32,1.06,1.08,1.0,1.08,1.41,1.66,1.05,1.17,1.02,1.05,1.0,1.0,1.66,1.09,5.6,2.35,1.05,1.0,1.31,1.0,1.16,1.0,2.25,1.03,1.37,1.45,1.0,2.09
39-5093.00,Shampooers,physical_manual_labor|personal_service|accounting|agriculture|animal_service|applied_arts_and_design|athletics|business_initiatives|construction_woodwork|creative_writing|culinary_art|engineering|finance|health_care_service|human_resources|humanities|information_technology|law|life_science|management_administration|marketing_advertising|mathematics_statistics|mechanics_electronics|media|medical_science|music|nature_outdoors|office_work|performing_arts|physical_science|politics|professional_advising|protective_service|public_speaking|religious_activities|sales|social_science|social_service|teaching_education|transportation_machine_operation|visual_arts,0.0,0.0,0.0,0.0,0.0,0.0,0.0,0.0,0.0,0.0,0.0,0.0,0.0,0.0,0.0,0.0,0.0,0.0,0.0,0.0,0.0,0.0,0.0,0.0,0.0,0.0,0.0,1.0,2.0,0.0,0.0,0.0,0.0,0.0,0.0,0.0,0.0,0.0,0.0,0.0,0.0,1.03,1.0,1.15,1.27,1.0,1.06,1.0,1.0,1.0,1.0,1.0,2.23,1.25,1.0,1.0,1.0,1.15,1.06,1.35,1.0,1.06,1.0,1.39,1.0,1.0,1.1,1.06,5.07,2.48,1.05,1.0,1.45,1.0,1.16,1.0,1.63,1.08,1.81,1.51,1.0,1.07
39-5094.00,Skincare Specialists,health_care_service|personal_service|accounting|agriculture|animal_service|applied_arts_and_design|athletics|business_initiatives|construction_woodwork|creative_writing|culinary_art|engineering|finance|human_resources|humanities|information_technology|law|life_science|management_administration|marketing_advertising|mathematics_statistics|mechanics_electronics|media|medical_science|music|nature_outdoors|office_work|performing_arts|physical_science|physical_manual_labor|politics|professional_advising|protective_service|public_speaking|religious_activities|sales|social_science|social_service|teaching_education|transportation_machine_operation|visual_arts,0.0,0.0,0.0,0.0,0.0,0.0,0.0,0.0,0.0,0.0,0.0,2.0,0.0,0.0,0.0,0.0,0.0,0.0,0.0,0.0,0.0,0.0,0.0,0.0,0.0,0.0,0.0,1.0,0.0,0.0,0.0,0.0,0.0,0.0,0.0,0.0,0.0,0.0,0.0,0.0,0.0,1.27,1.0,1.0,1.73,1.03,1.38,1.0,1.14,1.27,1.23,1.07,3.62,1.6,1.19,1.05,1.11,1.74,1.68,2.24,1.05,1.26,1.32,1.84,1.02,1.0,1.52,1.15,5.84,2.51,1.22,1.0,2.3,1.0,1.75,1.0,2.6,1.24,2.12,2.92,1.0,1.5
39-6011.00,Baggage Porters and Bellhops,physical_manual_labor|personal_service|accounting|agriculture|animal_service|applied_arts_and_design|athletics|business_initiatives|construction_woodwork|creative_writing|culinary_art|engineering|finance|health_care_service|human_resources|humanities|information_technology|law|life_science|management_administration|marketing_advertising|mathematics_statistics|mechanics_electronics|media|medical_science|music|nature_outdoors|office_work|performing_arts|physical_science|politics|professional_advising|protective_service|public_speaking|religious_activities|sales|social_science|social_service|teaching_education|transportation_machine_operation|visual_arts,0.0,0.0,0.0,0.0,0.0,0.0,0.0,0.0,0.0,0.0,0.0,0.0,0.0,0.0,0.0,0.0,0.0,0.0,0.0,0.0,0.0,0.0,0.0,0.0,0.0,0.0,0.0,1.0,2.0,0.0,0.0,0.0,0.0,0.0,0.0,0.0,0.0,0.0,0.0,0.0,0.0,1.13,1.0,1.0,1.0,1.09,1.01,1.0,1.0,1.04,1.0,1.0,1.06,1.5,1.03,1.0,1.0,1.0,1.26,1.1,1.0,1.08,1.02,1.0,1.0,1.0,1.19,1.02,5.93,5.3,1.0,1.0,1.24,1.4,1.51,1.0,1.6,1.03,1.63,1.33,2.49,1.0
39-6012.00,Concierges,management_administration|personal_service|accounting|agriculture|animal_service|applied_arts_and_design|athletics|business_initiatives|construction_woodwork|creative_writing|culinary_art|engineering|finance|health_care_service|human_resources|humanities|information_technology|law|life_science|marketing_advertising|mathematics_statistics|mechanics_electronics|media|medical_science|music|nature_outdoors|office_work|performing_arts|physical_science|physical_manual_labor|politics|professional_advising|protective_service|public_speaking|religious_activities|sales|social_science|social_service|teaching_education|transportation_machine_operation|visual_arts,0.0,0.0,0.0,0.0,0.0,0.0,0.0,0.0,0.0,0.0,0.0,0.0,0.0,0.0,0.0,0.0,0.0,2.0,0.0,0.0,0.0,0.0,0.0,0.0,0.0,0.0,0.0,1.0,0.0,0.0,0.0,0.0,0.0,0.0,0.0,0.0,0.0,0.0,0.0,0.0,0.0,1.41,1.0,1.1,1.29,1.17,1.6,1.0,1.11,1.58,1.0,1.39,1.13,1.68,1.38,1.13,1.0,1.0,2.46,1.63,1.05,1.03,1.22,1.0,1.31,1.09,2.43,1.22,6.87,1.42,1.0,1.06,2.36,1.16,1.87,1.02,2.37,1.24,2.15,1.63,1.23,1.11
39-7011.00,Tour Guides and Escorts,humanities|teaching_education|public_speaking|personal_service|accounting|agriculture|animal_service|applied_arts_and_design|athletics|business_initiatives|construction_woodwork|creative_writing|culinary_art|engineering|finance|health_care_service|human_resources|information_technology|law|life_science|management_administration|marketing_advertising|mathematics_statistics|mechanics_electronics|media|medical_science|music|nature_outdoors|office_work|performing_arts|physical_science|physical_manual_labor|politics|professional_advising|protective_service|religious_activities|sales|social_science|social_service|transportation_machine_operation|visual_arts,0.0,0.0,0.0,0.0,0.0,0.0,0.0,0.0,0.0,0.0,0.0,0.0,0.0,4.0,0.0,0.0,0.0,0.0,0.0,0.0,0.0,0.0,0.0,0.0,0.0,0.0,0.0,1.0,0.0,0.0,0.0,0.0,0.0,2.0,0.0,0.0,0.0,0.0,3.0,0.0,0.0,1.13,1.04,1.15,1.7,1.2,1.31,1.0,1.56,1.31,1.06,1.05,1.0,1.67,4.1,1.03,1.11,1.18,1.68,1.92,1.05,1.03,1.88,1.0,1.21,1.93,1.21,1.74,6.52,1.3,1.16,1.2,2.43,1.23,5.56,1.15,1.98,2.02,1.83,4.25,1.6,1.55
39-7012.00,Travel Guides,sales|public_speaking|personal_service|accounting|agriculture|animal_service|applied_arts_and_design|athletics|business_initiatives|construction_woodwork|creative_writing|culinary_art|engineering|finance|health_care_service|human_resources|humanities|information_technology|law|life_science|management_administration|marketing_advertising|mathematics_statistics|mechanics_electronics|media|medical_science|music|nature_outdoors|office_work|performing_arts|physical_science|physical_manual_labor|politics|professional_advising|protective_service|religious_activities|social_science|social_service|teaching_education|transportation_machine_operation|visual_arts,0.0,0.0,0.0,0.0,0.0,0.0,0.0,0.0,0.0,0.0,0.0,0.0,0.0,0.0,0.0,0.0,0.0,0.0,0.0,0.0,0.0,0.0,0.0,0.0,0.0,0.0,0.0,1.0,0.0,0.0,0.0,0.0,0.0,2.0,0.0,3.0,0.0,0.0,0.0,0.0,0.0,1.41,1.03,1.07,1.27,1.26,2.14,1.0,1.31,1.43,1.03,1.56,1.59,1.89,2.17,1.16,1.11,1.0,3.11,2.56,1.1,1.0,1.46,1.08,1.16,1.78,1.76,1.13,6.48,1.38,1.0,1.14,3.48,1.23,4.33,1.04,4.0,1.57,2.36,2.48,1.73,1.13
39-9011.00,Childcare Workers,personal_service|teaching_education|social_service|accounting|agriculture|animal_service|applied_arts_and_design|athletics|business_initiatives|construction_woodwork|creative_writing|culinary_art|engineering|finance|health_care_service|human_resources|humanities|information_technology|law|life_science|management_administration|marketing_advertising|mathematics_statistics|mechanics_electronics|media|medical_science|music|nature_outdoors|office_work|performing_arts|physical_science|physical_manual_labor|politics|professional_advising|protective_service|public_speaking|religious_activities|sales|social_science|transportation_machine_operation|visual_arts,0.0,0.0,0.0,0.0,0.0,0.0,0.0,0.0,0.0,0.0,0.0,0.0,0.0,0.0,0.0,0.0,0.0,0.0,0.0,0.0,0.0,0.0,0.0,0.0,0.0,0.0,0.0,3.0,0.0,0.0,0.0,0.0,0.0,0.0,0.0,0.0,0.0,1.0,2.0,0.0,0.0,1.2,1.0,1.07,1.91,1.65,1.14,1.03,1.62,1.66,1.0,1.0,2.1,1.86,1.48,1.05,1.04,1.13,1.78,1.15,1.15,1.0,1.33,1.11,1.82,1.27,1.69,1.69,4.63,2.01,1.02,1.08,1.76,1.48,1.96,1.2,1.12,2.18,6.15,5.3,1.03,1.3
39-9011.01,Nannies,teaching_education|personal_service|social_service|accounting|agriculture|animal_service|applied_arts_and_design|athletics|business_initiatives|construction_woodwork|creative_writing|culinary_art|engineering|finance|health_care_service|human_resources|humanities|information_technology|law|life_science|management_administration|marketing_advertising|mathematics_statistics|mechanics_electronics|media|medical_science|music|nature_outdoors|office_work|performing_arts|physical_science|physical_manual_labor|politics|professional_advising|protective_service|public_speaking|religious_activities|sales|social_science|transportation_machine_operation|visual_arts,0.0,0.0,0.0,0.0,0.0,0.0,0.0,0.0,0.0,0.0,0.0,0.0,0.0,0.0,0.0,0.0,0.0,0.0,0.0,0.0,0.0,0.0,0.0,0.0,0.0,0.0,0.0,2.0,0.0,0.0,0.0,0.0,0.0,0.0,0.0,0.0,0.0,1.0,3.0,0.0,0.0,1.24,1.0,1.05,1.85,1.53,1.07,1.03,1.46,2.54,1.0,1.07,2.3,1.68,1.44,1.0,1.04,1.15,2.16,1.1,1.13,1.0,1.17,1.25,1.33,1.15,1.26,1.44,5.68,1.93,1.03,1.03,2.81,1.4,1.54,1.06,1.16,2.12,5.99,5.61,1.36,1.74
39-9031.00,Exercise Trainers and Group Fitness Instructors,public_speaking|personal_service|teaching_education|athletics|accounting|agriculture|animal_service|applied_arts_and_design|business_initiatives|construction_woodwork|creative_writing|culinary_art|engineering|finance|health_care_service|human_resources|humanities|information_technology|law|life_science|management_administration|marketing_advertising|mathematics_statistics|mechanics_electronics|media|medical_science|music|nature_outdoors|office_work|performing_arts|physical_science|physical_manual_labor|politics|professional_advising|protective_service|religious_activities|sales|social_science|social_service|transportation_machine_operation|visual_arts,0.0,0.0,0.0,0.0,1.0,0.0,0.0,0.0,0.0,0.0,0.0,0.0,0.0,0.0,0.0,0.0,0.0,0.0,0.0,0.0,0.0,0.0,0.0,0.0,0.0,0.0,0.0,3.0,0.0,0.0,0.0,0.0,0.0,4.0,0.0,0.0,0.0,0.0,2.0,0.0,0.0,1.2,1.0,1.0,1.35,6.15,1.35,1.0,1.14,1.15,1.26,1.02,3.08,2.11,1.19,1.03,1.0,1.4,1.81,1.72,1.23,1.38,1.33,1.45,1.9,1.2,1.13,1.85,5.07,2.78,1.1,1.0,3.97,1.12,4.02,1.0,1.79,1.81,3.33,5.56,1.03,1.09
39-9032.00,Recreation Workers,management_administration|social_service|athletics|personal_service|accounting|agriculture|animal_service|applied_arts_and_design|business_initiatives|construction_woodwork|creative_writing|culinary_art|engineering|finance|health_care_service|human_resources|humanities|information_technology|law|life_science|marketing_advertising|mathematics_statistics|mechanics_electronics|media|medical_science|music|nature_outdoors|office_work|performing_arts|physical_science|physical_manual_labor|politics|professional_advising|protective_service|public_speaking|religious_activities|sales|social_science|teaching_education|transportation_machine_operation|visual_arts,0.0,0.0,0.0,0.0,2.0,0.0,0.0,0.0,0.0,0.0,0.0,0.0,0.0,0.0,0.0,0.0,0.0,4.0,0.0,0.0,0.0,0.0,0.0,0.0,0.0,0.0,0.0,1.0,0.0,0.0,0.0,0.0,0.0,0.0,0.0,0.0,0.0,3.0,0.0,0.0,0.0,1.27,1.08,1.25,2.29,4.42,1.78,1.22,1.49,1.47,1.14,1.2,1.83,2.36,1.51,1.36,1.36,1.05,4.26,1.99,1.31,1.11,1.71,1.05,2.11,2.88,1.79,2.2,4.95,1.99,1.0,1.26,2.37,2.06,3.1,1.13,1.87,1.96,4.4,3.34,1.23,2.24
39-9041.00,Residential Advisors,professional_advising|personal_service|social_service|accounting|agriculture|animal_service|applied_arts_and_design|athletics|business_initiatives|construction_woodwork|creative_writing|culinary_art|engineering|finance|health_care_service|human_resources|humanities|information_technology|law|life_science|management_administration|marketing_advertising|mathematics_statistics|mechanics_electronics|media|medical_science|music|nature_outdoors|office_work|performing_arts|physical_science|physical_manual_labor|politics|protective_service|public_speaking|religious_activities|sales|social_science|teaching_education|transportation_machine_operation|visual_arts,0.0,0.0,0.0,0.0,0.0,0.0,0.0,0.0,0.0,0.0,0.0,0.0,0.0,0.0,0.0,0.0,0.0,0.0,0.0,0.0,0.0,0.0,0.0,0.0,0.0,0.0,0.0,2.0,0.0,0.0,0.0,3.0,0.0,0.0,0.0,0.0,0.0,1.0,0.0,0.0,0.0,1.51,1.0,1.0,1.08,1.2,1.38,1.03,1.14,1.0,1.0,1.18,2.16,3.38,1.38,1.3,1.8,1.0,3.73,1.15,1.07,1.06,1.27,1.19,1.04,1.0,2.47,1.06,4.56,1.26,1.0,1.17,4.47,2.87,2.61,1.18,1.22,2.87,5.83,3.06,1.0,1.04
41-1011.00,First-Line Supervisors of Retail Sales Workers,business_initiatives|sales|management_administration|accounting|agriculture|animal_service|applied_arts_and_design|athletics|construction_woodwork|creative_writing|culinary_art|engineering|finance|health_care_service|human_resources|humanities|information_technology|law|life_science|marketing_advertising|mathematics_statistics|mechanics_electronics|media|medical_science|music|nature_outdoors|office_work|performing_arts|personal_service|physical_science|physical_manual_labor|politics|professional_advising|protective_service|public_speaking|religious_activities|social_science|social_service|teaching_education|transportation_machine_operation|visual_arts,0.0,0.0,0.0,0.0,0.0,3.0,0.0,0.0,0.0,0.0,0.0,0.0,0.0,0.0,0.0,0.0,0.0,1.0,0.0,0.0,0.0,0.0,0.0,0.0,0.0,0.0,0.0,0.0,0.0,0.0,0.0,0.0,0.0,0.0,0.0,2.0,0.0,0.0,0.0,0.0,0.0,3.25,1.04,1.05,1.13,1.0,3.98,1.0,1.09,1.39,1.0,2.57,1.0,3.71,1.03,1.39,1.18,1.0,6.15,2.87,1.5,1.17,1.14,1.0,1.0,1.0,2.4,1.0,3.1,1.57,1.0,1.08,1.97,1.23,2.41,1.0,6.15,1.24,1.53,2.12,1.16,1.09
41-1012.00,First-Line Supervisors of Non-Retail Sales Workers,office_work|business_initiatives|sales|management_administration|accounting|agriculture|animal_service|applied_arts_and_design|athletics|construction_woodwork|creative_writing|culinary_art|engineering|finance|health_care_service|human_resources|humanities|information_technology|law|life_science|marketing_advertising|mathematics_statistics|mechanics_electronics|media|medical_science|music|nature_outdoors|performing_arts|personal_service|physical_science|physical_manual_labor|politics|professional_advising|protective_service|public_speaking|religious_activities|social_science|social_service|teaching_education|transportation_machine_operation|visual_arts,0.0,0.0,0.0,0.0,0.0,3.0,0.0,0.0,0.0,0.0,0.0,0.0,0.0,0.0,0.0,0.0,0.0,1.0,0.0,0.0,0.0,0.0,0.0,0.0,0.0,4.0,0.0,0.0,0.0,0.0,0.0,0.0,0.0,0.0,0.0,2.0,0.0,0.0,0.0,0.0,0.0,3.25,1.01,1.0,1.0,1.0,4.92,1.0,1.14,1.08,1.0,2.6,1.13,3.68,1.06,1.22,1.22,1.0,6.28,3.22,1.62,1.0,1.14,1.0,1.0,1.0,4.05,1.0,2.65,1.12,1.0,1.26,2.43,1.0,2.96,1.0,5.8,1.37,1.6,1.96,1.03,1.0
41-2011.00,Cashiers,personal_service|sales|accounting|agriculture|animal_service|applied_arts_and_design|athletics|business_initiatives|construction_woodwork|creative_writing|culinary_art|engineering|finance|health_care_service|human_resources|humanities|information_technology|law|life_science|management_administration|marketing_advertising|mathematics_statistics|mechanics_electronics|media|medical_science|music|nature_outdoors|office_work|performing_arts|physical_science|physical_manual_labor|politics|professional_advising|protective_service|public_speaking|religious_activities|social_science|social_service|teaching_education|transportation_machine_operation|visual_arts,0.0,0.0,0.0,0.0,0.0,0.0,0.0,0.0,0.0,0.0,0.0,0.0,0.0,0.0,0.0,0.0,0.0,0.0,0.0,0.0,0.0,0.0,0.0,0.0,0.0,0.0,0.0,2.0,0.0,0.0,0.0,0.0,0.0,0.0,0.0,1.0,0.0,0.0,0.0,0.0,0.0,2.38,1.0,1.0,1.0,1.0,1.16,1.0,1.0,1.15,1.0,1.53,1.0,1.32,1.0,1.16,1.0,1.0,1.41,1.32,1.18,1.08,1.12,1.0,1.0,1.0,1.81,1.0,2.65,1.42,1.0,1.0,1.13,1.12,1.25,1.0,2.8,1.03,1.27,1.25,1.0,1.0
41-2012.00,Gambling Change Persons and Booth Cashiers,office_work|accounting|agriculture|animal_service|applied_arts_and_design|athletics|business_initiatives|construction_woodwork|creative_writing|culinary_art|engineering|finance|health_care_service|human_resources|humanities|information_technology|law|life_science|management_administration|marketing_advertising|mathematics_statistics|mechanics_electronics|media|medical_science|music|nature_outdoors|performing_arts|personal_service|physical_science|physical_manual_labor|politics|professional_advising|protective_service|public_speaking|religious_activities|sales|social_science|social_service|teaching_education|transportation_machine_operation|visual_arts,1.0,0.0,0.0,0.0,0.0,0.0,0.0,0.0,0.0,0.0,0.0,0.0,0.0,0.0,0.0,0.0,0.0,0.0,0.0,0.0,0.0,0.0,0.0,0.0,0.0,2.0,0.0,0.0,0.0,0.0,0.0,0.0,0.0,0.0,0.0,0.0,0.0,0.0,0.0,0.0,0.0,3.83,1.0,1.0,1.0,1.0,1.14,1.0,1.0,1.0,1.0,2.6,1.0,1.39,1.0,1.13,1.11,1.0,1.62,1.1,1.59,1.08,1.0,1.0,1.0,1.0,2.77,1.0,2.28,1.26,1.0,1.0,1.06,1.51,1.14,1.0,1.71,1.0,1.11,1.14,1.0,1.0
41-2021.00,Counter and Rental Clerks,office_work|sales|personal_service|accounting|agriculture|animal_service|applied_arts_and_design|athletics|business_initiatives|construction_woodwork|creative_writing|culinary_art|engineering|finance|health_care_service|human_resources|humanities|information_technology|law|life_science|management_administration|marketing_advertising|mathematics_statistics|mechanics_electronics|media|medical_science|music|nature_outdoors|performing_arts|physical_science|physical_manual_labor|politics|professional_advising|protective_service|public_speaking|religious_activities|social_science|social_service|teaching_education|transportation_machine_operation|visual_arts,0.0,0.0,0.0,0.0,0.0,0.0,0.0,0.0,0.0,0.0,0.0,0.0,0.0,0.0,0.0,0.0,0.0,0.0,0.0,0.0,0.0,0.0,0.0,0.0,0.0,3.0,0.0,1.0,0.0,0.0,0.0,0.0,0.0,0.0,0.0,2.0,0.0,0.0,0.0,0.0,0.0,2.49,1.01,1.07,1.08,1.2,1.35,1.18,1.02,1.0,1.09,1.47,1.0,1.64,1.0,1.16,1.11,1.0,1.68,1.69,1.31,1.32,1.14,1.0,1.14,1.0,3.58,1.04,4.44,1.4,1.0,1.0,1.37,1.0,1.66,1.0,4.04,1.13,1.31,1.51,1.26,1.0
41-2022.00,Parts Salespersons,mechanics_electronics|sales|accounting|agriculture|animal_service|applied_arts_and_design|athletics|business_initiatives|construction_woodwork|creative_writing|culinary_art|engineering|finance|health_care_service|human_resources|humanities|information_technology|law|life_science|management_administration|marketing_advertising|mathematics_statistics|media|medical_science|music|nature_outdoors|office_work|performing_arts|personal_service|physical_science|physical_manual_labor|politics|professional_advising|protective_service|public_speaking|religious_activities|social_science|social_service|teaching_education|transportation_machine_operation|visual_arts,0.0,0.0,0.0,0.0,0.0,0.0,0.0,0.0,0.0,0.0,0.0,0.0,0.0,0.0,0.0,0.0,0.0,0.0,0.0,0.0,2.0,0.0,0.0,0.0,0.0,0.0,0.0,0.0,0.0,0.0,0.0,0.0,0.0,0.0,0.0,1.0,0.0,0.0,0.0,0.0,0.0,1.89,1.06,1.0,1.0,1.0,1.51,1.57,1.04,1.0,2.17,1.47,1.0,1.57,1.0,1.59,1.04,1.0,2.22,1.72,1.31,3.8,1.0,1.0,1.0,1.02,2.47,1.0,1.97,2.54,1.05,1.0,1.35,1.0,1.72,1.0,5.04,1.0,1.15,1.42,1.73,1.0
41-2031.00,Retail Salespersons,personal_service|sales|accounting|agriculture|animal_service|applied_arts_and_design|athletics|business_initiatives|construction_woodwork|creative_writing|culinary_art|engineering|finance|health_care_service|human_resources|humanities|information_technology|law|life_science|management_administration|marketing_advertising|mathematics_statistics|mechanics_electronics|media|medical_science|music|nature_outdoors|office_work|performing_arts|physical_science|physical_manual_labor|politics|professional_advising|protective_service|public_speaking|religious_activities|social_science|social_service|teaching_education|transportation_machine_operation|visual_arts,0.0,0.0,0.0,0.0,0.0,0.0,0.0,0.0,0.0,0.0,0.0,0.0,0.0,0.0,0.0,0.0,0.0,0.0,0.0,0.0,0.0,0.0,0.0,0.0,0.0,0.0,0.0,2.0,0.0,0.0,0.0,0.0,0.0,0.0,0.0,1.0,0.0,0.0,0.0,0.0,0.0,1.62,1.03,1.07,1.32,1.09,1.86,1.28,1.14,1.15,1.09,1.56,1.03,1.64,1.06,1.16,1.07,1.0,1.96,2.5,1.34,1.11,1.14,1.0,1.07,1.0,1.76,1.11,3.1,1.42,1.0,1.0,1.56,1.43,2.19,1.0,6.84,1.08,1.27,1.57,1.1,1.13
41-3011.00,Advertising Sales Agents,public_speaking|business_initiatives|marketing_advertising|sales|accounting|agriculture|animal_service|applied_arts_and_design|athletics|construction_woodwork|creative_writing|culinary_art|engineering|finance|health_care_service|human_resources|humanities|information_technology|law|life_science|management_administration|mathematics_statistics|mechanics_electronics|media|medical_science|music|nature_outdoors|office_work|performing_arts|personal_service|physical_science|physical_manual_labor|politics|professional_advising|protective_service|religious_activities|social_science|social_service|teaching_education|transportation_machine_operation|visual_arts,0.0,0.0,0.0,0.0,0.0,3.0,0.0,0.0,0.0,0.0,0.0,0.0,0.0,0.0,0.0,0.0,0.0,0.0,2.0,0.0,0.0,0.0,0.0,0.0,0.0,0.0,0.0,0.0,0.0,0.0,0.0,0.0,0.0,4.0,0.0,1.0,0.0,0.0,0.0,0.0,0.0,1.96,1.0,1.0,2.42,1.03,5.11,1.0,2.11,1.0,1.0,1.94,1.0,1.64,1.41,1.71,1.36,1.0,2.72,6.24,1.45,1.03,3.71,1.0,1.14,1.0,2.88,1.47,2.07,1.0,1.0,1.43,1.56,1.0,4.45,1.0,6.73,1.58,1.19,1.48,1.03,2.12
41-3021.00,Insurance Sales Agents,finance|business_initiatives|sales|accounting|agriculture|animal_service|applied_arts_and_design|athletics|construction_woodwork|creative_writing|culinary_art|engineering|health_care_service|human_resources|humanities|information_technology|law|life_science|management_administration|marketing_advertising|mathematics_statistics|mechanics_electronics|media|medical_science|music|nature_outdoors|office_work|performing_arts|personal_service|physical_science|physical_manual_labor|politics|professional_advising|protective_service|public_speaking|religious_activities|social_science|social_service|teaching_education|transportation_machine_operation|visual_arts,0.0,0.0,0.0,0.0,0.0,2.0,0.0,0.0,0.0,0.0,3.0,0.0,0.0,0.0,0.0,0.0,0.0,0.0,0.0,0.0,0.0,0.0,0.0,0.0,0.0,0.0,0.0,0.0,0.0,0.0,0.0,0.0,0.0,0.0,0.0,1.0,0.0,0.0,0.0,0.0,0.0,2.53,1.04,1.0,1.0,1.03,3.98,1.0,1.18,1.0,1.0,3.78,1.52,1.89,1.16,1.36,2.39,1.0,2.79,3.22,1.59,1.0,1.3,1.08,1.0,1.0,3.66,1.09,2.93,1.0,1.0,1.56,2.43,1.23,3.53,1.0,6.57,1.52,1.86,1.87,1.1,1.0
41-3031.00,"Securities, Commodities, and Financial Services Sales Agents",accounting|business_initiatives|finance|sales|agriculture|animal_service|applied_arts_and_design|athletics|construction_woodwork|creative_writing|culinary_art|engineering|health_care_service|human_resources|humanities|information_technology|law|life_science|management_administration|marketing_advertising|mathematics_statistics|mechanics_electronics|media|medical_science|music|nature_outdoors|office_work|performing_arts|personal_service|physical_science|physical_manual_labor|politics|professional_advising|protective_service|public_speaking|religious_activities|social_science|social_service|teaching_education|transportation_machine_operation|visual_arts,4.0,0.0,0.0,0.0,0.0,3.0,0.0,0.0,0.0,0.0,2.0,0.0,0.0,0.0,0.0,0.0,0.0,0.0,0.0,0.0,0.0,0.0,0.0,0.0,0.0,0.0,0.0,0.0,0.0,0.0,0.0,0.0,0.0,0.0,0.0,1.0,0.0,0.0,0.0,0.0,0.0,4.06,1.01,1.0,1.0,1.03,5.51,1.0,1.14,1.0,1.06,6.57,1.0,1.68,1.19,2.24,2.98,1.0,3.4,2.11,3.19,1.06,1.17,1.0,1.0,1.0,3.45,1.09,2.34,1.0,1.07,1.96,3.92,1.23,3.83,1.0,6.62,1.9,1.23,1.99,1.0,1.04
41-3041.00,Travel Agents,office_work|sales|personal_service|accounting|agriculture|animal_service|applied_arts_and_design|athletics|business_initiatives|construction_woodwork|creative_writing|culinary_art|engineering|finance|health_care_service|human_resources|humanities|information_technology|law|life_science|management_administration|marketing_advertising|mathematics_statistics|mechanics_electronics|media|medical_science|music|nature_outdoors|performing_arts|physical_science|physical_manual_labor|politics|professional_advising|protective_service|public_speaking|religious_activities|social_science|social_service|teaching_education|transportation_machine_operation|visual_arts,0.0,0.0,0.0,0.0,0.0,0.0,0.0,0.0,0.0,0.0,0.0,0.0,0.0,0.0,0.0,0.0,0.0,0.0,0.0,0.0,0.0,0.0,0.0,0.0,0.0,3.0,0.0,1.0,0.0,0.0,0.0,0.0,0.0,0.0,0.0,2.0,0.0,0.0,0.0,0.0,0.0,2.07,1.0,1.0,1.18,1.0,1.94,1.0,1.26,1.15,1.0,1.67,1.0,1.64,1.35,1.95,1.18,1.0,2.19,2.5,1.26,1.0,1.3,1.0,1.0,1.13,5.15,1.04,6.61,1.0,1.0,1.08,2.77,1.0,1.81,1.0,5.8,1.37,1.81,1.68,1.06,1.11
41-3091.00,"Sales Representatives of Services, Except Advertising, Insurance, Financial Services, and Travel",public_speaking|business_initiatives|sales|accounting|agriculture|animal_service|applied_arts_and_design|athletics|construction_woodwork|creative_writing|culinary_art|engineering|finance|health_care_service|human_resources|humanities|information_technology|law|life_science|management_administration|marketing_advertising|mathematics_statistics|mechanics_electronics|media|medical_science|music|nature_outdoors|office_work|performing_arts|personal_service|physical_science|physical_manual_labor|politics|professional_advising|protective_service|religious_activities|social_science|social_service|teaching_education|transportation_machine_operation|visual_arts,0.0,0.0,0.0,0.0,0.0,2.0,0.0,0.0,0.0,0.0,0.0,0.0,0.0,0.0,0.0,0.0,0.0,0.0,0.0,0.0,0.0,0.0,0.0,0.0,0.0,0.0,0.0,0.0,0.0,0.0,0.0,0.0,0.0,3.0,0.0,1.0,0.0,0.0,0.0,0.0,0.0,1.89,1.03,1.0,1.1,1.0,4.78,1.0,1.07,1.08,1.14,1.7,1.52,1.96,1.09,1.53,1.4,1.03,2.42,2.4,1.34,1.03,1.3,1.0,1.0,1.0,3.3,1.09,2.75,1.0,1.02,1.38,2.14,1.0,4.21,1.0,6.52,1.35,1.65,1.69,1.0,1.07
41-4011.00,"Sales Representatives, Wholesale and Manufacturing, Technical and Scientific Products",business_initiatives|public_speaking|sales|accounting|agriculture|animal_service|applied_arts_and_design|athletics|construction_woodwork|creative_writing|culinary_art|engineering|finance|health_care_service|human_resources|humanities|information_technology|law|life_science|management_administration|marketing_advertising|mathematics_statistics|mechanics_electronics|media|medical_science|music|nature_outdoors|office_work|performing_arts|personal_service|physical_science|physical_manual_labor|politics|professional_advising|protective_service|religious_activities|social_science|social_service|teaching_education|transportation_machine_operation|visual_arts,0.0,0.0,0.0,0.0,0.0,3.0,0.0,0.0,0.0,0.0,0.0,0.0,0.0,0.0,0.0,0.0,0.0,0.0,0.0,0.0,0.0,0.0,0.0,0.0,0.0,0.0,0.0,0.0,0.0,0.0,0.0,0.0,0.0,2.0,0.0,1.0,0.0,0.0,0.0,0.0,0.0,2.39,1.16,1.07,1.16,1.09,3.77,1.15,1.11,1.04,2.74,2.25,1.56,1.79,1.28,2.3,1.36,1.77,2.52,2.73,2.22,2.06,1.3,2.03,1.0,1.13,2.88,1.11,1.97,1.12,2.28,1.26,2.0,1.0,3.98,1.0,6.3,1.54,1.17,1.96,1.26,1.13
41-4012.00,"Sales Representatives, Wholesale and Manufacturing, Except Technical and Scientific Products",public_speaking|business_initiatives|sales|accounting|agriculture|animal_service|applied_arts_and_design|athletics|construction_woodwork|creative_writing|culinary_art|engineering|finance|health_care_service|human_resources|humanities|information_technology|law|life_science|management_administration|marketing_advertising|mathematics_statistics|mechanics_electronics|media|medical_science|music|nature_outdoors|office_work|performing_arts|personal_service|physical_science|physical_manual_labor|politics|professional_advising|protective_service|religious_activities|social_science|social_service|teaching_education|transportation_machine_operation|visual_arts,0.0,0.0,0.0,0.0,0.0,2.0,0.0,0.0,0.0,0.0,0.0,0.0,0.0,0.0,0.0,0.0,0.0,0.0,0.0,0.0,0.0,0.0,0.0,0.0,0.0,0.0,0.0,0.0,0.0,0.0,0.0,0.0,0.0,3.0,0.0,1.0,0.0,0.0,0.0,0.0,0.0,2.21,1.18,1.0,1.24,1.11,4.23,1.25,1.21,1.23,1.35,2.03,1.19,1.71,1.19,1.71,1.22,1.08,2.42,3.66,1.53,1.5,1.3,1.0,1.0,1.06,2.4,1.09,2.11,1.21,1.07,1.26,1.68,1.0,4.1,1.0,6.73,1.24,1.15,1.62,1.5,1.13
41-9011.00,Demonstrators and Product Promoters,public_speaking|marketing_advertising|sales|accounting|agriculture|animal_service|applied_arts_and_design|athletics|business_initiatives|construction_woodwork|creative_writing|culinary_art|engineering|finance|health_care_service|human_resources|humanities|information_technology|law|life_science|management_administration|mathematics_statistics|mechanics_electronics|media|medical_science|music|nature_outdoors|office_work|performing_arts|personal_service|physical_science|physical_manual_labor|politics|professional_advising|protective_service|religious_activities|social_science|social_service|teaching_education|transportation_machine_operation|visual_arts,0.0,0.0,0.0,0.0,0.0,0.0,0.0,0.0,0.0,0.0,0.0,0.0,0.0,0.0,0.0,0.0,0.0,0.0,2.0,0.0,0.0,0.0,0.0,0.0,0.0,0.0,0.0,0.0,0.0,0.0,0.0,0.0,0.0,3.0,0.0,1.0,0.0,0.0,0.0,0.0,0.0,1.41,1.14,1.1,1.58,1.17,1.83,1.12,1.26,2.04,1.26,1.31,1.1,1.5,1.12,1.11,1.0,1.21,1.59,5.26,1.13,1.17,1.62,1.05,1.11,1.06,1.41,1.61,2.14,1.99,1.09,1.2,1.31,1.04,4.89,1.0,6.05,1.24,1.19,2.35,1.19,1.32
41-9012.00,Models,marketing_advertising|visual_arts|applied_arts_and_design|accounting|agriculture|animal_service|athletics|business_initiatives|construction_woodwork|creative_writing|culinary_art|engineering|finance|health_care_service|human_resources|humanities|information_technology|law|life_science|management_administration|mathematics_statistics|mechanics_electronics|media|medical_science|music|nature_outdoors|office_work|performing_arts|personal_service|physical_science|physical_manual_labor|politics|professional_advising|protective_service|public_speaking|religious_activities|sales|social_science|social_service|teaching_education|transportation_machine_operation,0.0,0.0,0.0,1.0,0.0,0.0,0.0,0.0,0.0,0.0,0.0,0.0,0.0,0.0,0.0,0.0,0.0,0.0,3.0,0.0,0.0,0.0,0.0,0.0,0.0,0.0,0.0,0.0,0.0,0.0,0.0,0.0,0.0,0.0,0.0,0.0,0.0,0.0,0.0,0.0,2.0,1.0,1.0,1.0,4.7,1.35,1.31,1.0,1.35,1.0,1.06,1.0,1.0,1.04,1.28,1.0,1.0,1.0,1.23,4.12,1.0,1.0,2.57,1.0,1.14,1.0,1.0,3.81,1.62,1.55,1.0,1.03,1.09,1.0,1.87,1.0,2.04,1.0,1.06,1.19,1.0,4.38
41-9021.00,Real Estate Brokers,public_speaking|business_initiatives|management_administration|sales|accounting|agriculture|animal_service|applied_arts_and_design|athletics|construction_woodwork|creative_writing|culinary_art|engineering|finance|health_care_service|human_resources|humanities|information_technology|law|life_science|marketing_advertising|mathematics_statistics|mechanics_electronics|media|medical_science|music|nature_outdoors|office_work|performing_arts|personal_service|physical_science|physical_manual_labor|politics|professional_advising|protective_service|religious_activities|social_science|social_service|teaching_education|transportation_machine_operation|visual_arts,0.0,0.0,0.0,0.0,0.0,3.0,0.0,0.0,0.0,0.0,0.0,0.0,0.0,0.0,0.0,0.0,0.0,2.0,0.0,0.0,0.0,0.0,0.0,0.0,0.0,0.0,0.0,0.0,0.0,0.0,0.0,0.0,0.0,4.0,0.0,1.0,0.0,0.0,0.0,0.0,0.0,2.74,1.03,1.0,1.1,1.0,5.31,1.22,1.14,1.0,1.17,3.93,1.0,2.0,1.19,1.77,3.24,1.0,5.38,3.11,1.88,1.17,1.65,1.0,1.0,1.09,3.83,1.06,2.86,1.12,1.02,1.68,2.09,1.16,4.17,1.0,6.3,1.32,1.27,1.62,1.13,1.07
41-9022.00,Real Estate Sales Agents,business_initiatives|marketing_advertising|sales|accounting|agriculture|animal_service|applied_arts_and_design|athletics|construction_woodwork|creative_writing|culinary_art|engineering|finance|health_care_service|human_resources|humanities|information_technology|law|life_science|management_administration|mathematics_statistics|mechanics_electronics|media|medical_science|music|nature_outdoors|office_work|performing_arts|personal_service|physical_science|physical_manual_labor|politics|professional_advising|protective_service|public_speaking|religious_activities|social_science|social_service|teaching_education|transportation_machine_operation|visual_arts,0.0,0.0,0.0,0.0,0.0,3.0,0.0,0.0,0.0,0.0,0.0,0.0,0.0,0.0,0.0,0.0,0.0,0.0,2.0,0.0,0.0,0.0,0.0,0.0,0.0,0.0,0.0,0.0,0.0,0.0,0.0,0.0,0.0,0.0,0.0,1.0,0.0,0.0,0.0,0.0,0.0,2.49,1.04,1.0,1.32,1.0,3.89,1.31,1.41,1.0,1.12,3.12,1.0,1.78,1.16,1.71,3.38,1.0,2.9,4.36,1.65,1.06,1.85,1.0,1.0,1.13,3.22,1.15,3.35,1.12,1.0,1.41,3.03,1.16,3.83,1.0,6.46,1.57,1.55,1.96,1.26,1.23
41-9031.00,Sales Engineers,public_speaking|business_initiatives|sales|accounting|agriculture|animal_service|applied_arts_and_design|athletics|construction_woodwork|creative_writing|culinary_art|engineering|finance|health_care_service|human_resources|humanities|information_technology|law|life_science|management_administration|marketing_advertising|mathematics_statistics|mechanics_electronics|media|medical_science|music|nature_outdoors|office_work|performing_arts|personal_service|physical_science|physical_manual_labor|politics|professional_advising|protective_service|religious_activities|social_science|social_service|teaching_education|transportation_machine_operation|visual_arts,0.0,0.0,0.0,0.0,0.0,2.0,0.0,0.0,0.0,0.0,0.0,0.0,0.0,0.0,0.0,0.0,0.0,0.0,0.0,0.0,0.0,0.0,0.0,0.0,0.0,0.0,0.0,0.0,0.0,0.0,0.0,0.0,0.0,3.0,0.0,1.0,0.0,0.0,0.0,0.0,0.0,2.14,1.04,1.0,1.27,1.03,5.36,1.34,1.26,1.0,3.6,2.18,1.19,1.71,1.16,2.94,1.18,1.48,3.07,3.43,2.22,2.49,1.51,1.45,1.0,1.0,2.27,1.06,1.68,1.12,1.76,1.32,1.81,1.0,4.77,1.0,6.25,1.52,1.17,1.99,1.23,1.09
41-9041.00,Telemarketers,marketing_advertising|office_work|sales|accounting|agriculture|animal_service|applied_arts_and_design|athletics|business_initiatives|construction_woodwork|creative_writing|culinary_art|engineering|finance|health_care_service|human_resources|humanities|information_technology|law|life_science|management_administration|mathematics_statistics|mechanics_electronics|media|medical_science|music|nature_outdoors|performing_arts|personal_service|physical_science|physical_manual_labor|politics|professional_advising|protective_service|public_speaking|religious_activities|social_science|social_service|teaching_education|transportation_machine_operation|visual_arts,0.0,0.0,0.0,0.0,0.0,0.0,0.0,0.0,0.0,0.0,0.0,0.0,0.0,0.0,0.0,0.0,0.0,0.0,3.0,0.0,0.0,0.0,0.0,0.0,0.0,2.0,0.0,0.0,0.0,0.0,0.0,0.0,0.0,0.0,0.0,1.0,0.0,0.0,0.0,0.0,0.0,1.51,1.0,1.0,1.0,1.0,2.06,1.0,1.21,1.0,1.0,1.61,1.06,1.64,1.06,1.62,1.11,1.0,1.65,3.25,1.1,1.08,1.57,1.0,1.0,1.0,5.2,1.09,2.21,1.0,1.0,1.14,1.33,1.0,2.78,1.04,6.52,1.18,1.55,1.48,1.0,1.0
41-9091.00,"Door-to-Door Sales Workers, News and Street Vendors, and Related Workers",marketing_advertising|sales|accounting|agriculture|animal_service|applied_arts_and_design|athletics|business_initiatives|construction_woodwork|creative_writing|culinary_art|engineering|finance|health_care_service|human_resources|humanities|information_technology|law|life_science|management_administration|mathematics_statistics|mechanics_electronics|media|medical_science|music|nature_outdoors|office_work|performing_arts|personal_service|physical_science|physical_manual_labor|politics|professional_advising|protective_service|public_speaking|religious_activities|social_science|social_service|teaching_education|transportation_machine_operation|visual_arts,0.0,0.0,0.0,0.0,0.0,0.0,0.0,0.0,0.0,0.0,0.0,0.0,0.0,0.0,0.0,0.0,0.0,0.0,2.0,0.0,0.0,0.0,0.0,0.0,0.0,0.0,0.0,0.0,0.0,0.0,0.0,0.0,0.0,0.0,0.0,1.0,0.0,0.0,0.0,0.0,0.0,1.51,1.01,1.0,1.18,1.17,2.0,1.0,1.16,1.0,1.0,1.47,1.0,1.43,1.03,1.13,1.0,1.0,2.09,3.44,1.07,1.06,1.3,1.0,1.0,1.09,1.33,1.09,1.94,2.04,1.0,1.2,1.27,1.0,2.96,1.0,6.84,1.13,1.19,1.19,1.8,1.11
43-1011.00,First-Line Supervisors of Office and Administrative Support Workers,human_resources|office_work|management_administration|accounting|agriculture|animal_service|applied_arts_and_design|athletics|business_initiatives|construction_woodwork|creative_writing|culinary_art|engineering|finance|health_care_service|humanities|information_technology|law|life_science|marketing_advertising|mathematics_statistics|mechanics_electronics|media|medical_science|music|nature_outdoors|performing_arts|personal_service|physical_science|physical_manual_labor|politics|professional_advising|protective_service|public_speaking|religious_activities|sales|social_science|social_service|teaching_education|transportation_machine_operation|visual_arts,0.0,0.0,0.0,0.0,0.0,0.0,0.0,0.0,0.0,0.0,0.0,0.0,3.0,0.0,0.0,0.0,0.0,1.0,0.0,0.0,0.0,0.0,0.0,0.0,0.0,2.0,0.0,0.0,0.0,0.0,0.0,0.0,0.0,0.0,0.0,0.0,0.0,0.0,0.0,0.0,0.0,3.76,1.0,1.0,1.0,1.0,2.55,1.0,1.14,1.0,1.0,2.47,1.29,4.46,1.06,1.62,1.55,1.0,6.42,1.29,1.36,1.14,1.12,1.0,1.0,1.0,5.57,1.0,2.68,1.06,1.0,1.26,2.53,1.04,2.65,1.0,1.87,1.24,1.62,2.06,1.0,1.0
43-2011.00,"Switchboard Operators, Including Answering Service",personal_service|office_work|accounting|agriculture|animal_service|applied_arts_and_design|athletics|business_initiatives|construction_woodwork|creative_writing|culinary_art|engineering|finance|health_care_service|human_resources|humanities|information_technology|law|life_science|management_administration|marketing_advertising|mathematics_statistics|mechanics_electronics|media|medical_science|music|nature_outdoors|performing_arts|physical_science|physical_manual_labor|politics|professional_advising|protective_service|public_speaking|religious_activities|sales|social_science|social_service|teaching_education|transportation_machine_operation|visual_arts,0.0,0.0,0.0,0.0,0.0,0.0,0.0,0.0,0.0,0.0,0.0,0.0,0.0,0.0,0.0,0.0,0.0,0.0,0.0,0.0,0.0,0.0,0.0,0.0,0.0,1.0,0.0,2.0,0.0,0.0,0.0,0.0,0.0,0.0,0.0,0.0,0.0,0.0,0.0,0.0,0.0,1.62,1.0,1.0,1.0,1.0,1.18,1.0,1.0,1.0,1.26,1.28,1.26,1.64,1.06,1.77,1.14,1.0,1.56,1.15,1.02,1.65,1.15,1.0,1.0,1.0,5.91,1.0,2.48,1.15,1.0,1.03,1.1,1.51,1.51,1.02,1.31,1.1,1.29,1.16,1.19,1.0
43-2021.00,Telephone Operators,personal_service|office_work|accounting|agriculture|animal_service|applied_arts_and_design|athletics|business_initiatives|construction_woodwork|creative_writing|culinary_art|engineering|finance|health_care_service|human_resources|humanities|information_technology|law|life_science|management_administration|marketing_advertising|mathematics_statistics|mechanics_electronics|media|medical_science|music|nature_outdoors|performing_arts|physical_science|physical_manual_labor|politics|professional_advising|protective_service|public_speaking|religious_activities|sales|social_science|social_service|teaching_education|transportation_machine_operation|visual_arts,0.0,0.0,0.0,0.0,0.0,0.0,0.0,0.0,0.0,0.0,0.0,0.0,0.0,0.0,0.0,0.0,0.0,0.0,0.0,0.0,0.0,0.0,0.0,0.0,0.0,1.0,0.0,2.0,0.0,0.0,0.0,0.0,0.0,0.0,0.0,0.0,0.0,0.0,0.0,0.0,0.0,1.37,1.0,1.0,1.0,1.0,1.14,1.0,1.0,1.0,1.09,1.2,1.16,1.57,1.09,1.68,1.0,1.0,1.53,1.13,1.1,1.5,1.22,1.0,1.0,1.0,5.73,1.0,3.54,1.0,1.0,1.0,1.27,1.12,1.3,1.0,1.68,1.08,2.06,1.36,1.0,1.0
43-3011.00,Bill and Account Collectors,finance|accounting|office_work|agriculture|animal_service|applied_arts_and_design|athletics|business_initiatives|construction_woodwork|creative_writing|culinary_art|engineering|health_care_service|human_resources|humanities|information_technology|law|life_science|management_administration|marketing_advertising|mathematics_statistics|mechanics_electronics|media|medical_science|music|nature_outdoors|performing_arts|personal_service|physical_science|physical_manual_labor|politics|professional_advising|protective_service|public_speaking|religious_activities|sales|social_science|social_service|teaching_education|transportation_machine_operation|visual_arts,2.0,0.0,0.0,0.0,0.0,0.0,0.0,0.0,0.0,0.0,3.0,0.0,0.0,0.0,0.0,0.0,0.0,0.0,0.0,0.0,0.0,0.0,0.0,0.0,0.0,1.0,0.0,0.0,0.0,0.0,0.0,0.0,0.0,0.0,0.0,0.0,0.0,0.0,0.0,0.0,0.0,4.1,1.0,1.0,1.0,1.0,1.4,1.0,1.04,1.0,1.0,3.3,1.62,1.75,1.0,1.65,2.17,1.0,2.25,1.32,1.2,1.03,1.14,1.0,1.0,1.0,5.63,1.0,1.75,1.02,1.0,1.17,1.39,1.32,1.66,1.0,2.8,1.24,1.48,1.31,1.0,1.0
43-3021.00,Billing and Posting Clerks,office_work|accounting|agriculture|animal_service|applied_arts_and_design|athletics|business_initiatives|construction_woodwork|creative_writing|culinary_art|engineering|finance|health_care_service|human_resources|humanities|information_technology|law|life_science|management_administration|marketing_advertising|mathematics_statistics|mechanics_electronics|media|medical_science|music|nature_outdoors|performing_arts|personal_service|physical_science|physical_manual_labor|politics|professional_advising|protective_service|public_speaking|religious_activities|sales|social_science|social_service|teaching_education|transportation_machine_operation|visual_arts,1.0,0.0,0.0,0.0,0.0,0.0,0.0,0.0,0.0,0.0,0.0,0.0,0.0,0.0,0.0,0.0,0.0,0.0,0.0,0.0,0.0,0.0,0.0,0.0,0.0,2.0,0.0,0.0,0.0,0.0,0.0,0.0,0.0,0.0,0.0,0.0,0.0,0.0,0.0,0.0,0.0,6.64,1.0,1.0,1.0,1.0,1.18,1.0,1.0,1.0,1.03,2.67,1.76,1.6,1.0,1.8,1.18,1.0,1.87,1.08,1.67,1.14,1.0,1.0,1.0,1.0,6.44,1.0,1.4,1.1,1.0,1.0,1.06,1.0,1.19,1.0,1.29,1.0,1.08,1.03,1.0,1.0
43-3031.00,"Bookkeeping, Accounting, and Auditing Clerks",finance|office_work|accounting|agriculture|animal_service|applied_arts_and_design|athletics|business_initiatives|construction_woodwork|creative_writing|culinary_art|engineering|health_care_service|human_resources|humanities|information_technology|law|life_science|management_administration|marketing_advertising|mathematics_statistics|mechanics_electronics|media|medical_science|music|nature_outdoors|performing_arts|personal_service|physical_science|physical_manual_labor|politics|professional_advising|protective_service|public_speaking|religious_activities|sales|social_science|social_service|teaching_education|transportation_machine_operation|visual_arts,1.0,0.0,0.0,0.0,0.0,0.0,0.0,0.0,0.0,0.0,3.0,0.0,0.0,0.0,0.0,0.0,0.0,0.0,0.0,0.0,0.0,0.0,0.0,0.0,0.0,2.0,0.0,0.0,0.0,0.0,0.0,0.0,0.0,0.0,0.0,0.0,0.0,0.0,0.0,0.0,0.0,7.0,1.0,1.0,1.0,1.0,1.42,1.0,1.0,1.0,1.0,4.25,1.13,1.64,1.0,2.66,1.44,1.0,2.16,1.08,2.51,1.08,1.0,1.0,1.0,1.0,6.44,1.0,1.27,1.0,1.0,1.14,1.06,1.04,1.22,1.0,1.2,1.13,1.1,1.14,1.0,1.0
43-3041.00,Gambling Cage Workers,finance|office_work|accounting|agriculture|animal_service|applied_arts_and_design|athletics|business_initiatives|construction_woodwork|creative_writing|culinary_art|engineering|health_care_service|human_resources|humanities|information_technology|law|life_science|management_administration|marketing_advertising|mathematics_statistics|mechanics_electronics|media|medical_science|music|nature_outdoors|performing_arts|personal_service|physical_science|physical_manual_labor|politics|professional_advising|protective_service|public_speaking|religious_activities|sales|social_science|social_service|teaching_education|transportation_machine_operation|visual_arts,1.0,0.0,0.0,0.0,0.0,0.0,0.0,0.0,0.0,0.0,3.0,0.0,0.0,0.0,0.0,0.0,0.0,0.0,0.0,0.0,0.0,0.0,0.0,0.0,0.0,2.0,0.0,0.0,0.0,0.0,0.0,0.0,0.0,0.0,0.0,0.0,0.0,0.0,0.0,0.0,0.0,4.77,1.0,1.0,1.0,1.0,1.31,1.0,1.0,1.0,1.0,3.0,1.0,1.6,1.0,1.41,1.36,1.0,2.32,1.13,1.64,1.08,1.0,1.0,1.0,1.0,4.41,1.0,2.04,1.17,1.0,1.0,1.14,1.43,1.19,1.0,1.95,1.05,1.15,1.14,1.0,1.0
43-3051.00,Payroll and Timekeeping Clerks,human_resources|office_work|accounting|agriculture|animal_service|applied_arts_and_design|athletics|business_initiatives|construction_woodwork|creative_writing|culinary_art|engineering|finance|health_care_service|humanities|information_technology|law|life_science|management_administration|marketing_advertising|mathematics_statistics|mechanics_electronics|media|medical_science|music|nature_outdoors|performing_arts|personal_service|physical_science|physical_manual_labor|politics|professional_advising|protective_service|public_speaking|religious_activities|sales|social_science|social_service|teaching_education|transportation_machine_operation|visual_arts,1.0,0.0,0.0,0.0,0.0,0.0,0.0,0.0,0.0,0.0,0.0,0.0,3.0,0.0,0.0,0.0,0.0,0.0,0.0,0.0,0.0,0.0,0.0,0.0,0.0,2.0,0.0,0.0,0.0,0.0,0.0,0.0,0.0,0.0,0.0,0.0,0.0,0.0,0.0,0.0,0.0,6.8,1.0,1.0,1.0,1.0,1.27,1.0,1.0,1.0,1.0,3.15,1.16,3.38,1.0,1.74,1.36,1.0,2.66,1.0,2.03,1.08,1.0,1.0,1.0,1.0,6.44,1.0,1.43,1.0,1.0,1.03,1.21,1.0,1.25,1.0,1.16,1.1,1.15,1.28,1.0,1.0
43-3061.00,Procurement Clerks,accounting|office_work|agriculture|animal_service|applied_arts_and_design|athletics|business_initiatives|construction_woodwork|creative_writing|culinary_art|engineering|finance|health_care_service|human_resources|humanities|information_technology|law|life_science|management_administration|marketing_advertising|mathematics_statistics|mechanics_electronics|media|medical_science|music|nature_outdoors|performing_arts|personal_service|physical_science|physical_manual_labor|politics|professional_advising|protective_service|public_speaking|religious_activities|sales|social_science|social_service|teaching_education|transportation_machine_operation|visual_arts,2.0,0.0,0.0,0.0,0.0,0.0,0.0,0.0,0.0,0.0,0.0,0.0,0.0,0.0,0.0,0.0,0.0,0.0,0.0,0.0,0.0,0.0,0.0,0.0,0.0,1.0,0.0,0.0,0.0,0.0,0.0,0.0,0.0,0.0,0.0,0.0,0.0,0.0,0.0,0.0,0.0,3.83,1.08,1.0,1.0,1.0,1.78,1.09,1.04,1.23,1.17,2.51,1.1,1.64,1.0,1.62,1.44,1.0,2.86,1.24,1.53,1.14,1.0,1.0,1.0,1.02,6.2,1.0,1.4,1.15,1.0,1.17,1.1,1.0,1.31,1.0,1.79,1.05,1.06,1.16,1.19,1.0
43-3071.00,Tellers,finance|accounting|office_work|agriculture|animal_service|applied_arts_and_design|athletics|business_initiatives|construction_woodwork|creative_writing|culinary_art|engineering|health_care_service|human_resources|humanities|information_technology|law|life_science|management_administration|marketing_advertising|mathematics_statistics|mechanics_electronics|media|medical_science|music|nature_outdoors|performing_arts|personal_service|physical_science|physical_manual_labor|politics|professional_advising|protective_service|public_speaking|religious_activities|sales|social_science|social_service|teaching_education|transportation_machine_operation|visual_arts,2.0,0.0,0.0,0.0,0.0,0.0,0.0,0.0,0.0,0.0,3.0,0.0,0.0,0.0,0.0,0.0,0.0,0.0,0.0,0.0,0.0,0.0,0.0,0.0,0.0,1.0,0.0,0.0,0.0,0.0,0.0,0.0,0.0,0.0,0.0,0.0,0.0,0.0,0.0,0.0,0.0,5.27,1.0,1.0,1.0,1.0,1.4,1.0,1.0,1.0,1.0,3.33,1.0,1.64,1.0,1.47,1.36,1.0,1.56,1.57,1.73,1.03,1.0,1.0,1.0,1.0,5.85,1.0,2.38,1.19,1.0,1.0,1.31,1.36,1.57,1.0,2.53,1.16,1.27,1.22,1.0,1.0
43-4011.00,Brokerage Clerks,accounting|finance|office_work|agriculture|animal_service|applied_arts_and_design|athletics|business_initiatives|construction_woodwork|creative_writing|culinary_art|engineering|health_care_service|human_resources|humanities|information_technology|law|life_science|management_administration|marketing_advertising|mathematics_statistics|mechanics_electronics|media|medical_science|music|nature_outdoors|performing_arts|personal_service|physical_science|physical_manual_labor|politics|professional_advising|protective_service|public_speaking|religious_activities|sales|social_science|social_service|teaching_education|transportation_machine_operation|visual_arts,3.0,0.0,0.0,0.0,0.0,0.0,0.0,0.0,0.0,0.0,2.0,0.0,0.0,0.0,0.0,0.0,0.0,0.0,0.0,0.0,0.0,0.0,0.0,0.0,0.0,1.0,0.0,0.0,0.0,0.0,0.0,0.0,0.0,0.0,0.0,0.0,0.0,0.0,0.0,0.0,0.0,5.12,1.0,1.0,1.0,1.0,1.63,1.0,1.04,1.0,1.0,5.42,1.0,1.64,1.0,1.92,1.33,1.0,1.96,1.32,2.06,1.06,1.1,1.0,1.0,1.0,6.02,1.0,1.78,1.0,1.0,1.14,1.26,1.08,1.51,1.0,2.9,1.24,1.1,1.22,1.0,1.0
43-4021.00,Correspondence Clerks,accounting|office_work|agriculture|animal_service|applied_arts_and_design|athletics|business_initiatives|construction_woodwork|creative_writing|culinary_art|engineering|finance|health_care_service|human_resources|humanities|information_technology|law|life_science|management_administration|marketing_advertising|mathematics_statistics|mechanics_electronics|media|medical_science|music|nature_outdoors|performing_arts|personal_service|physical_science|physical_manual_labor|politics|professional_advising|protective_service|public_speaking|religious_activities|sales|social_science|social_service|teaching_education|transportation_machine_operation|visual_arts,2.0,0.0,0.0,0.0,0.0,0.0,0.0,0.0,0.0,0.0,0.0,0.0,0.0,0.0,0.0,0.0,0.0,0.0,0.0,0.0,0.0,0.0,0.0,0.0,0.0,1.0,0.0,0.0,0.0,0.0,0.0,0.0,0.0,0.0,0.0,0.0,0.0,0.0,0.0,0.0,0.0,2.92,1.0,1.0,1.0,1.0,1.44,1.0,1.46,1.0,1.0,2.18,1.16,1.75,1.25,1.74,1.84,1.0,1.96,1.34,1.36,1.0,1.22,1.03,1.0,1.0,6.5,1.0,1.68,1.0,1.0,1.08,1.14,1.04,1.16,1.0,1.6,1.26,1.24,1.16,1.0,1.07
43-4031.00,"Court, Municipal, and License Clerks",accounting|law|office_work|agriculture|animal_service|applied_arts_and_design|athletics|business_initiatives|construction_woodwork|creative_writing|culinary_art|engineering|finance|health_care_service|human_resources|humanities|information_technology|life_science|management_administration|marketing_advertising|mathematics_statistics|mechanics_electronics|media|medical_science|music|nature_outdoors|performing_arts|personal_service|physical_science|physical_manual_labor|politics|professional_advising|protective_service|public_speaking|religious_activities|sales|social_science|social_service|teaching_education|transportation_machine_operation|visual_arts,3.0,0.0,0.0,0.0,0.0,0.0,0.0,0.0,0.0,0.0,0.0,0.0,0.0,0.0,0.0,2.0,0.0,0.0,0.0,0.0,0.0,0.0,0.0,0.0,0.0,1.0,0.0,0.0,0.0,0.0,0.0,0.0,0.0,0.0,0.0,0.0,0.0,0.0,0.0,0.0,0.0,3.39,1.0,1.05,1.0,1.0,1.38,1.0,1.14,1.0,1.0,1.97,1.03,2.0,1.35,1.71,4.2,1.0,3.0,1.18,1.2,1.06,1.17,1.0,1.0,1.0,6.5,1.0,2.17,1.02,1.0,1.67,1.35,1.59,1.9,1.02,1.2,1.52,1.55,1.51,1.0,1.0
43-4041.00,"Credit Authorizers, Checkers, and Clerks",finance|accounting|office_work|agriculture|animal_service|applied_arts_and_design|athletics|business_initiatives|construction_woodwork|creative_writing|culinary_art|engineering|health_care_service|human_resources|humanities|information_technology|law|life_science|management_administration|marketing_advertising|mathematics_statistics|mechanics_electronics|media|medical_science|music|nature_outdoors|performing_arts|personal_service|physical_science|physical_manual_labor|politics|professional_advising|protective_service|public_speaking|religious_activities|sales|social_science|social_service|teaching_education|transportation_machine_operation|visual_arts,2.0,0.0,0.0,0.0,0.0,0.0,0.0,0.0,0.0,0.0,3.0,0.0,0.0,0.0,0.0,0.0,0.0,0.0,0.0,0.0,0.0,0.0,0.0,0.0,0.0,1.0,0.0,0.0,0.0,0.0,0.0,0.0,0.0,0.0,0.0,0.0,0.0,0.0,0.0,0.0,0.0,4.92,1.0,1.0,1.0,1.0,1.94,1.0,1.02,1.0,1.0,3.33,1.0,1.96,1.03,1.74,2.43,1.0,2.52,1.18,1.94,1.03,1.05,1.0,1.0,1.0,5.9,1.0,1.75,1.0,1.0,1.17,1.33,1.23,1.31,1.0,1.68,1.54,1.39,1.22,1.0,1.0
43-4051.00,Customer Service Representatives,personal_service|office_work|accounting|agriculture|animal_service|applied_arts_and_design|athletics|business_initiatives|construction_woodwork|creative_writing|culinary_art|engineering|finance|health_care_service|human_resources|humanities|information_technology|law|life_science|management_administration|marketing_advertising|mathematics_statistics|mechanics_electronics|media|medical_science|music|nature_outdoors|performing_arts|physical_science|physical_manual_labor|politics|professional_advising|protective_service|public_speaking|religious_activities|sales|social_science|social_service|teaching_education|transportation_machine_operation|visual_arts,0.0,0.0,0.0,0.0,0.0,0.0,0.0,0.0,0.0,0.0,0.0,0.0,0.0,0.0,0.0,0.0,0.0,0.0,0.0,0.0,0.0,0.0,0.0,0.0,0.0,1.0,0.0,2.0,0.0,0.0,0.0,0.0,0.0,0.0,0.0,0.0,0.0,0.0,0.0,0.0,0.0,2.46,1.0,1.0,1.0,1.0,1.38,1.0,1.11,1.04,1.03,1.82,1.29,1.93,1.16,1.68,1.18,1.0,2.09,1.75,1.26,1.14,1.2,1.0,1.0,1.0,5.79,1.02,3.68,1.06,1.0,1.0,1.51,1.12,1.72,1.0,2.41,1.32,1.75,1.6,1.0,1.0
43-4061.00,"Eligibility Interviewers, Government Programs",social_service|accounting|office_work|agriculture|animal_service|applied_arts_and_design|athletics|business_initiatives|construction_woodwork|creative_writing|culinary_art|engineering|finance|health_care_service|human_resources|humanities|information_technology|law|life_science|management_administration|marketing_advertising|mathematics_statistics|mechanics_electronics|media|medical_science|music|nature_outdoors|performing_arts|personal_service|physical_science|physical_manual_labor|politics|professional_advising|protective_service|public_speaking|religious_activities|sales|social_science|teaching_education|transportation_machine_operation|visual_arts,2.0,0.0,0.0,0.0,0.0,0.0,0.0,0.0,0.0,0.0,0.0,0.0,0.0,0.0,0.0,0.0,0.0,0.0,0.0,0.0,0.0,0.0,0.0,0.0,0.0,1.0,0.0,0.0,0.0,0.0,0.0,0.0,0.0,0.0,0.0,0.0,0.0,3.0,0.0,0.0,0.0,3.21,1.0,1.0,1.0,1.0,1.29,1.0,1.04,1.0,1.0,2.18,1.62,2.94,1.19,1.74,3.05,1.0,2.46,1.13,1.7,1.0,1.05,1.03,1.0,1.0,5.41,1.0,2.31,1.0,1.0,1.56,2.06,1.48,1.69,1.0,1.2,2.02,3.14,2.06,1.0,1.0
43-4071.00,File Clerks,law|office_work|accounting|agriculture|animal_service|applied_arts_and_design|athletics|business_initiatives|construction_woodwork|creative_writing|culinary_art|engineering|finance|health_care_service|human_resources|humanities|information_technology|life_science|management_administration|marketing_advertising|mathematics_statistics|mechanics_electronics|media|medical_science|music|nature_outdoors|performing_arts|personal_service|physical_science|physical_manual_labor|politics|professional_advising|protective_service|public_speaking|religious_activities|sales|social_science|social_service|teaching_education|transportation_machine_operation|visual_arts,0.0,0.0,0.0,0.0,0.0,0.0,0.0,0.0,0.0,0.0,0.0,0.0,0.0,0.0,0.0,2.0,0.0,0.0,0.0,0.0,0.0,0.0,0.0,0.0,0.0,1.0,0.0,0.0,0.0,0.0,0.0,0.0,0.0,0.0,0.0,0.0,0.0,0.0,0.0,0.0,0.0,1.82,1.0,1.0,1.0,1.0,1.0,1.0,1.0,1.0,1.0,1.42,1.62,1.71,1.0,1.53,1.88,1.0,1.38,1.0,1.15,1.03,1.02,1.0,1.0,1.0,6.68,1.0,1.33,1.28,1.0,1.03,1.02,1.2,1.03,1.0,1.08,1.0,1.1,1.08,1.0,1.0
43-4081.00,"Hotel, Motel, and Resort Desk Clerks",accounting|office_work|personal_service|agriculture|animal_service|applied_arts_and_design|athletics|business_initiatives|construction_woodwork|creative_writing|culinary_art|engineering|finance|health_care_service|human_resources|humanities|information_technology|law|life_science|management_administration|marketing_advertising|mathematics_statistics|mechanics_electronics|media|medical_science|music|nature_outdoors|performing_arts|physical_science|physical_manual_labor|politics|professional_advising|protective_service|public_speaking|religious_activities|sales|social_science|social_service|teaching_education|transportation_machine_operation|visual_arts,3.0,0.0,0.0,0.0,0.0,0.0,0.0,0.0,0.0,0.0,0.0,0.0,0.0,0.0,0.0,0.0,0.0,0.0,0.0,0.0,0.0,0.0,0.0,0.0,0.0,2.0,0.0,1.0,0.0,0.0,0.0,0.0,0.0,0.0,0.0,0.0,0.0,0.0,0.0,0.0,0.0,3.54,1.0,1.0,1.05,1.0,1.42,1.0,1.14,1.35,1.0,2.0,1.1,2.11,1.16,1.68,1.18,1.0,2.46,1.6,1.47,1.11,1.14,1.0,1.0,1.0,4.74,1.0,5.93,1.33,1.0,1.0,1.47,1.32,1.54,1.0,2.47,1.16,1.86,1.31,1.0,1.02
43-4111.00,"Interviewers, Except Eligibility and Loan",health_care_service|office_work|accounting|agriculture|animal_service|applied_arts_and_design|athletics|business_initiatives|construction_woodwork|creative_writing|culinary_art|engineering|finance|human_resources|humanities|information_technology|law|life_science|management_administration|marketing_advertising|mathematics_statistics|mechanics_electronics|media|medical_science|music|nature_outdoors|performing_arts|personal_service|physical_science|physical_manual_labor|politics|professional_advising|protective_service|public_speaking|religious_activities|sales|social_science|social_service|teaching_education|transportation_machine_operation|visual_arts,0.0,0.0,0.0,0.0,0.0,0.0,0.0,0.0,0.0,0.0,0.0,2.0,0.0,0.0,0.0,0.0,0.0,0.0,0.0,0.0,0.0,0.0,0.0,0.0,0.0,1.0,0.0,0.0,0.0,0.0,0.0,0.0,0.0,0.0,0.0,0.0,0.0,0.0,0.0,0.0,0.0,2.35,1.0,1.0,1.05,1.0,1.44,1.0,1.14,1.0,1.0,2.15,3.01,2.94,1.19,1.56,1.29,1.0,2.59,1.54,1.36,1.0,1.17,1.14,1.0,1.0,5.79,1.04,2.75,1.0,1.0,1.08,1.63,1.08,1.69,1.02,1.73,1.52,2.26,1.68,1.0,1.0
43-4121.00,"Library Assistants, Clerical",personal_service|office_work|accounting|agriculture|animal_service|applied_arts_and_design|athletics|business_initiatives|construction_woodwork|creative_writing|culinary_art|engineering|finance|health_care_service|human_resources|humanities|information_technology|law|life_science|management_administration|marketing_advertising|mathematics_statistics|mechanics_electronics|media|medical_science|music|nature_outdoors|performing_arts|physical_science|physical_manual_labor|politics|professional_advising|protective_service|public_speaking|religious_activities|sales|social_science|social_service|teaching_education|transportation_machine_operation|visual_arts,0.0,0.0,0.0,0.0,0.0,0.0,0.0,0.0,0.0,0.0,0.0,0.0,0.0,0.0,0.0,0.0,0.0,0.0,0.0,0.0,0.0,0.0,0.0,0.0,0.0,1.0,0.0,2.0,0.0,0.0,0.0,0.0,0.0,0.0,0.0,0.0,0.0,0.0,0.0,0.0,0.0,1.65,1.0,1.0,1.13,1.0,1.03,1.0,1.21,1.0,1.03,1.05,1.1,1.71,1.97,1.77,1.0,1.03,1.74,1.08,1.13,1.26,1.27,1.0,1.07,1.0,5.85,1.0,2.89,1.82,1.0,1.0,1.61,1.08,1.36,1.0,1.14,1.49,1.83,2.38,1.06,1.16
43-4131.00,Loan Interviewers and Clerks,finance|accounting|office_work|agriculture|animal_service|applied_arts_and_design|athletics|business_initiatives|construction_woodwork|creative_writing|culinary_art|engineering|health_care_service|human_resources|humanities|information_technology|law|life_science|management_administration|marketing_advertising|mathematics_statistics|mechanics_electronics|media|medical_science|music|nature_outdoors|performing_arts|personal_service|physical_science|physical_manual_labor|politics|professional_advising|protective_service|public_speaking|religious_activities|sales|social_science|social_service|teaching_education|transportation_machine_operation|visual_arts,2.0,0.0,0.0,0.0,0.0,0.0,0.0,0.0,0.0,0.0,3.0,0.0,0.0,0.0,0.0,0.0,0.0,0.0,0.0,0.0,0.0,0.0,0.0,0.0,0.0,1.0,0.0,0.0,0.0,0.0,0.0,0.0,0.0,0.0,0.0,0.0,0.0,0.0,0.0,0.0,0.0,4.66,1.0,1.0,1.0,1.0,1.42,1.0,1.0,1.0,1.0,3.52,1.0,1.75,1.0,1.92,2.43,1.0,2.26,1.21,1.88,1.08,1.05,1.0,1.0,1.0,4.99,1.0,2.08,1.0,1.0,1.17,1.83,1.12,1.75,1.0,2.16,1.29,1.58,1.36,1.0,1.0
43-4141.00,New Accounts Clerks,sales|accounting|office_work|agriculture|animal_service|applied_arts_and_design|athletics|business_initiatives|construction_woodwork|creative_writing|culinary_art|engineering|finance|health_care_service|human_resources|humanities|information_technology|law|life_science|management_administration|marketing_advertising|mathematics_statistics|mechanics_electronics|media|medical_science|music|nature_outdoors|performing_arts|personal_service|physical_science|physical_manual_labor|politics|professional_advising|protective_service|public_speaking|religious_activities|social_science|social_service|teaching_education|transportation_machine_operation|visual_arts,2.0,0.0,0.0,0.0,0.0,0.0,0.0,0.0,0.0,0.0,0.0,0.0,0.0,0.0,0.0,0.0,0.0,0.0,0.0,0.0,0.0,0.0,0.0,0.0,0.0,1.0,0.0,0.0,0.0,0.0,0.0,0.0,0.0,0.0,0.0,3.0,0.0,0.0,0.0,0.0,0.0,4.51,1.0,1.0,1.0,1.0,1.53,1.0,1.02,1.0,1.0,3.94,1.0,1.85,1.0,1.86,1.32,1.0,1.93,1.86,1.65,1.0,1.12,1.0,1.0,1.0,5.85,1.0,3.03,1.0,1.0,1.0,1.81,1.23,1.75,1.0,3.96,1.29,1.55,1.99,1.0,1.0
43-4151.00,Order Clerks,sales|office_work|accounting|agriculture|animal_service|applied_arts_and_design|athletics|business_initiatives|construction_woodwork|creative_writing|culinary_art|engineering|finance|health_care_service|human_resources|humanities|information_technology|law|life_science|management_administration|marketing_advertising|mathematics_statistics|mechanics_electronics|media|medical_science|music|nature_outdoors|performing_arts|personal_service|physical_science|physical_manual_labor|politics|professional_advising|protective_service|public_speaking|religious_activities|social_science|social_service|teaching_education|transportation_machine_operation|visual_arts,0.0,0.0,0.0,0.0,0.0,0.0,0.0,0.0,0.0,0.0,0.0,0.0,0.0,0.0,0.0,0.0,0.0,0.0,0.0,0.0,0.0,0.0,0.0,0.0,0.0,1.0,0.0,0.0,0.0,0.0,0.0,0.0,0.0,0.0,0.0,2.0,0.0,0.0,0.0,0.0,0.0,2.81,1.01,1.0,1.0,1.0,1.44,1.09,1.0,1.04,1.14,1.91,1.13,1.57,1.0,1.65,1.0,1.0,1.96,1.63,1.31,1.17,1.1,1.0,1.0,1.0,6.14,1.0,2.04,1.23,1.0,1.0,1.16,1.08,1.39,1.0,2.87,1.03,1.13,1.16,1.19,1.0
43-4161.00,"Human Resources Assistants, Except Payroll and Timekeeping",management_administration|office_work|human_resources|accounting|agriculture|animal_service|applied_arts_and_design|athletics|business_initiatives|construction_woodwork|creative_writing|culinary_art|engineering|finance|health_care_service|humanities|information_technology|law|life_science|marketing_advertising|mathematics_statistics|mechanics_electronics|media|medical_science|music|nature_outdoors|performing_arts|personal_service|physical_science|physical_manual_labor|politics|professional_advising|protective_service|public_speaking|religious_activities|sales|social_science|social_service|teaching_education|transportation_machine_operation|visual_arts,0.0,0.0,0.0,0.0,0.0,0.0,0.0,0.0,0.0,0.0,0.0,0.0,1.0,0.0,0.0,0.0,0.0,3.0,0.0,0.0,0.0,0.0,0.0,0.0,0.0,2.0,0.0,0.0,0.0,0.0,0.0,0.0,0.0,0.0,0.0,0.0,0.0,0.0,0.0,0.0,0.0,1.96,1.0,1.0,1.0,1.0,1.53,1.0,1.07,1.0,1.0,1.42,1.49,6.73,1.16,1.19,1.8,1.0,3.04,1.15,1.15,1.0,1.05,1.0,1.0,1.0,6.26,1.0,1.81,1.02,1.0,1.08,1.97,1.04,2.03,1.0,1.27,1.6,1.89,1.68,1.0,1.0
43-4171.00,Receptionists and Information Clerks,personal_service|office_work|accounting|agriculture|animal_service|applied_arts_and_design|athletics|business_initiatives|construction_woodwork|creative_writing|culinary_art|engineering|finance|health_care_service|human_resources|humanities|information_technology|law|life_science|management_administration|marketing_advertising|mathematics_statistics|mechanics_electronics|media|medical_science|music|nature_outdoors|performing_arts|physical_science|physical_manual_labor|politics|professional_advising|protective_service|public_speaking|religious_activities|sales|social_science|social_service|teaching_education|transportation_machine_operation|visual_arts,0.0,0.0,0.0,0.0,0.0,0.0,0.0,0.0,0.0,0.0,0.0,0.0,0.0,0.0,0.0,0.0,0.0,0.0,0.0,0.0,0.0,0.0,0.0,0.0,0.0,1.0,0.0,2.0,0.0,0.0,0.0,0.0,0.0,0.0,0.0,0.0,0.0,0.0,0.0,0.0,0.0,1.96,1.0,1.05,1.0,1.0,1.33,1.0,1.14,1.0,1.0,1.45,2.55,2.11,1.19,1.65,1.25,1.0,2.0,1.32,1.13,1.03,1.2,1.0,1.0,1.0,6.44,1.0,4.68,1.12,1.0,1.11,1.37,1.12,1.84,1.06,1.68,1.21,1.7,1.36,1.0,1.0
43-4181.00,Reservation and Transportation Ticket Agents and Travel Clerks,sales|office_work|personal_service|accounting|agriculture|animal_service|applied_arts_and_design|athletics|business_initiatives|construction_woodwork|creative_writing|culinary_art|engineering|finance|health_care_service|human_resources|humanities|information_technology|law|life_science|management_administration|marketing_advertising|mathematics_statistics|mechanics_electronics|media|medical_science|music|nature_outdoors|performing_arts|physical_science|physical_manual_labor|politics|professional_advising|protective_service|public_speaking|religious_activities|social_science|social_service|teaching_education|transportation_machine_operation|visual_arts,0.0,0.0,0.0,0.0,0.0,0.0,0.0,0.0,0.0,0.0,0.0,0.0,0.0,0.0,0.0,0.0,0.0,0.0,0.0,0.0,0.0,0.0,0.0,0.0,0.0,2.0,0.0,1.0,0.0,0.0,0.0,0.0,0.0,0.0,0.0,3.0,0.0,0.0,0.0,0.0,0.0,2.1,1.0,1.0,1.03,1.0,1.35,1.0,1.14,1.0,1.06,1.47,1.0,1.78,1.16,2.14,1.22,1.0,2.16,1.6,1.23,1.11,1.14,1.0,1.0,1.0,4.7,1.0,6.09,1.5,1.0,1.06,1.97,1.36,2.25,1.0,3.45,1.24,1.75,1.48,1.5,1.0
43-5011.00,Cargo and Freight Agents,accounting|office_work|agriculture|animal_service|applied_arts_and_design|athletics|business_initiatives|construction_woodwork|creative_writing|culinary_art|engineering|finance|health_care_service|human_resources|humanities|information_technology|law|life_science|management_administration|marketing_advertising|mathematics_statistics|mechanics_electronics|media|medical_science|music|nature_outdoors|performing_arts|personal_service|physical_science|physical_manual_labor|politics|professional_advising|protective_service|public_speaking|religious_activities|sales|social_science|social_service|teaching_education|transportation_machine_operation|visual_arts,2.0,0.0,0.0,0.0,0.0,0.0,0.0,0.0,0.0,0.0,0.0,0.0,0.0,0.0,0.0,0.0,0.0,0.0,0.0,0.0,0.0,0.0,0.0,0.0,0.0,1.0,0.0,0.0,0.0,0.0,0.0,0.0,0.0,0.0,0.0,0.0,0.0,0.0,0.0,0.0,0.0,2.78,1.04,1.0,1.0,1.0,1.81,1.03,1.02,1.0,1.23,1.73,1.03,1.6,1.06,1.77,1.77,1.0,2.69,1.18,1.42,1.26,1.14,1.0,1.0,1.0,4.36,1.0,1.65,1.9,1.0,1.14,1.22,1.32,1.33,1.0,1.98,1.03,1.1,1.16,2.04,1.0
43-5011.01,Freight Forwarders,management_administration|office_work|accounting|agriculture|animal_service|applied_arts_and_design|athletics|business_initiatives|construction_woodwork|creative_writing|culinary_art|engineering|finance|health_care_service|human_resources|humanities|information_technology|law|life_science|marketing_advertising|mathematics_statistics|mechanics_electronics|media|medical_science|music|nature_outdoors|performing_arts|personal_service|physical_science|physical_manual_labor|politics|professional_advising|protective_service|public_speaking|religious_activities|sales|social_science|social_service|teaching_education|transportation_machine_operation|visual_arts,0.0,0.0,0.0,0.0,0.0,0.0,0.0,0.0,0.0,0.0,0.0,0.0,0.0,0.0,0.0,0.0,0.0,2.0,0.0,0.0,0.0,0.0,0.0,0.0,0.0,1.0,0.0,0.0,0.0,0.0,0.0,0.0,0.0,0.0,0.0,0.0,0.0,0.0,0.0,0.0,0.0,2.64,1.2,1.1,1.0,1.0,2.52,1.0,1.0,1.12,1.47,2.34,1.1,1.68,1.19,1.77,2.65,1.13,3.29,1.48,1.79,1.32,1.07,1.11,1.0,1.02,4.36,1.0,1.65,1.4,1.03,1.53,1.17,1.51,1.51,1.0,2.28,1.24,1.08,1.19,2.11,1.0
43-5021.00,Couriers and Messengers,physical_manual_labor|transportation_machine_operation|accounting|agriculture|animal_service|applied_arts_and_design|athletics|business_initiatives|construction_woodwork|creative_writing|culinary_art|engineering|finance|health_care_service|human_resources|humanities|information_technology|law|life_science|management_administration|marketing_advertising|mathematics_statistics|mechanics_electronics|media|medical_science|music|nature_outdoors|office_work|performing_arts|personal_service|physical_science|politics|professional_advising|protective_service|public_speaking|religious_activities|sales|social_science|social_service|teaching_education|visual_arts,0.0,0.0,0.0,0.0,0.0,0.0,0.0,0.0,0.0,0.0,0.0,0.0,0.0,0.0,0.0,0.0,0.0,0.0,0.0,0.0,0.0,0.0,0.0,0.0,0.0,0.0,0.0,0.0,2.0,0.0,0.0,0.0,0.0,0.0,0.0,0.0,0.0,0.0,0.0,1.0,0.0,1.24,1.0,1.07,1.0,1.41,1.06,1.0,1.0,1.08,1.12,1.07,2.72,1.32,1.0,1.11,1.0,1.4,1.26,1.03,1.05,1.38,1.02,1.51,1.0,1.13,1.61,1.0,1.91,4.42,1.03,1.0,1.0,1.23,1.14,1.0,1.31,1.0,1.27,1.03,5.39,1.0
43-5031.00,Public Safety Telecommunicators,office_work|protective_service|accounting|agriculture|animal_service|applied_arts_and_design|athletics|business_initiatives|construction_woodwork|creative_writing|culinary_art|engineering|finance|health_care_service|human_resources|humanities|information_technology|law|life_science|management_administration|marketing_advertising|mathematics_statistics|mechanics_electronics|media|medical_science|music|nature_outdoors|performing_arts|personal_service|physical_science|physical_manual_labor|politics|professional_advising|public_speaking|religious_activities|sales|social_science|social_service|teaching_education|transportation_machine_operation|visual_arts,0.0,0.0,0.0,0.0,0.0,0.0,0.0,0.0,0.0,0.0,0.0,0.0,0.0,0.0,0.0,0.0,0.0,0.0,0.0,0.0,0.0,0.0,0.0,0.0,0.0,2.0,0.0,0.0,0.0,0.0,0.0,0.0,1.0,0.0,0.0,0.0,0.0,0.0,0.0,0.0,0.0,1.41,1.0,1.07,1.0,1.0,1.09,1.0,1.02,1.0,1.54,1.0,2.55,1.71,1.19,2.94,2.35,1.03,2.12,1.0,1.39,1.96,1.4,1.6,1.0,1.0,4.0,1.0,2.01,1.06,1.07,1.26,1.58,5.02,1.54,1.0,1.12,1.93,2.62,1.99,1.23,1.0
43-5032.00,"Dispatchers, Except Police, Fire, and Ambulance",transportation_machine_operation|office_work|accounting|agriculture|animal_service|applied_arts_and_design|athletics|business_initiatives|construction_woodwork|creative_writing|culinary_art|engineering|finance|health_care_service|human_resources|humanities|information_technology|law|life_science|management_administration|marketing_advertising|mathematics_statistics|mechanics_electronics|media|medical_science|music|nature_outdoors|performing_arts|personal_service|physical_science|physical_manual_labor|politics|professional_advising|protective_service|public_speaking|religious_activities|sales|social_science|social_service|teaching_education|visual_arts,0.0,0.0,0.0,0.0,0.0,0.0,0.0,0.0,0.0,0.0,0.0,0.0,0.0,0.0,0.0,0.0,0.0,0.0,0.0,0.0,0.0,0.0,0.0,0.0,0.0,1.0,0.0,0.0,0.0,0.0,0.0,0.0,0.0,0.0,0.0,0.0,0.0,0.0,0.0,2.0,0.0,1.79,1.04,1.0,1.0,1.03,1.27,1.18,1.02,1.0,1.47,1.23,1.32,1.71,1.0,2.14,1.11,1.0,2.79,1.0,1.26,1.74,1.14,1.0,1.0,1.04,4.99,1.0,1.88,1.21,1.0,1.06,1.13,1.94,1.33,1.0,1.29,1.24,1.33,1.16,3.13,1.0
43-5041.00,"Meter Readers, Utilities",physical_manual_labor|transportation_machine_operation|accounting|agriculture|animal_service|applied_arts_and_design|athletics|business_initiatives|construction_woodwork|creative_writing|culinary_art|engineering|finance|health_care_service|human_resources|humanities|information_technology|law|life_science|management_administration|marketing_advertising|mathematics_statistics|mechanics_electronics|media|medical_science|music|nature_outdoors|office_work|performing_arts|personal_service|physical_science|politics|professional_advising|protective_service|public_speaking|religious_activities|sales|social_science|social_service|teaching_education|visual_arts,0.0,0.0,0.0,0.0,0.0,0.0,0.0,0.0,0.0,0.0,0.0,0.0,0.0,0.0,0.0,0.0,0.0,0.0,0.0,0.0,0.0,0.0,0.0,0.0,0.0,0.0,0.0,0.0,2.0,0.0,0.0,0.0,0.0,0.0,0.0,0.0,0.0,0.0,0.0,1.0,0.0,1.72,1.01,1.02,1.0,1.0,1.01,1.06,1.0,1.0,1.54,1.1,1.0,1.28,1.0,1.33,1.0,1.0,1.08,1.0,1.56,2.25,1.0,1.0,1.0,1.29,1.57,1.0,1.43,3.09,1.16,1.0,1.03,1.55,1.11,1.0,1.12,1.0,1.1,1.05,3.38,1.0
43-5051.00,Postal Service Clerks,physical_manual_labor|office_work|accounting|agriculture|animal_service|applied_arts_and_design|athletics|business_initiatives|construction_woodwork|creative_writing|culinary_art|engineering|finance|health_care_service|human_resources|humanities|information_technology|law|life_science|management_administration|marketing_advertising|mathematics_statistics|mechanics_electronics|media|medical_science|music|nature_outdoors|performing_arts|personal_service|physical_science|politics|professional_advising|protective_service|public_speaking|religious_activities|sales|social_science|social_service|teaching_education|transportation_machine_operation|visual_arts,0.0,0.0,0.0,0.0,0.0,0.0,0.0,0.0,0.0,0.0,0.0,0.0,0.0,0.0,0.0,0.0,0.0,0.0,0.0,0.0,0.0,0.0,0.0,0.0,0.0,1.0,0.0,0.0,2.0,0.0,0.0,0.0,0.0,0.0,0.0,0.0,0.0,0.0,0.0,0.0,0.0,2.07,1.0,1.0,1.0,1.0,1.07,1.0,1.0,1.0,1.12,1.25,1.0,1.5,1.0,1.53,1.11,1.0,1.5,1.15,1.56,1.32,1.0,1.0,1.0,1.0,6.32,1.0,2.17,2.35,1.0,1.03,1.09,1.23,1.25,1.0,2.34,1.0,1.25,1.16,1.56,1.0
43-5052.00,Postal Service Mail Carriers,transportation_machine_operation|physical_manual_labor|accounting|agriculture|animal_service|applied_arts_and_design|athletics|business_initiatives|construction_woodwork|creative_writing|culinary_art|engineering|finance|health_care_service|human_resources|humanities|information_technology|law|life_science|management_administration|marketing_advertising|mathematics_statistics|mechanics_electronics|media|medical_science|music|nature_outdoors|office_work|performing_arts|personal_service|physical_science|politics|professional_advising|protective_service|public_speaking|religious_activities|sales|social_science|social_service|teaching_education|visual_arts,0.0,0.0,0.0,0.0,0.0,0.0,0.0,0.0,0.0,0.0,0.0,0.0,0.0,0.0,0.0,0.0,0.0,0.0,0.0,0.0,0.0,0.0,0.0,0.0,0.0,0.0,0.0,0.0,1.0,0.0,0.0,0.0,0.0,0.0,0.0,0.0,0.0,0.0,0.0,2.0,0.0,1.51,1.0,1.07,1.0,1.14,1.06,1.0,1.0,1.0,1.09,1.1,1.0,1.32,1.0,1.08,1.11,1.0,1.35,1.15,1.05,1.26,1.0,1.0,1.0,1.27,1.95,1.0,2.04,4.71,1.0,1.0,1.09,1.59,1.22,1.0,1.45,1.0,1.25,1.16,4.31,1.0
43-5053.00,"Postal Service Mail Sorters, Processors, and Processing Machine Operators",mechanics_electronics|physical_manual_labor|accounting|agriculture|animal_service|applied_arts_and_design|athletics|business_initiatives|construction_woodwork|creative_writing|culinary_art|engineering|finance|health_care_service|human_resources|humanities|information_technology|law|life_science|management_administration|marketing_advertising|mathematics_statistics|media|medical_science|music|nature_outdoors|office_work|performing_arts|personal_service|physical_science|politics|professional_advising|protective_service|public_speaking|religious_activities|sales|social_science|social_service|teaching_education|transportation_machine_operation|visual_arts,0.0,0.0,0.0,0.0,0.0,0.0,0.0,0.0,0.0,0.0,0.0,0.0,0.0,0.0,0.0,0.0,0.0,0.0,0.0,0.0,2.0,0.0,0.0,0.0,0.0,0.0,0.0,0.0,1.0,0.0,0.0,0.0,0.0,0.0,0.0,0.0,0.0,0.0,0.0,0.0,0.0,1.62,1.0,1.0,1.0,1.0,1.01,1.06,1.0,1.0,1.57,1.0,1.0,1.21,1.0,1.59,1.0,1.0,1.26,1.0,1.15,2.97,1.0,1.0,1.0,1.0,2.24,1.0,1.09,3.57,1.0,1.0,1.0,1.08,1.0,1.0,1.0,1.0,1.03,1.0,2.25,1.0
43-5061.00,"Production, Planning, and Expediting Clerks",management_administration|office_work|accounting|agriculture|animal_service|applied_arts_and_design|athletics|business_initiatives|construction_woodwork|creative_writing|culinary_art|engineering|finance|health_care_service|human_resources|humanities|information_technology|law|life_science|marketing_advertising|mathematics_statistics|mechanics_electronics|media|medical_science|music|nature_outdoors|performing_arts|personal_service|physical_science|physical_manual_labor|politics|professional_advising|protective_service|public_speaking|religious_activities|sales|social_science|social_service|teaching_education|transportation_machine_operation|visual_arts,0.0,0.0,0.0,0.0,0.0,0.0,0.0,0.0,0.0,0.0,0.0,0.0,0.0,0.0,0.0,0.0,0.0,2.0,0.0,0.0,0.0,0.0,0.0,0.0,0.0,1.0,0.0,0.0,0.0,0.0,0.0,0.0,0.0,0.0,0.0,0.0,0.0,0.0,0.0,0.0,0.0,2.25,1.14,1.0,1.0,1.0,2.23,1.5,1.07,1.27,1.82,1.64,1.1,1.82,1.0,1.68,1.07,1.0,3.14,1.29,1.56,1.59,1.14,1.03,1.0,1.02,5.46,1.02,1.4,1.21,1.05,1.06,1.21,1.04,1.6,1.0,1.84,1.05,1.13,1.19,1.36,1.07
43-5071.00,"Shipping, Receiving, and Inventory Clerks",physical_manual_labor|office_work|accounting|agriculture|animal_service|applied_arts_and_design|athletics|business_initiatives|construction_woodwork|creative_writing|culinary_art|engineering|finance|health_care_service|human_resources|humanities|information_technology|law|life_science|management_administration|marketing_advertising|mathematics_statistics|mechanics_electronics|media|medical_science|music|nature_outdoors|performing_arts|personal_service|physical_science|politics|professional_advising|protective_service|public_speaking|religious_activities|sales|social_science|social_service|teaching_education|transportation_machine_operation|visual_arts,0.0,0.0,0.0,0.0,0.0,0.0,0.0,0.0,0.0,0.0,0.0,0.0,0.0,0.0,0.0,0.0,0.0,0.0,0.0,0.0,0.0,0.0,0.0,0.0,0.0,1.0,0.0,0.0,2.0,0.0,0.0,0.0,0.0,0.0,0.0,0.0,0.0,0.0,0.0,0.0,0.0,2.46,1.14,1.02,1.0,1.0,1.42,1.22,1.0,1.08,1.32,1.5,1.06,1.32,1.0,1.71,1.07,1.0,1.9,1.1,1.5,1.35,1.0,1.0,1.0,1.0,6.33,1.0,1.21,2.77,1.0,1.0,1.03,1.08,1.14,1.0,1.27,1.0,1.05,1.08,2.49,1.0
43-5111.00,"Weighers, Measurers, Checkers, and Samplers, Recordkeeping",accounting|office_work|agriculture|animal_service|applied_arts_and_design|athletics|business_initiatives|construction_woodwork|creative_writing|culinary_art|engineering|finance|health_care_service|human_resources|humanities|information_technology|law|life_science|management_administration|marketing_advertising|mathematics_statistics|mechanics_electronics|media|medical_science|music|nature_outdoors|performing_arts|personal_service|physical_science|physical_manual_labor|politics|professional_advising|protective_service|public_speaking|religious_activities|sales|social_science|social_service|teaching_education|transportation_machine_operation|visual_arts,2.0,0.0,0.0,0.0,0.0,0.0,0.0,0.0,0.0,0.0,0.0,0.0,0.0,0.0,0.0,0.0,0.0,0.0,0.0,0.0,0.0,0.0,0.0,0.0,0.0,1.0,0.0,0.0,0.0,0.0,0.0,0.0,0.0,0.0,0.0,0.0,0.0,0.0,0.0,0.0,0.0,3.0,1.3,1.15,1.0,1.0,1.04,1.38,1.0,1.27,1.69,1.23,1.16,1.35,1.0,1.22,1.0,1.45,1.38,1.0,1.62,1.59,1.0,1.25,1.0,1.13,3.62,1.0,1.06,2.51,1.37,1.0,1.0,1.0,1.11,1.0,1.0,1.0,1.0,1.08,1.63,1.0
43-6011.00,Executive Secretaries and Executive Administrative Assistants,accounting|management_administration|office_work|agriculture|animal_service|applied_arts_and_design|athletics|business_initiatives|construction_woodwork|creative_writing|culinary_art|engineering|finance|health_care_service|human_resources|humanities|information_technology|law|life_science|marketing_advertising|mathematics_statistics|mechanics_electronics|media|medical_science|music|nature_outdoors|performing_arts|personal_service|physical_science|physical_manual_labor|politics|professional_advising|protective_service|public_speaking|religious_activities|sales|social_science|social_service|teaching_education|transportation_machine_operation|visual_arts,3.0,0.0,0.0,0.0,0.0,0.0,0.0,0.0,0.0,0.0,0.0,0.0,0.0,0.0,0.0,0.0,0.0,2.0,0.0,0.0,0.0,0.0,0.0,0.0,0.0,1.0,0.0,0.0,0.0,0.0,0.0,0.0,0.0,0.0,0.0,0.0,0.0,0.0,0.0,0.0,0.0,3.32,1.0,1.0,1.16,1.0,2.14,1.0,1.21,1.12,1.06,2.91,1.46,2.4,1.35,1.74,1.77,1.15,4.97,1.75,1.47,1.11,1.17,1.16,1.0,1.0,6.5,1.0,3.14,1.04,1.05,1.43,1.49,1.04,1.9,1.06,1.48,1.58,1.41,1.34,1.0,1.11
43-6012.00,Legal Secretaries and Administrative Assistants,law|office_work|accounting|agriculture|animal_service|applied_arts_and_design|athletics|business_initiatives|construction_woodwork|creative_writing|culinary_art|engineering|finance|health_care_service|human_resources|humanities|information_technology|life_science|management_administration|marketing_advertising|mathematics_statistics|mechanics_electronics|media|medical_science|music|nature_outdoors|performing_arts|personal_service|physical_science|physical_manual_labor|politics|professional_advising|protective_service|public_speaking|religious_activities|sales|social_science|social_service|teaching_education|transportation_machine_operation|visual_arts,0.0,0.0,0.0,0.0,0.0,0.0,0.0,0.0,0.0,0.0,0.0,0.0,0.0,0.0,0.0,2.0,0.0,0.0,0.0,0.0,0.0,0.0,0.0,0.0,0.0,1.0,0.0,0.0,0.0,0.0,0.0,0.0,0.0,0.0,0.0,0.0,0.0,0.0,0.0,0.0,0.0,2.74,1.0,1.0,1.05,1.0,1.46,1.0,1.11,1.0,1.0,1.82,1.19,1.78,1.44,1.62,5.05,1.03,2.45,1.1,1.23,1.0,1.14,1.11,1.0,1.0,6.44,1.0,1.97,1.12,1.0,1.62,1.17,1.47,1.28,1.0,1.2,1.49,1.29,1.16,1.0,1.02
43-6013.00,Medical Secretaries and Administrative Assistants,accounting|health_care_service|office_work|agriculture|animal_service|applied_arts_and_design|athletics|business_initiatives|construction_woodwork|creative_writing|culinary_art|engineering|finance|human_resources|humanities|information_technology|law|life_science|management_administration|marketing_advertising|mathematics_statistics|mechanics_electronics|media|medical_science|music|nature_outdoors|performing_arts|personal_service|physical_science|physical_manual_labor|politics|professional_advising|protective_service|public_speaking|religious_activities|sales|social_science|social_service|teaching_education|transportation_machine_operation|visual_arts,3.0,0.0,0.0,0.0,0.0,0.0,0.0,0.0,0.0,0.0,0.0,2.0,0.0,0.0,0.0,0.0,0.0,0.0,0.0,0.0,0.0,0.0,0.0,0.0,0.0,1.0,0.0,0.0,0.0,0.0,0.0,0.0,0.0,0.0,0.0,0.0,0.0,0.0,0.0,0.0,0.0,3.95,1.0,1.0,1.0,1.0,1.25,1.0,1.09,1.0,1.03,1.97,4.41,2.11,1.19,1.83,1.4,1.98,2.59,1.13,1.39,1.17,1.12,2.03,1.0,1.0,6.44,1.0,3.79,1.08,1.16,1.08,1.37,1.04,1.36,1.0,1.27,1.49,1.37,1.42,1.0,1.0
43-6014.00,"Secretaries and Administrative Assistants, Except Legal, Medical, and Executive",personal_service|office_work|accounting|agriculture|animal_service|applied_arts_and_design|athletics|business_initiatives|construction_woodwork|creative_writing|culinary_art|engineering|finance|health_care_service|human_resources|humanities|information_technology|law|life_science|management_administration|marketing_advertising|mathematics_statistics|mechanics_electronics|media|medical_science|music|nature_outdoors|performing_arts|physical_science|physical_manual_labor|politics|professional_advising|protective_service|public_speaking|religious_activities|sales|social_science|social_service|teaching_education|transportation_machine_operation|visual_arts,0.0,0.0,0.0,0.0,0.0,0.0,0.0,0.0,0.0,0.0,0.0,0.0,0.0,0.0,0.0,0.0,0.0,0.0,0.0,0.0,0.0,0.0,0.0,0.0,0.0,1.0,0.0,2.0,0.0,0.0,0.0,0.0,0.0,0.0,0.0,0.0,0.0,0.0,0.0,0.0,0.0,2.03,1.0,1.0,1.03,1.0,1.38,1.0,1.11,1.0,1.06,1.62,1.56,1.64,1.19,1.71,1.25,1.05,2.49,1.37,1.13,1.17,1.2,1.0,1.0,1.0,6.81,1.0,2.97,1.12,1.0,1.43,1.33,1.0,1.48,1.06,1.29,1.21,1.51,1.34,1.0,1.04
43-9021.00,Data Entry Keyers,accounting|office_work|agriculture|animal_service|applied_arts_and_design|athletics|business_initiatives|construction_woodwork|creative_writing|culinary_art|engineering|finance|health_care_service|human_resources|humanities|information_technology|law|life_science|management_administration|marketing_advertising|mathematics_statistics|mechanics_electronics|media|medical_science|music|nature_outdoors|performing_arts|personal_service|physical_science|physical_manual_labor|politics|professional_advising|protective_service|public_speaking|religious_activities|sales|social_science|social_service|teaching_education|transportation_machine_operation|visual_arts,2.0,0.0,0.0,0.0,0.0,0.0,0.0,0.0,0.0,0.0,0.0,0.0,0.0,0.0,0.0,0.0,0.0,0.0,0.0,0.0,0.0,0.0,0.0,0.0,0.0,1.0,0.0,0.0,0.0,0.0,0.0,0.0,0.0,0.0,0.0,0.0,0.0,0.0,0.0,0.0,0.0,2.35,1.03,1.0,1.0,1.0,1.0,1.0,1.0,1.0,1.03,1.47,1.39,1.32,1.0,1.71,1.58,1.0,1.23,1.0,1.15,1.17,1.02,1.05,1.0,1.0,6.32,1.0,1.09,1.17,1.0,1.0,1.01,1.08,1.05,1.0,1.0,1.0,1.05,1.0,1.0,1.0
43-9022.00,Word Processors and Typists,information_technology|office_work|accounting|agriculture|animal_service|applied_arts_and_design|athletics|business_initiatives|construction_woodwork|creative_writing|culinary_art|engineering|finance|health_care_service|human_resources|humanities|law|life_science|management_administration|marketing_advertising|mathematics_statistics|mechanics_electronics|media|medical_science|music|nature_outdoors|performing_arts|personal_service|physical_science|physical_manual_labor|politics|professional_advising|protective_service|public_speaking|religious_activities|sales|social_science|social_service|teaching_education|transportation_machine_operation|visual_arts,0.0,0.0,0.0,0.0,0.0,0.0,0.0,0.0,0.0,0.0,0.0,0.0,0.0,0.0,2.0,0.0,0.0,0.0,0.0,0.0,0.0,0.0,0.0,0.0,0.0,1.0,0.0,0.0,0.0,0.0,0.0,0.0,0.0,0.0,0.0,0.0,0.0,0.0,0.0,0.0,0.0,2.32,1.0,1.0,1.1,1.0,1.0,1.0,1.26,1.0,1.06,1.23,1.1,1.5,1.25,2.4,1.29,1.0,1.35,1.08,1.13,1.17,1.3,1.0,1.0,1.0,6.5,1.0,1.4,1.12,1.0,1.03,1.0,1.0,1.0,1.0,1.08,1.03,1.1,1.11,1.03,1.11
43-9031.00,Desktop Publishers,media|visual_arts|applied_arts_and_design|accounting|agriculture|animal_service|athletics|business_initiatives|construction_woodwork|creative_writing|culinary_art|engineering|finance|health_care_service|human_resources|humanities|information_technology|law|life_science|management_administration|marketing_advertising|mathematics_statistics|mechanics_electronics|medical_science|music|nature_outdoors|office_work|performing_arts|personal_service|physical_science|physical_manual_labor|politics|professional_advising|protective_service|public_speaking|religious_activities|sales|social_science|social_service|teaching_education|transportation_machine_operation,0.0,0.0,0.0,1.0,0.0,0.0,0.0,0.0,0.0,0.0,0.0,0.0,0.0,0.0,0.0,0.0,0.0,0.0,0.0,0.0,0.0,3.0,0.0,0.0,0.0,0.0,0.0,0.0,0.0,0.0,0.0,0.0,0.0,0.0,0.0,0.0,0.0,0.0,0.0,0.0,2.0,1.37,1.0,1.0,4.99,1.0,1.11,1.0,1.76,1.08,1.29,1.07,1.03,1.25,1.57,3.7,1.0,1.0,1.26,2.46,1.31,1.47,4.05,1.0,1.11,1.0,3.38,1.37,1.18,1.1,1.02,1.06,1.01,1.0,1.16,1.0,1.12,1.03,1.05,1.16,1.0,4.06
43-9041.00,Insurance Claims and Policy Processing Clerks,finance|accounting|office_work|agriculture|animal_service|applied_arts_and_design|athletics|business_initiatives|construction_woodwork|creative_writing|culinary_art|engineering|health_care_service|human_resources|humanities|information_technology|law|life_science|management_administration|marketing_advertising|mathematics_statistics|mechanics_electronics|media|medical_science|music|nature_outdoors|performing_arts|personal_service|physical_science|physical_manual_labor|politics|professional_advising|protective_service|public_speaking|religious_activities|sales|social_science|social_service|teaching_education|transportation_machine_operation|visual_arts,2.0,0.0,0.0,0.0,0.0,0.0,0.0,0.0,0.0,0.0,3.0,0.0,0.0,0.0,0.0,0.0,0.0,0.0,0.0,0.0,0.0,0.0,0.0,0.0,0.0,1.0,0.0,0.0,0.0,0.0,0.0,0.0,0.0,0.0,0.0,0.0,0.0,0.0,0.0,0.0,0.0,3.69,1.0,1.0,1.0,1.0,1.4,1.0,1.07,1.0,1.0,3.05,1.33,1.71,1.03,1.71,1.84,1.0,2.03,1.15,1.56,1.03,1.0,1.08,1.0,1.0,6.5,1.0,1.84,1.0,1.0,1.03,1.19,1.2,1.22,1.0,1.73,1.24,1.31,1.22,1.0,1.0
43-9051.00,"Mail Clerks and Mail Machine Operators, Except Postal Service",physical_manual_labor|office_work|accounting|agriculture|animal_service|applied_arts_and_design|athletics|business_initiatives|construction_woodwork|creative_writing|culinary_art|engineering|finance|health_care_service|human_resources|humanities|information_technology|law|life_science|management_administration|marketing_advertising|mathematics_statistics|mechanics_electronics|media|medical_science|music|nature_outdoors|performing_arts|personal_service|physical_science|politics|professional_advising|protective_service|public_speaking|religious_activities|sales|social_science|social_service|teaching_education|transportation_machine_operation|visual_arts,0.0,0.0,0.0,0.0,0.0,0.0,0.0,0.0,0.0,0.0,0.0,0.0,0.0,0.0,0.0,0.0,0.0,0.0,0.0,0.0,0.0,0.0,0.0,0.0,0.0,1.0,0.0,0.0,2.0,0.0,0.0,0.0,0.0,0.0,0.0,0.0,0.0,0.0,0.0,0.0,0.0,1.3,1.0,1.0,1.0,1.0,1.0,1.0,1.0,1.0,1.03,1.0,1.0,1.32,1.0,1.03,1.0,1.0,1.26,1.0,1.02,1.32,1.0,1.0,1.0,1.0,6.33,1.0,1.46,3.45,1.0,1.0,1.0,1.04,1.0,1.0,1.12,1.0,1.1,1.0,1.56,1.0
43-9061.00,"Office Clerks, General",accounting|office_work|agriculture|animal_service|applied_arts_and_design|athletics|business_initiatives|construction_woodwork|creative_writing|culinary_art|engineering|finance|health_care_service|human_resources|humanities|information_technology|law|life_science|management_administration|marketing_advertising|mathematics_statistics|mechanics_electronics|media|medical_science|music|nature_outdoors|performing_arts|personal_service|physical_science|physical_manual_labor|politics|professional_advising|protective_service|public_speaking|religious_activities|sales|social_science|social_service|teaching_education|transportation_machine_operation|visual_arts,2.0,0.0,0.0,0.0,0.0,0.0,0.0,0.0,0.0,0.0,0.0,0.0,0.0,0.0,0.0,0.0,0.0,0.0,0.0,0.0,0.0,0.0,0.0,0.0,0.0,1.0,0.0,0.0,0.0,0.0,0.0,0.0,0.0,0.0,0.0,0.0,0.0,0.0,0.0,0.0,0.0,3.36,1.0,1.0,1.0,1.0,1.14,1.0,1.09,1.0,1.03,1.59,1.66,2.14,1.12,1.56,1.44,1.0,1.9,1.26,1.13,1.14,1.15,1.0,1.0,1.0,6.81,1.0,2.24,1.17,1.0,1.14,1.14,1.0,1.3,1.04,1.53,1.1,1.29,1.16,1.03,1.0
43-9071.00,"Office Machine Operators, Except Computer",mechanics_electronics|office_work|accounting|agriculture|animal_service|applied_arts_and_design|athletics|business_initiatives|construction_woodwork|creative_writing|culinary_art|engineering|finance|health_care_service|human_resources|humanities|information_technology|law|life_science|management_administration|marketing_advertising|mathematics_statistics|media|medical_science|music|nature_outdoors|performing_arts|personal_service|physical_science|physical_manual_labor|politics|professional_advising|protective_service|public_speaking|religious_activities|sales|social_science|social_service|teaching_education|transportation_machine_operation|visual_arts,0.0,0.0,0.0,0.0,0.0,0.0,0.0,0.0,0.0,0.0,0.0,0.0,0.0,0.0,0.0,0.0,0.0,0.0,0.0,0.0,2.0,0.0,0.0,0.0,0.0,1.0,0.0,0.0,0.0,0.0,0.0,0.0,0.0,0.0,0.0,0.0,0.0,0.0,0.0,0.0,0.0,1.41,1.0,1.0,1.08,1.0,1.0,1.03,1.0,1.0,1.47,1.07,1.03,1.32,1.0,1.62,1.0,1.0,1.29,1.05,1.15,2.97,1.1,1.0,1.0,1.0,5.73,1.0,1.33,2.16,1.0,1.0,1.0,1.0,1.11,1.0,1.18,1.0,1.1,1.14,1.46,1.09
43-9081.00,Proofreaders and Copy Markers,creative_writing|office_work|accounting|agriculture|animal_service|applied_arts_and_design|athletics|business_initiatives|construction_woodwork|culinary_art|engineering|finance|health_care_service|human_resources|humanities|information_technology|law|life_science|management_administration|marketing_advertising|mathematics_statistics|mechanics_electronics|media|medical_science|music|nature_outdoors|performing_arts|personal_service|physical_science|physical_manual_labor|politics|professional_advising|protective_service|public_speaking|religious_activities|sales|social_science|social_service|teaching_education|transportation_machine_operation|visual_arts,0.0,0.0,0.0,0.0,0.0,0.0,0.0,2.0,0.0,0.0,0.0,0.0,0.0,0.0,0.0,0.0,0.0,0.0,0.0,0.0,0.0,0.0,0.0,0.0,0.0,1.0,0.0,0.0,0.0,0.0,0.0,0.0,0.0,0.0,0.0,0.0,0.0,0.0,0.0,0.0,0.0,1.38,1.0,1.0,1.61,1.0,1.0,1.0,2.51,1.0,1.0,1.02,1.0,1.32,2.34,1.68,1.22,1.0,1.26,1.84,1.15,1.03,2.0,1.08,1.02,1.0,5.52,1.19,1.15,1.0,1.0,1.17,1.12,1.0,1.16,1.04,1.04,1.24,1.1,1.25,1.0,1.45
43-9111.00,Statistical Assistants,accounting|office_work|mathematics_statistics|agriculture|animal_service|applied_arts_and_design|athletics|business_initiatives|construction_woodwork|creative_writing|culinary_art|engineering|finance|health_care_service|human_resources|humanities|information_technology|law|life_science|management_administration|marketing_advertising|mechanics_electronics|media|medical_science|music|nature_outdoors|performing_arts|personal_service|physical_science|physical_manual_labor|politics|professional_advising|protective_service|public_speaking|religious_activities|sales|social_science|social_service|teaching_education|transportation_machine_operation|visual_arts,3.0,0.0,0.0,0.0,0.0,0.0,0.0,0.0,0.0,0.0,0.0,0.0,0.0,0.0,0.0,0.0,0.0,0.0,0.0,1.0,0.0,0.0,0.0,0.0,0.0,2.0,0.0,0.0,0.0,0.0,0.0,0.0,0.0,0.0,0.0,0.0,0.0,0.0,0.0,0.0,0.0,3.5,1.01,1.0,1.0,1.0,1.16,1.0,1.07,1.0,1.26,2.15,1.33,1.39,1.06,3.04,1.04,1.51,1.32,1.08,5.73,1.14,1.14,1.81,1.0,1.0,5.63,1.0,1.09,1.02,1.44,1.11,1.03,1.04,1.19,1.0,1.04,1.72,1.03,1.19,1.0,1.02
45-1011.00,"First-Line Supervisors of Farming, Fishing, and Forestry Workers",physical_manual_labor|management_administration|nature_outdoors|agriculture|accounting|animal_service|applied_arts_and_design|athletics|business_initiatives|construction_woodwork|creative_writing|culinary_art|engineering|finance|health_care_service|human_resources|humanities|information_technology|law|life_science|marketing_advertising|mathematics_statistics|mechanics_electronics|media|medical_science|music|office_work|performing_arts|personal_service|physical_science|politics|professional_advising|protective_service|public_speaking|religious_activities|sales|social_science|social_service|teaching_education|transportation_machine_operation|visual_arts,0.0,1.0,0.0,0.0,0.0,0.0,0.0,0.0,0.0,0.0,0.0,0.0,0.0,0.0,0.0,0.0,0.0,3.0,0.0,0.0,0.0,0.0,0.0,0.0,2.0,0.0,0.0,0.0,4.0,0.0,0.0,0.0,0.0,0.0,0.0,0.0,0.0,0.0,0.0,0.0,0.0,2.42,6.77,2.91,1.0,1.11,2.36,1.53,1.04,1.27,1.5,1.64,1.29,3.12,1.0,1.19,1.11,2.72,5.51,1.26,1.59,2.26,1.0,1.36,1.0,5.84,1.74,1.0,1.4,4.04,1.37,1.17,1.45,1.39,1.93,1.0,1.53,1.24,1.21,2.45,3.83,1.0
45-2011.00,Agricultural Inspectors,protective_service|law|agriculture|accounting|animal_service|applied_arts_and_design|athletics|business_initiatives|construction_woodwork|creative_writing|culinary_art|engineering|finance|health_care_service|human_resources|humanities|information_technology|life_science|management_administration|marketing_advertising|mathematics_statistics|mechanics_electronics|media|medical_science|music|nature_outdoors|office_work|performing_arts|personal_service|physical_science|physical_manual_labor|politics|professional_advising|public_speaking|religious_activities|sales|social_science|social_service|teaching_education|transportation_machine_operation|visual_arts,0.0,1.0,0.0,0.0,0.0,0.0,0.0,0.0,0.0,0.0,0.0,0.0,0.0,0.0,0.0,2.0,0.0,0.0,0.0,0.0,0.0,0.0,0.0,0.0,0.0,0.0,0.0,0.0,0.0,0.0,0.0,0.0,3.0,0.0,0.0,0.0,0.0,0.0,0.0,0.0,0.0,1.79,4.24,1.22,1.0,1.0,1.29,1.18,1.02,1.7,1.6,1.31,1.66,1.68,1.16,1.27,3.16,2.66,2.16,1.08,2.25,1.9,1.07,1.87,1.0,2.54,1.68,1.0,1.3,2.14,1.98,1.71,1.14,3.13,1.84,1.0,1.22,1.49,1.19,1.42,1.8,1.0
45-2021.00,Animal Breeders,physical_manual_labor|agriculture|animal_service|accounting|applied_arts_and_design|athletics|business_initiatives|construction_woodwork|creative_writing|culinary_art|engineering|finance|health_care_service|human_resources|humanities|information_technology|law|life_science|management_administration|marketing_advertising|mathematics_statistics|mechanics_electronics|media|medical_science|music|nature_outdoors|office_work|performing_arts|personal_service|physical_science|politics|professional_advising|protective_service|public_speaking|religious_activities|sales|social_science|social_service|teaching_education|transportation_machine_operation|visual_arts,0.0,2.0,1.0,0.0,0.0,0.0,0.0,0.0,0.0,0.0,0.0,0.0,0.0,0.0,0.0,0.0,0.0,0.0,0.0,0.0,0.0,0.0,0.0,0.0,0.0,0.0,0.0,0.0,3.0,0.0,0.0,0.0,0.0,0.0,0.0,0.0,0.0,0.0,0.0,0.0,0.0,1.51,4.82,6.12,1.0,1.09,1.23,1.7,1.0,1.04,1.26,1.13,2.06,1.28,1.0,1.08,1.0,3.58,1.9,1.18,1.59,1.29,1.02,1.84,1.0,2.67,1.35,1.0,1.37,3.68,1.33,1.06,1.1,1.04,1.19,1.0,1.31,1.24,1.1,1.39,1.7,1.0
45-2041.00,"Graders and Sorters, Agricultural Products",agriculture|physical_manual_labor|accounting|animal_service|applied_arts_and_design|athletics|business_initiatives|construction_woodwork|creative_writing|culinary_art|engineering|finance|health_care_service|human_resources|humanities|information_technology|law|life_science|management_administration|marketing_advertising|mathematics_statistics|mechanics_electronics|media|medical_science|music|nature_outdoors|office_work|performing_arts|personal_service|physical_science|politics|professional_advising|protective_service|public_speaking|religious_activities|sales|social_science|social_service|teaching_education|transportation_machine_operation|visual_arts,0.0,2.0,0.0,0.0,0.0,0.0,0.0,0.0,0.0,0.0,0.0,0.0,0.0,0.0,0.0,0.0,0.0,0.0,0.0,0.0,0.0,0.0,0.0,0.0,0.0,0.0,0.0,0.0,1.0,0.0,0.0,0.0,0.0,0.0,0.0,0.0,0.0,0.0,0.0,0.0,0.0,1.41,3.38,1.07,1.0,1.0,1.0,1.03,1.0,1.5,1.12,1.0,1.0,1.0,1.0,1.0,1.0,1.4,1.17,1.0,1.15,1.03,1.0,1.0,1.0,1.2,1.08,1.0,1.0,6.07,1.16,1.0,1.0,1.0,1.0,1.0,1.06,1.0,1.0,1.0,1.4,1.07
45-2091.00,Agricultural Equipment Operators,mechanics_electronics|physical_manual_labor|transportation_machine_operation|agriculture|accounting|animal_service|applied_arts_and_design|athletics|business_initiatives|construction_woodwork|creative_writing|culinary_art|engineering|finance|health_care_service|human_resources|humanities|information_technology|law|life_science|management_administration|marketing_advertising|mathematics_statistics|media|medical_science|music|nature_outdoors|office_work|performing_arts|personal_service|physical_science|politics|professional_advising|protective_service|public_speaking|religious_activities|sales|social_science|social_service|teaching_education|visual_arts,0.0,1.0,0.0,0.0,0.0,0.0,0.0,0.0,0.0,0.0,0.0,0.0,0.0,0.0,0.0,0.0,0.0,0.0,0.0,0.0,4.0,0.0,0.0,0.0,0.0,0.0,0.0,0.0,3.0,0.0,0.0,0.0,0.0,0.0,0.0,0.0,0.0,0.0,0.0,2.0,0.0,1.1,6.31,1.43,1.0,1.03,1.0,1.25,1.0,1.0,2.5,1.0,1.0,1.0,1.0,1.24,1.0,1.45,1.17,1.0,1.23,4.26,1.0,1.0,1.0,3.53,1.05,1.0,1.0,5.3,1.2,1.0,1.0,1.0,1.0,1.0,1.04,1.0,1.0,1.0,6.3,1.0
45-2092.00,"Farmworkers and Laborers, Crop, Nursery, and Greenhouse",transportation_machine_operation|nature_outdoors|physical_manual_labor|agriculture|accounting|animal_service|applied_arts_and_design|athletics|business_initiatives|construction_woodwork|creative_writing|culinary_art|engineering|finance|health_care_service|human_resources|humanities|information_technology|law|life_science|management_administration|marketing_advertising|mathematics_statistics|mechanics_electronics|media|medical_science|music|office_work|performing_arts|personal_service|physical_science|politics|professional_advising|protective_service|public_speaking|religious_activities|sales|social_science|social_service|teaching_education|visual_arts,0.0,1.0,0.0,0.0,0.0,0.0,0.0,0.0,0.0,0.0,0.0,0.0,0.0,0.0,0.0,0.0,0.0,0.0,0.0,0.0,0.0,0.0,0.0,0.0,3.0,0.0,0.0,0.0,2.0,0.0,0.0,0.0,0.0,0.0,0.0,0.0,0.0,0.0,0.0,4.0,0.0,1.24,7.0,1.15,1.08,1.11,1.11,1.6,1.02,1.27,1.26,1.02,1.0,1.32,1.0,1.0,1.0,2.11,1.59,1.0,1.23,2.22,1.0,1.11,1.0,5.55,1.06,1.0,1.0,6.63,1.39,1.0,1.02,1.0,1.16,1.0,1.12,1.0,1.08,1.25,4.2,1.02
45-2093.00,"Farmworkers, Farm, Ranch, and Aquacultural Animals",nature_outdoors|animal_service|physical_manual_labor|agriculture|accounting|applied_arts_and_design|athletics|business_initiatives|construction_woodwork|creative_writing|culinary_art|engineering|finance|health_care_service|human_resources|humanities|information_technology|law|life_science|management_administration|marketing_advertising|mathematics_statistics|mechanics_electronics|media|medical_science|music|office_work|performing_arts|personal_service|physical_science|politics|professional_advising|protective_service|public_speaking|religious_activities|sales|social_science|social_service|teaching_education|transportation_machine_operation|visual_arts,0.0,1.0,3.0,0.0,0.0,0.0,0.0,0.0,0.0,0.0,0.0,0.0,0.0,0.0,0.0,0.0,0.0,0.0,0.0,0.0,0.0,0.0,0.0,0.0,4.0,0.0,0.0,0.0,2.0,0.0,0.0,0.0,0.0,0.0,0.0,0.0,0.0,0.0,0.0,0.0,0.0,1.17,6.65,4.87,1.0,1.11,1.12,1.25,1.02,1.15,1.26,1.05,1.69,1.18,1.0,1.0,1.04,1.98,1.35,1.0,1.23,1.99,1.0,1.72,1.0,4.16,1.05,1.0,1.18,6.27,1.16,1.0,1.03,1.16,1.14,1.0,1.06,1.03,1.1,1.19,3.79,1.0
45-3031.00,Fishing and Hunting Workers,transportation_machine_operation|nature_outdoors|physical_manual_labor|accounting|agriculture|animal_service|applied_arts_and_design|athletics|business_initiatives|construction_woodwork|creative_writing|culinary_art|engineering|finance|health_care_service|human_resources|humanities|information_technology|law|life_science|management_administration|marketing_advertising|mathematics_statistics|mechanics_electronics|media|medical_science|music|office_work|performing_arts|personal_service|physical_science|politics|professional_advising|protective_service|public_speaking|religious_activities|sales|social_science|social_service|teaching_education|visual_arts,0.0,0.0,0.0,0.0,0.0,0.0,0.0,0.0,0.0,0.0,0.0,0.0,0.0,0.0,0.0,0.0,0.0,0.0,0.0,0.0,0.0,0.0,0.0,0.0,2.0,0.0,0.0,0.0,1.0,0.0,0.0,0.0,0.0,0.0,0.0,0.0,0.0,0.0,0.0,3.0,0.0,1.2,1.84,1.6,1.0,1.47,1.2,1.18,1.0,1.19,1.63,1.07,1.0,1.11,1.0,1.08,1.47,1.83,2.06,1.13,1.2,3.0,1.0,1.08,1.0,5.46,1.06,1.0,1.18,6.22,1.2,1.17,1.01,1.4,1.16,1.0,1.12,1.03,1.0,1.16,5.23,1.0
45-4011.00,Forest and Conservation Workers,agriculture|physical_manual_labor|nature_outdoors|accounting|animal_service|applied_arts_and_design|athletics|business_initiatives|construction_woodwork|creative_writing|culinary_art|engineering|finance|health_care_service|human_resources|humanities|information_technology|law|life_science|management_administration|marketing_advertising|mathematics_statistics|mechanics_electronics|media|medical_science|music|office_work|performing_arts|personal_service|physical_science|politics|professional_advising|protective_service|public_speaking|religious_activities|sales|social_science|social_service|teaching_education|transportation_machine_operation|visual_arts,0.0,3.0,0.0,0.0,0.0,0.0,0.0,0.0,0.0,0.0,0.0,0.0,0.0,0.0,0.0,0.0,0.0,0.0,0.0,0.0,0.0,0.0,0.0,0.0,1.0,0.0,0.0,0.0,2.0,0.0,0.0,0.0,0.0,0.0,0.0,0.0,0.0,0.0,0.0,0.0,0.0,1.2,4.38,1.25,1.0,1.17,1.11,2.53,1.0,1.0,1.35,1.0,1.06,1.32,1.09,1.08,1.11,2.62,1.44,1.0,1.23,1.71,1.05,1.19,1.0,6.74,1.14,1.0,1.18,6.37,1.49,1.17,1.09,2.6,1.28,1.0,1.1,1.24,1.13,1.25,3.13,1.0
45-4021.00,Fallers,nature_outdoors|physical_manual_labor|accounting|agriculture|animal_service|applied_arts_and_design|athletics|business_initiatives|construction_woodwork|creative_writing|culinary_art|engineering|finance|health_care_service|human_resources|humanities|information_technology|law|life_science|management_administration|marketing_advertising|mathematics_statistics|mechanics_electronics|media|medical_science|music|office_work|performing_arts|personal_service|physical_science|politics|professional_advising|protective_service|public_speaking|religious_activities|sales|social_science|social_service|teaching_education|transportation_machine_operation|visual_arts,0.0,0.0,0.0,0.0,0.0,0.0,0.0,0.0,0.0,0.0,0.0,0.0,0.0,0.0,0.0,0.0,0.0,0.0,0.0,0.0,0.0,0.0,0.0,0.0,2.0,0.0,0.0,0.0,1.0,0.0,0.0,0.0,0.0,0.0,0.0,0.0,0.0,0.0,0.0,0.0,0.0,1.03,1.74,1.0,1.0,1.06,1.0,2.19,1.0,1.0,1.26,1.0,1.0,1.0,1.0,1.0,1.0,1.08,1.03,1.0,1.07,1.81,1.0,1.0,1.0,6.08,1.0,1.0,1.0,6.79,1.05,1.0,1.0,1.08,1.0,1.0,1.0,1.0,1.0,1.0,2.21,1.0
45-4022.00,Logging Equipment Operators,nature_outdoors|physical_manual_labor|transportation_machine_operation|accounting|agriculture|animal_service|applied_arts_and_design|athletics|business_initiatives|construction_woodwork|creative_writing|culinary_art|engineering|finance|health_care_service|human_resources|humanities|information_technology|law|life_science|management_administration|marketing_advertising|mathematics_statistics|mechanics_electronics|media|medical_science|music|office_work|performing_arts|personal_service|physical_science|politics|professional_advising|protective_service|public_speaking|religious_activities|sales|social_science|social_service|teaching_education|visual_arts,0.0,0.0,0.0,0.0,0.0,0.0,0.0,0.0,0.0,0.0,0.0,0.0,0.0,0.0,0.0,0.0,0.0,0.0,0.0,0.0,0.0,0.0,0.0,0.0,3.0,0.0,0.0,0.0,2.0,0.0,0.0,0.0,0.0,0.0,0.0,0.0,0.0,0.0,0.0,1.0,0.0,1.2,1.59,1.0,1.0,1.03,1.0,2.26,1.0,1.0,2.17,1.0,1.0,1.0,1.0,1.11,1.0,1.03,1.17,1.0,1.05,2.9,1.0,1.0,1.0,3.72,1.04,1.0,1.0,4.7,1.05,1.0,1.0,1.12,1.0,1.0,1.0,1.0,1.0,1.03,6.63,1.0
45-4023.00,Log Graders and Scalers,nature_outdoors|physical_manual_labor|accounting|agriculture|animal_service|applied_arts_and_design|athletics|business_initiatives|construction_woodwork|creative_writing|culinary_art|engineering|finance|health_care_service|human_resources|humanities|information_technology|law|life_science|management_administration|marketing_advertising|mathematics_statistics|mechanics_electronics|media|medical_science|music|office_work|performing_arts|personal_service|physical_science|politics|professional_advising|protective_service|public_speaking|religious_activities|sales|social_science|social_service|teaching_education|transportation_machine_operation|visual_arts,0.0,0.0,0.0,0.0,0.0,0.0,0.0,0.0,0.0,0.0,0.0,0.0,0.0,0.0,0.0,0.0,0.0,0.0,0.0,0.0,0.0,0.0,0.0,0.0,2.0,0.0,0.0,0.0,1.0,0.0,0.0,0.0,0.0,0.0,0.0,0.0,0.0,0.0,0.0,0.0,0.0,1.75,1.76,1.0,1.0,1.0,1.12,2.09,1.0,1.0,1.44,1.23,1.0,1.11,1.0,1.08,1.0,1.1,1.38,1.0,2.03,1.32,1.0,1.0,1.0,2.71,1.19,1.0,1.09,2.88,1.16,1.0,1.0,1.0,1.14,1.0,1.12,1.0,1.0,1.0,1.7,1.0
47-1011.00,First-Line Supervisors of Construction Trades and Extraction Workers,engineering|construction_woodwork|management_administration|accounting|agriculture|animal_service|applied_arts_and_design|athletics|business_initiatives|creative_writing|culinary_art|finance|health_care_service|human_resources|humanities|information_technology|law|life_science|marketing_advertising|mathematics_statistics|mechanics_electronics|media|medical_science|music|nature_outdoors|office_work|performing_arts|personal_service|physical_science|physical_manual_labor|politics|professional_advising|protective_service|public_speaking|religious_activities|sales|social_science|social_service|teaching_education|transportation_machine_operation|visual_arts,0.0,0.0,0.0,0.0,0.0,0.0,2.0,0.0,0.0,3.0,0.0,0.0,0.0,0.0,0.0,0.0,0.0,1.0,0.0,0.0,0.0,0.0,0.0,0.0,0.0,0.0,0.0,0.0,0.0,0.0,0.0,0.0,0.0,0.0,0.0,0.0,0.0,0.0,0.0,0.0,0.0,1.75,1.09,1.0,1.13,1.09,2.29,4.93,1.0,1.0,3.64,1.53,1.03,3.31,1.0,1.24,1.32,1.0,5.63,1.15,1.67,2.79,1.1,1.0,1.0,1.62,1.84,1.0,1.49,3.05,1.2,1.26,1.63,1.39,1.84,1.0,1.36,1.24,1.15,1.69,3.27,1.11
47-2011.00,Boilermakers,engineering|mechanics_electronics|physical_manual_labor|accounting|agriculture|animal_service|applied_arts_and_design|athletics|business_initiatives|construction_woodwork|creative_writing|culinary_art|finance|health_care_service|human_resources|humanities|information_technology|law|life_science|management_administration|marketing_advertising|mathematics_statistics|media|medical_science|music|nature_outdoors|office_work|performing_arts|personal_service|physical_science|politics|professional_advising|protective_service|public_speaking|religious_activities|sales|social_science|social_service|teaching_education|transportation_machine_operation|visual_arts,0.0,0.0,0.0,0.0,0.0,0.0,0.0,0.0,0.0,3.0,0.0,0.0,0.0,0.0,0.0,0.0,0.0,0.0,0.0,0.0,2.0,0.0,0.0,0.0,0.0,0.0,0.0,0.0,1.0,0.0,0.0,0.0,0.0,0.0,0.0,0.0,0.0,0.0,0.0,0.0,0.0,1.03,1.0,1.0,1.03,1.0,1.0,1.99,1.0,1.0,4.67,1.0,1.0,1.0,1.0,1.05,1.0,1.0,1.06,1.0,1.67,6.11,1.0,1.0,1.0,1.0,1.03,1.0,1.0,6.47,1.28,1.0,1.0,1.04,1.03,1.0,1.0,1.0,1.0,1.08,1.63,1.04
47-2021.00,Brickmasons and Blockmasons,construction_woodwork|physical_manual_labor|accounting|agriculture|animal_service|applied_arts_and_design|athletics|business_initiatives|creative_writing|culinary_art|engineering|finance|health_care_service|human_resources|humanities|information_technology|law|life_science|management_administration|marketing_advertising|mathematics_statistics|mechanics_electronics|media|medical_science|music|nature_outdoors|office_work|performing_arts|personal_service|physical_science|politics|professional_advising|protective_service|public_speaking|religious_activities|sales|social_science|social_service|teaching_education|transportation_machine_operation|visual_arts,0.0,0.0,0.0,0.0,0.0,0.0,2.0,0.0,0.0,0.0,0.0,0.0,0.0,0.0,0.0,0.0,0.0,0.0,0.0,0.0,0.0,0.0,0.0,0.0,0.0,0.0,0.0,0.0,1.0,0.0,0.0,0.0,0.0,0.0,0.0,0.0,0.0,0.0,0.0,0.0,0.0,1.2,1.0,1.0,1.32,1.06,1.03,2.81,1.0,1.0,2.21,1.0,1.0,1.0,1.0,1.08,1.0,1.0,1.26,1.0,1.94,1.59,1.0,1.0,1.0,1.09,1.06,1.0,1.0,6.58,1.1,1.0,1.0,1.12,1.05,1.0,1.06,1.0,1.0,1.16,1.4,1.16
47-2022.00,Stonemasons,construction_woodwork|physical_manual_labor|accounting|agriculture|animal_service|applied_arts_and_design|athletics|business_initiatives|creative_writing|culinary_art|engineering|finance|health_care_service|human_resources|humanities|information_technology|law|life_science|management_administration|marketing_advertising|mathematics_statistics|mechanics_electronics|media|medical_science|music|nature_outdoors|office_work|performing_arts|personal_service|physical_science|politics|professional_advising|protective_service|public_speaking|religious_activities|sales|social_science|social_service|teaching_education|transportation_machine_operation|visual_arts,0.0,0.0,0.0,0.0,0.0,0.0,2.0,0.0,0.0,0.0,0.0,0.0,0.0,0.0,0.0,0.0,0.0,0.0,0.0,0.0,0.0,0.0,0.0,0.0,0.0,0.0,0.0,0.0,1.0,0.0,0.0,0.0,0.0,0.0,0.0,0.0,0.0,0.0,0.0,0.0,0.0,1.13,1.01,1.0,1.76,1.06,1.0,3.09,1.0,1.0,2.07,1.0,1.0,1.0,1.09,1.0,1.0,1.0,1.23,1.0,1.56,1.62,1.0,1.0,1.0,1.47,1.02,1.04,1.09,6.63,1.1,1.0,1.0,1.0,1.0,1.0,1.12,1.0,1.03,1.14,2.14,1.72
47-2031.00,Carpenters,physical_manual_labor|construction_woodwork|accounting|agriculture|animal_service|applied_arts_and_design|athletics|business_initiatives|creative_writing|culinary_art|engineering|finance|health_care_service|human_resources|humanities|information_technology|law|life_science|management_administration|marketing_advertising|mathematics_statistics|mechanics_electronics|media|medical_science|music|nature_outdoors|office_work|performing_arts|personal_service|physical_science|politics|professional_advising|protective_service|public_speaking|religious_activities|sales|social_science|social_service|teaching_education|transportation_machine_operation|visual_arts,0.0,0.0,0.0,0.0,0.0,0.0,1.0,0.0,0.0,0.0,0.0,0.0,0.0,0.0,0.0,0.0,0.0,0.0,0.0,0.0,0.0,0.0,0.0,0.0,0.0,0.0,0.0,0.0,2.0,0.0,0.0,0.0,0.0,0.0,0.0,0.0,0.0,0.0,0.0,0.0,0.0,1.2,1.14,1.0,1.67,1.11,1.12,6.87,1.0,1.0,2.64,1.07,1.0,1.32,1.0,1.24,1.0,1.0,1.5,1.0,1.5,1.9,1.1,1.0,1.0,1.54,1.1,1.0,1.18,6.27,1.2,1.0,1.04,1.08,1.16,1.0,1.14,1.0,1.06,1.25,1.97,1.53
47-2041.00,Carpet Installers,construction_woodwork|physical_manual_labor|accounting|agriculture|animal_service|applied_arts_and_design|athletics|business_initiatives|creative_writing|culinary_art|engineering|finance|health_care_service|human_resources|humanities|information_technology|law|life_science|management_administration|marketing_advertising|mathematics_statistics|mechanics_electronics|media|medical_science|music|nature_outdoors|office_work|performing_arts|personal_service|physical_science|politics|professional_advising|protective_service|public_speaking|religious_activities|sales|social_science|social_service|teaching_education|transportation_machine_operation|visual_arts,0.0,0.0,0.0,0.0,0.0,0.0,2.0,0.0,0.0,0.0,0.0,0.0,0.0,0.0,0.0,0.0,0.0,0.0,0.0,0.0,0.0,0.0,0.0,0.0,0.0,0.0,0.0,0.0,1.0,0.0,0.0,0.0,0.0,0.0,0.0,0.0,0.0,0.0,0.0,0.0,0.0,1.1,1.0,1.0,1.32,1.0,1.0,2.57,1.0,1.0,1.32,1.0,1.0,1.07,1.0,1.0,1.0,1.0,1.11,1.0,1.53,1.32,1.0,1.0,1.0,1.0,1.06,1.0,1.34,6.11,1.0,1.0,1.0,1.0,1.0,1.0,1.12,1.0,1.02,1.05,1.4,1.23
47-2042.00,"Floor Layers, Except Carpet, Wood, and Hard Tiles",construction_woodwork|physical_manual_labor|accounting|agriculture|animal_service|applied_arts_and_design|athletics|business_initiatives|creative_writing|culinary_art|engineering|finance|health_care_service|human_resources|humanities|information_technology|law|life_science|management_administration|marketing_advertising|mathematics_statistics|mechanics_electronics|media|medical_science|music|nature_outdoors|office_work|performing_arts|personal_service|physical_science|politics|professional_advising|protective_service|public_speaking|religious_activities|sales|social_science|social_service|teaching_education|transportation_machine_operation|visual_arts,0.0,0.0,0.0,0.0,0.0,0.0,2.0,0.0,0.0,0.0,0.0,0.0,0.0,0.0,0.0,0.0,0.0,0.0,0.0,0.0,0.0,0.0,0.0,0.0,0.0,0.0,0.0,0.0,1.0,0.0,0.0,0.0,0.0,0.0,0.0,0.0,0.0,0.0,0.0,0.0,0.0,1.2,1.0,1.0,1.49,1.0,1.0,2.57,1.0,1.0,1.6,1.0,1.0,1.0,1.0,1.0,1.0,1.0,1.06,1.0,1.45,1.59,1.0,1.0,1.0,1.0,1.06,1.0,1.24,6.11,1.05,1.0,1.0,1.0,1.0,1.0,1.18,1.0,1.02,1.08,1.23,1.53
47-2043.00,Floor Sanders and Finishers,physical_manual_labor|construction_woodwork|accounting|agriculture|animal_service|applied_arts_and_design|athletics|business_initiatives|creative_writing|culinary_art|engineering|finance|health_care_service|human_resources|humanities|information_technology|law|life_science|management_administration|marketing_advertising|mathematics_statistics|mechanics_electronics|media|medical_science|music|nature_outdoors|office_work|performing_arts|personal_service|physical_science|politics|professional_advising|protective_service|public_speaking|religious_activities|sales|social_science|social_service|teaching_education|transportation_machine_operation|visual_arts,0.0,0.0,0.0,0.0,0.0,0.0,1.0,0.0,0.0,0.0,0.0,0.0,0.0,0.0,0.0,0.0,0.0,0.0,0.0,0.0,0.0,0.0,0.0,0.0,0.0,0.0,0.0,0.0,2.0,0.0,0.0,0.0,0.0,0.0,0.0,0.0,0.0,0.0,0.0,0.0,0.0,1.0,1.0,1.0,1.24,1.03,1.03,6.36,1.0,1.0,1.26,1.0,1.0,1.0,1.0,1.0,1.0,1.0,1.2,1.0,1.02,1.77,1.0,1.0,1.0,1.0,1.06,1.0,1.18,6.27,1.05,1.0,1.0,1.0,1.05,1.0,1.12,1.0,1.0,1.03,1.5,1.13
47-2044.00,Tile and Stone Setters,construction_woodwork|physical_manual_labor|accounting|agriculture|animal_service|applied_arts_and_design|athletics|business_initiatives|creative_writing|culinary_art|engineering|finance|health_care_service|human_resources|humanities|information_technology|law|life_science|management_administration|marketing_advertising|mathematics_statistics|mechanics_electronics|media|medical_science|music|nature_outdoors|office_work|performing_arts|personal_service|physical_science|politics|professional_advising|protective_service|public_speaking|religious_activities|sales|social_science|social_service|teaching_education|transportation_machine_operation|visual_arts,0.0,0.0,0.0,0.0,0.0,0.0,2.0,0.0,0.0,0.0,0.0,0.0,0.0,0.0,0.0,0.0,0.0,0.0,0.0,0.0,0.0,0.0,0.0,0.0,0.0,0.0,0.0,0.0,1.0,0.0,0.0,0.0,0.0,0.0,0.0,0.0,0.0,0.0,0.0,0.0,0.0,1.2,1.0,1.0,2.45,1.06,1.0,2.74,1.02,1.0,1.76,1.0,1.0,1.0,1.0,1.0,1.0,1.0,1.03,1.03,1.53,1.38,1.0,1.0,1.0,1.0,1.03,1.04,1.18,6.27,1.1,1.0,1.0,1.0,1.0,1.0,1.1,1.0,1.03,1.16,1.3,2.21
47-2051.00,Cement Masons and Concrete Finishers,construction_woodwork|physical_manual_labor|accounting|agriculture|animal_service|applied_arts_and_design|athletics|business_initiatives|creative_writing|culinary_art|engineering|finance|health_care_service|human_resources|humanities|information_technology|law|life_science|management_administration|marketing_advertising|mathematics_statistics|mechanics_electronics|media|medical_science|music|nature_outdoors|office_work|performing_arts|personal_service|physical_science|politics|professional_advising|protective_service|public_speaking|religious_activities|sales|social_science|social_service|teaching_education|transportation_machine_operation|visual_arts,0.0,0.0,0.0,0.0,0.0,0.0,2.0,0.0,0.0,0.0,0.0,0.0,0.0,0.0,0.0,0.0,0.0,0.0,0.0,0.0,0.0,0.0,0.0,0.0,0.0,0.0,0.0,0.0,1.0,0.0,0.0,0.0,0.0,0.0,0.0,0.0,0.0,0.0,0.0,0.0,0.0,1.03,1.0,1.0,1.27,1.06,1.0,2.36,1.0,1.0,2.17,1.0,1.0,1.0,1.0,1.0,1.0,1.0,1.2,1.0,1.59,1.41,1.0,1.0,1.0,1.13,1.0,1.0,1.0,6.58,1.28,1.0,1.0,1.04,1.0,1.0,1.0,1.0,1.0,1.14,2.14,1.32
47-2053.00,Terrazzo Workers and Finishers,construction_woodwork|physical_manual_labor|accounting|agriculture|animal_service|applied_arts_and_design|athletics|business_initiatives|creative_writing|culinary_art|engineering|finance|health_care_service|human_resources|humanities|information_technology|law|life_science|management_administration|marketing_advertising|mathematics_statistics|mechanics_electronics|media|medical_science|music|nature_outdoors|office_work|performing_arts|personal_service|physical_science|politics|professional_advising|protective_service|public_speaking|religious_activities|sales|social_science|social_service|teaching_education|transportation_machine_operation|visual_arts,0.0,0.0,0.0,0.0,0.0,0.0,2.0,0.0,0.0,0.0,0.0,0.0,0.0,0.0,0.0,0.0,0.0,0.0,0.0,0.0,0.0,0.0,0.0,0.0,0.0,0.0,0.0,0.0,1.0,0.0,0.0,0.0,0.0,0.0,0.0,0.0,0.0,0.0,0.0,0.0,0.0,1.17,1.0,1.0,2.03,1.0,1.0,2.71,1.0,1.0,1.91,1.0,1.0,1.0,1.0,1.0,1.0,1.0,1.17,1.0,1.5,1.71,1.0,1.0,1.0,1.0,1.03,1.04,1.06,6.42,1.26,1.0,1.0,1.0,1.0,1.0,1.06,1.0,1.0,1.03,1.6,1.89
47-2061.00,Construction Laborers,transportation_machine_operation|construction_woodwork|physical_manual_labor|accounting|agriculture|animal_service|applied_arts_and_design|athletics|business_initiatives|creative_writing|culinary_art|engineering|finance|health_care_service|human_resources|humanities|information_technology|law|life_science|management_administration|marketing_advertising|mathematics_statistics|mechanics_electronics|media|medical_science|music|nature_outdoors|office_work|performing_arts|personal_service|physical_science|politics|professional_advising|protective_service|public_speaking|religious_activities|sales|social_science|social_service|teaching_education|visual_arts,0.0,0.0,0.0,0.0,0.0,0.0,2.0,0.0,0.0,0.0,0.0,0.0,0.0,0.0,0.0,0.0,0.0,0.0,0.0,0.0,0.0,0.0,0.0,0.0,0.0,0.0,0.0,0.0,1.0,0.0,0.0,0.0,0.0,0.0,0.0,0.0,0.0,0.0,0.0,3.0,0.0,1.17,1.08,1.0,1.0,1.17,1.0,3.82,1.0,1.0,2.4,1.0,1.06,1.07,1.0,1.0,1.0,1.0,1.11,1.0,1.07,2.32,1.0,1.0,1.0,1.57,1.0,1.0,1.0,6.84,1.1,1.0,1.0,1.23,1.05,1.0,1.0,1.0,1.02,1.05,3.27,1.0
47-2071.00,"Paving, Surfacing, and Tamping Equipment Operators",mechanics_electronics|physical_manual_labor|transportation_machine_operation|accounting|agriculture|animal_service|applied_arts_and_design|athletics|business_initiatives|construction_woodwork|creative_writing|culinary_art|engineering|finance|health_care_service|human_resources|humanities|information_technology|law|life_science|management_administration|marketing_advertising|mathematics_statistics|media|medical_science|music|nature_outdoors|office_work|performing_arts|personal_service|physical_science|politics|professional_advising|protective_service|public_speaking|religious_activities|sales|social_science|social_service|teaching_education|visual_arts,0.0,0.0,0.0,0.0,0.0,0.0,0.0,0.0,0.0,0.0,0.0,0.0,0.0,0.0,0.0,0.0,0.0,0.0,0.0,0.0,3.0,0.0,0.0,0.0,0.0,0.0,0.0,0.0,2.0,0.0,0.0,0.0,0.0,0.0,0.0,0.0,0.0,0.0,0.0,1.0,0.0,1.2,1.08,1.0,1.0,1.0,1.0,2.19,1.0,1.0,2.17,1.0,1.0,1.0,1.0,1.03,1.0,1.0,1.23,1.0,1.15,3.58,1.0,1.0,1.0,1.22,1.03,1.0,1.0,5.39,1.1,1.0,1.0,1.12,1.0,1.0,1.0,1.0,1.0,1.03,6.3,1.0
47-2072.00,Pile Driver Operators,transportation_machine_operation|physical_manual_labor|accounting|agriculture|animal_service|applied_arts_and_design|athletics|business_initiatives|construction_woodwork|creative_writing|culinary_art|engineering|finance|health_care_service|human_resources|humanities|information_technology|law|life_science|management_administration|marketing_advertising|mathematics_statistics|mechanics_electronics|media|medical_science|music|nature_outdoors|office_work|performing_arts|personal_service|physical_science|politics|professional_advising|protective_service|public_speaking|religious_activities|sales|social_science|social_service|teaching_education|visual_arts,0.0,0.0,0.0,0.0,0.0,0.0,0.0,0.0,0.0,0.0,0.0,0.0,0.0,0.0,0.0,0.0,0.0,0.0,0.0,0.0,0.0,0.0,0.0,0.0,0.0,0.0,0.0,0.0,1.0,0.0,0.0,0.0,0.0,0.0,0.0,0.0,0.0,0.0,0.0,2.0,0.0,1.0,1.0,1.0,1.0,1.0,1.0,2.78,1.0,1.0,2.74,1.0,1.0,1.0,1.0,1.0,1.0,1.0,1.0,1.0,1.45,2.55,1.0,1.0,1.0,1.41,1.02,1.0,1.0,6.06,1.05,1.0,1.0,1.08,1.0,1.0,1.0,1.0,1.0,1.0,5.78,1.0
47-2073.00,Operating Engineers and Other Construction Equipment Operators,mechanics_electronics|physical_manual_labor|transportation_machine_operation|accounting|agriculture|animal_service|applied_arts_and_design|athletics|business_initiatives|construction_woodwork|creative_writing|culinary_art|engineering|finance|health_care_service|human_resources|humanities|information_technology|law|life_science|management_administration|marketing_advertising|mathematics_statistics|media|medical_science|music|nature_outdoors|office_work|performing_arts|personal_service|physical_science|politics|professional_advising|protective_service|public_speaking|religious_activities|sales|social_science|social_service|teaching_education|visual_arts,0.0,0.0,0.0,0.0,0.0,0.0,0.0,0.0,0.0,0.0,0.0,0.0,0.0,0.0,0.0,0.0,0.0,0.0,0.0,0.0,3.0,0.0,0.0,0.0,0.0,0.0,0.0,0.0,2.0,0.0,0.0,0.0,0.0,0.0,0.0,0.0,0.0,0.0,0.0,1.0,0.0,1.2,1.2,1.0,1.0,1.09,1.0,2.46,1.0,1.0,3.64,1.0,1.0,1.04,1.0,1.16,1.0,1.0,1.32,1.0,1.23,3.69,1.0,1.0,1.0,2.16,1.06,1.0,1.0,5.07,1.16,1.0,1.02,1.28,1.11,1.0,1.0,1.0,1.0,1.14,6.51,1.0
47-2081.00,Drywall and Ceiling Tile Installers,construction_woodwork|physical_manual_labor|accounting|agriculture|animal_service|applied_arts_and_design|athletics|business_initiatives|creative_writing|culinary_art|engineering|finance|health_care_service|human_resources|humanities|information_technology|law|life_science|management_administration|marketing_advertising|mathematics_statistics|mechanics_electronics|media|medical_science|music|nature_outdoors|office_work|performing_arts|personal_service|physical_science|politics|professional_advising|protective_service|public_speaking|religious_activities|sales|social_science|social_service|teaching_education|transportation_machine_operation|visual_arts,0.0,0.0,0.0,0.0,0.0,0.0,2.0,0.0,0.0,0.0,0.0,0.0,0.0,0.0,0.0,0.0,0.0,0.0,0.0,0.0,0.0,0.0,0.0,0.0,0.0,0.0,0.0,0.0,1.0,0.0,0.0,0.0,0.0,0.0,0.0,0.0,0.0,0.0,0.0,0.0,0.0,1.03,1.0,1.0,1.55,1.0,1.0,3.24,1.0,1.0,1.85,1.0,1.0,1.0,1.0,1.0,1.0,1.0,1.2,1.0,1.39,1.47,1.0,1.0,1.07,1.0,1.03,1.0,1.0,6.63,1.05,1.0,1.0,1.0,1.0,1.0,1.0,1.0,1.0,1.08,1.6,1.25
47-2082.00,Tapers,construction_woodwork|physical_manual_labor|accounting|agriculture|animal_service|applied_arts_and_design|athletics|business_initiatives|creative_writing|culinary_art|engineering|finance|health_care_service|human_resources|humanities|information_technology|law|life_science|management_administration|marketing_advertising|mathematics_statistics|mechanics_electronics|media|medical_science|music|nature_outdoors|office_work|performing_arts|personal_service|physical_science|politics|professional_advising|protective_service|public_speaking|religious_activities|sales|social_science|social_service|teaching_education|transportation_machine_operation|visual_arts,0.0,0.0,0.0,0.0,0.0,0.0,2.0,0.0,0.0,0.0,0.0,0.0,0.0,0.0,0.0,0.0,0.0,0.0,0.0,0.0,0.0,0.0,0.0,0.0,0.0,0.0,0.0,0.0,1.0,0.0,0.0,0.0,0.0,0.0,0.0,0.0,0.0,0.0,0.0,0.0,0.0,1.1,1.0,1.0,1.16,1.0,1.0,2.99,1.0,1.0,1.41,1.0,1.0,1.0,1.0,1.0,1.0,1.0,1.0,1.0,1.05,1.41,1.0,1.0,1.0,1.0,1.03,1.0,1.0,5.87,1.05,1.0,1.0,1.0,1.0,1.0,1.02,1.0,1.0,1.05,1.23,1.13
47-2111.00,Electricians,engineering|physical_manual_labor|mechanics_electronics|accounting|agriculture|animal_service|applied_arts_and_design|athletics|business_initiatives|construction_woodwork|creative_writing|culinary_art|finance|health_care_service|human_resources|humanities|information_technology|law|life_science|management_administration|marketing_advertising|mathematics_statistics|media|medical_science|music|nature_outdoors|office_work|performing_arts|personal_service|physical_science|politics|professional_advising|protective_service|public_speaking|religious_activities|sales|social_science|social_service|teaching_education|transportation_machine_operation|visual_arts,0.0,0.0,0.0,0.0,0.0,0.0,0.0,0.0,0.0,3.0,0.0,0.0,0.0,0.0,0.0,0.0,0.0,0.0,0.0,0.0,1.0,0.0,0.0,0.0,0.0,0.0,0.0,0.0,2.0,0.0,0.0,0.0,0.0,0.0,0.0,0.0,0.0,0.0,0.0,0.0,0.0,1.27,1.08,1.0,1.16,1.0,1.16,2.88,1.04,1.0,3.67,1.05,1.1,1.18,1.0,1.39,1.14,1.0,1.78,1.0,1.82,6.55,1.0,1.03,1.0,1.15,1.19,1.0,1.24,5.44,1.42,1.03,1.06,1.12,1.25,1.0,1.2,1.0,1.06,1.34,1.9,1.13
47-2121.00,Glaziers,transportation_machine_operation|physical_manual_labor|accounting|agriculture|animal_service|applied_arts_and_design|athletics|business_initiatives|construction_woodwork|creative_writing|culinary_art|engineering|finance|health_care_service|human_resources|humanities|information_technology|law|life_science|management_administration|marketing_advertising|mathematics_statistics|mechanics_electronics|media|medical_science|music|nature_outdoors|office_work|performing_arts|personal_service|physical_science|politics|professional_advising|protective_service|public_speaking|religious_activities|sales|social_science|social_service|teaching_education|visual_arts,0.0,0.0,0.0,0.0,0.0,0.0,0.0,0.0,0.0,0.0,0.0,0.0,0.0,0.0,0.0,0.0,0.0,0.0,0.0,0.0,0.0,0.0,0.0,0.0,0.0,0.0,0.0,0.0,1.0,0.0,0.0,0.0,0.0,0.0,0.0,0.0,0.0,0.0,0.0,2.0,0.0,1.17,1.0,1.0,1.52,1.0,1.03,2.88,1.0,1.0,2.3,1.0,1.0,1.0,1.0,1.03,1.0,1.0,1.26,1.03,1.42,2.03,1.0,1.0,1.0,1.04,1.08,1.0,1.21,6.06,1.1,1.0,1.01,1.0,1.05,1.0,1.14,1.0,1.03,1.11,3.16,1.3
47-2131.00,"Insulation Workers, Floor, Ceiling, and Wall",construction_woodwork|physical_manual_labor|accounting|agriculture|animal_service|applied_arts_and_design|athletics|business_initiatives|creative_writing|culinary_art|engineering|finance|health_care_service|human_resources|humanities|information_technology|law|life_science|management_administration|marketing_advertising|mathematics_statistics|mechanics_electronics|media|medical_science|music|nature_outdoors|office_work|performing_arts|personal_service|physical_science|politics|professional_advising|protective_service|public_speaking|religious_activities|sales|social_science|social_service|teaching_education|transportation_machine_operation|visual_arts,0.0,0.0,0.0,0.0,0.0,0.0,2.0,0.0,0.0,0.0,0.0,0.0,0.0,0.0,0.0,0.0,0.0,0.0,0.0,0.0,0.0,0.0,0.0,0.0,0.0,0.0,0.0,0.0,1.0,0.0,0.0,0.0,0.0,0.0,0.0,0.0,0.0,0.0,0.0,0.0,0.0,1.07,1.0,1.0,1.13,1.06,1.0,2.95,1.0,1.0,2.07,1.0,1.0,1.0,1.0,1.0,1.0,1.0,1.08,1.0,1.13,1.84,1.0,1.0,1.0,1.0,1.03,1.0,1.09,6.27,1.09,1.0,1.0,1.0,1.0,1.0,1.12,1.0,1.0,1.05,1.87,1.11
47-2132.00,"Insulation Workers, Mechanical",mechanics_electronics|physical_manual_labor|accounting|agriculture|animal_service|applied_arts_and_design|athletics|business_initiatives|construction_woodwork|creative_writing|culinary_art|engineering|finance|health_care_service|human_resources|humanities|information_technology|law|life_science|management_administration|marketing_advertising|mathematics_statistics|media|medical_science|music|nature_outdoors|office_work|performing_arts|personal_service|physical_science|politics|professional_advising|protective_service|public_speaking|religious_activities|sales|social_science|social_service|teaching_education|transportation_machine_operation|visual_arts,0.0,0.0,0.0,0.0,0.0,0.0,0.0,0.0,0.0,0.0,0.0,0.0,0.0,0.0,0.0,0.0,0.0,0.0,0.0,0.0,2.0,0.0,0.0,0.0,0.0,0.0,0.0,0.0,1.0,0.0,0.0,0.0,0.0,0.0,0.0,0.0,0.0,0.0,0.0,0.0,0.0,1.03,1.0,1.0,1.05,1.0,1.01,2.64,1.0,1.0,2.88,1.0,1.03,1.18,1.0,1.0,1.0,1.0,1.2,1.0,1.48,3.54,1.0,1.0,1.0,1.04,1.06,1.0,1.09,6.11,1.28,1.0,1.0,1.12,1.0,1.0,1.08,1.0,1.02,1.08,1.56,1.0
47-2141.00,"Painters, Construction and Maintenance",construction_woodwork|physical_manual_labor|accounting|agriculture|animal_service|applied_arts_and_design|athletics|business_initiatives|creative_writing|culinary_art|engineering|finance|health_care_service|human_resources|humanities|information_technology|law|life_science|management_administration|marketing_advertising|mathematics_statistics|mechanics_electronics|media|medical_science|music|nature_outdoors|office_work|performing_arts|personal_service|physical_science|politics|professional_advising|protective_service|public_speaking|religious_activities|sales|social_science|social_service|teaching_education|transportation_machine_operation|visual_arts,0.0,0.0,0.0,0.0,0.0,0.0,2.0,0.0,0.0,0.0,0.0,0.0,0.0,0.0,0.0,0.0,0.0,0.0,0.0,0.0,0.0,0.0,0.0,0.0,0.0,0.0,0.0,0.0,1.0,0.0,0.0,0.0,0.0,0.0,0.0,0.0,0.0,0.0,0.0,0.0,0.0,1.2,1.04,1.0,2.61,1.03,1.01,2.88,1.04,1.0,1.6,1.02,1.0,1.0,1.03,1.0,1.0,1.0,1.14,1.05,1.15,1.41,1.0,1.0,1.0,1.27,1.06,1.09,1.27,5.97,1.1,1.0,1.0,1.0,1.0,1.0,1.12,1.0,1.05,1.14,1.4,1.91
47-2142.00,Paperhangers,applied_arts_and_design|physical_manual_labor|accounting|agriculture|animal_service|athletics|business_initiatives|construction_woodwork|creative_writing|culinary_art|engineering|finance|health_care_service|human_resources|humanities|information_technology|law|life_science|management_administration|marketing_advertising|mathematics_statistics|mechanics_electronics|media|medical_science|music|nature_outdoors|office_work|performing_arts|personal_service|physical_science|politics|professional_advising|protective_service|public_speaking|religious_activities|sales|social_science|social_service|teaching_education|transportation_machine_operation|visual_arts,0.0,0.0,0.0,2.0,0.0,0.0,0.0,0.0,0.0,0.0,0.0,0.0,0.0,0.0,0.0,0.0,0.0,0.0,0.0,0.0,0.0,0.0,0.0,0.0,0.0,0.0,0.0,0.0,1.0,0.0,0.0,0.0,0.0,0.0,0.0,0.0,0.0,0.0,0.0,0.0,0.0,1.17,1.0,1.0,2.99,1.0,1.0,2.64,1.0,1.0,1.47,1.0,1.0,1.07,1.0,1.0,1.0,1.0,1.17,1.43,1.18,1.26,1.0,1.0,1.0,1.0,1.09,1.13,1.24,5.44,1.02,1.0,1.0,1.0,1.0,1.0,1.12,1.0,1.03,1.08,1.13,2.27
47-2151.00,Pipelayers,transportation_machine_operation|physical_manual_labor|accounting|agriculture|animal_service|applied_arts_and_design|athletics|business_initiatives|construction_woodwork|creative_writing|culinary_art|engineering|finance|health_care_service|human_resources|humanities|information_technology|law|life_science|management_administration|marketing_advertising|mathematics_statistics|mechanics_electronics|media|medical_science|music|nature_outdoors|office_work|performing_arts|personal_service|physical_science|politics|professional_advising|protective_service|public_speaking|religious_activities|sales|social_science|social_service|teaching_education|visual_arts,0.0,0.0,0.0,0.0,0.0,0.0,0.0,0.0,0.0,0.0,0.0,0.0,0.0,0.0,0.0,0.0,0.0,0.0,0.0,0.0,0.0,0.0,0.0,0.0,0.0,0.0,0.0,0.0,1.0,0.0,0.0,0.0,0.0,0.0,0.0,0.0,0.0,0.0,0.0,2.0,0.0,1.0,1.08,1.0,1.0,1.03,1.0,2.29,1.0,1.0,2.3,1.0,1.06,1.11,1.0,1.0,1.0,1.0,1.26,1.0,1.28,1.84,1.0,1.0,1.0,1.68,1.02,1.0,1.0,6.63,1.1,1.0,1.0,1.08,1.03,1.0,1.0,1.0,1.0,1.16,4.39,1.0
47-2152.00,"Plumbers, Pipefitters, and Steamfitters",engineering|mechanics_electronics|physical_manual_labor|accounting|agriculture|animal_service|applied_arts_and_design|athletics|business_initiatives|construction_woodwork|creative_writing|culinary_art|finance|health_care_service|human_resources|humanities|information_technology|law|life_science|management_administration|marketing_advertising|mathematics_statistics|media|medical_science|music|nature_outdoors|office_work|performing_arts|personal_service|physical_science|politics|professional_advising|protective_service|public_speaking|religious_activities|sales|social_science|social_service|teaching_education|transportation_machine_operation|visual_arts,0.0,0.0,0.0,0.0,0.0,0.0,0.0,0.0,0.0,3.0,0.0,0.0,0.0,0.0,0.0,0.0,0.0,0.0,0.0,0.0,2.0,0.0,0.0,0.0,0.0,0.0,0.0,0.0,1.0,0.0,0.0,0.0,0.0,0.0,0.0,0.0,0.0,0.0,0.0,0.0,0.0,1.34,1.09,1.0,1.16,1.09,1.07,2.57,1.0,1.0,4.05,1.07,1.19,1.21,1.0,1.16,1.11,1.05,1.65,1.0,1.62,4.69,1.0,1.05,1.0,1.22,1.14,1.0,1.31,6.11,1.42,1.0,1.06,1.23,1.16,1.0,1.12,1.0,1.08,1.22,1.83,1.04
47-2161.00,Plasterers and Stucco Masons,construction_woodwork|physical_manual_labor|accounting|agriculture|animal_service|applied_arts_and_design|athletics|business_initiatives|creative_writing|culinary_art|engineering|finance|health_care_service|human_resources|humanities|information_technology|law|life_science|management_administration|marketing_advertising|mathematics_statistics|mechanics_electronics|media|medical_science|music|nature_outdoors|office_work|performing_arts|personal_service|physical_science|politics|professional_advising|protective_service|public_speaking|religious_activities|sales|social_science|social_service|teaching_education|transportation_machine_operation|visual_arts,0.0,0.0,0.0,0.0,0.0,0.0,2.0,0.0,0.0,0.0,0.0,0.0,0.0,0.0,0.0,0.0,0.0,0.0,0.0,0.0,0.0,0.0,0.0,0.0,0.0,0.0,0.0,0.0,1.0,0.0,0.0,0.0,0.0,0.0,0.0,0.0,0.0,0.0,0.0,0.0,0.0,1.17,1.0,1.0,2.16,1.03,1.03,3.13,1.0,1.04,1.72,1.0,1.0,1.04,1.0,1.0,1.0,1.0,1.41,1.0,1.07,1.32,1.0,1.0,1.0,1.13,1.06,1.06,1.15,6.37,1.07,1.0,1.0,1.0,1.0,1.0,1.1,1.0,1.02,1.16,1.33,1.77
47-2171.00,Reinforcing Iron and Rebar Workers,engineering|physical_manual_labor|accounting|agriculture|animal_service|applied_arts_and_design|athletics|business_initiatives|construction_woodwork|creative_writing|culinary_art|finance|health_care_service|human_resources|humanities|information_technology|law|life_science|management_administration|marketing_advertising|mathematics_statistics|mechanics_electronics|media|medical_science|music|nature_outdoors|office_work|performing_arts|personal_service|physical_science|politics|professional_advising|protective_service|public_speaking|religious_activities|sales|social_science|social_service|teaching_education|transportation_machine_operation|visual_arts,0.0,0.0,0.0,0.0,0.0,0.0,0.0,0.0,0.0,2.0,0.0,0.0,0.0,0.0,0.0,0.0,0.0,0.0,0.0,0.0,0.0,0.0,0.0,0.0,0.0,0.0,0.0,0.0,1.0,0.0,0.0,0.0,0.0,0.0,0.0,0.0,0.0,0.0,0.0,0.0,0.0,1.17,1.0,1.0,1.16,1.06,1.01,1.96,1.0,1.0,2.92,1.0,1.0,1.0,1.0,1.0,1.0,1.0,1.17,1.0,1.62,1.77,1.0,1.0,1.0,1.09,1.05,1.0,1.0,6.53,1.1,1.0,1.0,1.0,1.05,1.0,1.0,1.0,1.0,1.08,1.7,1.13
47-2181.00,Roofers,construction_woodwork|physical_manual_labor|accounting|agriculture|animal_service|applied_arts_and_design|athletics|business_initiatives|creative_writing|culinary_art|engineering|finance|health_care_service|human_resources|humanities|information_technology|law|life_science|management_administration|marketing_advertising|mathematics_statistics|mechanics_electronics|media|medical_science|music|nature_outdoors|office_work|performing_arts|personal_service|physical_science|politics|professional_advising|protective_service|public_speaking|religious_activities|sales|social_science|social_service|teaching_education|transportation_machine_operation|visual_arts,0.0,0.0,0.0,0.0,0.0,0.0,2.0,0.0,0.0,0.0,0.0,0.0,0.0,0.0,0.0,0.0,0.0,0.0,0.0,0.0,0.0,0.0,0.0,0.0,0.0,0.0,0.0,0.0,1.0,0.0,0.0,0.0,0.0,0.0,0.0,0.0,0.0,0.0,0.0,0.0,0.0,1.1,1.01,1.0,1.16,1.06,1.04,3.06,1.0,1.0,1.88,1.05,1.0,1.11,1.0,1.0,1.0,1.0,1.32,1.0,1.28,1.47,1.0,1.0,1.0,1.22,1.06,1.0,1.18,6.58,1.09,1.0,1.01,1.08,1.14,1.0,1.16,1.0,1.05,1.16,1.77,1.07
47-2211.00,Sheet Metal Workers,engineering|mechanics_electronics|physical_manual_labor|accounting|agriculture|animal_service|applied_arts_and_design|athletics|business_initiatives|construction_woodwork|creative_writing|culinary_art|finance|health_care_service|human_resources|humanities|information_technology|law|life_science|management_administration|marketing_advertising|mathematics_statistics|media|medical_science|music|nature_outdoors|office_work|performing_arts|personal_service|physical_science|politics|professional_advising|protective_service|public_speaking|religious_activities|sales|social_science|social_service|teaching_education|transportation_machine_operation|visual_arts,0.0,0.0,0.0,0.0,0.0,0.0,0.0,0.0,0.0,3.0,0.0,0.0,0.0,0.0,0.0,0.0,0.0,0.0,0.0,0.0,2.0,0.0,0.0,0.0,0.0,0.0,0.0,0.0,1.0,0.0,0.0,0.0,0.0,0.0,0.0,0.0,0.0,0.0,0.0,0.0,0.0,1.17,1.0,1.0,1.32,1.03,1.01,2.67,1.0,1.0,3.49,1.0,1.03,1.39,1.0,1.05,1.0,1.0,1.5,1.0,1.65,3.8,1.0,1.0,1.0,1.09,1.06,1.0,1.0,6.06,1.22,1.0,1.03,1.0,1.14,1.0,1.06,1.0,1.0,1.28,2.28,1.16
47-2221.00,Structural Iron and Steel Workers,engineering|physical_manual_labor|accounting|agriculture|animal_service|applied_arts_and_design|athletics|business_initiatives|construction_woodwork|creative_writing|culinary_art|finance|health_care_service|human_resources|humanities|information_technology|law|life_science|management_administration|marketing_advertising|mathematics_statistics|mechanics_electronics|media|medical_science|music|nature_outdoors|office_work|performing_arts|personal_service|physical_science|politics|professional_advising|protective_service|public_speaking|religious_activities|sales|social_science|social_service|teaching_education|transportation_machine_operation|visual_arts,0.0,0.0,0.0,0.0,0.0,0.0,0.0,0.0,0.0,2.0,0.0,0.0,0.0,0.0,0.0,0.0,0.0,0.0,0.0,0.0,0.0,0.0,0.0,0.0,0.0,0.0,0.0,0.0,1.0,0.0,0.0,0.0,0.0,0.0,0.0,0.0,0.0,0.0,0.0,0.0,0.0,1.17,1.0,1.0,1.08,1.11,1.01,2.16,1.0,1.0,4.12,1.0,1.0,1.0,1.0,1.11,1.04,1.0,1.17,1.0,1.59,1.96,1.0,1.0,1.0,1.09,1.06,1.0,1.0,6.68,1.16,1.0,1.0,1.12,1.03,1.0,1.0,1.0,1.0,1.11,2.88,1.04
47-2231.00,Solar Photovoltaic Installers,engineering|physical_manual_labor|mechanics_electronics|accounting|agriculture|animal_service|applied_arts_and_design|athletics|business_initiatives|construction_woodwork|creative_writing|culinary_art|finance|health_care_service|human_resources|humanities|information_technology|law|life_science|management_administration|marketing_advertising|mathematics_statistics|media|medical_science|music|nature_outdoors|office_work|performing_arts|personal_service|physical_science|politics|professional_advising|protective_service|public_speaking|religious_activities|sales|social_science|social_service|teaching_education|transportation_machine_operation|visual_arts,0.0,0.0,0.0,0.0,0.0,0.0,0.0,0.0,0.0,3.0,0.0,0.0,0.0,0.0,0.0,0.0,0.0,0.0,0.0,0.0,1.0,0.0,0.0,0.0,0.0,0.0,0.0,0.0,2.0,0.0,0.0,0.0,0.0,0.0,0.0,0.0,0.0,0.0,0.0,0.0,0.0,1.37,1.0,1.0,1.13,1.0,1.16,2.81,1.0,1.0,4.95,1.13,1.0,1.21,1.0,1.83,1.11,1.0,1.41,1.03,2.25,6.19,1.05,1.0,1.0,1.49,1.17,1.0,1.21,5.87,1.68,1.03,1.06,1.12,1.19,1.0,1.27,1.0,1.05,1.22,2.14,1.11
47-3011.00,"Helpers--Brickmasons, Blockmasons, Stonemasons, and Tile and Marble Setters",construction_woodwork|physical_manual_labor|accounting|agriculture|animal_service|applied_arts_and_design|athletics|business_initiatives|creative_writing|culinary_art|engineering|finance|health_care_service|human_resources|humanities|information_technology|law|life_science|management_administration|marketing_advertising|mathematics_statistics|mechanics_electronics|media|medical_science|music|nature_outdoors|office_work|performing_arts|personal_service|physical_science|politics|professional_advising|protective_service|public_speaking|religious_activities|sales|social_science|social_service|teaching_education|transportation_machine_operation|visual_arts,0.0,0.0,0.0,0.0,0.0,0.0,2.0,0.0,0.0,0.0,0.0,0.0,0.0,0.0,0.0,0.0,0.0,0.0,0.0,0.0,0.0,0.0,0.0,0.0,0.0,0.0,0.0,0.0,1.0,0.0,0.0,0.0,0.0,0.0,0.0,0.0,0.0,0.0,0.0,0.0,0.0,1.1,1.01,1.0,1.24,1.0,1.0,2.53,1.0,1.0,1.85,1.0,1.0,1.0,1.0,1.0,1.0,1.0,1.0,1.0,1.34,1.44,1.0,1.0,1.0,1.15,1.01,1.0,1.0,6.58,1.1,1.0,1.0,1.0,1.0,1.0,1.0,1.0,1.0,1.08,2.39,1.13
47-3012.00,Helpers--Carpenters,physical_manual_labor|construction_woodwork|accounting|agriculture|animal_service|applied_arts_and_design|athletics|business_initiatives|creative_writing|culinary_art|engineering|finance|health_care_service|human_resources|humanities|information_technology|law|life_science|management_administration|marketing_advertising|mathematics_statistics|mechanics_electronics|media|medical_science|music|nature_outdoors|office_work|performing_arts|personal_service|physical_science|politics|professional_advising|protective_service|public_speaking|religious_activities|sales|social_science|social_service|teaching_education|transportation_machine_operation|visual_arts,0.0,0.0,0.0,0.0,0.0,0.0,1.0,0.0,0.0,0.0,0.0,0.0,0.0,0.0,0.0,0.0,0.0,0.0,0.0,0.0,0.0,0.0,0.0,0.0,0.0,0.0,0.0,0.0,2.0,0.0,0.0,0.0,0.0,0.0,0.0,0.0,0.0,0.0,0.0,0.0,0.0,1.03,1.01,1.0,1.27,1.0,1.0,6.49,1.0,1.0,1.79,1.0,1.0,1.0,1.0,1.0,1.0,1.0,1.11,1.0,1.23,1.65,1.0,1.0,1.0,1.24,1.03,1.0,1.18,6.37,1.05,1.0,1.0,1.12,1.0,1.0,1.02,1.0,1.08,1.16,1.63,1.11
47-3013.00,Helpers--Electricians,engineering|physical_manual_labor|mechanics_electronics|accounting|agriculture|animal_service|applied_arts_and_design|athletics|business_initiatives|construction_woodwork|creative_writing|culinary_art|finance|health_care_service|human_resources|humanities|information_technology|law|life_science|management_administration|marketing_advertising|mathematics_statistics|media|medical_science|music|nature_outdoors|office_work|performing_arts|personal_service|physical_science|politics|professional_advising|protective_service|public_speaking|religious_activities|sales|social_science|social_service|teaching_education|transportation_machine_operation|visual_arts,0.0,0.0,0.0,0.0,0.0,0.0,0.0,0.0,0.0,3.0,0.0,0.0,0.0,0.0,0.0,0.0,0.0,0.0,0.0,0.0,1.0,0.0,0.0,0.0,0.0,0.0,0.0,0.0,2.0,0.0,0.0,0.0,0.0,0.0,0.0,0.0,0.0,0.0,0.0,0.0,0.0,1.17,1.0,1.0,1.03,1.06,1.0,2.09,1.0,1.0,3.31,1.0,1.0,1.0,1.0,1.16,1.0,1.0,1.14,1.0,1.47,6.19,1.0,1.0,1.0,1.13,1.08,1.0,1.18,6.02,1.24,1.0,1.0,1.12,1.0,1.0,1.04,1.0,1.05,1.16,2.42,1.0
47-3014.00,"Helpers--Painters, Paperhangers, Plasterers, and Stucco Masons",construction_woodwork|physical_manual_labor|accounting|agriculture|animal_service|applied_arts_and_design|athletics|business_initiatives|creative_writing|culinary_art|engineering|finance|health_care_service|human_resources|humanities|information_technology|law|life_science|management_administration|marketing_advertising|mathematics_statistics|mechanics_electronics|media|medical_science|music|nature_outdoors|office_work|performing_arts|personal_service|physical_science|politics|professional_advising|protective_service|public_speaking|religious_activities|sales|social_science|social_service|teaching_education|transportation_machine_operation|visual_arts,0.0,0.0,0.0,0.0,0.0,0.0,2.0,0.0,0.0,0.0,0.0,0.0,0.0,0.0,0.0,0.0,0.0,0.0,0.0,0.0,0.0,0.0,0.0,0.0,0.0,0.0,0.0,0.0,1.0,0.0,0.0,0.0,0.0,0.0,0.0,0.0,0.0,0.0,0.0,0.0,0.0,1.0,1.0,1.0,1.27,1.06,1.0,2.4,1.0,1.0,1.32,1.0,1.0,1.0,1.0,1.0,1.0,1.0,1.06,1.0,1.0,1.32,1.0,1.0,1.0,1.11,1.05,1.0,1.18,6.02,1.02,1.0,1.0,1.0,1.0,1.0,1.0,1.0,1.1,1.11,1.46,1.3
47-3015.00,"Helpers--Pipelayers, Plumbers, Pipefitters, and Steamfitters",mechanics_electronics|physical_manual_labor|accounting|agriculture|animal_service|applied_arts_and_design|athletics|business_initiatives|construction_woodwork|creative_writing|culinary_art|engineering|finance|health_care_service|human_resources|humanities|information_technology|law|life_science|management_administration|marketing_advertising|mathematics_statistics|media|medical_science|music|nature_outdoors|office_work|performing_arts|personal_service|physical_science|politics|professional_advising|protective_service|public_speaking|religious_activities|sales|social_science|social_service|teaching_education|transportation_machine_operation|visual_arts,0.0,0.0,0.0,0.0,0.0,0.0,0.0,0.0,0.0,0.0,0.0,0.0,0.0,0.0,0.0,0.0,0.0,0.0,0.0,0.0,2.0,0.0,0.0,0.0,0.0,0.0,0.0,0.0,1.0,0.0,0.0,0.0,0.0,0.0,0.0,0.0,0.0,0.0,0.0,0.0,0.0,1.2,1.04,1.0,1.0,1.09,1.0,2.5,1.0,1.0,2.5,1.0,1.06,1.07,1.0,1.0,1.0,1.0,1.17,1.0,1.53,3.07,1.0,1.0,1.0,1.22,1.06,1.0,1.18,6.22,1.1,1.0,1.0,1.0,1.03,1.0,1.06,1.0,1.06,1.16,1.8,1.0
47-3016.00,Helpers--Roofers,construction_woodwork|physical_manual_labor|accounting|agriculture|animal_service|applied_arts_and_design|athletics|business_initiatives|creative_writing|culinary_art|engineering|finance|health_care_service|human_resources|humanities|information_technology|law|life_science|management_administration|marketing_advertising|mathematics_statistics|mechanics_electronics|media|medical_science|music|nature_outdoors|office_work|performing_arts|personal_service|physical_science|politics|professional_advising|protective_service|public_speaking|religious_activities|sales|social_science|social_service|teaching_education|transportation_machine_operation|visual_arts,0.0,0.0,0.0,0.0,0.0,0.0,2.0,0.0,0.0,0.0,0.0,0.0,0.0,0.0,0.0,0.0,0.0,0.0,0.0,0.0,0.0,0.0,0.0,0.0,0.0,0.0,0.0,0.0,1.0,0.0,0.0,0.0,0.0,0.0,0.0,0.0,0.0,0.0,0.0,0.0,0.0,1.0,1.0,1.0,1.0,1.06,1.0,2.67,1.0,1.0,1.5,1.0,1.0,1.0,1.0,1.0,1.0,1.0,1.03,1.0,1.15,1.41,1.0,1.0,1.0,1.15,1.0,1.0,1.09,6.53,1.0,1.0,1.0,1.08,1.0,1.0,1.02,1.0,1.03,1.05,2.18,1.0
47-4011.00,Construction and Building Inspectors,mechanics_electronics|construction_woodwork|engineering|accounting|agriculture|animal_service|applied_arts_and_design|athletics|business_initiatives|creative_writing|culinary_art|finance|health_care_service|human_resources|humanities|information_technology|law|life_science|management_administration|marketing_advertising|mathematics_statistics|media|medical_science|music|nature_outdoors|office_work|performing_arts|personal_service|physical_science|physical_manual_labor|politics|professional_advising|protective_service|public_speaking|religious_activities|sales|social_science|social_service|teaching_education|transportation_machine_operation|visual_arts,0.0,0.0,0.0,0.0,0.0,0.0,2.0,0.0,0.0,1.0,0.0,0.0,0.0,0.0,0.0,0.0,0.0,0.0,0.0,0.0,3.0,0.0,0.0,0.0,0.0,0.0,0.0,0.0,0.0,0.0,0.0,0.0,0.0,0.0,0.0,0.0,0.0,0.0,0.0,0.0,0.0,1.61,1.0,1.0,1.13,1.0,1.2,4.01,1.07,1.0,4.71,1.23,1.06,1.35,1.0,1.71,3.09,1.0,2.52,1.0,2.25,3.62,1.12,1.03,1.0,1.32,1.95,1.0,1.34,2.23,1.9,1.38,1.22,2.6,2.12,1.0,1.16,1.13,1.1,1.42,1.7,1.11
47-4021.00,Elevator and Escalator Installers and Repairers,engineering|physical_manual_labor|mechanics_electronics|accounting|agriculture|animal_service|applied_arts_and_design|athletics|business_initiatives|construction_woodwork|creative_writing|culinary_art|finance|health_care_service|human_resources|humanities|information_technology|law|life_science|management_administration|marketing_advertising|mathematics_statistics|media|medical_science|music|nature_outdoors|office_work|performing_arts|personal_service|physical_science|politics|professional_advising|protective_service|public_speaking|religious_activities|sales|social_science|social_service|teaching_education|transportation_machine_operation|visual_arts,0.0,0.0,0.0,0.0,0.0,0.0,0.0,0.0,0.0,3.0,0.0,0.0,0.0,0.0,0.0,0.0,0.0,0.0,0.0,0.0,1.0,0.0,0.0,0.0,0.0,0.0,0.0,0.0,2.0,0.0,0.0,0.0,0.0,0.0,0.0,0.0,0.0,0.0,0.0,0.0,0.0,1.2,1.0,1.0,1.0,1.0,1.03,1.86,1.0,1.0,4.95,1.0,1.0,1.07,1.0,1.62,1.11,1.0,1.38,1.0,1.67,6.55,1.0,1.0,1.0,1.0,1.16,1.0,1.18,5.72,1.22,1.0,1.01,1.23,1.03,1.0,1.04,1.0,1.05,1.16,2.01,1.02
47-4031.00,Fence Erectors,construction_woodwork|physical_manual_labor|accounting|agriculture|animal_service|applied_arts_and_design|athletics|business_initiatives|creative_writing|culinary_art|engineering|finance|health_care_service|human_resources|humanities|information_technology|law|life_science|management_administration|marketing_advertising|mathematics_statistics|mechanics_electronics|media|medical_science|music|nature_outdoors|office_work|performing_arts|personal_service|physical_science|politics|professional_advising|protective_service|public_speaking|religious_activities|sales|social_science|social_service|teaching_education|transportation_machine_operation|visual_arts,0.0,0.0,0.0,0.0,0.0,0.0,2.0,0.0,0.0,0.0,0.0,0.0,0.0,0.0,0.0,0.0,0.0,0.0,0.0,0.0,0.0,0.0,0.0,0.0,0.0,0.0,0.0,0.0,1.0,0.0,0.0,0.0,0.0,0.0,0.0,0.0,0.0,0.0,0.0,0.0,0.0,1.07,1.42,1.02,1.08,1.06,1.07,3.3,1.0,1.0,1.91,1.07,1.0,1.18,1.0,1.0,1.07,1.0,1.38,1.08,1.23,1.65,1.0,1.0,1.0,1.52,1.04,1.0,1.31,6.48,1.05,1.0,1.06,1.16,1.08,1.0,1.5,1.0,1.05,1.08,2.07,1.07
47-4041.00,Hazardous Materials Removal Workers,transportation_machine_operation|physical_manual_labor|accounting|agriculture|animal_service|applied_arts_and_design|athletics|business_initiatives|construction_woodwork|creative_writing|culinary_art|engineering|finance|health_care_service|human_resources|humanities|information_technology|law|life_science|management_administration|marketing_advertising|mathematics_statistics|mechanics_electronics|media|medical_science|music|nature_outdoors|office_work|performing_arts|personal_service|physical_science|politics|professional_advising|protective_service|public_speaking|religious_activities|sales|social_science|social_service|teaching_education|visual_arts,0.0,0.0,0.0,0.0,0.0,0.0,0.0,0.0,0.0,0.0,0.0,0.0,0.0,0.0,0.0,0.0,0.0,0.0,0.0,0.0,0.0,0.0,0.0,0.0,0.0,0.0,0.0,0.0,1.0,0.0,0.0,0.0,0.0,0.0,0.0,0.0,0.0,0.0,0.0,2.0,0.0,1.2,1.09,1.0,1.0,1.09,1.01,2.29,1.0,1.0,1.88,1.0,1.23,1.04,1.0,1.03,1.22,1.51,1.41,1.0,1.18,2.25,1.0,1.42,1.0,1.78,1.12,1.0,1.18,6.32,1.58,1.03,1.0,2.29,1.16,1.0,1.02,1.0,1.05,1.16,4.27,1.0
47-4051.00,Highway Maintenance Workers,transportation_machine_operation|physical_manual_labor|accounting|agriculture|animal_service|applied_arts_and_design|athletics|business_initiatives|construction_woodwork|creative_writing|culinary_art|engineering|finance|health_care_service|human_resources|humanities|information_technology|law|life_science|management_administration|marketing_advertising|mathematics_statistics|mechanics_electronics|media|medical_science|music|nature_outdoors|office_work|performing_arts|personal_service|physical_science|politics|professional_advising|protective_service|public_speaking|religious_activities|sales|social_science|social_service|teaching_education|visual_arts,0.0,0.0,0.0,0.0,0.0,0.0,0.0,0.0,0.0,0.0,0.0,0.0,0.0,0.0,0.0,0.0,0.0,0.0,0.0,0.0,0.0,0.0,0.0,0.0,0.0,0.0,0.0,0.0,1.0,0.0,0.0,0.0,0.0,0.0,0.0,0.0,0.0,0.0,0.0,2.0,0.0,1.0,1.09,1.02,1.0,1.06,1.0,2.29,1.0,1.0,1.91,1.0,1.0,1.14,1.0,1.0,1.0,1.0,1.35,1.0,1.05,2.79,1.0,1.0,1.0,2.84,1.06,1.0,1.18,6.68,1.05,1.06,1.0,1.44,1.16,1.0,1.0,1.0,1.06,1.16,6.22,1.0
47-4061.00,Rail-Track Laying and Maintenance Equipment Operators,mechanics_electronics|transportation_machine_operation|physical_manual_labor|accounting|agriculture|animal_service|applied_arts_and_design|athletics|business_initiatives|construction_woodwork|creative_writing|culinary_art|engineering|finance|health_care_service|human_resources|humanities|information_technology|law|life_science|management_administration|marketing_advertising|mathematics_statistics|media|medical_science|music|nature_outdoors|office_work|performing_arts|personal_service|physical_science|politics|professional_advising|protective_service|public_speaking|religious_activities|sales|social_science|social_service|teaching_education|visual_arts,0.0,0.0,0.0,0.0,0.0,0.0,0.0,0.0,0.0,0.0,0.0,0.0,0.0,0.0,0.0,0.0,0.0,0.0,0.0,0.0,3.0,0.0,0.0,0.0,0.0,0.0,0.0,0.0,1.0,0.0,0.0,0.0,0.0,0.0,0.0,0.0,0.0,0.0,0.0,2.0,0.0,1.03,1.06,1.0,1.0,1.0,1.0,2.16,1.0,1.0,2.92,1.0,1.0,1.04,1.0,1.05,1.0,1.0,1.26,1.0,1.1,4.14,1.0,1.0,1.0,1.49,1.06,1.0,1.0,6.48,1.1,1.0,1.0,1.32,1.0,1.0,1.0,1.0,1.0,1.03,5.74,1.0
47-4071.00,Septic Tank Servicers and Sewer Pipe Cleaners,transportation_machine_operation|physical_manual_labor|accounting|agriculture|animal_service|applied_arts_and_design|athletics|business_initiatives|construction_woodwork|creative_writing|culinary_art|engineering|finance|health_care_service|human_resources|humanities|information_technology|law|life_science|management_administration|marketing_advertising|mathematics_statistics|mechanics_electronics|media|medical_science|music|nature_outdoors|office_work|performing_arts|personal_service|physical_science|politics|professional_advising|protective_service|public_speaking|religious_activities|sales|social_science|social_service|teaching_education|visual_arts,0.0,0.0,0.0,0.0,0.0,0.0,0.0,0.0,0.0,0.0,0.0,0.0,0.0,0.0,0.0,0.0,0.0,0.0,0.0,0.0,0.0,0.0,0.0,0.0,0.0,0.0,0.0,0.0,1.0,0.0,0.0,0.0,0.0,0.0,0.0,0.0,0.0,0.0,0.0,2.0,0.0,1.2,1.06,1.0,1.0,1.06,1.0,1.7,1.0,1.0,1.94,1.0,1.06,1.21,1.0,1.0,1.0,1.08,1.41,1.0,1.34,2.72,1.0,1.05,1.0,1.24,1.21,1.0,1.18,6.27,1.1,1.0,1.01,1.23,1.03,1.0,1.12,1.0,1.05,1.05,4.96,1.0
47-4091.00,Segmental Pavers,construction_woodwork|physical_manual_labor|accounting|agriculture|animal_service|applied_arts_and_design|athletics|business_initiatives|creative_writing|culinary_art|engineering|finance|health_care_service|human_resources|humanities|information_technology|law|life_science|management_administration|marketing_advertising|mathematics_statistics|mechanics_electronics|media|medical_science|music|nature_outdoors|office_work|performing_arts|personal_service|physical_science|politics|professional_advising|protective_service|public_speaking|religious_activities|sales|social_science|social_service|teaching_education|transportation_machine_operation|visual_arts,0.0,0.0,0.0,0.0,0.0,0.0,2.0,0.0,0.0,0.0,0.0,0.0,0.0,0.0,0.0,0.0,0.0,0.0,0.0,0.0,0.0,0.0,0.0,0.0,0.0,0.0,0.0,0.0,1.0,0.0,0.0,0.0,0.0,0.0,0.0,0.0,0.0,0.0,0.0,0.0,0.0,1.07,1.03,1.0,1.49,1.03,1.0,2.81,1.0,1.0,1.88,1.0,1.0,1.0,1.0,1.0,1.0,1.0,1.17,1.0,1.26,1.59,1.0,1.0,1.0,1.54,1.01,1.0,1.18,6.48,1.03,1.0,1.02,1.0,1.05,1.0,1.1,1.0,1.0,1.08,2.0,1.23
47-5011.00,"Derrick Operators, Oil and Gas",engineering|mechanics_electronics|physical_manual_labor|accounting|agriculture|animal_service|applied_arts_and_design|athletics|business_initiatives|construction_woodwork|creative_writing|culinary_art|finance|health_care_service|human_resources|humanities|information_technology|law|life_science|management_administration|marketing_advertising|mathematics_statistics|media|medical_science|music|nature_outdoors|office_work|performing_arts|personal_service|physical_science|politics|professional_advising|protective_service|public_speaking|religious_activities|sales|social_science|social_service|teaching_education|transportation_machine_operation|visual_arts,0.0,0.0,0.0,0.0,0.0,0.0,0.0,0.0,0.0,3.0,0.0,0.0,0.0,0.0,0.0,0.0,0.0,0.0,0.0,0.0,2.0,0.0,0.0,0.0,0.0,0.0,0.0,0.0,1.0,0.0,0.0,0.0,0.0,0.0,0.0,0.0,0.0,0.0,0.0,0.0,0.0,1.31,1.04,1.0,1.0,1.14,1.01,1.34,1.0,1.0,3.82,1.0,1.0,1.21,1.0,1.16,1.0,1.0,1.71,1.0,1.56,5.22,1.0,1.0,1.0,1.15,1.05,1.0,1.0,6.22,1.42,1.0,1.03,1.04,1.05,1.0,1.0,1.0,1.0,1.19,2.7,1.0
47-5012.00,"Rotary Drill Operators, Oil and Gas",engineering|mechanics_electronics|physical_manual_labor|accounting|agriculture|animal_service|applied_arts_and_design|athletics|business_initiatives|construction_woodwork|creative_writing|culinary_art|finance|health_care_service|human_resources|humanities|information_technology|law|life_science|management_administration|marketing_advertising|mathematics_statistics|media|medical_science|music|nature_outdoors|office_work|performing_arts|personal_service|physical_science|politics|professional_advising|protective_service|public_speaking|religious_activities|sales|social_science|social_service|teaching_education|transportation_machine_operation|visual_arts,0.0,0.0,0.0,0.0,0.0,0.0,0.0,0.0,0.0,3.0,0.0,0.0,0.0,0.0,0.0,0.0,0.0,0.0,0.0,0.0,2.0,0.0,0.0,0.0,0.0,0.0,0.0,0.0,1.0,0.0,0.0,0.0,0.0,0.0,0.0,0.0,0.0,0.0,0.0,0.0,0.0,1.34,1.11,1.0,1.0,1.03,1.18,1.34,1.0,1.0,3.94,1.05,1.0,1.86,1.0,1.05,1.0,1.08,2.73,1.0,1.65,5.59,1.0,1.0,1.0,1.22,1.14,1.0,1.0,5.97,1.61,1.06,1.16,1.12,1.22,1.0,1.0,1.0,1.03,1.45,3.31,1.0
47-5013.00,"Service Unit Operators, Oil and Gas",transportation_machine_operation|mechanics_electronics|physical_manual_labor|accounting|agriculture|animal_service|applied_arts_and_design|athletics|business_initiatives|construction_woodwork|creative_writing|culinary_art|engineering|finance|health_care_service|human_resources|humanities|information_technology|law|life_science|management_administration|marketing_advertising|mathematics_statistics|media|medical_science|music|nature_outdoors|office_work|performing_arts|personal_service|physical_science|politics|professional_advising|protective_service|public_speaking|religious_activities|sales|social_science|social_service|teaching_education|visual_arts,0.0,0.0,0.0,0.0,0.0,0.0,0.0,0.0,0.0,0.0,0.0,0.0,0.0,0.0,0.0,0.0,0.0,0.0,0.0,0.0,2.0,0.0,0.0,0.0,0.0,0.0,0.0,0.0,1.0,0.0,0.0,0.0,0.0,0.0,0.0,0.0,0.0,0.0,0.0,3.0,0.0,1.51,1.09,1.0,1.0,1.0,1.2,1.41,1.0,1.0,3.64,1.2,1.0,1.32,1.0,1.22,1.0,1.05,1.56,1.05,1.62,5.34,1.0,1.0,1.0,1.25,1.17,1.0,1.15,5.91,1.76,1.0,1.06,1.12,1.19,1.0,1.12,1.0,1.0,1.14,5.27,1.0
47-5022.00,"Excavating and Loading Machine and Dragline Operators, Surface Mining",mechanics_electronics|physical_manual_labor|transportation_machine_operation|accounting|agriculture|animal_service|applied_arts_and_design|athletics|business_initiatives|construction_woodwork|creative_writing|culinary_art|engineering|finance|health_care_service|human_resources|humanities|information_technology|law|life_science|management_administration|marketing_advertising|mathematics_statistics|media|medical_science|music|nature_outdoors|office_work|performing_arts|personal_service|physical_science|politics|professional_advising|protective_service|public_speaking|religious_activities|sales|social_science|social_service|teaching_education|visual_arts,0.0,0.0,0.0,0.0,0.0,0.0,0.0,0.0,0.0,0.0,0.0,0.0,0.0,0.0,0.0,0.0,0.0,0.0,0.0,0.0,3.0,0.0,0.0,0.0,0.0,0.0,0.0,0.0,2.0,0.0,0.0,0.0,0.0,0.0,0.0,0.0,0.0,0.0,0.0,1.0,0.0,1.13,1.13,1.0,1.0,1.03,1.0,2.02,1.0,1.0,2.81,1.0,1.0,1.0,1.0,1.08,1.0,1.0,1.14,1.0,1.07,3.36,1.0,1.0,1.0,1.81,1.03,1.0,1.0,4.93,1.09,1.0,1.0,1.0,1.0,1.0,1.0,1.0,1.0,1.05,6.18,1.0
47-5023.00,"Earth Drillers, Except Oil and Gas",mechanics_electronics|transportation_machine_operation|physical_manual_labor|accounting|agriculture|animal_service|applied_arts_and_design|athletics|business_initiatives|construction_woodwork|creative_writing|culinary_art|engineering|finance|health_care_service|human_resources|humanities|information_technology|law|life_science|management_administration|marketing_advertising|mathematics_statistics|media|medical_science|music|nature_outdoors|office_work|performing_arts|personal_service|physical_science|politics|professional_advising|protective_service|public_speaking|religious_activities|sales|social_science|social_service|teaching_education|visual_arts,0.0,0.0,0.0,0.0,0.0,0.0,0.0,0.0,0.0,0.0,0.0,0.0,0.0,0.0,0.0,0.0,0.0,0.0,0.0,0.0,3.0,0.0,0.0,0.0,0.0,0.0,0.0,0.0,1.0,0.0,0.0,0.0,0.0,0.0,0.0,0.0,0.0,0.0,0.0,2.0,0.0,1.2,1.34,1.0,1.0,1.03,1.03,1.47,1.0,1.0,3.49,1.0,1.0,1.0,1.0,1.16,1.0,1.23,1.44,1.0,1.5,4.11,1.0,1.0,1.0,1.87,1.06,1.0,1.0,5.96,2.27,1.03,1.0,1.23,1.11,1.0,1.0,1.0,1.0,1.08,5.35,1.0
47-5032.00,"Explosives Workers, Ordnance Handling Experts, and Blasters",engineering|physical_manual_labor|accounting|agriculture|animal_service|applied_arts_and_design|athletics|business_initiatives|construction_woodwork|creative_writing|culinary_art|finance|health_care_service|human_resources|humanities|information_technology|law|life_science|management_administration|marketing_advertising|mathematics_statistics|mechanics_electronics|media|medical_science|music|nature_outdoors|office_work|performing_arts|personal_service|physical_science|politics|professional_advising|protective_service|public_speaking|religious_activities|sales|social_science|social_service|teaching_education|transportation_machine_operation|visual_arts,0.0,0.0,0.0,0.0,0.0,0.0,0.0,0.0,0.0,2.0,0.0,0.0,0.0,0.0,0.0,0.0,0.0,0.0,0.0,0.0,0.0,0.0,0.0,0.0,0.0,0.0,0.0,0.0,1.0,0.0,0.0,0.0,0.0,0.0,0.0,0.0,0.0,0.0,0.0,0.0,0.0,1.79,1.11,1.0,1.0,1.06,1.14,1.34,1.02,1.0,3.67,1.05,1.06,1.28,1.0,1.33,1.8,1.13,1.71,1.0,2.28,2.66,1.05,1.0,1.0,1.84,1.26,1.0,1.06,5.82,2.28,1.14,1.03,2.1,1.16,1.0,1.12,1.03,1.0,1.16,1.7,1.0
47-5041.00,Continuous Mining Machine Operators,mechanics_electronics|transportation_machine_operation|physical_manual_labor|accounting|agriculture|animal_service|applied_arts_and_design|athletics|business_initiatives|construction_woodwork|creative_writing|culinary_art|engineering|finance|health_care_service|human_resources|humanities|information_technology|law|life_science|management_administration|marketing_advertising|mathematics_statistics|media|medical_science|music|nature_outdoors|office_work|performing_arts|personal_service|physical_science|politics|professional_advising|protective_service|public_speaking|religious_activities|sales|social_science|social_service|teaching_education|visual_arts,0.0,0.0,0.0,0.0,0.0,0.0,0.0,0.0,0.0,0.0,0.0,0.0,0.0,0.0,0.0,0.0,0.0,0.0,0.0,0.0,3.0,0.0,0.0,0.0,0.0,0.0,0.0,0.0,1.0,0.0,0.0,0.0,0.0,0.0,0.0,0.0,0.0,0.0,0.0,2.0,0.0,1.07,1.0,1.0,1.0,1.0,1.0,1.28,1.0,1.0,2.61,1.0,1.03,1.0,1.0,1.03,1.22,1.03,1.17,1.0,1.13,5.05,1.0,1.0,1.0,1.13,1.03,1.0,1.0,6.22,1.28,1.03,1.0,1.2,1.0,1.0,1.0,1.0,1.0,1.11,5.82,1.0
47-5043.00,"Roof Bolters, Mining",transportation_machine_operation|mechanics_electronics|physical_manual_labor|accounting|agriculture|animal_service|applied_arts_and_design|athletics|business_initiatives|construction_woodwork|creative_writing|culinary_art|engineering|finance|health_care_service|human_resources|humanities|information_technology|law|life_science|management_administration|marketing_advertising|mathematics_statistics|media|medical_science|music|nature_outdoors|office_work|performing_arts|personal_service|physical_science|politics|professional_advising|protective_service|public_speaking|religious_activities|sales|social_science|social_service|teaching_education|visual_arts,0.0,0.0,0.0,0.0,0.0,0.0,0.0,0.0,0.0,0.0,0.0,0.0,0.0,0.0,0.0,0.0,0.0,0.0,0.0,0.0,2.0,0.0,0.0,0.0,0.0,0.0,0.0,0.0,1.0,0.0,0.0,0.0,0.0,0.0,0.0,0.0,0.0,0.0,0.0,3.0,0.0,1.0,1.0,1.0,1.0,1.0,1.0,1.93,1.0,1.0,2.64,1.0,1.0,1.0,1.0,1.0,1.0,1.0,1.0,1.0,1.15,4.07,1.0,1.0,1.0,1.15,1.01,1.0,1.0,6.48,1.18,1.0,1.0,1.28,1.0,1.0,1.0,1.0,1.0,1.14,3.2,1.0
47-5044.00,"Loading and Moving Machine Operators, Underground Mining",mechanics_electronics|transportation_machine_operation|physical_manual_labor|accounting|agriculture|animal_service|applied_arts_and_design|athletics|business_initiatives|construction_woodwork|creative_writing|culinary_art|engineering|finance|health_care_service|human_resources|humanities|information_technology|law|life_science|management_administration|marketing_advertising|mathematics_statistics|media|medical_science|music|nature_outdoors|office_work|performing_arts|personal_service|physical_science|politics|professional_advising|protective_service|public_speaking|religious_activities|sales|social_science|social_service|teaching_education|visual_arts,0.0,0.0,0.0,0.0,0.0,0.0,0.0,0.0,0.0,0.0,0.0,0.0,0.0,0.0,0.0,0.0,0.0,0.0,0.0,0.0,3.0,0.0,0.0,0.0,0.0,0.0,0.0,0.0,1.0,0.0,0.0,0.0,0.0,0.0,0.0,0.0,0.0,0.0,0.0,2.0,0.0,1.0,1.0,1.0,1.0,1.0,1.0,1.22,1.0,1.0,2.54,1.0,1.0,1.0,1.0,1.0,1.0,1.0,1.0,1.0,1.07,4.3,1.0,1.0,1.0,1.04,1.0,1.0,1.0,6.22,1.1,1.0,1.0,1.04,1.0,1.0,1.0,1.0,1.0,1.0,6.14,1.0
47-5051.00,"Rock Splitters, Quarry",construction_woodwork|physical_manual_labor|accounting|agriculture|animal_service|applied_arts_and_design|athletics|business_initiatives|creative_writing|culinary_art|engineering|finance|health_care_service|human_resources|humanities|information_technology|law|life_science|management_administration|marketing_advertising|mathematics_statistics|mechanics_electronics|media|medical_science|music|nature_outdoors|office_work|performing_arts|personal_service|physical_science|politics|professional_advising|protective_service|public_speaking|religious_activities|sales|social_science|social_service|teaching_education|transportation_machine_operation|visual_arts,0.0,0.0,0.0,0.0,0.0,0.0,2.0,0.0,0.0,0.0,0.0,0.0,0.0,0.0,0.0,0.0,0.0,0.0,0.0,0.0,0.0,0.0,0.0,0.0,0.0,0.0,0.0,0.0,1.0,0.0,0.0,0.0,0.0,0.0,0.0,0.0,0.0,0.0,0.0,0.0,0.0,1.0,1.11,1.0,1.03,1.03,1.0,2.26,1.0,1.0,1.57,1.0,1.0,1.0,1.0,1.0,1.0,1.0,1.0,1.0,1.07,1.41,1.0,1.0,1.0,1.57,1.01,1.0,1.0,6.63,1.24,1.0,1.0,1.0,1.0,1.0,1.0,1.0,1.0,1.0,1.83,1.11
47-5071.00,"Roustabouts, Oil and Gas",mechanics_electronics|physical_manual_labor|accounting|agriculture|animal_service|applied_arts_and_design|athletics|business_initiatives|construction_woodwork|creative_writing|culinary_art|engineering|finance|health_care_service|human_resources|humanities|information_technology|law|life_science|management_administration|marketing_advertising|mathematics_statistics|media|medical_science|music|nature_outdoors|office_work|performing_arts|personal_service|physical_science|politics|professional_advising|protective_service|public_speaking|religious_activities|sales|social_science|social_service|teaching_education|transportation_machine_operation|visual_arts,0.0,0.0,0.0,0.0,0.0,0.0,0.0,0.0,0.0,0.0,0.0,0.0,0.0,0.0,0.0,0.0,0.0,0.0,0.0,0.0,2.0,0.0,0.0,0.0,0.0,0.0,0.0,0.0,1.0,0.0,0.0,0.0,0.0,0.0,0.0,0.0,0.0,0.0,0.0,0.0,0.0,1.1,1.04,1.0,1.0,1.14,1.0,2.33,1.0,1.0,2.99,1.0,1.0,1.0,1.0,1.0,1.0,1.0,1.08,1.0,1.02,5.68,1.0,1.0,1.0,1.2,1.0,1.0,1.0,6.48,1.18,1.0,1.0,1.0,1.0,1.0,1.0,1.0,1.0,1.03,2.88,1.0
47-5081.00,Helpers--Extraction Workers,mechanics_electronics|transportation_machine_operation|physical_manual_labor|accounting|agriculture|animal_service|applied_arts_and_design|athletics|business_initiatives|construction_woodwork|creative_writing|culinary_art|engineering|finance|health_care_service|human_resources|humanities|information_technology|law|life_science|management_administration|marketing_advertising|mathematics_statistics|media|medical_science|music|nature_outdoors|office_work|performing_arts|personal_service|physical_science|politics|professional_advising|protective_service|public_speaking|religious_activities|sales|social_science|social_service|teaching_education|visual_arts,0.0,0.0,0.0,0.0,0.0,0.0,0.0,0.0,0.0,0.0,0.0,0.0,0.0,0.0,0.0,0.0,0.0,0.0,0.0,0.0,3.0,0.0,0.0,0.0,0.0,0.0,0.0,0.0,1.0,0.0,0.0,0.0,0.0,0.0,0.0,0.0,0.0,0.0,0.0,2.0,0.0,1.03,1.09,1.0,1.0,1.11,1.0,1.31,1.0,1.0,2.43,1.0,1.0,1.0,1.0,1.0,1.0,1.0,1.0,1.0,1.39,3.25,1.0,1.0,1.0,1.54,1.04,1.0,1.0,6.84,1.24,1.0,1.0,1.0,1.0,1.0,1.0,1.0,1.02,1.0,4.5,1.0
49-1011.00,"First-Line Supervisors of Mechanics, Installers, and Repairers",human_resources|mechanics_electronics|management_administration|accounting|agriculture|animal_service|applied_arts_and_design|athletics|business_initiatives|construction_woodwork|creative_writing|culinary_art|engineering|finance|health_care_service|humanities|information_technology|law|life_science|marketing_advertising|mathematics_statistics|media|medical_science|music|nature_outdoors|office_work|performing_arts|personal_service|physical_science|physical_manual_labor|politics|professional_advising|protective_service|public_speaking|religious_activities|sales|social_science|social_service|teaching_education|transportation_machine_operation|visual_arts,0.0,0.0,0.0,0.0,0.0,0.0,0.0,0.0,0.0,0.0,0.0,0.0,3.0,0.0,0.0,0.0,0.0,1.0,0.0,0.0,2.0,0.0,0.0,0.0,0.0,0.0,0.0,0.0,0.0,0.0,0.0,0.0,0.0,0.0,0.0,0.0,0.0,0.0,0.0,0.0,0.0,1.96,1.16,1.0,1.05,1.11,2.03,2.29,1.02,1.0,3.56,1.62,1.16,3.75,1.0,1.53,1.22,1.0,5.64,1.15,1.82,5.13,1.12,1.0,1.0,1.13,2.06,1.0,1.94,2.64,1.3,1.08,2.0,1.4,2.12,1.0,1.9,1.26,1.37,2.31,2.21,1.02
49-2011.00,"Computer, Automated Teller, and Office Machine Repairers",information_technology|engineering|mechanics_electronics|accounting|agriculture|animal_service|applied_arts_and_design|athletics|business_initiatives|construction_woodwork|creative_writing|culinary_art|finance|health_care_service|human_resources|humanities|law|life_science|management_administration|marketing_advertising|mathematics_statistics|media|medical_science|music|nature_outdoors|office_work|performing_arts|personal_service|physical_science|physical_manual_labor|politics|professional_advising|protective_service|public_speaking|religious_activities|sales|social_science|social_service|teaching_education|transportation_machine_operation|visual_arts,0.0,0.0,0.0,0.0,0.0,0.0,0.0,0.0,0.0,2.0,0.0,0.0,0.0,0.0,3.0,0.0,0.0,0.0,0.0,0.0,1.0,0.0,0.0,0.0,0.0,0.0,0.0,0.0,0.0,0.0,0.0,0.0,0.0,0.0,0.0,0.0,0.0,0.0,0.0,0.0,0.0,1.37,1.0,1.0,1.0,1.0,1.14,1.28,1.0,1.0,4.13,1.23,1.06,1.32,1.0,4.04,1.0,1.0,1.41,1.08,1.45,6.51,1.07,1.0,1.0,1.0,1.81,1.0,1.56,2.84,1.26,1.0,1.22,1.0,1.16,1.0,1.33,1.0,1.1,1.36,1.7,1.0
49-2021.00,"Radio, Cellular, and Tower Equipment Installers and Repairers",engineering|physical_manual_labor|mechanics_electronics|accounting|agriculture|animal_service|applied_arts_and_design|athletics|business_initiatives|construction_woodwork|creative_writing|culinary_art|finance|health_care_service|human_resources|humanities|information_technology|law|life_science|management_administration|marketing_advertising|mathematics_statistics|media|medical_science|music|nature_outdoors|office_work|performing_arts|personal_service|physical_science|politics|professional_advising|protective_service|public_speaking|religious_activities|sales|social_science|social_service|teaching_education|transportation_machine_operation|visual_arts,0.0,0.0,0.0,0.0,0.0,0.0,0.0,0.0,0.0,3.0,0.0,0.0,0.0,0.0,0.0,0.0,0.0,0.0,0.0,0.0,1.0,0.0,0.0,0.0,0.0,0.0,0.0,0.0,2.0,0.0,0.0,0.0,0.0,0.0,0.0,0.0,0.0,0.0,0.0,0.0,0.0,1.34,1.0,1.0,1.0,1.06,1.11,1.76,1.0,1.0,4.95,1.0,1.03,1.21,1.0,3.04,1.04,1.0,1.38,1.03,2.03,6.37,1.48,1.0,1.14,1.79,1.39,1.0,1.18,5.34,1.76,1.0,1.03,1.23,1.14,1.0,1.14,1.0,1.03,1.16,2.74,1.04
49-2022.00,"Telecommunications Equipment Installers and Repairers, Except Line Installers",engineering|physical_manual_labor|mechanics_electronics|accounting|agriculture|animal_service|applied_arts_and_design|athletics|business_initiatives|construction_woodwork|creative_writing|culinary_art|finance|health_care_service|human_resources|humanities|information_technology|law|life_science|management_administration|marketing_advertising|mathematics_statistics|media|medical_science|music|nature_outdoors|office_work|performing_arts|personal_service|physical_science|politics|professional_advising|protective_service|public_speaking|religious_activities|sales|social_science|social_service|teaching_education|transportation_machine_operation|visual_arts,0.0,0.0,0.0,0.0,0.0,0.0,0.0,0.0,0.0,3.0,0.0,0.0,0.0,0.0,0.0,0.0,0.0,0.0,0.0,0.0,1.0,0.0,0.0,0.0,0.0,0.0,0.0,0.0,2.0,0.0,0.0,0.0,0.0,0.0,0.0,0.0,0.0,0.0,0.0,0.0,0.0,1.2,1.0,1.0,1.0,1.03,1.06,1.38,1.0,1.0,4.39,1.0,1.0,1.28,1.0,3.33,1.0,1.0,1.35,1.03,1.7,6.24,1.12,1.0,1.0,1.2,1.48,1.0,1.49,4.72,1.37,1.0,1.13,1.23,1.33,1.0,1.45,1.0,1.1,1.51,2.14,1.0
49-2091.00,Avionics Technicians,physical_manual_labor|engineering|mechanics_electronics|accounting|agriculture|animal_service|applied_arts_and_design|athletics|business_initiatives|construction_woodwork|creative_writing|culinary_art|finance|health_care_service|human_resources|humanities|information_technology|law|life_science|management_administration|marketing_advertising|mathematics_statistics|media|medical_science|music|nature_outdoors|office_work|performing_arts|personal_service|physical_science|politics|professional_advising|protective_service|public_speaking|religious_activities|sales|social_science|social_service|teaching_education|transportation_machine_operation|visual_arts,0.0,0.0,0.0,0.0,0.0,0.0,0.0,0.0,0.0,2.0,0.0,0.0,0.0,0.0,0.0,0.0,0.0,0.0,0.0,0.0,1.0,0.0,0.0,0.0,0.0,0.0,0.0,0.0,3.0,0.0,0.0,0.0,0.0,0.0,0.0,0.0,0.0,0.0,0.0,0.0,0.0,1.31,1.0,1.0,1.03,1.0,1.0,1.18,1.0,1.0,6.33,1.0,1.0,1.18,1.0,3.26,1.04,1.0,1.26,1.0,2.44,6.69,1.02,1.0,1.0,1.0,1.17,1.0,1.09,3.38,2.04,1.0,1.04,1.28,1.16,1.0,1.04,1.0,1.0,1.31,1.87,1.02
49-2092.00,"Electric Motor, Power Tool, and Related Repairers",engineering|physical_manual_labor|mechanics_electronics|accounting|agriculture|animal_service|applied_arts_and_design|athletics|business_initiatives|construction_woodwork|creative_writing|culinary_art|finance|health_care_service|human_resources|humanities|information_technology|law|life_science|management_administration|marketing_advertising|mathematics_statistics|media|medical_science|music|nature_outdoors|office_work|performing_arts|personal_service|physical_science|politics|professional_advising|protective_service|public_speaking|religious_activities|sales|social_science|social_service|teaching_education|transportation_machine_operation|visual_arts,0.0,0.0,0.0,0.0,0.0,0.0,0.0,0.0,0.0,3.0,0.0,0.0,0.0,0.0,0.0,0.0,0.0,0.0,0.0,0.0,1.0,0.0,0.0,0.0,0.0,0.0,0.0,0.0,2.0,0.0,0.0,0.0,0.0,0.0,0.0,0.0,0.0,0.0,0.0,0.0,0.0,1.2,1.04,1.0,1.0,1.0,1.04,1.93,1.0,1.0,4.55,1.0,1.0,1.18,1.0,1.3,1.0,1.0,1.35,1.0,1.5,6.82,1.0,1.0,1.0,1.0,1.19,1.0,1.18,4.71,1.51,1.0,1.0,1.0,1.11,1.0,1.12,1.0,1.02,1.16,2.42,1.0
49-2093.00,"Electrical and Electronics Installers and Repairers, Transportation Equipment",physical_manual_labor|engineering|mechanics_electronics|accounting|agriculture|animal_service|applied_arts_and_design|athletics|business_initiatives|construction_woodwork|creative_writing|culinary_art|finance|health_care_service|human_resources|humanities|information_technology|law|life_science|management_administration|marketing_advertising|mathematics_statistics|media|medical_science|music|nature_outdoors|office_work|performing_arts|personal_service|physical_science|politics|professional_advising|protective_service|public_speaking|religious_activities|sales|social_science|social_service|teaching_education|transportation_machine_operation|visual_arts,0.0,0.0,0.0,0.0,0.0,0.0,0.0,0.0,0.0,2.0,0.0,0.0,0.0,0.0,0.0,0.0,0.0,0.0,0.0,0.0,1.0,0.0,0.0,0.0,0.0,0.0,0.0,0.0,3.0,0.0,0.0,0.0,0.0,0.0,0.0,0.0,0.0,0.0,0.0,0.0,0.0,1.2,1.01,1.0,1.03,1.0,1.0,1.31,1.0,1.0,4.99,1.0,1.06,1.07,1.0,2.53,1.0,1.0,1.26,1.0,2.09,6.6,1.02,1.0,1.07,1.13,1.14,1.0,1.18,3.65,1.79,1.0,1.03,1.28,1.11,1.0,1.06,1.0,1.05,1.19,2.49,1.0
49-2094.00,"Electrical and Electronics Repairers, Commercial and Industrial Equipment",information_technology|engineering|mechanics_electronics|accounting|agriculture|animal_service|applied_arts_and_design|athletics|business_initiatives|construction_woodwork|creative_writing|culinary_art|finance|health_care_service|human_resources|humanities|law|life_science|management_administration|marketing_advertising|mathematics_statistics|media|medical_science|music|nature_outdoors|office_work|performing_arts|personal_service|physical_science|physical_manual_labor|politics|professional_advising|protective_service|public_speaking|religious_activities|sales|social_science|social_service|teaching_education|transportation_machine_operation|visual_arts,0.0,0.0,0.0,0.0,0.0,0.0,0.0,0.0,0.0,2.0,0.0,0.0,0.0,0.0,3.0,0.0,0.0,0.0,0.0,0.0,1.0,0.0,0.0,0.0,0.0,0.0,0.0,0.0,0.0,0.0,0.0,0.0,0.0,0.0,0.0,0.0,0.0,0.0,0.0,0.0,0.0,1.3,1.08,1.0,1.05,1.0,1.09,1.25,1.0,1.0,5.86,1.0,1.1,1.28,1.0,3.12,1.0,1.03,1.56,1.0,2.41,6.86,1.05,1.05,1.0,1.04,1.57,1.0,1.15,2.95,1.9,1.0,1.12,1.04,1.25,1.0,1.14,1.0,1.02,1.34,1.73,1.04
49-2095.00,"Electrical and Electronics Repairers, Powerhouse, Substation, and Relay",physical_manual_labor|engineering|mechanics_electronics|accounting|agriculture|animal_service|applied_arts_and_design|athletics|business_initiatives|construction_woodwork|creative_writing|culinary_art|finance|health_care_service|human_resources|humanities|information_technology|law|life_science|management_administration|marketing_advertising|mathematics_statistics|media|medical_science|music|nature_outdoors|office_work|performing_arts|personal_service|physical_science|politics|professional_advising|protective_service|public_speaking|religious_activities|sales|social_science|social_service|teaching_education|transportation_machine_operation|visual_arts,0.0,0.0,0.0,0.0,0.0,0.0,0.0,0.0,0.0,2.0,0.0,0.0,0.0,0.0,0.0,0.0,0.0,0.0,0.0,0.0,1.0,0.0,0.0,0.0,0.0,0.0,0.0,0.0,3.0,0.0,0.0,0.0,0.0,0.0,0.0,0.0,0.0,0.0,0.0,0.0,0.0,1.41,1.03,1.0,1.05,1.0,1.06,1.28,1.04,1.0,6.16,1.07,1.0,1.18,1.0,2.17,1.0,1.0,1.41,1.0,2.31,6.69,1.0,1.0,1.0,1.15,1.39,1.0,1.06,3.68,2.1,1.0,1.04,1.32,1.16,1.0,1.0,1.0,1.03,1.19,1.53,1.0
49-2096.00,"Electronic Equipment Installers and Repairers, Motor Vehicles",physical_manual_labor|engineering|mechanics_electronics|accounting|agriculture|animal_service|applied_arts_and_design|athletics|business_initiatives|construction_woodwork|creative_writing|culinary_art|finance|health_care_service|human_resources|humanities|information_technology|law|life_science|management_administration|marketing_advertising|mathematics_statistics|media|medical_science|music|nature_outdoors|office_work|performing_arts|personal_service|physical_science|politics|professional_advising|protective_service|public_speaking|religious_activities|sales|social_science|social_service|teaching_education|transportation_machine_operation|visual_arts,0.0,0.0,0.0,0.0,0.0,0.0,0.0,0.0,0.0,2.0,0.0,0.0,0.0,0.0,0.0,0.0,0.0,0.0,0.0,0.0,1.0,0.0,0.0,0.0,0.0,0.0,0.0,0.0,3.0,0.0,0.0,0.0,0.0,0.0,0.0,0.0,0.0,0.0,0.0,0.0,0.0,1.2,1.01,1.0,1.13,1.0,1.01,2.19,1.0,1.0,4.79,1.05,1.0,1.0,1.0,2.63,1.0,1.0,1.17,1.0,1.62,6.55,1.22,1.0,1.68,1.0,1.17,1.0,1.46,4.08,1.37,1.0,1.06,1.12,1.11,1.0,1.27,1.0,1.1,1.16,1.9,1.13
49-2097.00,Audiovisual Equipment Installers and Repairers,physical_manual_labor|engineering|mechanics_electronics|accounting|agriculture|animal_service|applied_arts_and_design|athletics|business_initiatives|construction_woodwork|creative_writing|culinary_art|finance|health_care_service|human_resources|humanities|information_technology|law|life_science|management_administration|marketing_advertising|mathematics_statistics|media|medical_science|music|nature_outdoors|office_work|performing_arts|personal_service|physical_science|politics|professional_advising|protective_service|public_speaking|religious_activities|sales|social_science|social_service|teaching_education|transportation_machine_operation|visual_arts,0.0,0.0,0.0,0.0,0.0,0.0,0.0,0.0,0.0,2.0,0.0,0.0,0.0,0.0,0.0,0.0,0.0,0.0,0.0,0.0,1.0,0.0,0.0,0.0,0.0,0.0,0.0,0.0,3.0,0.0,0.0,0.0,0.0,0.0,0.0,0.0,0.0,0.0,0.0,0.0,0.0,1.27,1.0,1.0,1.27,1.11,1.06,1.6,1.0,1.0,4.24,1.0,1.0,1.28,1.0,2.53,1.0,1.0,1.29,1.15,1.42,6.33,1.76,1.0,2.02,1.0,1.5,1.22,1.68,3.27,1.26,1.0,1.14,1.0,1.25,1.0,1.45,1.0,1.1,1.42,1.43,1.2
49-2098.00,Security and Fire Alarm Systems Installers,engineering|physical_manual_labor|mechanics_electronics|accounting|agriculture|animal_service|applied_arts_and_design|athletics|business_initiatives|construction_woodwork|creative_writing|culinary_art|finance|health_care_service|human_resources|humanities|information_technology|law|life_science|management_administration|marketing_advertising|mathematics_statistics|media|medical_science|music|nature_outdoors|office_work|performing_arts|personal_service|physical_science|politics|professional_advising|protective_service|public_speaking|religious_activities|sales|social_science|social_service|teaching_education|transportation_machine_operation|visual_arts,0.0,0.0,0.0,0.0,0.0,0.0,0.0,0.0,0.0,3.0,0.0,0.0,0.0,0.0,0.0,0.0,0.0,0.0,0.0,0.0,1.0,0.0,0.0,0.0,0.0,0.0,0.0,0.0,2.0,0.0,0.0,0.0,0.0,0.0,0.0,0.0,0.0,0.0,0.0,0.0,0.0,1.2,1.0,1.0,1.0,1.0,1.12,2.46,1.0,1.0,3.97,1.02,1.1,1.18,1.0,2.5,1.22,1.0,1.26,1.1,1.47,6.19,1.02,1.0,1.0,1.0,1.24,1.0,1.37,4.8,1.35,1.0,1.09,3.43,1.39,1.0,1.58,1.03,1.1,1.34,1.3,1.07
49-3011.00,Aircraft Mechanics and Service Technicians,physical_manual_labor|engineering|mechanics_electronics|accounting|agriculture|animal_service|applied_arts_and_design|athletics|business_initiatives|construction_woodwork|creative_writing|culinary_art|finance|health_care_service|human_resources|humanities|information_technology|law|life_science|management_administration|marketing_advertising|mathematics_statistics|media|medical_science|music|nature_outdoors|office_work|performing_arts|personal_service|physical_science|politics|professional_advising|protective_service|public_speaking|religious_activities|sales|social_science|social_service|teaching_education|transportation_machine_operation|visual_arts,0.0,0.0,0.0,0.0,0.0,0.0,0.0,0.0,0.0,2.0,0.0,0.0,0.0,0.0,0.0,0.0,0.0,0.0,0.0,0.0,1.0,0.0,0.0,0.0,0.0,0.0,0.0,0.0,3.0,0.0,0.0,0.0,0.0,0.0,0.0,0.0,0.0,0.0,0.0,0.0,0.0,1.31,1.0,1.0,1.16,1.0,1.03,1.53,1.02,1.0,5.65,1.02,1.06,1.21,1.0,1.68,1.11,1.03,1.44,1.0,1.76,6.86,1.02,1.03,1.0,1.06,1.19,1.0,1.09,5.44,1.98,1.0,1.03,1.32,1.16,1.0,1.02,1.0,1.03,1.25,2.46,1.0
49-3021.00,Automotive Body and Related Repairers,mechanics_electronics|physical_manual_labor|accounting|agriculture|animal_service|applied_arts_and_design|athletics|business_initiatives|construction_woodwork|creative_writing|culinary_art|engineering|finance|health_care_service|human_resources|humanities|information_technology|law|life_science|management_administration|marketing_advertising|mathematics_statistics|media|medical_science|music|nature_outdoors|office_work|performing_arts|personal_service|physical_science|politics|professional_advising|protective_service|public_speaking|religious_activities|sales|social_science|social_service|teaching_education|transportation_machine_operation|visual_arts,0.0,0.0,0.0,0.0,0.0,0.0,0.0,0.0,0.0,0.0,0.0,0.0,0.0,0.0,0.0,0.0,0.0,0.0,0.0,0.0,2.0,0.0,0.0,0.0,0.0,0.0,0.0,0.0,1.0,0.0,0.0,0.0,0.0,0.0,0.0,0.0,0.0,0.0,0.0,0.0,0.0,1.24,1.0,1.0,1.38,1.0,1.0,1.99,1.0,1.0,2.67,1.05,1.0,1.0,1.0,1.03,1.0,1.0,1.17,1.0,1.5,5.93,1.0,1.0,1.0,1.0,1.08,1.0,1.27,6.01,1.14,1.0,1.01,1.0,1.03,1.0,1.16,1.0,1.05,1.11,1.66,1.35
49-3022.00,Automotive Glass Installers and Repairers,mechanics_electronics|physical_manual_labor|accounting|agriculture|animal_service|applied_arts_and_design|athletics|business_initiatives|construction_woodwork|creative_writing|culinary_art|engineering|finance|health_care_service|human_resources|humanities|information_technology|law|life_science|management_administration|marketing_advertising|mathematics_statistics|media|medical_science|music|nature_outdoors|office_work|performing_arts|personal_service|physical_science|politics|professional_advising|protective_service|public_speaking|religious_activities|sales|social_science|social_service|teaching_education|transportation_machine_operation|visual_arts,0.0,0.0,0.0,0.0,0.0,0.0,0.0,0.0,0.0,0.0,0.0,0.0,0.0,0.0,0.0,0.0,0.0,0.0,0.0,0.0,2.0,0.0,0.0,0.0,0.0,0.0,0.0,0.0,1.0,0.0,0.0,0.0,0.0,0.0,0.0,0.0,0.0,0.0,0.0,0.0,0.0,1.13,1.0,1.0,1.03,1.0,1.0,1.93,1.0,1.0,2.01,1.0,1.0,1.0,1.0,1.0,1.0,1.0,1.11,1.0,1.05,4.89,1.0,1.0,1.0,1.0,1.06,1.0,1.4,5.77,1.1,1.0,1.02,1.0,1.0,1.0,1.2,1.0,1.06,1.05,1.9,1.0
49-3023.00,Automotive Service Technicians and Mechanics,engineering|physical_manual_labor|mechanics_electronics|accounting|agriculture|animal_service|applied_arts_and_design|athletics|business_initiatives|construction_woodwork|creative_writing|culinary_art|finance|health_care_service|human_resources|humanities|information_technology|law|life_science|management_administration|marketing_advertising|mathematics_statistics|media|medical_science|music|nature_outdoors|office_work|performing_arts|personal_service|physical_science|politics|professional_advising|protective_service|public_speaking|religious_activities|sales|social_science|social_service|teaching_education|transportation_machine_operation|visual_arts,0.0,0.0,0.0,0.0,0.0,0.0,0.0,0.0,0.0,3.0,0.0,0.0,0.0,0.0,0.0,0.0,0.0,0.0,0.0,0.0,1.0,0.0,0.0,0.0,0.0,0.0,0.0,0.0,2.0,0.0,0.0,0.0,0.0,0.0,0.0,0.0,0.0,0.0,0.0,0.0,0.0,1.41,1.01,1.0,1.0,1.03,1.07,1.28,1.0,1.0,4.51,1.07,1.06,1.21,1.0,2.08,1.0,1.0,1.35,1.03,1.56,6.77,1.02,1.0,1.0,1.0,1.17,1.0,1.59,5.53,1.68,1.0,1.09,1.04,1.16,1.0,1.38,1.03,1.08,1.25,2.31,1.0
49-3031.00,Bus and Truck Mechanics and Diesel Engine Specialists,engineering|physical_manual_labor|mechanics_electronics|accounting|agriculture|animal_service|applied_arts_and_design|athletics|business_initiatives|construction_woodwork|creative_writing|culinary_art|finance|health_care_service|human_resources|humanities|information_technology|law|life_science|management_administration|marketing_advertising|mathematics_statistics|media|medical_science|music|nature_outdoors|office_work|performing_arts|personal_service|physical_science|politics|professional_advising|protective_service|public_speaking|religious_activities|sales|social_science|social_service|teaching_education|transportation_machine_operation|visual_arts,0.0,0.0,0.0,0.0,0.0,0.0,0.0,0.0,0.0,3.0,0.0,0.0,0.0,0.0,0.0,0.0,0.0,0.0,0.0,0.0,1.0,0.0,0.0,0.0,0.0,0.0,0.0,0.0,2.0,0.0,0.0,0.0,0.0,0.0,0.0,0.0,0.0,0.0,0.0,0.0,0.0,1.2,1.06,1.0,1.0,1.0,1.04,1.31,1.0,1.0,4.43,1.0,1.0,1.14,1.0,1.71,1.0,1.0,1.23,1.0,1.65,6.6,1.0,1.03,1.0,1.06,1.1,1.0,1.06,5.91,1.44,1.0,1.06,1.23,1.16,1.0,1.04,1.0,1.05,1.19,2.92,1.0
49-3041.00,Farm Equipment Mechanics and Service Technicians,engineering|physical_manual_labor|mechanics_electronics|accounting|agriculture|animal_service|applied_arts_and_design|athletics|business_initiatives|construction_woodwork|creative_writing|culinary_art|finance|health_care_service|human_resources|humanities|information_technology|law|life_science|management_administration|marketing_advertising|mathematics_statistics|media|medical_science|music|nature_outdoors|office_work|performing_arts|personal_service|physical_science|politics|professional_advising|protective_service|public_speaking|religious_activities|sales|social_science|social_service|teaching_education|transportation_machine_operation|visual_arts,0.0,0.0,0.0,0.0,0.0,0.0,0.0,0.0,0.0,3.0,0.0,0.0,0.0,0.0,0.0,0.0,0.0,0.0,0.0,0.0,1.0,0.0,0.0,0.0,0.0,0.0,0.0,0.0,2.0,0.0,0.0,0.0,0.0,0.0,0.0,0.0,0.0,0.0,0.0,0.0,0.0,1.24,3.16,1.12,1.0,1.06,1.01,1.79,1.02,1.0,4.47,1.0,1.0,1.11,1.0,1.62,1.0,1.13,1.08,1.0,1.65,6.51,1.0,1.0,1.0,2.57,1.12,1.0,1.34,5.16,1.53,1.0,1.04,1.0,1.16,1.0,1.12,1.0,1.03,1.14,3.35,1.0
49-3042.00,"Mobile Heavy Equipment Mechanics, Except Engines",engineering|physical_manual_labor|mechanics_electronics|accounting|agriculture|animal_service|applied_arts_and_design|athletics|business_initiatives|construction_woodwork|creative_writing|culinary_art|finance|health_care_service|human_resources|humanities|information_technology|law|life_science|management_administration|marketing_advertising|mathematics_statistics|media|medical_science|music|nature_outdoors|office_work|performing_arts|personal_service|physical_science|politics|professional_advising|protective_service|public_speaking|religious_activities|sales|social_science|social_service|teaching_education|transportation_machine_operation|visual_arts,0.0,0.0,0.0,0.0,0.0,0.0,0.0,0.0,0.0,3.0,0.0,0.0,0.0,0.0,0.0,0.0,0.0,0.0,0.0,0.0,1.0,0.0,0.0,0.0,0.0,0.0,0.0,0.0,2.0,0.0,0.0,0.0,0.0,0.0,0.0,0.0,0.0,0.0,0.0,0.0,0.0,1.2,1.64,1.0,1.0,1.0,1.0,1.6,1.0,1.0,5.03,1.0,1.0,1.21,1.0,1.74,1.0,1.0,1.38,1.0,1.7,6.6,1.0,1.0,1.0,1.6,1.16,1.0,1.18,5.16,1.44,1.0,1.02,1.23,1.08,1.0,1.12,1.0,1.0,1.16,2.88,1.0
49-3043.00,Rail Car Repairers,engineering|physical_manual_labor|mechanics_electronics|accounting|agriculture|animal_service|applied_arts_and_design|athletics|business_initiatives|construction_woodwork|creative_writing|culinary_art|finance|health_care_service|human_resources|humanities|information_technology|law|life_science|management_administration|marketing_advertising|mathematics_statistics|media|medical_science|music|nature_outdoors|office_work|performing_arts|personal_service|physical_science|politics|professional_advising|protective_service|public_speaking|religious_activities|sales|social_science|social_service|teaching_education|transportation_machine_operation|visual_arts,0.0,0.0,0.0,0.0,0.0,0.0,0.0,0.0,0.0,3.0,0.0,0.0,0.0,0.0,0.0,0.0,0.0,0.0,0.0,0.0,1.0,0.0,0.0,0.0,0.0,0.0,0.0,0.0,2.0,0.0,0.0,0.0,0.0,0.0,0.0,0.0,0.0,0.0,0.0,0.0,0.0,1.2,1.0,1.0,1.13,1.0,1.0,2.23,1.0,1.0,4.05,1.0,1.0,1.0,1.0,1.16,1.0,1.0,1.26,1.0,1.53,6.55,1.0,1.0,1.0,1.09,1.13,1.0,1.0,6.16,1.22,1.0,1.0,1.08,1.0,1.0,1.0,1.0,1.0,1.08,2.56,1.09
49-3051.00,Motorboat Mechanics and Service Technicians,engineering|physical_manual_labor|mechanics_electronics|accounting|agriculture|animal_service|applied_arts_and_design|athletics|business_initiatives|construction_woodwork|creative_writing|culinary_art|finance|health_care_service|human_resources|humanities|information_technology|law|life_science|management_administration|marketing_advertising|mathematics_statistics|media|medical_science|music|nature_outdoors|office_work|performing_arts|personal_service|physical_science|politics|professional_advising|protective_service|public_speaking|religious_activities|sales|social_science|social_service|teaching_education|transportation_machine_operation|visual_arts,0.0,0.0,0.0,0.0,0.0,0.0,0.0,0.0,0.0,3.0,0.0,0.0,0.0,0.0,0.0,0.0,0.0,0.0,0.0,0.0,1.0,0.0,0.0,0.0,0.0,0.0,0.0,0.0,2.0,0.0,0.0,0.0,0.0,0.0,0.0,0.0,0.0,0.0,0.0,0.0,0.0,1.17,1.0,1.0,1.0,1.09,1.03,1.38,1.0,1.0,4.83,1.0,1.0,1.04,1.0,1.5,1.0,1.0,1.29,1.0,1.53,6.51,1.0,1.0,1.0,2.13,1.19,1.0,1.34,5.02,1.4,1.0,1.03,1.0,1.16,1.0,1.18,1.0,1.05,1.16,2.45,1.0
49-3052.00,Motorcycle Mechanics,engineering|physical_manual_labor|mechanics_electronics|accounting|agriculture|animal_service|applied_arts_and_design|athletics|business_initiatives|construction_woodwork|creative_writing|culinary_art|finance|health_care_service|human_resources|humanities|information_technology|law|life_science|management_administration|marketing_advertising|mathematics_statistics|media|medical_science|music|nature_outdoors|office_work|performing_arts|personal_service|physical_science|politics|professional_advising|protective_service|public_speaking|religious_activities|sales|social_science|social_service|teaching_education|transportation_machine_operation|visual_arts,0.0,0.0,0.0,0.0,0.0,0.0,0.0,0.0,0.0,3.0,0.0,0.0,0.0,0.0,0.0,0.0,0.0,0.0,0.0,0.0,1.0,0.0,0.0,0.0,0.0,0.0,0.0,0.0,2.0,0.0,0.0,0.0,0.0,0.0,0.0,0.0,0.0,0.0,0.0,0.0,0.0,1.2,1.01,1.0,1.1,1.09,1.03,1.19,1.0,1.0,4.16,1.0,1.0,1.04,1.0,1.56,1.0,1.0,1.14,1.03,1.59,6.64,1.0,1.03,1.0,1.02,1.09,1.0,1.46,5.25,1.31,1.0,1.06,1.04,1.16,1.0,1.14,1.0,1.05,1.28,2.18,1.07
49-3053.00,Outdoor Power Equipment and Other Small Engine Mechanics,engineering|physical_manual_labor|mechanics_electronics|accounting|agriculture|animal_service|applied_arts_and_design|athletics|business_initiatives|construction_woodwork|creative_writing|culinary_art|finance|health_care_service|human_resources|humanities|information_technology|law|life_science|management_administration|marketing_advertising|mathematics_statistics|media|medical_science|music|nature_outdoors|office_work|performing_arts|personal_service|physical_science|politics|professional_advising|protective_service|public_speaking|religious_activities|sales|social_science|social_service|teaching_education|transportation_machine_operation|visual_arts,0.0,0.0,0.0,0.0,0.0,0.0,0.0,0.0,0.0,3.0,0.0,0.0,0.0,0.0,0.0,0.0,0.0,0.0,0.0,0.0,1.0,0.0,0.0,0.0,0.0,0.0,0.0,0.0,2.0,0.0,0.0,0.0,0.0,0.0,0.0,0.0,0.0,0.0,0.0,0.0,0.0,1.37,1.26,1.0,1.0,1.11,1.16,1.57,1.0,1.0,3.64,1.07,1.0,1.32,1.0,1.22,1.0,1.0,1.29,1.32,1.23,6.68,1.0,1.0,1.0,1.54,1.22,1.0,1.46,4.54,1.24,1.0,1.14,1.0,1.16,1.0,1.79,1.0,1.1,1.33,1.97,1.0
49-3091.00,Bicycle Repairers,engineering|physical_manual_labor|mechanics_electronics|accounting|agriculture|animal_service|applied_arts_and_design|athletics|business_initiatives|construction_woodwork|creative_writing|culinary_art|finance|health_care_service|human_resources|humanities|information_technology|law|life_science|management_administration|marketing_advertising|mathematics_statistics|media|medical_science|music|nature_outdoors|office_work|performing_arts|personal_service|physical_science|politics|professional_advising|protective_service|public_speaking|religious_activities|sales|social_science|social_service|teaching_education|transportation_machine_operation|visual_arts,0.0,0.0,0.0,0.0,0.0,0.0,0.0,0.0,0.0,3.0,0.0,0.0,0.0,0.0,0.0,0.0,0.0,0.0,0.0,0.0,1.0,0.0,0.0,0.0,0.0,0.0,0.0,0.0,2.0,0.0,0.0,0.0,0.0,0.0,0.0,0.0,0.0,0.0,0.0,0.0,0.0,1.2,1.0,1.0,1.27,1.59,1.18,1.73,1.0,1.0,3.2,1.07,1.0,1.28,1.0,1.08,1.0,1.0,1.35,1.4,1.31,5.76,1.0,1.0,1.0,1.17,1.21,1.0,2.07,4.98,1.05,1.0,1.16,1.0,1.25,1.0,2.1,1.0,1.1,1.36,1.46,1.04
49-3092.00,Recreational Vehicle Service Technicians,engineering|physical_manual_labor|mechanics_electronics|accounting|agriculture|animal_service|applied_arts_and_design|athletics|business_initiatives|construction_woodwork|creative_writing|culinary_art|finance|health_care_service|human_resources|humanities|information_technology|law|life_science|management_administration|marketing_advertising|mathematics_statistics|media|medical_science|music|nature_outdoors|office_work|performing_arts|personal_service|physical_science|politics|professional_advising|protective_service|public_speaking|religious_activities|sales|social_science|social_service|teaching_education|transportation_machine_operation|visual_arts,0.0,0.0,0.0,0.0,0.0,0.0,0.0,0.0,0.0,3.0,0.0,0.0,0.0,0.0,0.0,0.0,0.0,0.0,0.0,0.0,1.0,0.0,0.0,0.0,0.0,0.0,0.0,0.0,2.0,0.0,0.0,0.0,0.0,0.0,0.0,0.0,0.0,0.0,0.0,0.0,0.0,1.2,1.03,1.0,1.16,1.0,1.04,1.67,1.0,1.0,3.71,1.05,1.0,1.28,1.0,1.22,1.0,1.0,1.35,1.05,1.47,6.46,1.0,1.0,1.0,1.36,1.21,1.0,1.46,5.16,1.18,1.0,1.09,1.0,1.25,1.0,1.29,1.0,1.06,1.3,2.04,1.09
49-3093.00,Tire Repairers and Changers,mechanics_electronics|physical_manual_labor|accounting|agriculture|animal_service|applied_arts_and_design|athletics|business_initiatives|construction_woodwork|creative_writing|culinary_art|engineering|finance|health_care_service|human_resources|humanities|information_technology|law|life_science|management_administration|marketing_advertising|mathematics_statistics|media|medical_science|music|nature_outdoors|office_work|performing_arts|personal_service|physical_science|politics|professional_advising|protective_service|public_speaking|religious_activities|sales|social_science|social_service|teaching_education|transportation_machine_operation|visual_arts,0.0,0.0,0.0,0.0,0.0,0.0,0.0,0.0,0.0,0.0,0.0,0.0,0.0,0.0,0.0,0.0,0.0,0.0,0.0,0.0,2.0,0.0,0.0,0.0,0.0,0.0,0.0,0.0,1.0,0.0,0.0,0.0,0.0,0.0,0.0,0.0,0.0,0.0,0.0,0.0,0.0,1.07,1.0,1.0,1.0,1.09,1.06,1.18,1.0,1.0,1.82,1.0,1.0,1.11,1.0,1.0,1.0,1.0,1.2,1.0,1.07,5.09,1.0,1.0,1.0,1.0,1.06,1.0,1.46,6.06,1.05,1.0,1.0,1.0,1.0,1.0,1.31,1.0,1.05,1.0,2.77,1.0
49-9011.00,Mechanical Door Repairers,engineering|mechanics_electronics|physical_manual_labor|accounting|agriculture|animal_service|applied_arts_and_design|athletics|business_initiatives|construction_woodwork|creative_writing|culinary_art|finance|health_care_service|human_resources|humanities|information_technology|law|life_science|management_administration|marketing_advertising|mathematics_statistics|media|medical_science|music|nature_outdoors|office_work|performing_arts|personal_service|physical_science|politics|professional_advising|protective_service|public_speaking|religious_activities|sales|social_science|social_service|teaching_education|transportation_machine_operation|visual_arts,0.0,0.0,0.0,0.0,0.0,0.0,0.0,0.0,0.0,3.0,0.0,0.0,0.0,0.0,0.0,0.0,0.0,0.0,0.0,0.0,2.0,0.0,0.0,0.0,0.0,0.0,0.0,0.0,1.0,0.0,0.0,0.0,0.0,0.0,0.0,0.0,0.0,0.0,0.0,0.0,0.0,1.2,1.0,1.0,1.0,1.03,1.01,2.5,1.0,1.0,3.6,1.0,1.0,1.21,1.0,1.27,1.0,1.0,1.17,1.0,1.13,5.76,1.0,1.0,1.0,1.0,1.21,1.0,1.46,5.91,1.1,1.0,1.01,1.04,1.08,1.0,1.27,1.0,1.05,1.14,2.0,1.0
49-9012.00,"Control and Valve Installers and Repairers, Except Mechanical Door",engineering|physical_manual_labor|mechanics_electronics|accounting|agriculture|animal_service|applied_arts_and_design|athletics|business_initiatives|construction_woodwork|creative_writing|culinary_art|finance|health_care_service|human_resources|humanities|information_technology|law|life_science|management_administration|marketing_advertising|mathematics_statistics|media|medical_science|music|nature_outdoors|office_work|performing_arts|personal_service|physical_science|politics|professional_advising|protective_service|public_speaking|religious_activities|sales|social_science|social_service|teaching_education|transportation_machine_operation|visual_arts,0.0,0.0,0.0,0.0,0.0,0.0,0.0,0.0,0.0,3.0,0.0,0.0,0.0,0.0,0.0,0.0,0.0,0.0,0.0,0.0,1.0,0.0,0.0,0.0,0.0,0.0,0.0,0.0,2.0,0.0,0.0,0.0,0.0,0.0,0.0,0.0,0.0,0.0,0.0,0.0,0.0,1.34,1.09,1.0,1.0,1.0,1.0,1.5,1.0,1.0,4.51,1.0,1.0,1.11,1.0,1.71,1.0,1.0,1.14,1.0,1.62,6.1,1.0,1.0,1.0,1.13,1.22,1.0,1.21,4.67,1.44,1.0,1.02,1.16,1.05,1.0,1.1,1.0,1.03,1.14,1.7,1.0
49-9021.00,"Heating, Air Conditioning, and Refrigeration Mechanics and Installers",engineering|physical_manual_labor|mechanics_electronics|accounting|agriculture|animal_service|applied_arts_and_design|athletics|business_initiatives|construction_woodwork|creative_writing|culinary_art|finance|health_care_service|human_resources|humanities|information_technology|law|life_science|management_administration|marketing_advertising|mathematics_statistics|media|medical_science|music|nature_outdoors|office_work|performing_arts|personal_service|physical_science|politics|professional_advising|protective_service|public_speaking|religious_activities|sales|social_science|social_service|teaching_education|transportation_machine_operation|visual_arts,0.0,0.0,0.0,0.0,0.0,0.0,0.0,0.0,0.0,3.0,0.0,0.0,0.0,0.0,0.0,0.0,0.0,0.0,0.0,0.0,1.0,0.0,0.0,0.0,0.0,0.0,0.0,0.0,2.0,0.0,0.0,0.0,0.0,0.0,0.0,0.0,0.0,0.0,0.0,0.0,0.0,1.48,1.03,1.0,1.08,1.03,1.14,2.6,1.0,1.0,4.79,1.07,1.1,1.32,1.0,1.71,1.04,1.0,1.68,1.0,1.65,6.51,1.0,1.03,1.0,1.13,1.19,1.0,1.49,5.63,1.76,1.0,1.07,1.12,1.16,1.0,1.36,1.0,1.1,1.28,2.07,1.0
49-9031.00,Home Appliance Repairers,engineering|physical_manual_labor|mechanics_electronics|accounting|agriculture|animal_service|applied_arts_and_design|athletics|business_initiatives|construction_woodwork|creative_writing|culinary_art|finance|health_care_service|human_resources|humanities|information_technology|law|life_science|management_administration|marketing_advertising|mathematics_statistics|media|medical_science|music|nature_outdoors|office_work|performing_arts|personal_service|physical_science|politics|professional_advising|protective_service|public_speaking|religious_activities|sales|social_science|social_service|teaching_education|transportation_machine_operation|visual_arts,0.0,0.0,0.0,0.0,0.0,0.0,0.0,0.0,0.0,3.0,0.0,0.0,0.0,0.0,0.0,0.0,0.0,0.0,0.0,0.0,1.0,0.0,0.0,0.0,0.0,0.0,0.0,0.0,2.0,0.0,0.0,0.0,0.0,0.0,0.0,0.0,0.0,0.0,0.0,0.0,0.0,1.41,1.0,1.0,1.03,1.0,1.12,1.66,1.04,1.12,3.82,1.13,1.0,1.28,1.0,1.59,1.04,1.0,1.35,1.15,1.23,6.51,1.0,1.0,1.0,1.0,1.27,1.0,1.81,5.02,1.28,1.0,1.12,1.12,1.28,1.0,1.58,1.0,1.08,1.39,1.43,1.0
49-9041.00,Industrial Machinery Mechanics,engineering|physical_manual_labor|mechanics_electronics|accounting|agriculture|animal_service|applied_arts_and_design|athletics|business_initiatives|construction_woodwork|creative_writing|culinary_art|finance|health_care_service|human_resources|humanities|information_technology|law|life_science|management_administration|marketing_advertising|mathematics_statistics|media|medical_science|music|nature_outdoors|office_work|performing_arts|personal_service|physical_science|politics|professional_advising|protective_service|public_speaking|religious_activities|sales|social_science|social_service|teaching_education|transportation_machine_operation|visual_arts,0.0,0.0,0.0,0.0,0.0,0.0,0.0,0.0,0.0,3.0,0.0,0.0,0.0,0.0,0.0,0.0,0.0,0.0,0.0,0.0,1.0,0.0,0.0,0.0,0.0,0.0,0.0,0.0,2.0,0.0,0.0,0.0,0.0,0.0,0.0,0.0,0.0,0.0,0.0,0.0,0.0,1.24,1.32,1.0,1.08,1.03,1.0,1.96,1.0,1.0,4.99,1.02,1.03,1.07,1.0,1.92,1.0,1.03,1.35,1.0,1.82,6.6,1.0,1.05,1.0,1.02,1.19,1.0,1.03,5.3,1.51,1.0,1.06,1.0,1.16,1.0,1.08,1.0,1.0,1.28,2.35,1.02
49-9043.00,"Maintenance Workers, Machinery",engineering|physical_manual_labor|mechanics_electronics|accounting|agriculture|animal_service|applied_arts_and_design|athletics|business_initiatives|construction_woodwork|creative_writing|culinary_art|finance|health_care_service|human_resources|humanities|information_technology|law|life_science|management_administration|marketing_advertising|mathematics_statistics|media|medical_science|music|nature_outdoors|office_work|performing_arts|personal_service|physical_science|politics|professional_advising|protective_service|public_speaking|religious_activities|sales|social_science|social_service|teaching_education|transportation_machine_operation|visual_arts,0.0,0.0,0.0,0.0,0.0,0.0,0.0,0.0,0.0,3.0,0.0,0.0,0.0,0.0,0.0,0.0,0.0,0.0,0.0,0.0,1.0,0.0,0.0,0.0,0.0,0.0,0.0,0.0,2.0,0.0,0.0,0.0,0.0,0.0,0.0,0.0,0.0,0.0,0.0,0.0,0.0,1.2,1.4,1.02,1.0,1.03,1.01,2.19,1.0,1.0,3.93,1.0,1.03,1.11,1.0,1.24,1.0,1.0,1.29,1.0,1.15,6.51,1.0,1.0,1.0,1.09,1.12,1.0,1.0,5.91,1.2,1.0,1.0,1.0,1.0,1.0,1.0,1.0,1.0,1.08,2.74,1.0
49-9044.00,Millwrights,engineering|mechanics_electronics|physical_manual_labor|accounting|agriculture|animal_service|applied_arts_and_design|athletics|business_initiatives|construction_woodwork|creative_writing|culinary_art|finance|health_care_service|human_resources|humanities|information_technology|law|life_science|management_administration|marketing_advertising|mathematics_statistics|media|medical_science|music|nature_outdoors|office_work|performing_arts|personal_service|physical_science|politics|professional_advising|protective_service|public_speaking|religious_activities|sales|social_science|social_service|teaching_education|transportation_machine_operation|visual_arts,0.0,0.0,0.0,0.0,0.0,0.0,0.0,0.0,0.0,3.0,0.0,0.0,0.0,0.0,0.0,0.0,0.0,0.0,0.0,0.0,2.0,0.0,0.0,0.0,0.0,0.0,0.0,0.0,1.0,0.0,0.0,0.0,0.0,0.0,0.0,0.0,0.0,0.0,0.0,0.0,0.0,1.0,1.11,1.0,1.13,1.0,1.0,2.71,1.0,1.0,4.79,1.02,1.06,1.0,1.0,1.27,1.0,1.0,1.26,1.0,1.59,6.06,1.0,1.0,1.0,1.04,1.04,1.0,1.0,6.06,1.35,1.0,1.03,1.12,1.08,1.0,1.0,1.0,1.0,1.25,2.52,1.02
49-9045.00,"Refractory Materials Repairers, Except Brickmasons",mechanics_electronics|physical_manual_labor|accounting|agriculture|animal_service|applied_arts_and_design|athletics|business_initiatives|construction_woodwork|creative_writing|culinary_art|engineering|finance|health_care_service|human_resources|humanities|information_technology|law|life_science|management_administration|marketing_advertising|mathematics_statistics|media|medical_science|music|nature_outdoors|office_work|performing_arts|personal_service|physical_science|politics|professional_advising|protective_service|public_speaking|religious_activities|sales|social_science|social_service|teaching_education|transportation_machine_operation|visual_arts,0.0,0.0,0.0,0.0,0.0,0.0,0.0,0.0,0.0,0.0,0.0,0.0,0.0,0.0,0.0,0.0,0.0,0.0,0.0,0.0,2.0,0.0,0.0,0.0,0.0,0.0,0.0,0.0,1.0,0.0,0.0,0.0,0.0,0.0,0.0,0.0,0.0,0.0,0.0,0.0,0.0,1.2,1.0,1.0,1.13,1.03,1.0,2.53,1.0,1.0,2.6,1.0,1.0,1.0,1.0,1.0,1.0,1.0,1.06,1.0,1.15,2.66,1.0,1.0,1.0,1.0,1.05,1.0,1.0,6.16,1.44,1.0,1.0,1.0,1.0,1.0,1.0,1.0,1.0,1.0,1.56,1.04
49-9051.00,Electrical Power-Line Installers and Repairers,engineering|transportation_machine_operation|physical_manual_labor|mechanics_electronics|accounting|agriculture|animal_service|applied_arts_and_design|athletics|business_initiatives|construction_woodwork|creative_writing|culinary_art|finance|health_care_service|human_resources|humanities|information_technology|law|life_science|management_administration|marketing_advertising|mathematics_statistics|media|medical_science|music|nature_outdoors|office_work|performing_arts|personal_service|physical_science|politics|professional_advising|protective_service|public_speaking|religious_activities|sales|social_science|social_service|teaching_education|visual_arts,0.0,0.0,0.0,0.0,0.0,0.0,0.0,0.0,0.0,4.0,0.0,0.0,0.0,0.0,0.0,0.0,0.0,0.0,0.0,0.0,1.0,0.0,0.0,0.0,0.0,0.0,0.0,0.0,2.0,0.0,0.0,0.0,0.0,0.0,0.0,0.0,0.0,0.0,0.0,3.0,0.0,1.2,1.11,1.0,1.0,1.17,1.0,2.02,1.0,1.0,4.47,1.0,1.0,1.18,1.0,1.16,1.04,1.03,1.41,1.0,1.26,6.33,1.0,1.0,1.0,2.16,1.03,1.0,1.12,6.16,1.28,1.0,1.03,1.36,1.16,1.0,1.06,1.0,1.05,1.16,4.69,1.0
49-9052.00,Telecommunications Line Installers and Repairers,engineering|physical_manual_labor|mechanics_electronics|accounting|agriculture|animal_service|applied_arts_and_design|athletics|business_initiatives|construction_woodwork|creative_writing|culinary_art|finance|health_care_service|human_resources|humanities|information_technology|law|life_science|management_administration|marketing_advertising|mathematics_statistics|media|medical_science|music|nature_outdoors|office_work|performing_arts|personal_service|physical_science|politics|professional_advising|protective_service|public_speaking|religious_activities|sales|social_science|social_service|teaching_education|transportation_machine_operation|visual_arts,0.0,0.0,0.0,0.0,0.0,0.0,0.0,0.0,0.0,3.0,0.0,0.0,0.0,0.0,0.0,0.0,0.0,0.0,0.0,0.0,1.0,0.0,0.0,0.0,0.0,0.0,0.0,0.0,2.0,0.0,0.0,0.0,0.0,0.0,0.0,0.0,0.0,0.0,0.0,0.0,0.0,1.13,1.01,1.0,1.0,1.03,1.12,2.12,1.0,1.0,4.2,1.0,1.0,1.21,1.0,2.3,1.0,1.0,1.29,1.0,1.45,6.15,1.12,1.0,1.0,1.92,1.17,1.0,1.49,5.91,1.24,1.0,1.06,1.23,1.16,1.0,1.2,1.0,1.1,1.22,3.6,1.0
49-9061.00,Camera and Photographic Equipment Repairers,engineering|mechanics_electronics|accounting|agriculture|animal_service|applied_arts_and_design|athletics|business_initiatives|construction_woodwork|creative_writing|culinary_art|finance|health_care_service|human_resources|humanities|information_technology|law|life_science|management_administration|marketing_advertising|mathematics_statistics|media|medical_science|music|nature_outdoors|office_work|performing_arts|personal_service|physical_science|physical_manual_labor|politics|professional_advising|protective_service|public_speaking|religious_activities|sales|social_science|social_service|teaching_education|transportation_machine_operation|visual_arts,0.0,0.0,0.0,0.0,0.0,0.0,0.0,0.0,0.0,2.0,0.0,0.0,0.0,0.0,0.0,0.0,0.0,0.0,0.0,0.0,1.0,0.0,0.0,0.0,0.0,0.0,0.0,0.0,0.0,0.0,0.0,0.0,0.0,0.0,0.0,0.0,0.0,0.0,0.0,0.0,0.0,1.17,1.0,1.0,1.27,1.0,1.0,1.31,1.0,1.0,4.43,1.0,1.0,1.0,1.0,1.83,1.0,1.0,1.08,1.0,1.56,6.02,1.48,1.0,1.0,1.02,1.24,1.11,1.37,2.32,1.46,1.0,1.06,1.0,1.05,1.0,1.14,1.0,1.03,1.16,1.1,1.45
49-9062.00,Medical Equipment Repairers,health_care_service|engineering|mechanics_electronics|accounting|agriculture|animal_service|applied_arts_and_design|athletics|business_initiatives|construction_woodwork|creative_writing|culinary_art|finance|human_resources|humanities|information_technology|law|life_science|management_administration|marketing_advertising|mathematics_statistics|media|medical_science|music|nature_outdoors|office_work|performing_arts|personal_service|physical_science|physical_manual_labor|politics|professional_advising|protective_service|public_speaking|religious_activities|sales|social_science|social_service|teaching_education|transportation_machine_operation|visual_arts,0.0,0.0,0.0,0.0,0.0,0.0,0.0,0.0,0.0,2.0,0.0,3.0,0.0,0.0,0.0,0.0,0.0,0.0,0.0,0.0,1.0,0.0,0.0,0.0,0.0,0.0,0.0,0.0,0.0,0.0,0.0,0.0,0.0,0.0,0.0,0.0,0.0,0.0,0.0,0.0,0.0,1.41,1.0,1.05,1.03,1.06,1.03,1.37,1.02,1.0,5.4,1.02,3.29,1.28,1.0,2.6,1.11,1.48,1.38,1.0,2.44,6.55,1.02,2.25,1.0,1.0,1.52,1.0,1.33,2.84,1.98,1.0,1.09,1.08,1.39,1.0,1.12,1.08,1.15,1.51,1.33,1.0
49-9063.00,Musical Instrument Repairers and Tuners,music|physical_manual_labor|mechanics_electronics|accounting|agriculture|animal_service|applied_arts_and_design|athletics|business_initiatives|construction_woodwork|creative_writing|culinary_art|engineering|finance|health_care_service|human_resources|humanities|information_technology|law|life_science|management_administration|marketing_advertising|mathematics_statistics|media|medical_science|nature_outdoors|office_work|performing_arts|personal_service|physical_science|politics|professional_advising|protective_service|public_speaking|religious_activities|sales|social_science|social_service|teaching_education|transportation_machine_operation|visual_arts,0.0,0.0,0.0,0.0,0.0,0.0,0.0,0.0,0.0,0.0,0.0,0.0,0.0,0.0,0.0,0.0,0.0,0.0,0.0,0.0,1.0,0.0,0.0,3.0,0.0,0.0,0.0,0.0,2.0,0.0,0.0,0.0,0.0,0.0,0.0,0.0,0.0,0.0,0.0,0.0,0.0,1.13,1.0,1.0,2.65,1.0,1.0,3.0,1.16,1.08,2.71,1.0,1.0,1.04,1.64,1.08,1.0,1.0,1.03,1.21,1.28,4.81,1.22,1.0,3.54,1.0,1.17,1.88,1.65,3.72,1.2,1.0,1.09,1.0,1.16,1.0,1.2,1.0,1.08,1.27,1.06,2.03
49-9064.00,Watch and Clock Repairers,engineering|mechanics_electronics|accounting|agriculture|animal_service|applied_arts_and_design|athletics|business_initiatives|construction_woodwork|creative_writing|culinary_art|finance|health_care_service|human_resources|humanities|information_technology|law|life_science|management_administration|marketing_advertising|mathematics_statistics|media|medical_science|music|nature_outdoors|office_work|performing_arts|personal_service|physical_science|physical_manual_labor|politics|professional_advising|protective_service|public_speaking|religious_activities|sales|social_science|social_service|teaching_education|transportation_machine_operation|visual_arts,0.0,0.0,0.0,0.0,0.0,0.0,0.0,0.0,0.0,2.0,0.0,0.0,0.0,0.0,0.0,0.0,0.0,0.0,0.0,0.0,1.0,0.0,0.0,0.0,0.0,0.0,0.0,0.0,0.0,0.0,0.0,0.0,0.0,0.0,0.0,0.0,0.0,0.0,0.0,0.0,0.0,1.44,1.0,1.0,1.32,1.0,1.04,1.31,1.0,1.0,2.81,1.07,1.0,1.28,1.06,1.3,1.0,1.0,1.35,1.0,1.39,5.98,1.0,1.0,1.0,1.0,1.68,1.0,1.72,1.93,1.24,1.0,1.04,1.0,1.08,1.0,1.22,1.0,1.05,1.14,1.03,1.13
49-9071.00,"Maintenance and Repair Workers, General",engineering|construction_woodwork|physical_manual_labor|mechanics_electronics|accounting|agriculture|animal_service|applied_arts_and_design|athletics|business_initiatives|creative_writing|culinary_art|finance|health_care_service|human_resources|humanities|information_technology|law|life_science|management_administration|marketing_advertising|mathematics_statistics|media|medical_science|music|nature_outdoors|office_work|performing_arts|personal_service|physical_science|politics|professional_advising|protective_service|public_speaking|religious_activities|sales|social_science|social_service|teaching_education|transportation_machine_operation|visual_arts,0.0,0.0,0.0,0.0,0.0,0.0,3.0,0.0,0.0,4.0,0.0,0.0,0.0,0.0,0.0,0.0,0.0,0.0,0.0,0.0,1.0,0.0,0.0,0.0,0.0,0.0,0.0,0.0,2.0,0.0,0.0,0.0,0.0,0.0,0.0,0.0,0.0,0.0,0.0,0.0,0.0,1.2,1.34,1.15,1.1,1.03,1.09,4.09,1.0,1.12,4.05,1.02,1.59,1.32,1.0,1.53,1.0,1.0,1.71,1.0,1.62,6.28,1.0,1.05,1.0,1.39,1.22,1.0,1.18,5.91,1.33,1.0,1.03,1.08,1.19,1.0,1.12,1.0,1.06,1.28,2.24,1.11
49-9081.00,Wind Turbine Service Technicians,physical_manual_labor|engineering|mechanics_electronics|accounting|agriculture|animal_service|applied_arts_and_design|athletics|business_initiatives|construction_woodwork|creative_writing|culinary_art|finance|health_care_service|human_resources|humanities|information_technology|law|life_science|management_administration|marketing_advertising|mathematics_statistics|media|medical_science|music|nature_outdoors|office_work|performing_arts|personal_service|physical_science|politics|professional_advising|protective_service|public_speaking|religious_activities|sales|social_science|social_service|teaching_education|transportation_machine_operation|visual_arts,0.0,0.0,0.0,0.0,0.0,0.0,0.0,0.0,0.0,2.0,0.0,0.0,0.0,0.0,0.0,0.0,0.0,0.0,0.0,0.0,1.0,0.0,0.0,0.0,0.0,0.0,0.0,0.0,3.0,0.0,0.0,0.0,0.0,0.0,0.0,0.0,0.0,0.0,0.0,0.0,0.0,1.31,1.11,1.0,1.0,1.06,1.16,1.89,1.0,1.0,5.82,1.02,1.0,1.32,1.0,2.33,1.0,1.0,1.53,1.0,2.09,6.64,1.0,1.0,1.0,2.51,1.14,1.0,1.09,5.16,2.18,1.0,1.13,1.16,1.33,1.0,1.1,1.0,1.03,1.45,2.11,1.0
49-9091.00,"Coin, Vending, and Amusement Machine Servicers and Repairers",physical_manual_labor|mechanics_electronics|accounting|agriculture|animal_service|applied_arts_and_design|athletics|business_initiatives|construction_woodwork|creative_writing|culinary_art|engineering|finance|health_care_service|human_resources|humanities|information_technology|law|life_science|management_administration|marketing_advertising|mathematics_statistics|media|medical_science|music|nature_outdoors|office_work|performing_arts|personal_service|physical_science|politics|professional_advising|protective_service|public_speaking|religious_activities|sales|social_science|social_service|teaching_education|transportation_machine_operation|visual_arts,0.0,0.0,0.0,0.0,0.0,0.0,0.0,0.0,0.0,0.0,0.0,0.0,0.0,0.0,0.0,0.0,0.0,0.0,0.0,0.0,1.0,0.0,0.0,0.0,0.0,0.0,0.0,0.0,2.0,0.0,0.0,0.0,0.0,0.0,0.0,0.0,0.0,0.0,0.0,0.0,0.0,1.93,1.0,1.0,1.0,1.0,1.06,1.34,1.0,1.04,2.95,1.15,1.0,1.18,1.0,1.95,1.0,1.0,1.32,1.0,1.23,6.06,1.02,1.0,1.36,1.0,1.52,1.0,1.37,3.68,1.14,1.0,1.0,1.12,1.05,1.0,1.29,1.0,1.05,1.05,1.73,1.0
49-9092.00,Commercial Divers,engineering|mechanics_electronics|physical_manual_labor|accounting|agriculture|animal_service|applied_arts_and_design|athletics|business_initiatives|construction_woodwork|creative_writing|culinary_art|finance|health_care_service|human_resources|humanities|information_technology|law|life_science|management_administration|marketing_advertising|mathematics_statistics|media|medical_science|music|nature_outdoors|office_work|performing_arts|personal_service|physical_science|politics|professional_advising|protective_service|public_speaking|religious_activities|sales|social_science|social_service|teaching_education|transportation_machine_operation|visual_arts,0.0,0.0,0.0,0.0,0.0,0.0,0.0,0.0,0.0,3.0,0.0,0.0,0.0,0.0,0.0,0.0,0.0,0.0,0.0,0.0,2.0,0.0,0.0,0.0,0.0,0.0,0.0,0.0,1.0,0.0,0.0,0.0,0.0,0.0,0.0,0.0,0.0,0.0,0.0,0.0,0.0,1.1,1.01,1.05,1.03,1.26,1.0,2.33,1.0,1.0,4.01,1.0,1.16,1.11,1.0,1.11,1.0,1.51,1.41,1.0,1.65,4.18,1.12,1.25,1.0,3.27,1.04,1.0,1.09,6.32,1.9,1.03,1.06,1.67,1.16,1.0,1.02,1.0,1.03,1.36,2.28,1.11
49-9094.00,Locksmiths and Safe Repairers,physical_manual_labor|mechanics_electronics|accounting|agriculture|animal_service|applied_arts_and_design|athletics|business_initiatives|construction_woodwork|creative_writing|culinary_art|engineering|finance|health_care_service|human_resources|humanities|information_technology|law|life_science|management_administration|marketing_advertising|mathematics_statistics|media|medical_science|music|nature_outdoors|office_work|performing_arts|personal_service|physical_science|politics|professional_advising|protective_service|public_speaking|religious_activities|sales|social_science|social_service|teaching_education|transportation_machine_operation|visual_arts,0.0,0.0,0.0,0.0,0.0,0.0,0.0,0.0,0.0,0.0,0.0,0.0,0.0,0.0,0.0,0.0,0.0,0.0,0.0,0.0,1.0,0.0,0.0,0.0,0.0,0.0,0.0,0.0,2.0,0.0,0.0,0.0,0.0,0.0,0.0,0.0,0.0,0.0,0.0,0.0,0.0,1.55,1.0,1.0,1.16,1.0,1.14,2.33,1.0,1.0,2.88,1.18,1.0,1.32,1.03,1.56,1.44,1.0,1.5,1.1,1.42,5.13,1.0,1.0,1.0,1.0,1.64,1.0,1.49,4.33,1.14,1.06,1.06,2.14,1.16,1.0,1.33,1.0,1.06,1.28,1.63,1.02
49-9095.00,Manufactured Building and Mobile Home Installers,mechanics_electronics|construction_woodwork|physical_manual_labor|accounting|agriculture|animal_service|applied_arts_and_design|athletics|business_initiatives|creative_writing|culinary_art|engineering|finance|health_care_service|human_resources|humanities|information_technology|law|life_science|management_administration|marketing_advertising|mathematics_statistics|media|medical_science|music|nature_outdoors|office_work|performing_arts|personal_service|physical_science|politics|professional_advising|protective_service|public_speaking|religious_activities|sales|social_science|social_service|teaching_education|transportation_machine_operation|visual_arts,0.0,0.0,0.0,0.0,0.0,0.0,2.0,0.0,0.0,0.0,0.0,0.0,0.0,0.0,0.0,0.0,0.0,0.0,0.0,0.0,3.0,0.0,0.0,0.0,0.0,0.0,0.0,0.0,1.0,0.0,0.0,0.0,0.0,0.0,0.0,0.0,0.0,0.0,0.0,0.0,0.0,1.17,1.0,1.0,1.16,1.0,1.0,4.54,1.0,1.0,2.54,1.0,1.0,1.11,1.0,1.11,1.14,1.0,1.26,1.0,1.23,4.3,1.0,1.0,1.0,1.11,1.06,1.0,1.34,6.42,1.1,1.0,1.02,1.12,1.05,1.0,1.12,1.0,1.06,1.16,2.67,1.02
49-9096.00,Riggers,engineering|physical_manual_labor|accounting|agriculture|animal_service|applied_arts_and_design|athletics|business_initiatives|construction_woodwork|creative_writing|culinary_art|finance|health_care_service|human_resources|humanities|information_technology|law|life_science|management_administration|marketing_advertising|mathematics_statistics|mechanics_electronics|media|medical_science|music|nature_outdoors|office_work|performing_arts|personal_service|physical_science|politics|professional_advising|protective_service|public_speaking|religious_activities|sales|social_science|social_service|teaching_education|transportation_machine_operation|visual_arts,0.0,0.0,0.0,0.0,0.0,0.0,0.0,0.0,0.0,2.0,0.0,0.0,0.0,0.0,0.0,0.0,0.0,0.0,0.0,0.0,0.0,0.0,0.0,0.0,0.0,0.0,0.0,0.0,1.0,0.0,0.0,0.0,0.0,0.0,0.0,0.0,0.0,0.0,0.0,0.0,0.0,1.17,1.06,1.0,1.08,1.06,1.01,2.5,1.0,1.0,2.99,1.0,1.0,1.07,1.0,1.03,1.0,1.0,1.29,1.0,1.53,2.79,1.1,1.0,1.07,1.36,1.06,1.15,1.09,6.11,1.1,1.0,1.03,1.16,1.19,1.0,1.08,1.0,1.0,1.14,2.99,1.13
49-9097.00,Signal and Track Switch Repairers,engineering|physical_manual_labor|mechanics_electronics|accounting|agriculture|animal_service|applied_arts_and_design|athletics|business_initiatives|construction_woodwork|creative_writing|culinary_art|finance|health_care_service|human_resources|humanities|information_technology|law|life_science|management_administration|marketing_advertising|mathematics_statistics|media|medical_science|music|nature_outdoors|office_work|performing_arts|personal_service|physical_science|politics|professional_advising|protective_service|public_speaking|religious_activities|sales|social_science|social_service|teaching_education|transportation_machine_operation|visual_arts,0.0,0.0,0.0,0.0,0.0,0.0,0.0,0.0,0.0,3.0,0.0,0.0,0.0,0.0,0.0,0.0,0.0,0.0,0.0,0.0,1.0,0.0,0.0,0.0,0.0,0.0,0.0,0.0,2.0,0.0,0.0,0.0,0.0,0.0,0.0,0.0,0.0,0.0,0.0,0.0,0.0,1.2,1.0,1.0,1.0,1.0,1.0,1.44,1.0,1.0,4.51,1.0,1.0,1.0,1.0,1.86,1.0,1.0,1.23,1.0,1.47,6.33,1.0,1.0,1.0,1.34,1.13,1.0,1.0,4.93,1.2,1.0,1.0,1.48,1.0,1.0,1.0,1.0,1.02,1.16,3.67,1.0
49-9098.00,"Helpers--Installation, Maintenance, and Repair Workers",engineering|physical_manual_labor|mechanics_electronics|accounting|agriculture|animal_service|applied_arts_and_design|athletics|business_initiatives|construction_woodwork|creative_writing|culinary_art|finance|health_care_service|human_resources|humanities|information_technology|law|life_science|management_administration|marketing_advertising|mathematics_statistics|media|medical_science|music|nature_outdoors|office_work|performing_arts|personal_service|physical_science|politics|professional_advising|protective_service|public_speaking|religious_activities|sales|social_science|social_service|teaching_education|transportation_machine_operation|visual_arts,0.0,0.0,0.0,0.0,0.0,0.0,0.0,0.0,0.0,3.0,0.0,0.0,0.0,0.0,0.0,0.0,0.0,0.0,0.0,0.0,1.0,0.0,0.0,0.0,0.0,0.0,0.0,0.0,2.0,0.0,0.0,0.0,0.0,0.0,0.0,0.0,0.0,0.0,0.0,0.0,0.0,1.2,1.11,1.02,1.13,1.0,1.0,2.46,1.0,1.0,3.24,1.0,1.1,1.0,1.0,1.53,1.0,1.0,1.06,1.0,1.31,6.33,1.0,1.0,1.02,1.13,1.12,1.0,1.21,6.02,1.18,1.0,1.01,1.12,1.0,1.0,1.08,1.0,1.06,1.14,2.42,1.0
51-1011.00,First-Line Supervisors of Production and Operating Workers,human_resources|mechanics_electronics|management_administration|accounting|agriculture|animal_service|applied_arts_and_design|athletics|business_initiatives|construction_woodwork|creative_writing|culinary_art|engineering|finance|health_care_service|humanities|information_technology|law|life_science|marketing_advertising|mathematics_statistics|media|medical_science|music|nature_outdoors|office_work|performing_arts|personal_service|physical_science|physical_manual_labor|politics|professional_advising|protective_service|public_speaking|religious_activities|sales|social_science|social_service|teaching_education|transportation_machine_operation|visual_arts,0.0,0.0,0.0,0.0,0.0,0.0,0.0,0.0,0.0,0.0,0.0,0.0,3.0,0.0,0.0,0.0,0.0,1.0,0.0,0.0,2.0,0.0,0.0,0.0,0.0,0.0,0.0,0.0,0.0,0.0,0.0,0.0,0.0,0.0,0.0,0.0,0.0,0.0,0.0,0.0,0.0,2.14,1.28,1.0,1.1,1.09,2.75,2.39,1.0,1.46,2.92,1.53,1.03,3.23,1.0,1.74,1.11,1.23,5.8,1.18,2.31,3.36,1.05,1.05,1.0,1.02,1.92,1.0,1.18,2.08,1.3,1.11,1.63,1.39,2.03,1.0,1.31,1.24,1.21,1.78,2.35,1.02
51-2011.00,"Aircraft Structure, Surfaces, Rigging, and Systems Assemblers",engineering|mechanics_electronics|physical_manual_labor|accounting|agriculture|animal_service|applied_arts_and_design|athletics|business_initiatives|construction_woodwork|creative_writing|culinary_art|finance|health_care_service|human_resources|humanities|information_technology|law|life_science|management_administration|marketing_advertising|mathematics_statistics|media|medical_science|music|nature_outdoors|office_work|performing_arts|personal_service|physical_science|politics|professional_advising|protective_service|public_speaking|religious_activities|sales|social_science|social_service|teaching_education|transportation_machine_operation|visual_arts,0.0,0.0,0.0,0.0,0.0,0.0,0.0,0.0,0.0,3.0,0.0,0.0,0.0,0.0,0.0,0.0,0.0,0.0,0.0,0.0,2.0,0.0,0.0,0.0,0.0,0.0,0.0,0.0,1.0,0.0,0.0,0.0,0.0,0.0,0.0,0.0,0.0,0.0,0.0,0.0,0.0,1.2,1.0,1.0,1.16,1.0,1.0,2.13,1.0,1.0,5.03,1.0,1.0,1.0,1.0,1.53,1.0,1.0,1.14,1.0,1.62,5.55,1.0,1.0,1.0,1.0,1.1,1.0,1.0,5.67,1.35,1.0,1.0,1.12,1.08,1.0,1.0,1.0,1.0,1.16,1.7,1.13
51-2021.00,"Coil Winders, Tapers, and Finishers",engineering|physical_manual_labor|mechanics_electronics|accounting|agriculture|animal_service|applied_arts_and_design|athletics|business_initiatives|construction_woodwork|creative_writing|culinary_art|finance|health_care_service|human_resources|humanities|information_technology|law|life_science|management_administration|marketing_advertising|mathematics_statistics|media|medical_science|music|nature_outdoors|office_work|performing_arts|personal_service|physical_science|politics|professional_advising|protective_service|public_speaking|religious_activities|sales|social_science|social_service|teaching_education|transportation_machine_operation|visual_arts,0.0,0.0,0.0,0.0,0.0,0.0,0.0,0.0,0.0,3.0,0.0,0.0,0.0,0.0,0.0,0.0,0.0,0.0,0.0,0.0,1.0,0.0,0.0,0.0,0.0,0.0,0.0,0.0,2.0,0.0,0.0,0.0,0.0,0.0,0.0,0.0,0.0,0.0,0.0,0.0,0.0,1.41,1.0,1.0,1.0,1.0,1.01,1.15,1.0,1.0,3.34,1.0,1.0,1.0,1.0,1.41,1.0,1.0,1.26,1.0,1.47,5.85,1.0,1.0,1.0,1.0,1.16,1.0,1.0,3.84,1.22,1.0,1.0,1.0,1.0,1.0,1.0,1.0,1.0,1.08,1.5,1.0
51-2022.00,Electrical and Electronic Equipment Assemblers,physical_manual_labor|engineering|mechanics_electronics|accounting|agriculture|animal_service|applied_arts_and_design|athletics|business_initiatives|construction_woodwork|creative_writing|culinary_art|finance|health_care_service|human_resources|humanities|information_technology|law|life_science|management_administration|marketing_advertising|mathematics_statistics|media|medical_science|music|nature_outdoors|office_work|performing_arts|personal_service|physical_science|politics|professional_advising|protective_service|public_speaking|religious_activities|sales|social_science|social_service|teaching_education|transportation_machine_operation|visual_arts,0.0,0.0,0.0,0.0,0.0,0.0,0.0,0.0,0.0,2.0,0.0,0.0,0.0,0.0,0.0,0.0,0.0,0.0,0.0,0.0,1.0,0.0,0.0,0.0,0.0,0.0,0.0,0.0,3.0,0.0,0.0,0.0,0.0,0.0,0.0,0.0,0.0,0.0,0.0,0.0,0.0,1.2,1.0,1.0,1.24,1.0,1.0,1.41,1.0,1.0,4.67,1.0,1.03,1.18,1.0,2.2,1.0,1.0,1.17,1.0,1.47,6.33,1.0,1.08,1.0,1.0,1.12,1.0,1.0,3.31,1.53,1.0,1.06,1.0,1.16,1.0,1.0,1.0,1.0,1.25,1.3,1.11
51-2023.00,Electromechanical Equipment Assemblers,physical_manual_labor|engineering|mechanics_electronics|accounting|agriculture|animal_service|applied_arts_and_design|athletics|business_initiatives|construction_woodwork|creative_writing|culinary_art|finance|health_care_service|human_resources|humanities|information_technology|law|life_science|management_administration|marketing_advertising|mathematics_statistics|media|medical_science|music|nature_outdoors|office_work|performing_arts|personal_service|physical_science|politics|professional_advising|protective_service|public_speaking|religious_activities|sales|social_science|social_service|teaching_education|transportation_machine_operation|visual_arts,0.0,0.0,0.0,0.0,0.0,0.0,0.0,0.0,0.0,2.0,0.0,0.0,0.0,0.0,0.0,0.0,0.0,0.0,0.0,0.0,1.0,0.0,0.0,0.0,0.0,0.0,0.0,0.0,3.0,0.0,0.0,0.0,0.0,0.0,0.0,0.0,0.0,0.0,0.0,0.0,0.0,1.2,1.01,1.0,1.05,1.0,1.0,1.31,1.0,1.0,4.83,1.0,1.06,1.0,1.0,1.8,1.0,1.0,1.11,1.0,1.62,6.42,1.0,1.08,1.0,1.0,1.12,1.0,1.0,3.31,1.53,1.0,1.0,1.0,1.0,1.0,1.0,1.0,1.0,1.05,1.5,1.04
51-2031.00,Engine and Other Machine Assemblers,engineering|physical_manual_labor|mechanics_electronics|accounting|agriculture|animal_service|applied_arts_and_design|athletics|business_initiatives|construction_woodwork|creative_writing|culinary_art|finance|health_care_service|human_resources|humanities|information_technology|law|life_science|management_administration|marketing_advertising|mathematics_statistics|media|medical_science|music|nature_outdoors|office_work|performing_arts|personal_service|physical_science|politics|professional_advising|protective_service|public_speaking|religious_activities|sales|social_science|social_service|teaching_education|transportation_machine_operation|visual_arts,0.0,0.0,0.0,0.0,0.0,0.0,0.0,0.0,0.0,3.0,0.0,0.0,0.0,0.0,0.0,0.0,0.0,0.0,0.0,0.0,1.0,0.0,0.0,0.0,0.0,0.0,0.0,0.0,2.0,0.0,0.0,0.0,0.0,0.0,0.0,0.0,0.0,0.0,0.0,0.0,0.0,1.13,1.03,1.0,1.0,1.0,1.0,1.79,1.0,1.0,4.47,1.0,1.0,1.0,1.0,1.16,1.0,1.0,1.17,1.0,1.34,6.1,1.0,1.0,1.0,1.0,1.06,1.0,1.09,5.34,1.18,1.0,1.0,1.0,1.03,1.0,1.04,1.0,1.0,1.08,2.11,1.02
51-2041.00,Structural Metal Fabricators and Fitters,engineering|physical_manual_labor|accounting|agriculture|animal_service|applied_arts_and_design|athletics|business_initiatives|construction_woodwork|creative_writing|culinary_art|finance|health_care_service|human_resources|humanities|information_technology|law|life_science|management_administration|marketing_advertising|mathematics_statistics|mechanics_electronics|media|medical_science|music|nature_outdoors|office_work|performing_arts|personal_service|physical_science|politics|professional_advising|protective_service|public_speaking|religious_activities|sales|social_science|social_service|teaching_education|transportation_machine_operation|visual_arts,0.0,0.0,0.0,0.0,0.0,0.0,0.0,0.0,0.0,2.0,0.0,0.0,0.0,0.0,0.0,0.0,0.0,0.0,0.0,0.0,0.0,0.0,0.0,0.0,0.0,0.0,0.0,0.0,1.0,0.0,0.0,0.0,0.0,0.0,0.0,0.0,0.0,0.0,0.0,0.0,0.0,1.13,1.0,1.0,1.24,1.0,1.0,1.96,1.0,1.0,4.39,1.0,1.0,1.0,1.0,1.05,1.0,1.0,1.14,1.0,1.67,2.62,1.0,1.0,1.0,1.0,1.05,1.0,1.0,6.27,1.16,1.0,1.0,1.0,1.0,1.0,1.0,1.0,1.0,1.0,2.6,1.11
51-2051.00,Fiberglass Laminators and Fabricators,engineering|physical_manual_labor|accounting|agriculture|animal_service|applied_arts_and_design|athletics|business_initiatives|construction_woodwork|creative_writing|culinary_art|finance|health_care_service|human_resources|humanities|information_technology|law|life_science|management_administration|marketing_advertising|mathematics_statistics|mechanics_electronics|media|medical_science|music|nature_outdoors|office_work|performing_arts|personal_service|physical_science|politics|professional_advising|protective_service|public_speaking|religious_activities|sales|social_science|social_service|teaching_education|transportation_machine_operation|visual_arts,0.0,0.0,0.0,0.0,0.0,0.0,0.0,0.0,0.0,2.0,0.0,0.0,0.0,0.0,0.0,0.0,0.0,0.0,0.0,0.0,0.0,0.0,0.0,0.0,0.0,0.0,0.0,0.0,1.0,0.0,0.0,0.0,0.0,0.0,0.0,0.0,0.0,0.0,0.0,0.0,0.0,1.17,1.0,1.0,1.35,1.0,1.0,2.26,1.0,1.0,2.57,1.0,1.0,1.07,1.0,1.0,1.0,1.0,1.23,1.0,1.15,1.84,1.0,1.0,1.0,1.0,1.06,1.0,1.09,5.91,1.44,1.0,1.0,1.0,1.03,1.0,1.02,1.0,1.0,1.16,1.56,1.25
51-2061.00,Timing Device Assemblers and Adjusters,engineering|mechanics_electronics|accounting|agriculture|animal_service|applied_arts_and_design|athletics|business_initiatives|construction_woodwork|creative_writing|culinary_art|finance|health_care_service|human_resources|humanities|information_technology|law|life_science|management_administration|marketing_advertising|mathematics_statistics|media|medical_science|music|nature_outdoors|office_work|performing_arts|personal_service|physical_science|physical_manual_labor|politics|professional_advising|protective_service|public_speaking|religious_activities|sales|social_science|social_service|teaching_education|transportation_machine_operation|visual_arts,0.0,0.0,0.0,0.0,0.0,0.0,0.0,0.0,0.0,2.0,0.0,0.0,0.0,0.0,0.0,0.0,0.0,0.0,0.0,0.0,1.0,0.0,0.0,0.0,0.0,0.0,0.0,0.0,0.0,0.0,0.0,0.0,0.0,0.0,0.0,0.0,0.0,0.0,0.0,0.0,0.0,1.27,1.0,1.0,1.16,1.0,1.0,1.41,1.0,1.0,4.09,1.0,1.0,1.0,1.0,1.24,1.0,1.0,1.0,1.0,1.7,5.42,1.0,1.0,1.0,1.0,1.1,1.0,1.09,1.93,1.22,1.0,1.0,1.0,1.0,1.0,1.02,1.0,1.0,1.03,1.0,1.11
51-2092.00,Team Assemblers,mechanics_electronics|physical_manual_labor|accounting|agriculture|animal_service|applied_arts_and_design|athletics|business_initiatives|construction_woodwork|creative_writing|culinary_art|engineering|finance|health_care_service|human_resources|humanities|information_technology|law|life_science|management_administration|marketing_advertising|mathematics_statistics|media|medical_science|music|nature_outdoors|office_work|performing_arts|personal_service|physical_science|politics|professional_advising|protective_service|public_speaking|religious_activities|sales|social_science|social_service|teaching_education|transportation_machine_operation|visual_arts,0.0,0.0,0.0,0.0,0.0,0.0,0.0,0.0,0.0,0.0,0.0,0.0,0.0,0.0,0.0,0.0,0.0,0.0,0.0,0.0,2.0,0.0,0.0,0.0,0.0,0.0,0.0,0.0,1.0,0.0,0.0,0.0,0.0,0.0,0.0,0.0,0.0,0.0,0.0,0.0,0.0,1.34,1.01,1.0,1.13,1.0,1.51,2.16,1.0,1.15,2.85,1.2,1.0,1.43,1.0,1.59,1.0,1.03,2.86,1.05,1.42,2.86,1.0,1.0,1.0,1.0,1.31,1.0,1.15,4.29,1.12,1.0,1.26,1.08,1.28,1.0,1.12,1.0,1.11,1.66,1.94,1.0
51-3011.00,Bakers,physical_manual_labor|culinary_art|accounting|agriculture|animal_service|applied_arts_and_design|athletics|business_initiatives|construction_woodwork|creative_writing|engineering|finance|health_care_service|human_resources|humanities|information_technology|law|life_science|management_administration|marketing_advertising|mathematics_statistics|mechanics_electronics|media|medical_science|music|nature_outdoors|office_work|performing_arts|personal_service|physical_science|politics|professional_advising|protective_service|public_speaking|religious_activities|sales|social_science|social_service|teaching_education|transportation_machine_operation|visual_arts,0.0,0.0,0.0,0.0,0.0,0.0,0.0,0.0,1.0,0.0,0.0,0.0,0.0,0.0,0.0,0.0,0.0,0.0,0.0,0.0,0.0,0.0,0.0,0.0,0.0,0.0,0.0,0.0,2.0,0.0,0.0,0.0,0.0,0.0,0.0,0.0,0.0,0.0,0.0,0.0,0.0,1.41,1.11,1.0,2.29,1.03,1.18,1.09,1.07,6.36,1.38,1.07,1.03,1.25,1.03,1.03,1.0,1.08,1.56,1.23,1.56,1.38,1.07,1.0,1.0,1.0,1.22,1.06,1.46,3.76,1.16,1.0,1.06,1.0,1.16,1.0,1.31,1.0,1.06,1.22,1.2,1.69
51-3021.00,Butchers and Meat Cutters,culinary_art|physical_manual_labor|accounting|agriculture|animal_service|applied_arts_and_design|athletics|business_initiatives|construction_woodwork|creative_writing|engineering|finance|health_care_service|human_resources|humanities|information_technology|law|life_science|management_administration|marketing_advertising|mathematics_statistics|mechanics_electronics|media|medical_science|music|nature_outdoors|office_work|performing_arts|personal_service|physical_science|politics|professional_advising|protective_service|public_speaking|religious_activities|sales|social_science|social_service|teaching_education|transportation_machine_operation|visual_arts,0.0,0.0,0.0,0.0,0.0,0.0,0.0,0.0,2.0,0.0,0.0,0.0,0.0,0.0,0.0,0.0,0.0,0.0,0.0,0.0,0.0,0.0,0.0,0.0,0.0,0.0,0.0,0.0,1.0,0.0,0.0,0.0,0.0,0.0,0.0,0.0,0.0,0.0,0.0,0.0,0.0,1.62,1.56,1.07,1.44,1.0,1.21,1.19,1.02,2.42,1.17,1.18,1.03,1.25,1.0,1.0,1.0,1.23,1.62,1.54,1.15,1.23,1.02,1.0,1.0,1.04,1.13,1.04,2.04,5.72,1.1,1.0,1.03,1.04,1.14,1.0,2.31,1.0,1.06,1.16,1.23,1.2
51-3022.00,"Meat, Poultry, and Fish Cutters and Trimmers",culinary_art|physical_manual_labor|accounting|agriculture|animal_service|applied_arts_and_design|athletics|business_initiatives|construction_woodwork|creative_writing|engineering|finance|health_care_service|human_resources|humanities|information_technology|law|life_science|management_administration|marketing_advertising|mathematics_statistics|mechanics_electronics|media|medical_science|music|nature_outdoors|office_work|performing_arts|personal_service|physical_science|politics|professional_advising|protective_service|public_speaking|religious_activities|sales|social_science|social_service|teaching_education|transportation_machine_operation|visual_arts,0.0,0.0,0.0,0.0,0.0,0.0,0.0,0.0,2.0,0.0,0.0,0.0,0.0,0.0,0.0,0.0,0.0,0.0,0.0,0.0,0.0,0.0,0.0,0.0,0.0,0.0,0.0,0.0,1.0,0.0,0.0,0.0,0.0,0.0,0.0,0.0,0.0,0.0,0.0,0.0,0.0,1.2,1.64,1.07,1.0,1.03,1.0,1.15,1.0,1.89,1.17,1.0,1.0,1.25,1.0,1.0,1.0,1.23,1.17,1.0,1.26,1.26,1.0,1.03,1.0,1.06,1.03,1.0,1.0,6.07,1.03,1.0,1.0,1.12,1.0,1.0,1.02,1.0,1.0,1.16,1.3,1.0
51-3023.00,Slaughterers and Meat Packers,agriculture|physical_manual_labor|accounting|animal_service|applied_arts_and_design|athletics|business_initiatives|construction_woodwork|creative_writing|culinary_art|engineering|finance|health_care_service|human_resources|humanities|information_technology|law|life_science|management_administration|marketing_advertising|mathematics_statistics|mechanics_electronics|media|medical_science|music|nature_outdoors|office_work|performing_arts|personal_service|physical_science|politics|professional_advising|protective_service|public_speaking|religious_activities|sales|social_science|social_service|teaching_education|transportation_machine_operation|visual_arts,0.0,2.0,0.0,0.0,0.0,0.0,0.0,0.0,0.0,0.0,0.0,0.0,0.0,0.0,0.0,0.0,0.0,0.0,0.0,0.0,0.0,0.0,0.0,0.0,0.0,0.0,0.0,0.0,1.0,0.0,0.0,0.0,0.0,0.0,0.0,0.0,0.0,0.0,0.0,0.0,0.0,1.1,1.76,1.15,1.0,1.09,1.03,1.12,1.0,1.46,1.09,1.0,1.0,1.14,1.0,1.0,1.0,1.23,1.17,1.0,1.05,1.14,1.0,1.0,1.0,1.06,1.04,1.0,1.09,6.16,1.09,1.0,1.0,1.0,1.0,1.0,1.1,1.0,1.02,1.08,1.4,1.0
51-3091.00,"Food and Tobacco Roasting, Baking, and Drying Machine Operators and Tenders",mechanics_electronics|physical_manual_labor|accounting|agriculture|animal_service|applied_arts_and_design|athletics|business_initiatives|construction_woodwork|creative_writing|culinary_art|engineering|finance|health_care_service|human_resources|humanities|information_technology|law|life_science|management_administration|marketing_advertising|mathematics_statistics|media|medical_science|music|nature_outdoors|office_work|performing_arts|personal_service|physical_science|politics|professional_advising|protective_service|public_speaking|religious_activities|sales|social_science|social_service|teaching_education|transportation_machine_operation|visual_arts,0.0,0.0,0.0,0.0,0.0,0.0,0.0,0.0,0.0,0.0,0.0,0.0,0.0,0.0,0.0,0.0,0.0,0.0,0.0,0.0,2.0,0.0,0.0,0.0,0.0,0.0,0.0,0.0,1.0,0.0,0.0,0.0,0.0,0.0,0.0,0.0,0.0,0.0,0.0,0.0,0.0,1.51,1.76,1.0,1.0,1.0,1.03,1.0,1.02,2.16,1.63,1.0,1.0,1.0,1.0,1.11,1.0,1.23,1.26,1.0,1.26,2.35,1.0,1.0,1.0,1.04,1.1,1.0,1.0,3.76,1.42,1.0,1.0,1.04,1.0,1.0,1.0,1.0,1.0,1.05,1.87,1.0
51-3092.00,Food Batchmakers,culinary_art|physical_manual_labor|accounting|agriculture|animal_service|applied_arts_and_design|athletics|business_initiatives|construction_woodwork|creative_writing|engineering|finance|health_care_service|human_resources|humanities|information_technology|law|life_science|management_administration|marketing_advertising|mathematics_statistics|mechanics_electronics|media|medical_science|music|nature_outdoors|office_work|performing_arts|personal_service|physical_science|politics|professional_advising|protective_service|public_speaking|religious_activities|sales|social_science|social_service|teaching_education|transportation_machine_operation|visual_arts,0.0,0.0,0.0,0.0,0.0,0.0,0.0,0.0,2.0,0.0,0.0,0.0,0.0,0.0,0.0,0.0,0.0,0.0,0.0,0.0,0.0,0.0,0.0,0.0,0.0,0.0,0.0,0.0,1.0,0.0,0.0,0.0,0.0,0.0,0.0,0.0,0.0,0.0,0.0,0.0,0.0,1.58,1.45,1.0,1.24,1.0,1.14,1.03,1.0,2.95,2.2,1.0,1.03,1.32,1.0,1.41,1.0,1.65,1.71,1.0,1.82,2.76,1.0,1.25,1.0,1.0,1.26,1.02,1.15,3.68,1.74,1.0,1.02,1.12,1.05,1.0,1.0,1.0,1.0,1.25,1.77,1.13
51-3093.00,Food Cooking Machine Operators and Tenders,mechanics_electronics|physical_manual_labor|accounting|agriculture|animal_service|applied_arts_and_design|athletics|business_initiatives|construction_woodwork|creative_writing|culinary_art|engineering|finance|health_care_service|human_resources|humanities|information_technology|law|life_science|management_administration|marketing_advertising|mathematics_statistics|media|medical_science|music|nature_outdoors|office_work|performing_arts|personal_service|physical_science|politics|professional_advising|protective_service|public_speaking|religious_activities|sales|social_science|social_service|teaching_education|transportation_machine_operation|visual_arts,0.0,0.0,0.0,0.0,0.0,0.0,0.0,0.0,0.0,0.0,0.0,0.0,0.0,0.0,0.0,0.0,0.0,0.0,0.0,0.0,2.0,0.0,0.0,0.0,0.0,0.0,0.0,0.0,1.0,0.0,0.0,0.0,0.0,0.0,0.0,0.0,0.0,0.0,0.0,0.0,0.0,1.24,1.36,1.0,1.0,1.0,1.01,1.12,1.0,2.27,1.79,1.0,1.0,1.07,1.0,1.08,1.0,1.15,1.2,1.0,1.26,2.97,1.0,1.0,1.0,1.0,1.08,1.0,1.06,3.6,1.26,1.0,1.0,1.0,1.0,1.0,1.0,1.0,1.0,1.16,1.97,1.0
51-4021.00,"Extruding and Drawing Machine Setters, Operators, and Tenders, Metal and Plastic",mechanics_electronics|physical_manual_labor|accounting|agriculture|animal_service|applied_arts_and_design|athletics|business_initiatives|construction_woodwork|creative_writing|culinary_art|engineering|finance|health_care_service|human_resources|humanities|information_technology|law|life_science|management_administration|marketing_advertising|mathematics_statistics|media|medical_science|music|nature_outdoors|office_work|performing_arts|personal_service|physical_science|politics|professional_advising|protective_service|public_speaking|religious_activities|sales|social_science|social_service|teaching_education|transportation_machine_operation|visual_arts,0.0,0.0,0.0,0.0,0.0,0.0,0.0,0.0,0.0,0.0,0.0,0.0,0.0,0.0,0.0,0.0,0.0,0.0,0.0,0.0,2.0,0.0,0.0,0.0,0.0,0.0,0.0,0.0,1.0,0.0,0.0,0.0,0.0,0.0,0.0,0.0,0.0,0.0,0.0,0.0,0.0,1.2,1.01,1.0,1.1,1.0,1.0,1.5,1.0,1.0,2.57,1.0,1.0,1.0,1.0,1.16,1.0,1.0,1.08,1.0,1.62,3.5,1.0,1.0,1.0,1.0,1.06,1.0,1.0,3.8,1.37,1.0,1.0,1.0,1.0,1.0,1.0,1.0,1.0,1.08,2.04,1.0
51-4022.00,"Forging Machine Setters, Operators, and Tenders, Metal and Plastic",mechanics_electronics|engineering|physical_manual_labor|accounting|agriculture|animal_service|applied_arts_and_design|athletics|business_initiatives|construction_woodwork|creative_writing|culinary_art|finance|health_care_service|human_resources|humanities|information_technology|law|life_science|management_administration|marketing_advertising|mathematics_statistics|media|medical_science|music|nature_outdoors|office_work|performing_arts|personal_service|physical_science|politics|professional_advising|protective_service|public_speaking|religious_activities|sales|social_science|social_service|teaching_education|transportation_machine_operation|visual_arts,0.0,0.0,0.0,0.0,0.0,0.0,0.0,0.0,0.0,2.0,0.0,0.0,0.0,0.0,0.0,0.0,0.0,0.0,0.0,0.0,3.0,0.0,0.0,0.0,0.0,0.0,0.0,0.0,1.0,0.0,0.0,0.0,0.0,0.0,0.0,0.0,0.0,0.0,0.0,0.0,0.0,1.2,1.03,1.0,1.16,1.03,1.0,1.38,1.0,1.0,3.45,1.0,1.0,1.04,1.0,1.16,1.0,1.0,1.17,1.0,1.59,3.43,1.0,1.0,1.0,1.0,1.08,1.0,1.0,5.21,1.26,1.0,1.0,1.0,1.0,1.0,1.0,1.0,1.0,1.16,2.11,1.11
51-4023.00,"Rolling Machine Setters, Operators, and Tenders, Metal and Plastic",mechanics_electronics|physical_manual_labor|accounting|agriculture|animal_service|applied_arts_and_design|athletics|business_initiatives|construction_woodwork|creative_writing|culinary_art|engineering|finance|health_care_service|human_resources|humanities|information_technology|law|life_science|management_administration|marketing_advertising|mathematics_statistics|media|medical_science|music|nature_outdoors|office_work|performing_arts|personal_service|physical_science|politics|professional_advising|protective_service|public_speaking|religious_activities|sales|social_science|social_service|teaching_education|transportation_machine_operation|visual_arts,0.0,0.0,0.0,0.0,0.0,0.0,0.0,0.0,0.0,0.0,0.0,0.0,0.0,0.0,0.0,0.0,0.0,0.0,0.0,0.0,2.0,0.0,0.0,0.0,0.0,0.0,0.0,0.0,1.0,0.0,0.0,0.0,0.0,0.0,0.0,0.0,0.0,0.0,0.0,0.0,0.0,1.27,1.0,1.0,1.0,1.0,1.0,1.25,1.0,1.0,2.98,1.0,1.0,1.18,1.0,1.08,1.0,1.0,1.41,1.0,1.67,3.84,1.0,1.0,1.0,1.0,1.1,1.0,1.0,4.04,1.24,1.0,1.04,1.0,1.08,1.0,1.0,1.0,1.0,1.31,2.25,1.0
51-4031.00,"Cutting, Punching, and Press Machine Setters, Operators, and Tenders, Metal and Plastic",mechanics_electronics|physical_manual_labor|accounting|agriculture|animal_service|applied_arts_and_design|athletics|business_initiatives|construction_woodwork|creative_writing|culinary_art|engineering|finance|health_care_service|human_resources|humanities|information_technology|law|life_science|management_administration|marketing_advertising|mathematics_statistics|media|medical_science|music|nature_outdoors|office_work|performing_arts|personal_service|physical_science|politics|professional_advising|protective_service|public_speaking|religious_activities|sales|social_science|social_service|teaching_education|transportation_machine_operation|visual_arts,0.0,0.0,0.0,0.0,0.0,0.0,0.0,0.0,0.0,0.0,0.0,0.0,0.0,0.0,0.0,0.0,0.0,0.0,0.0,0.0,2.0,0.0,0.0,0.0,0.0,0.0,0.0,0.0,1.0,0.0,0.0,0.0,0.0,0.0,0.0,0.0,0.0,0.0,0.0,0.0,0.0,1.2,1.0,1.0,1.08,1.0,1.0,1.6,1.0,1.0,2.44,1.0,1.0,1.0,1.0,1.08,1.0,1.0,1.14,1.0,1.28,2.55,1.0,1.0,1.0,1.0,1.06,1.0,1.0,4.5,1.1,1.0,1.0,1.0,1.0,1.0,1.0,1.0,1.0,1.05,2.04,1.02
51-4032.00,"Drilling and Boring Machine Tool Setters, Operators, and Tenders, Metal and Plastic",engineering|physical_manual_labor|mechanics_electronics|accounting|agriculture|animal_service|applied_arts_and_design|athletics|business_initiatives|construction_woodwork|creative_writing|culinary_art|finance|health_care_service|human_resources|humanities|information_technology|law|life_science|management_administration|marketing_advertising|mathematics_statistics|media|medical_science|music|nature_outdoors|office_work|performing_arts|personal_service|physical_science|politics|professional_advising|protective_service|public_speaking|religious_activities|sales|social_science|social_service|teaching_education|transportation_machine_operation|visual_arts,0.0,0.0,0.0,0.0,0.0,0.0,0.0,0.0,0.0,3.0,0.0,0.0,0.0,0.0,0.0,0.0,0.0,0.0,0.0,0.0,1.0,0.0,0.0,0.0,0.0,0.0,0.0,0.0,2.0,0.0,0.0,0.0,0.0,0.0,0.0,0.0,0.0,0.0,0.0,0.0,0.0,1.2,1.0,1.0,1.0,1.0,1.0,1.47,1.0,1.0,3.79,1.0,1.0,1.0,1.0,1.56,1.0,1.0,1.23,1.0,1.82,4.73,1.0,1.0,1.0,1.0,1.08,1.0,1.0,4.42,1.31,1.0,1.0,1.0,1.0,1.0,1.0,1.0,1.0,1.16,1.76,1.0
51-4033.00,"Grinding, Lapping, Polishing, and Buffing Machine Tool Setters, Operators, and Tenders, Metal and Plastic",mechanics_electronics|physical_manual_labor|accounting|agriculture|animal_service|applied_arts_and_design|athletics|business_initiatives|construction_woodwork|creative_writing|culinary_art|engineering|finance|health_care_service|human_resources|humanities|information_technology|law|life_science|management_administration|marketing_advertising|mathematics_statistics|media|medical_science|music|nature_outdoors|office_work|performing_arts|personal_service|physical_science|politics|professional_advising|protective_service|public_speaking|religious_activities|sales|social_science|social_service|teaching_education|transportation_machine_operation|visual_arts,0.0,0.0,0.0,0.0,0.0,0.0,0.0,0.0,0.0,0.0,0.0,0.0,0.0,0.0,0.0,0.0,0.0,0.0,0.0,0.0,2.0,0.0,0.0,0.0,0.0,0.0,0.0,0.0,1.0,0.0,0.0,0.0,0.0,0.0,0.0,0.0,0.0,0.0,0.0,0.0,0.0,1.17,1.0,1.0,1.03,1.0,1.0,1.83,1.0,1.0,2.84,1.0,1.0,1.0,1.0,1.05,1.0,1.0,1.11,1.0,1.28,3.04,1.0,1.0,1.0,1.0,1.06,1.0,1.0,4.67,1.22,1.0,1.0,1.0,1.0,1.0,1.0,1.0,1.0,1.03,1.7,1.0
51-4034.00,"Lathe and Turning Machine Tool Setters, Operators, and Tenders, Metal and Plastic",engineering|physical_manual_labor|mechanics_electronics|accounting|agriculture|animal_service|applied_arts_and_design|athletics|business_initiatives|construction_woodwork|creative_writing|culinary_art|finance|health_care_service|human_resources|humanities|information_technology|law|life_science|management_administration|marketing_advertising|mathematics_statistics|media|medical_science|music|nature_outdoors|office_work|performing_arts|personal_service|physical_science|politics|professional_advising|protective_service|public_speaking|religious_activities|sales|social_science|social_service|teaching_education|transportation_machine_operation|visual_arts,0.0,0.0,0.0,0.0,0.0,0.0,0.0,0.0,0.0,3.0,0.0,0.0,0.0,0.0,0.0,0.0,0.0,0.0,0.0,0.0,1.0,0.0,0.0,0.0,0.0,0.0,0.0,0.0,2.0,0.0,0.0,0.0,0.0,0.0,0.0,0.0,0.0,0.0,0.0,0.0,0.0,1.24,1.0,1.0,1.0,1.0,1.03,1.63,1.0,1.0,3.71,1.0,1.0,1.04,1.0,1.71,1.0,1.0,1.29,1.0,2.03,4.3,1.0,1.0,1.0,1.0,1.08,1.0,1.0,4.16,1.28,1.0,1.01,1.0,1.0,1.0,1.0,1.0,1.0,1.16,1.94,1.0
51-4035.00,"Milling and Planing Machine Setters, Operators, and Tenders, Metal and Plastic",engineering|physical_manual_labor|mechanics_electronics|accounting|agriculture|animal_service|applied_arts_and_design|athletics|business_initiatives|construction_woodwork|creative_writing|culinary_art|finance|health_care_service|human_resources|humanities|information_technology|law|life_science|management_administration|marketing_advertising|mathematics_statistics|media|medical_science|music|nature_outdoors|office_work|performing_arts|personal_service|physical_science|politics|professional_advising|protective_service|public_speaking|religious_activities|sales|social_science|social_service|teaching_education|transportation_machine_operation|visual_arts,0.0,0.0,0.0,0.0,0.0,0.0,0.0,0.0,0.0,3.0,0.0,0.0,0.0,0.0,0.0,0.0,0.0,0.0,0.0,0.0,1.0,0.0,0.0,0.0,0.0,0.0,0.0,0.0,2.0,0.0,0.0,0.0,0.0,0.0,0.0,0.0,0.0,0.0,0.0,0.0,0.0,1.2,1.0,1.0,1.13,1.0,1.0,1.54,1.0,1.0,3.6,1.0,1.0,1.0,1.0,1.65,1.0,1.0,1.11,1.0,2.22,4.73,1.0,1.0,1.0,1.0,1.06,1.0,1.0,3.76,1.28,1.0,1.0,1.0,1.0,1.0,1.0,1.0,1.0,1.11,2.07,1.11
51-4041.00,Machinists,physical_manual_labor|engineering|mechanics_electronics|accounting|agriculture|animal_service|applied_arts_and_design|athletics|business_initiatives|construction_woodwork|creative_writing|culinary_art|finance|health_care_service|human_resources|humanities|information_technology|law|life_science|management_administration|marketing_advertising|mathematics_statistics|media|medical_science|music|nature_outdoors|office_work|performing_arts|personal_service|physical_science|politics|professional_advising|protective_service|public_speaking|religious_activities|sales|social_science|social_service|teaching_education|transportation_machine_operation|visual_arts,0.0,0.0,0.0,0.0,0.0,0.0,0.0,0.0,0.0,2.0,0.0,0.0,0.0,0.0,0.0,0.0,0.0,0.0,0.0,0.0,1.0,0.0,0.0,0.0,0.0,0.0,0.0,0.0,3.0,0.0,0.0,0.0,0.0,0.0,0.0,0.0,0.0,0.0,0.0,0.0,0.0,1.2,1.04,1.0,1.27,1.03,1.0,1.73,1.0,1.0,5.07,1.0,1.03,1.04,1.0,2.14,1.0,1.0,1.2,1.0,3.3,5.98,1.0,1.05,1.0,1.0,1.1,1.0,1.0,3.8,1.63,1.0,1.04,1.0,1.08,1.0,1.02,1.0,1.0,1.14,2.01,1.16
51-4051.00,Metal-Refining Furnace Operators and Tenders,mechanics_electronics|physical_manual_labor|accounting|agriculture|animal_service|applied_arts_and_design|athletics|business_initiatives|construction_woodwork|creative_writing|culinary_art|engineering|finance|health_care_service|human_resources|humanities|information_technology|law|life_science|management_administration|marketing_advertising|mathematics_statistics|media|medical_science|music|nature_outdoors|office_work|performing_arts|personal_service|physical_science|politics|professional_advising|protective_service|public_speaking|religious_activities|sales|social_science|social_service|teaching_education|transportation_machine_operation|visual_arts,0.0,0.0,0.0,0.0,0.0,0.0,0.0,0.0,0.0,0.0,0.0,0.0,0.0,0.0,0.0,0.0,0.0,0.0,0.0,0.0,2.0,0.0,0.0,0.0,0.0,0.0,0.0,0.0,1.0,0.0,0.0,0.0,0.0,0.0,0.0,0.0,0.0,0.0,0.0,0.0,0.0,1.41,1.0,1.0,1.0,1.0,1.06,1.09,1.0,1.0,2.85,1.0,1.0,1.21,1.0,1.11,1.0,1.0,1.41,1.0,1.62,3.07,1.0,1.0,1.0,1.0,1.14,1.0,1.0,5.2,2.04,1.0,1.01,1.12,1.05,1.0,1.0,1.0,1.0,1.16,2.21,1.0
51-4052.00,"Pourers and Casters, Metal",transportation_machine_operation|physical_manual_labor|accounting|agriculture|animal_service|applied_arts_and_design|athletics|business_initiatives|construction_woodwork|creative_writing|culinary_art|engineering|finance|health_care_service|human_resources|humanities|information_technology|law|life_science|management_administration|marketing_advertising|mathematics_statistics|mechanics_electronics|media|medical_science|music|nature_outdoors|office_work|performing_arts|personal_service|physical_science|politics|professional_advising|protective_service|public_speaking|religious_activities|sales|social_science|social_service|teaching_education|visual_arts,0.0,0.0,0.0,0.0,0.0,0.0,0.0,0.0,0.0,0.0,0.0,0.0,0.0,0.0,0.0,0.0,0.0,0.0,0.0,0.0,0.0,0.0,0.0,0.0,0.0,0.0,0.0,0.0,1.0,0.0,0.0,0.0,0.0,0.0,0.0,0.0,0.0,0.0,0.0,2.0,0.0,1.17,1.0,1.0,1.0,1.0,1.0,1.19,1.0,1.0,1.75,1.0,1.0,1.0,1.0,1.0,1.0,1.0,1.03,1.0,1.15,1.87,1.0,1.0,1.0,1.0,1.02,1.0,1.0,5.97,1.51,1.0,1.0,1.0,1.0,1.0,1.0,1.0,1.0,1.0,2.46,1.0
51-4061.00,"Model Makers, Metal and Plastic",physical_manual_labor|engineering|mechanics_electronics|accounting|agriculture|animal_service|applied_arts_and_design|athletics|business_initiatives|construction_woodwork|creative_writing|culinary_art|finance|health_care_service|human_resources|humanities|information_technology|law|life_science|management_administration|marketing_advertising|mathematics_statistics|media|medical_science|music|nature_outdoors|office_work|performing_arts|personal_service|physical_science|politics|professional_advising|protective_service|public_speaking|religious_activities|sales|social_science|social_service|teaching_education|transportation_machine_operation|visual_arts,0.0,0.0,0.0,0.0,0.0,0.0,0.0,0.0,0.0,2.0,0.0,0.0,0.0,0.0,0.0,0.0,0.0,0.0,0.0,0.0,1.0,0.0,0.0,0.0,0.0,0.0,0.0,0.0,3.0,0.0,0.0,0.0,0.0,0.0,0.0,0.0,0.0,0.0,0.0,0.0,0.0,1.17,1.0,1.0,2.03,1.0,1.01,2.33,1.0,1.0,5.19,1.0,1.0,1.0,1.0,2.11,1.0,1.08,1.11,1.03,2.0,5.63,1.07,1.08,1.0,1.0,1.09,1.0,1.0,4.58,1.46,1.0,1.01,1.0,1.05,1.0,1.0,1.0,1.0,1.11,2.07,1.5
51-4062.00,"Patternmakers, Metal and Plastic",mechanics_electronics|engineering|physical_manual_labor|accounting|agriculture|animal_service|applied_arts_and_design|athletics|business_initiatives|construction_woodwork|creative_writing|culinary_art|finance|health_care_service|human_resources|humanities|information_technology|law|life_science|management_administration|marketing_advertising|mathematics_statistics|media|medical_science|music|nature_outdoors|office_work|performing_arts|personal_service|physical_science|politics|professional_advising|protective_service|public_speaking|religious_activities|sales|social_science|social_service|teaching_education|transportation_machine_operation|visual_arts,0.0,0.0,0.0,0.0,0.0,0.0,0.0,0.0,0.0,2.0,0.0,0.0,0.0,0.0,0.0,0.0,0.0,0.0,0.0,0.0,3.0,0.0,0.0,0.0,0.0,0.0,0.0,0.0,1.0,0.0,0.0,0.0,0.0,0.0,0.0,0.0,0.0,0.0,0.0,0.0,0.0,1.2,1.0,1.0,2.45,1.0,1.0,2.09,1.07,1.08,4.28,1.0,1.0,1.0,1.03,1.27,1.0,1.0,1.11,1.0,1.97,3.58,1.0,1.0,1.04,1.0,1.08,1.11,1.0,4.5,1.26,1.0,1.0,1.0,1.0,1.0,1.0,1.0,1.0,1.11,1.63,1.91
51-4071.00,Foundry Mold and Coremakers,engineering|physical_manual_labor|accounting|agriculture|animal_service|applied_arts_and_design|athletics|business_initiatives|construction_woodwork|creative_writing|culinary_art|finance|health_care_service|human_resources|humanities|information_technology|law|life_science|management_administration|marketing_advertising|mathematics_statistics|mechanics_electronics|media|medical_science|music|nature_outdoors|office_work|performing_arts|personal_service|physical_science|politics|professional_advising|protective_service|public_speaking|religious_activities|sales|social_science|social_service|teaching_education|transportation_machine_operation|visual_arts,0.0,0.0,0.0,0.0,0.0,0.0,0.0,0.0,0.0,2.0,0.0,0.0,0.0,0.0,0.0,0.0,0.0,0.0,0.0,0.0,0.0,0.0,0.0,0.0,0.0,0.0,0.0,0.0,1.0,0.0,0.0,0.0,0.0,0.0,0.0,0.0,0.0,0.0,0.0,0.0,0.0,1.1,1.0,1.0,1.32,1.03,1.0,1.92,1.0,1.0,2.78,1.0,1.0,1.07,1.0,1.05,1.0,1.0,1.2,1.0,1.23,2.03,1.0,1.0,1.0,1.0,1.05,1.0,1.0,6.06,1.37,1.0,1.0,1.0,1.0,1.0,1.0,1.0,1.0,1.16,2.49,1.23
51-4072.00,"Molding, Coremaking, and Casting Machine Setters, Operators, and Tenders, Metal and Plastic",mechanics_electronics|physical_manual_labor|accounting|agriculture|animal_service|applied_arts_and_design|athletics|business_initiatives|construction_woodwork|creative_writing|culinary_art|engineering|finance|health_care_service|human_resources|humanities|information_technology|law|life_science|management_administration|marketing_advertising|mathematics_statistics|media|medical_science|music|nature_outdoors|office_work|performing_arts|personal_service|physical_science|politics|professional_advising|protective_service|public_speaking|religious_activities|sales|social_science|social_service|teaching_education|transportation_machine_operation|visual_arts,0.0,0.0,0.0,0.0,0.0,0.0,0.0,0.0,0.0,0.0,0.0,0.0,0.0,0.0,0.0,0.0,0.0,0.0,0.0,0.0,2.0,0.0,0.0,0.0,0.0,0.0,0.0,0.0,1.0,0.0,0.0,0.0,0.0,0.0,0.0,0.0,0.0,0.0,0.0,0.0,0.0,1.24,1.0,1.0,1.21,1.0,1.0,1.63,1.0,1.0,2.99,1.0,1.0,1.0,1.0,1.24,1.0,1.0,1.11,1.0,1.76,3.47,1.0,1.0,1.0,1.0,1.06,1.0,1.0,4.08,1.58,1.0,1.0,1.0,1.0,1.0,1.0,1.0,1.0,1.05,2.01,1.11
51-4081.00,"Multiple Machine Tool Setters, Operators, and Tenders, Metal and Plastic",engineering|physical_manual_labor|mechanics_electronics|accounting|agriculture|animal_service|applied_arts_and_design|athletics|business_initiatives|construction_woodwork|creative_writing|culinary_art|finance|health_care_service|human_resources|humanities|information_technology|law|life_science|management_administration|marketing_advertising|mathematics_statistics|media|medical_science|music|nature_outdoors|office_work|performing_arts|personal_service|physical_science|politics|professional_advising|protective_service|public_speaking|religious_activities|sales|social_science|social_service|teaching_education|transportation_machine_operation|visual_arts,0.0,0.0,0.0,0.0,0.0,0.0,0.0,0.0,0.0,3.0,0.0,0.0,0.0,0.0,0.0,0.0,0.0,0.0,0.0,0.0,1.0,0.0,0.0,0.0,0.0,0.0,0.0,0.0,2.0,0.0,0.0,0.0,0.0,0.0,0.0,0.0,0.0,0.0,0.0,0.0,0.0,1.24,1.0,1.0,1.16,1.0,1.01,1.57,1.0,1.0,3.45,1.0,1.0,1.11,1.0,1.65,1.0,1.0,1.17,1.0,2.19,4.89,1.0,1.0,1.0,1.0,1.06,1.0,1.0,4.25,1.18,1.0,1.03,1.0,1.03,1.0,1.0,1.0,1.0,1.25,2.04,1.09
51-4111.00,Tool and Die Makers,mechanics_electronics|physical_manual_labor|engineering|accounting|agriculture|animal_service|applied_arts_and_design|athletics|business_initiatives|construction_woodwork|creative_writing|culinary_art|finance|health_care_service|human_resources|humanities|information_technology|law|life_science|management_administration|marketing_advertising|mathematics_statistics|media|medical_science|music|nature_outdoors|office_work|performing_arts|personal_service|physical_science|politics|professional_advising|protective_service|public_speaking|religious_activities|sales|social_science|social_service|teaching_education|transportation_machine_operation|visual_arts,0.0,0.0,0.0,0.0,0.0,0.0,0.0,0.0,0.0,1.0,0.0,0.0,0.0,0.0,0.0,0.0,0.0,0.0,0.0,0.0,3.0,0.0,0.0,0.0,0.0,0.0,0.0,0.0,2.0,0.0,0.0,0.0,0.0,0.0,0.0,0.0,0.0,0.0,0.0,0.0,0.0,1.17,1.0,1.0,1.32,1.0,1.0,1.83,1.0,1.0,4.99,1.0,1.0,1.0,1.0,1.59,1.0,1.0,1.23,1.0,2.28,4.03,1.0,1.0,1.0,1.0,1.1,1.0,1.0,4.54,1.37,1.0,1.0,1.0,1.03,1.0,1.0,1.0,1.0,1.16,1.63,1.2
51-4121.00,"Welders, Cutters, Solderers, and Brazers",engineering|physical_manual_labor|accounting|agriculture|animal_service|applied_arts_and_design|athletics|business_initiatives|construction_woodwork|creative_writing|culinary_art|finance|health_care_service|human_resources|humanities|information_technology|law|life_science|management_administration|marketing_advertising|mathematics_statistics|mechanics_electronics|media|medical_science|music|nature_outdoors|office_work|performing_arts|personal_service|physical_science|politics|professional_advising|protective_service|public_speaking|religious_activities|sales|social_science|social_service|teaching_education|transportation_machine_operation|visual_arts,0.0,0.0,0.0,0.0,0.0,0.0,0.0,0.0,0.0,2.0,0.0,0.0,0.0,0.0,0.0,0.0,0.0,0.0,0.0,0.0,0.0,0.0,0.0,0.0,0.0,0.0,0.0,0.0,1.0,0.0,0.0,0.0,0.0,0.0,0.0,0.0,0.0,0.0,0.0,0.0,0.0,1.17,1.11,1.0,1.19,1.03,1.0,1.63,1.0,1.0,3.45,1.0,1.0,1.0,1.0,1.03,1.0,1.0,1.17,1.0,1.56,2.93,1.0,1.0,1.0,1.04,1.03,1.0,1.0,5.97,1.35,1.0,1.0,1.0,1.0,1.0,1.0,1.0,1.0,1.16,1.8,1.2
51-4122.00,"Welding, Soldering, and Brazing Machine Setters, Operators, and Tenders",engineering|physical_manual_labor|mechanics_electronics|accounting|agriculture|animal_service|applied_arts_and_design|athletics|business_initiatives|construction_woodwork|creative_writing|culinary_art|finance|health_care_service|human_resources|humanities|information_technology|law|life_science|management_administration|marketing_advertising|mathematics_statistics|media|medical_science|music|nature_outdoors|office_work|performing_arts|personal_service|physical_science|politics|professional_advising|protective_service|public_speaking|religious_activities|sales|social_science|social_service|teaching_education|transportation_machine_operation|visual_arts,0.0,0.0,0.0,0.0,0.0,0.0,0.0,0.0,0.0,3.0,0.0,0.0,0.0,0.0,0.0,0.0,0.0,0.0,0.0,0.0,1.0,0.0,0.0,0.0,0.0,0.0,0.0,0.0,2.0,0.0,0.0,0.0,0.0,0.0,0.0,0.0,0.0,0.0,0.0,0.0,0.0,1.2,1.03,1.0,1.24,1.0,1.01,1.76,1.0,1.0,3.71,1.0,1.0,1.11,1.0,1.19,1.0,1.0,1.35,1.0,1.34,4.77,1.0,1.0,1.0,1.0,1.1,1.0,1.0,4.71,1.28,1.0,1.03,1.0,1.03,1.0,1.0,1.0,1.0,1.14,1.66,1.13
51-4191.00,"Heat Treating Equipment Setters, Operators, and Tenders, Metal and Plastic",engineering|mechanics_electronics|physical_manual_labor|accounting|agriculture|animal_service|applied_arts_and_design|athletics|business_initiatives|construction_woodwork|creative_writing|culinary_art|finance|health_care_service|human_resources|humanities|information_technology|law|life_science|management_administration|marketing_advertising|mathematics_statistics|media|medical_science|music|nature_outdoors|office_work|performing_arts|personal_service|physical_science|politics|professional_advising|protective_service|public_speaking|religious_activities|sales|social_science|social_service|teaching_education|transportation_machine_operation|visual_arts,0.0,0.0,0.0,0.0,0.0,0.0,0.0,0.0,0.0,3.0,0.0,0.0,0.0,0.0,0.0,0.0,0.0,0.0,0.0,0.0,2.0,0.0,0.0,0.0,0.0,0.0,0.0,0.0,1.0,0.0,0.0,0.0,0.0,0.0,0.0,0.0,0.0,0.0,0.0,0.0,0.0,1.27,1.01,1.0,1.0,1.0,1.0,1.15,1.0,1.0,3.02,1.0,1.0,1.21,1.0,1.16,1.0,1.0,1.26,1.0,1.94,3.4,1.0,1.0,1.0,1.0,1.1,1.0,1.0,3.61,1.9,1.0,1.06,1.0,1.05,1.0,1.0,1.0,1.03,1.36,2.07,1.0
51-4192.00,"Layout Workers, Metal and Plastic",mechanics_electronics|physical_manual_labor|engineering|accounting|agriculture|animal_service|applied_arts_and_design|athletics|business_initiatives|construction_woodwork|creative_writing|culinary_art|finance|health_care_service|human_resources|humanities|information_technology|law|life_science|management_administration|marketing_advertising|mathematics_statistics|media|medical_science|music|nature_outdoors|office_work|performing_arts|personal_service|physical_science|politics|professional_advising|protective_service|public_speaking|religious_activities|sales|social_science|social_service|teaching_education|transportation_machine_operation|visual_arts,0.0,0.0,0.0,0.0,0.0,0.0,0.0,0.0,0.0,1.0,0.0,0.0,0.0,0.0,0.0,0.0,0.0,0.0,0.0,0.0,3.0,0.0,0.0,0.0,0.0,0.0,0.0,0.0,2.0,0.0,0.0,0.0,0.0,0.0,0.0,0.0,0.0,0.0,0.0,0.0,0.0,1.2,1.0,1.0,1.35,1.03,1.01,2.12,1.04,1.0,4.79,1.0,1.0,1.0,1.0,1.38,1.0,1.0,1.26,1.0,2.64,3.25,1.0,1.0,1.0,1.0,1.1,1.0,1.0,4.33,1.63,1.0,1.0,1.0,1.03,1.0,1.0,1.0,1.0,1.16,1.43,1.35
51-4193.00,"Plating Machine Setters, Operators, and Tenders, Metal and Plastic",mechanics_electronics|physical_manual_labor|accounting|agriculture|animal_service|applied_arts_and_design|athletics|business_initiatives|construction_woodwork|creative_writing|culinary_art|engineering|finance|health_care_service|human_resources|humanities|information_technology|law|life_science|management_administration|marketing_advertising|mathematics_statistics|media|medical_science|music|nature_outdoors|office_work|performing_arts|personal_service|physical_science|politics|professional_advising|protective_service|public_speaking|religious_activities|sales|social_science|social_service|teaching_education|transportation_machine_operation|visual_arts,0.0,0.0,0.0,0.0,0.0,0.0,0.0,0.0,0.0,0.0,0.0,0.0,0.0,0.0,0.0,0.0,0.0,0.0,0.0,0.0,2.0,0.0,0.0,0.0,0.0,0.0,0.0,0.0,1.0,0.0,0.0,0.0,0.0,0.0,0.0,0.0,0.0,0.0,0.0,0.0,0.0,1.31,1.0,1.0,1.24,1.0,1.0,1.19,1.0,1.0,2.95,1.0,1.0,1.07,1.0,1.16,1.11,1.0,1.17,1.0,1.56,3.43,1.0,1.0,1.0,1.0,1.08,1.0,1.09,3.49,1.98,1.0,1.0,1.12,1.0,1.0,1.02,1.0,1.0,1.16,1.63,1.11
51-4194.00,"Tool Grinders, Filers, and Sharpeners",engineering|physical_manual_labor|mechanics_electronics|accounting|agriculture|animal_service|applied_arts_and_design|athletics|business_initiatives|construction_woodwork|creative_writing|culinary_art|finance|health_care_service|human_resources|humanities|information_technology|law|life_science|management_administration|marketing_advertising|mathematics_statistics|media|medical_science|music|nature_outdoors|office_work|performing_arts|personal_service|physical_science|politics|professional_advising|protective_service|public_speaking|religious_activities|sales|social_science|social_service|teaching_education|transportation_machine_operation|visual_arts,0.0,0.0,0.0,0.0,0.0,0.0,0.0,0.0,0.0,3.0,0.0,0.0,0.0,0.0,0.0,0.0,0.0,0.0,0.0,0.0,1.0,0.0,0.0,0.0,0.0,0.0,0.0,0.0,2.0,0.0,0.0,0.0,0.0,0.0,0.0,0.0,0.0,0.0,0.0,0.0,0.0,1.2,1.03,1.0,1.13,1.0,1.0,2.26,1.0,1.0,3.56,1.0,1.0,1.0,1.0,1.03,1.0,1.0,1.0,1.0,1.59,4.69,1.0,1.0,1.0,1.0,1.06,1.0,1.0,4.58,1.18,1.0,1.0,1.0,1.0,1.0,1.0,1.0,1.0,1.11,1.63,1.04
51-5111.00,Prepress Technicians and Workers,mechanics_electronics|information_technology|accounting|agriculture|animal_service|applied_arts_and_design|athletics|business_initiatives|construction_woodwork|creative_writing|culinary_art|engineering|finance|health_care_service|human_resources|humanities|law|life_science|management_administration|marketing_advertising|mathematics_statistics|media|medical_science|music|nature_outdoors|office_work|performing_arts|personal_service|physical_science|physical_manual_labor|politics|professional_advising|protective_service|public_speaking|religious_activities|sales|social_science|social_service|teaching_education|transportation_machine_operation|visual_arts,0.0,0.0,0.0,0.0,0.0,0.0,0.0,0.0,0.0,0.0,0.0,0.0,0.0,0.0,1.0,0.0,0.0,0.0,0.0,0.0,2.0,0.0,0.0,0.0,0.0,0.0,0.0,0.0,0.0,0.0,0.0,0.0,0.0,0.0,0.0,0.0,0.0,0.0,0.0,0.0,0.0,1.48,1.0,1.0,2.25,1.0,1.07,1.09,1.33,1.0,1.98,1.0,1.0,1.14,1.22,3.66,1.0,1.0,1.26,1.69,1.56,2.97,2.03,1.0,1.0,1.0,2.28,1.11,1.33,1.47,1.1,1.0,1.03,1.0,1.14,1.0,1.12,1.0,1.05,1.14,1.3,2.18
51-5112.00,Printing Press Operators,mechanics_electronics|physical_manual_labor|accounting|agriculture|animal_service|applied_arts_and_design|athletics|business_initiatives|construction_woodwork|creative_writing|culinary_art|engineering|finance|health_care_service|human_resources|humanities|information_technology|law|life_science|management_administration|marketing_advertising|mathematics_statistics|media|medical_science|music|nature_outdoors|office_work|performing_arts|personal_service|physical_science|politics|professional_advising|protective_service|public_speaking|religious_activities|sales|social_science|social_service|teaching_education|transportation_machine_operation|visual_arts,0.0,0.0,0.0,0.0,0.0,0.0,0.0,0.0,0.0,0.0,0.0,0.0,0.0,0.0,0.0,0.0,0.0,0.0,0.0,0.0,2.0,0.0,0.0,0.0,0.0,0.0,0.0,0.0,1.0,0.0,0.0,0.0,0.0,0.0,0.0,0.0,0.0,0.0,0.0,0.0,0.0,1.41,1.0,1.0,1.46,1.0,1.07,1.25,1.07,1.0,2.4,1.02,1.0,1.18,1.0,1.59,1.0,1.0,1.35,1.13,1.23,3.18,1.35,1.0,1.0,1.0,1.21,1.02,1.06,3.2,1.1,1.0,1.0,1.0,1.0,1.0,1.0,1.0,1.0,1.16,2.11,1.37
51-5113.00,Print Binding and Finishing Workers,mechanics_electronics|physical_manual_labor|accounting|agriculture|animal_service|applied_arts_and_design|athletics|business_initiatives|construction_woodwork|creative_writing|culinary_art|engineering|finance|health_care_service|human_resources|humanities|information_technology|law|life_science|management_administration|marketing_advertising|mathematics_statistics|media|medical_science|music|nature_outdoors|office_work|performing_arts|personal_service|physical_science|politics|professional_advising|protective_service|public_speaking|religious_activities|sales|social_science|social_service|teaching_education|transportation_machine_operation|visual_arts,0.0,0.0,0.0,0.0,0.0,0.0,0.0,0.0,0.0,0.0,0.0,0.0,0.0,0.0,0.0,0.0,0.0,0.0,0.0,0.0,2.0,0.0,0.0,0.0,0.0,0.0,0.0,0.0,1.0,0.0,0.0,0.0,0.0,0.0,0.0,0.0,0.0,0.0,0.0,0.0,0.0,1.2,1.0,1.0,1.49,1.0,1.01,1.7,1.0,1.04,1.79,1.0,1.0,1.25,1.0,1.16,1.0,1.0,1.56,1.0,1.13,2.86,1.27,1.0,1.0,1.0,1.31,1.0,1.09,4.08,1.05,1.0,1.03,1.0,1.03,1.0,1.04,1.0,1.02,1.25,1.67,1.42
51-6011.00,Laundry and Dry-Cleaning Workers,mechanics_electronics|physical_manual_labor|accounting|agriculture|animal_service|applied_arts_and_design|athletics|business_initiatives|construction_woodwork|creative_writing|culinary_art|engineering|finance|health_care_service|human_resources|humanities|information_technology|law|life_science|management_administration|marketing_advertising|mathematics_statistics|media|medical_science|music|nature_outdoors|office_work|performing_arts|personal_service|physical_science|politics|professional_advising|protective_service|public_speaking|religious_activities|sales|social_science|social_service|teaching_education|transportation_machine_operation|visual_arts,0.0,0.0,0.0,0.0,0.0,0.0,0.0,0.0,0.0,0.0,0.0,0.0,0.0,0.0,0.0,0.0,0.0,0.0,0.0,0.0,2.0,0.0,0.0,0.0,0.0,0.0,0.0,0.0,1.0,0.0,0.0,0.0,0.0,0.0,0.0,0.0,0.0,0.0,0.0,0.0,0.0,1.2,1.0,1.0,1.0,1.03,1.0,1.03,1.0,1.0,1.26,1.0,1.16,1.04,1.0,1.0,1.0,1.0,1.17,1.0,1.07,1.9,1.0,1.0,1.0,1.0,1.09,1.0,1.46,5.07,1.05,1.0,1.0,1.0,1.0,1.0,1.08,1.0,1.05,1.05,1.77,1.02
51-6021.00,"Pressers, Textile, Garment, and Related Materials",applied_arts_and_design|physical_manual_labor|accounting|agriculture|animal_service|athletics|business_initiatives|construction_woodwork|creative_writing|culinary_art|engineering|finance|health_care_service|human_resources|humanities|information_technology|law|life_science|management_administration|marketing_advertising|mathematics_statistics|mechanics_electronics|media|medical_science|music|nature_outdoors|office_work|performing_arts|personal_service|physical_science|politics|professional_advising|protective_service|public_speaking|religious_activities|sales|social_science|social_service|teaching_education|transportation_machine_operation|visual_arts,0.0,0.0,0.0,2.0,0.0,0.0,0.0,0.0,0.0,0.0,0.0,0.0,0.0,0.0,0.0,0.0,0.0,0.0,0.0,0.0,0.0,0.0,0.0,0.0,0.0,0.0,0.0,0.0,1.0,0.0,0.0,0.0,0.0,0.0,0.0,0.0,0.0,0.0,0.0,0.0,0.0,1.07,1.0,1.0,1.49,1.0,1.0,1.03,1.0,1.0,1.29,1.0,1.0,1.0,1.0,1.0,1.0,1.0,1.0,1.0,1.0,1.35,1.0,1.0,1.0,1.0,1.06,1.07,1.24,4.2,1.03,1.0,1.0,1.0,1.0,1.0,1.04,1.0,1.03,1.0,1.33,1.27
51-6031.00,Sewing Machine Operators,mechanics_electronics|physical_manual_labor|accounting|agriculture|animal_service|applied_arts_and_design|athletics|business_initiatives|construction_woodwork|creative_writing|culinary_art|engineering|finance|health_care_service|human_resources|humanities|information_technology|law|life_science|management_administration|marketing_advertising|mathematics_statistics|media|medical_science|music|nature_outdoors|office_work|performing_arts|personal_service|physical_science|politics|professional_advising|protective_service|public_speaking|religious_activities|sales|social_science|social_service|teaching_education|transportation_machine_operation|visual_arts,0.0,0.0,0.0,0.0,0.0,0.0,0.0,0.0,0.0,0.0,0.0,0.0,0.0,0.0,0.0,0.0,0.0,0.0,0.0,0.0,2.0,0.0,0.0,0.0,0.0,0.0,0.0,0.0,1.0,0.0,0.0,0.0,0.0,0.0,0.0,0.0,0.0,0.0,0.0,0.0,0.0,1.2,1.0,1.0,1.55,1.0,1.0,1.18,1.0,1.0,1.29,1.0,1.0,1.0,1.0,1.05,1.0,1.0,1.03,1.0,1.07,2.42,1.0,1.0,1.0,1.0,1.06,1.0,1.06,2.64,1.0,1.0,1.0,1.0,1.0,1.0,1.0,1.0,1.0,1.05,1.43,1.32
51-6041.00,Shoe and Leather Workers and Repairers,applied_arts_and_design|visual_arts|physical_manual_labor|accounting|agriculture|animal_service|athletics|business_initiatives|construction_woodwork|creative_writing|culinary_art|engineering|finance|health_care_service|human_resources|humanities|information_technology|law|life_science|management_administration|marketing_advertising|mathematics_statistics|mechanics_electronics|media|medical_science|music|nature_outdoors|office_work|performing_arts|personal_service|physical_science|politics|professional_advising|protective_service|public_speaking|religious_activities|sales|social_science|social_service|teaching_education|transportation_machine_operation,0.0,0.0,0.0,3.0,0.0,0.0,0.0,0.0,0.0,0.0,0.0,0.0,0.0,0.0,0.0,0.0,0.0,0.0,0.0,0.0,0.0,0.0,0.0,0.0,0.0,0.0,0.0,0.0,1.0,0.0,0.0,0.0,0.0,0.0,0.0,0.0,0.0,0.0,0.0,0.0,2.0,1.1,1.04,1.07,3.06,1.17,1.01,2.64,1.04,1.23,1.29,1.0,1.0,1.0,1.09,1.0,1.0,1.0,1.0,1.1,1.05,1.53,1.0,1.0,1.0,1.04,1.06,1.11,1.31,3.42,1.03,1.0,1.0,1.0,1.0,1.0,1.2,1.0,1.03,1.16,1.06,3.15
51-6042.00,Shoe Machine Operators and Tenders,mechanics_electronics|physical_manual_labor|accounting|agriculture|animal_service|applied_arts_and_design|athletics|business_initiatives|construction_woodwork|creative_writing|culinary_art|engineering|finance|health_care_service|human_resources|humanities|information_technology|law|life_science|management_administration|marketing_advertising|mathematics_statistics|media|medical_science|music|nature_outdoors|office_work|performing_arts|personal_service|physical_science|politics|professional_advising|protective_service|public_speaking|religious_activities|sales|social_science|social_service|teaching_education|transportation_machine_operation|visual_arts,0.0,0.0,0.0,0.0,0.0,0.0,0.0,0.0,0.0,0.0,0.0,0.0,0.0,0.0,0.0,0.0,0.0,0.0,0.0,0.0,2.0,0.0,0.0,0.0,0.0,0.0,0.0,0.0,1.0,0.0,0.0,0.0,0.0,0.0,0.0,0.0,0.0,0.0,0.0,0.0,0.0,1.13,1.0,1.0,1.27,1.03,1.01,1.47,1.0,1.0,1.48,1.0,1.0,1.11,1.0,1.05,1.0,1.0,1.2,1.0,1.05,2.29,1.0,1.0,1.0,1.0,1.06,1.0,1.0,3.23,1.03,1.0,1.0,1.0,1.0,1.0,1.0,1.0,1.0,1.0,1.53,1.13
51-6051.00,"Sewers, Hand",visual_arts|applied_arts_and_design|accounting|agriculture|animal_service|athletics|business_initiatives|construction_woodwork|creative_writing|culinary_art|engineering|finance|health_care_service|human_resources|humanities|information_technology|law|life_science|management_administration|marketing_advertising|mathematics_statistics|mechanics_electronics|media|medical_science|music|nature_outdoors|office_work|performing_arts|personal_service|physical_science|physical_manual_labor|politics|professional_advising|protective_service|public_speaking|religious_activities|sales|social_science|social_service|teaching_education|transportation_machine_operation,0.0,0.0,0.0,1.0,0.0,0.0,0.0,0.0,0.0,0.0,0.0,0.0,0.0,0.0,0.0,0.0,0.0,0.0,0.0,0.0,0.0,0.0,0.0,0.0,0.0,0.0,0.0,0.0,0.0,0.0,0.0,0.0,0.0,0.0,0.0,0.0,0.0,0.0,0.0,0.0,2.0,1.07,1.0,1.0,2.61,1.0,1.0,1.15,1.07,1.08,1.14,1.0,1.0,1.04,1.09,1.0,1.0,1.0,1.11,1.15,1.05,1.14,1.02,1.0,1.0,1.0,1.1,1.19,1.97,2.38,1.0,1.0,1.03,1.0,1.0,1.0,1.14,1.0,1.05,1.16,1.0,2.5
51-6052.00,"Tailors, Dressmakers, and Custom Sewers",visual_arts|personal_service|applied_arts_and_design|accounting|agriculture|animal_service|athletics|business_initiatives|construction_woodwork|creative_writing|culinary_art|engineering|finance|health_care_service|human_resources|humanities|information_technology|law|life_science|management_administration|marketing_advertising|mathematics_statistics|mechanics_electronics|media|medical_science|music|nature_outdoors|office_work|performing_arts|physical_science|physical_manual_labor|politics|professional_advising|protective_service|public_speaking|religious_activities|sales|social_science|social_service|teaching_education|transportation_machine_operation,0.0,0.0,0.0,1.0,0.0,0.0,0.0,0.0,0.0,0.0,0.0,0.0,0.0,0.0,0.0,0.0,0.0,0.0,0.0,0.0,0.0,0.0,0.0,0.0,0.0,0.0,0.0,2.0,0.0,0.0,0.0,0.0,0.0,0.0,0.0,0.0,0.0,0.0,0.0,0.0,3.0,1.44,1.0,1.0,4.53,1.0,1.18,1.22,1.18,1.47,1.26,1.1,1.0,1.18,1.28,1.0,1.0,1.0,1.44,1.54,1.15,1.29,1.14,1.0,1.04,1.0,1.21,1.39,3.68,2.95,1.0,1.0,1.13,1.0,1.19,1.0,1.58,1.0,1.1,1.25,1.0,3.36
51-6061.00,Textile Bleaching and Dyeing Machine Operators and Tenders,mechanics_electronics|physical_manual_labor|accounting|agriculture|animal_service|applied_arts_and_design|athletics|business_initiatives|construction_woodwork|creative_writing|culinary_art|engineering|finance|health_care_service|human_resources|humanities|information_technology|law|life_science|management_administration|marketing_advertising|mathematics_statistics|media|medical_science|music|nature_outdoors|office_work|performing_arts|personal_service|physical_science|politics|professional_advising|protective_service|public_speaking|religious_activities|sales|social_science|social_service|teaching_education|transportation_machine_operation|visual_arts,0.0,0.0,0.0,0.0,0.0,0.0,0.0,0.0,0.0,0.0,0.0,0.0,0.0,0.0,0.0,0.0,0.0,0.0,0.0,0.0,2.0,0.0,0.0,0.0,0.0,0.0,0.0,0.0,1.0,0.0,0.0,0.0,0.0,0.0,0.0,0.0,0.0,0.0,0.0,0.0,0.0,1.24,1.04,1.0,1.29,1.0,1.0,1.12,1.0,1.15,2.21,1.0,1.0,1.0,1.0,1.22,1.0,1.13,1.17,1.0,1.39,2.93,1.0,1.0,1.0,1.0,1.05,1.0,1.0,3.16,1.53,1.0,1.0,1.0,1.0,1.0,1.0,1.0,1.0,1.08,2.04,1.18
51-6062.00,"Textile Cutting Machine Setters, Operators, and Tenders",physical_manual_labor|mechanics_electronics|accounting|agriculture|animal_service|applied_arts_and_design|athletics|business_initiatives|construction_woodwork|creative_writing|culinary_art|engineering|finance|health_care_service|human_resources|humanities|information_technology|law|life_science|management_administration|marketing_advertising|mathematics_statistics|media|medical_science|music|nature_outdoors|office_work|performing_arts|personal_service|physical_science|politics|professional_advising|protective_service|public_speaking|religious_activities|sales|social_science|social_service|teaching_education|transportation_machine_operation|visual_arts,0.0,0.0,0.0,0.0,0.0,0.0,0.0,0.0,0.0,0.0,0.0,0.0,0.0,0.0,0.0,0.0,0.0,0.0,0.0,0.0,1.0,0.0,0.0,0.0,0.0,0.0,0.0,0.0,2.0,0.0,0.0,0.0,0.0,0.0,0.0,0.0,0.0,0.0,0.0,0.0,0.0,1.2,1.0,1.0,1.46,1.0,1.01,1.5,1.0,1.04,1.95,1.0,1.0,1.11,1.0,1.27,1.0,1.0,1.32,1.0,1.18,3.29,1.0,1.0,1.0,1.0,1.1,1.0,1.0,3.05,1.1,1.0,1.0,1.0,1.0,1.0,1.0,1.0,1.0,1.11,2.0,1.23
51-6063.00,"Textile Knitting and Weaving Machine Setters, Operators, and Tenders",mechanics_electronics|physical_manual_labor|accounting|agriculture|animal_service|applied_arts_and_design|athletics|business_initiatives|construction_woodwork|creative_writing|culinary_art|engineering|finance|health_care_service|human_resources|humanities|information_technology|law|life_science|management_administration|marketing_advertising|mathematics_statistics|media|medical_science|music|nature_outdoors|office_work|performing_arts|personal_service|physical_science|politics|professional_advising|protective_service|public_speaking|religious_activities|sales|social_science|social_service|teaching_education|transportation_machine_operation|visual_arts,0.0,0.0,0.0,0.0,0.0,0.0,0.0,0.0,0.0,0.0,0.0,0.0,0.0,0.0,0.0,0.0,0.0,0.0,0.0,0.0,2.0,0.0,0.0,0.0,0.0,0.0,0.0,0.0,1.0,0.0,0.0,0.0,0.0,0.0,0.0,0.0,0.0,0.0,0.0,0.0,0.0,1.1,1.09,1.0,1.46,1.0,1.0,1.28,1.0,1.0,1.98,1.0,1.0,1.0,1.0,1.08,1.0,1.0,1.26,1.0,1.13,2.69,1.0,1.0,1.0,1.0,1.06,1.0,1.0,3.13,1.1,1.0,1.0,1.0,1.0,1.0,1.0,1.0,1.0,1.0,1.97,1.23
51-6064.00,"Textile Winding, Twisting, and Drawing Out Machine Setters, Operators, and Tenders",mechanics_electronics|physical_manual_labor|accounting|agriculture|animal_service|applied_arts_and_design|athletics|business_initiatives|construction_woodwork|creative_writing|culinary_art|engineering|finance|health_care_service|human_resources|humanities|information_technology|law|life_science|management_administration|marketing_advertising|mathematics_statistics|media|medical_science|music|nature_outdoors|office_work|performing_arts|personal_service|physical_science|politics|professional_advising|protective_service|public_speaking|religious_activities|sales|social_science|social_service|teaching_education|transportation_machine_operation|visual_arts,0.0,0.0,0.0,0.0,0.0,0.0,0.0,0.0,0.0,0.0,0.0,0.0,0.0,0.0,0.0,0.0,0.0,0.0,0.0,0.0,2.0,0.0,0.0,0.0,0.0,0.0,0.0,0.0,1.0,0.0,0.0,0.0,0.0,0.0,0.0,0.0,0.0,0.0,0.0,0.0,0.0,1.34,1.08,1.0,1.24,1.0,1.0,1.41,1.0,1.0,1.85,1.0,1.0,1.04,1.0,1.08,1.0,1.0,1.35,1.0,1.2,3.07,1.0,1.0,1.0,1.0,1.12,1.0,1.0,3.27,1.12,1.0,1.0,1.0,1.0,1.0,1.0,1.0,1.0,1.0,1.56,1.11
51-6091.00,"Extruding and Forming Machine Setters, Operators, and Tenders, Synthetic and Glass Fibers",physical_manual_labor|mechanics_electronics|accounting|agriculture|animal_service|applied_arts_and_design|athletics|business_initiatives|construction_woodwork|creative_writing|culinary_art|engineering|finance|health_care_service|human_resources|humanities|information_technology|law|life_science|management_administration|marketing_advertising|mathematics_statistics|media|medical_science|music|nature_outdoors|office_work|performing_arts|personal_service|physical_science|politics|professional_advising|protective_service|public_speaking|religious_activities|sales|social_science|social_service|teaching_education|transportation_machine_operation|visual_arts,0.0,0.0,0.0,0.0,0.0,0.0,0.0,0.0,0.0,0.0,0.0,0.0,0.0,0.0,0.0,0.0,0.0,0.0,0.0,0.0,1.0,0.0,0.0,0.0,0.0,0.0,0.0,0.0,2.0,0.0,0.0,0.0,0.0,0.0,0.0,0.0,0.0,0.0,0.0,0.0,0.0,1.2,1.01,1.0,1.05,1.0,1.0,1.6,1.02,1.0,2.78,1.0,1.0,1.11,1.0,1.19,1.0,1.08,1.17,1.0,1.62,3.73,1.0,1.0,1.0,1.0,1.09,1.0,1.0,3.42,1.51,1.0,1.01,1.0,1.03,1.0,1.0,1.0,1.0,1.14,2.18,1.02
51-6092.00,Fabric and Apparel Patternmakers,visual_arts|applied_arts_and_design|accounting|agriculture|animal_service|athletics|business_initiatives|construction_woodwork|creative_writing|culinary_art|engineering|finance|health_care_service|human_resources|humanities|information_technology|law|life_science|management_administration|marketing_advertising|mathematics_statistics|mechanics_electronics|media|medical_science|music|nature_outdoors|office_work|performing_arts|personal_service|physical_science|physical_manual_labor|politics|professional_advising|protective_service|public_speaking|religious_activities|sales|social_science|social_service|teaching_education|transportation_machine_operation,0.0,0.0,0.0,1.0,0.0,0.0,0.0,0.0,0.0,0.0,0.0,0.0,0.0,0.0,0.0,0.0,0.0,0.0,0.0,0.0,0.0,0.0,0.0,0.0,0.0,0.0,0.0,0.0,0.0,0.0,0.0,0.0,0.0,0.0,0.0,0.0,0.0,0.0,0.0,0.0,2.0,1.31,1.0,1.0,5.54,1.03,1.09,1.31,1.43,1.19,1.88,1.0,1.0,1.21,1.28,1.44,1.0,1.0,1.26,1.48,2.47,1.35,1.22,1.0,1.0,1.0,1.54,1.37,1.18,2.23,1.03,1.0,1.06,1.0,1.14,1.0,1.08,1.03,1.0,1.28,1.0,4.42
51-6093.00,Upholsterers,visual_arts|construction_woodwork|physical_manual_labor|accounting|agriculture|animal_service|applied_arts_and_design|athletics|business_initiatives|creative_writing|culinary_art|engineering|finance|health_care_service|human_resources|humanities|information_technology|law|life_science|management_administration|marketing_advertising|mathematics_statistics|mechanics_electronics|media|medical_science|music|nature_outdoors|office_work|performing_arts|personal_service|physical_science|politics|professional_advising|protective_service|public_speaking|religious_activities|sales|social_science|social_service|teaching_education|transportation_machine_operation,0.0,0.0,0.0,0.0,0.0,0.0,2.0,0.0,0.0,0.0,0.0,0.0,0.0,0.0,0.0,0.0,0.0,0.0,0.0,0.0,0.0,0.0,0.0,0.0,0.0,0.0,0.0,0.0,1.0,0.0,0.0,0.0,0.0,0.0,0.0,0.0,0.0,0.0,0.0,0.0,3.0,1.0,1.0,1.0,3.06,1.0,1.0,3.53,1.0,1.0,1.5,1.0,1.0,1.0,1.06,1.0,1.0,1.0,1.0,1.05,1.05,1.59,1.0,1.0,1.0,1.0,1.06,1.19,1.18,4.84,1.05,1.0,1.0,1.0,1.0,1.0,1.08,1.0,1.03,1.14,1.29,3.4
51-7011.00,Cabinetmakers and Bench Carpenters,physical_manual_labor|construction_woodwork|accounting|agriculture|animal_service|applied_arts_and_design|athletics|business_initiatives|creative_writing|culinary_art|engineering|finance|health_care_service|human_resources|humanities|information_technology|law|life_science|management_administration|marketing_advertising|mathematics_statistics|mechanics_electronics|media|medical_science|music|nature_outdoors|office_work|performing_arts|personal_service|physical_science|politics|professional_advising|protective_service|public_speaking|religious_activities|sales|social_science|social_service|teaching_education|transportation_machine_operation|visual_arts,0.0,0.0,0.0,0.0,0.0,0.0,1.0,0.0,0.0,0.0,0.0,0.0,0.0,0.0,0.0,0.0,0.0,0.0,0.0,0.0,0.0,0.0,0.0,0.0,0.0,0.0,0.0,0.0,2.0,0.0,0.0,0.0,0.0,0.0,0.0,0.0,0.0,0.0,0.0,0.0,0.0,1.2,1.01,1.0,2.65,1.03,1.0,6.96,1.0,1.0,2.37,1.0,1.0,1.0,1.0,1.05,1.0,1.0,1.14,1.0,1.62,2.03,1.0,1.0,1.0,1.02,1.06,1.02,1.09,5.77,1.05,1.0,1.0,1.0,1.0,1.0,1.04,1.0,1.0,1.16,1.4,1.86
51-7021.00,Furniture Finishers,applied_arts_and_design|physical_manual_labor|construction_woodwork|accounting|agriculture|animal_service|athletics|business_initiatives|creative_writing|culinary_art|engineering|finance|health_care_service|human_resources|humanities|information_technology|law|life_science|management_administration|marketing_advertising|mathematics_statistics|mechanics_electronics|media|medical_science|music|nature_outdoors|office_work|performing_arts|personal_service|physical_science|politics|professional_advising|protective_service|public_speaking|religious_activities|sales|social_science|social_service|teaching_education|transportation_machine_operation|visual_arts,0.0,0.0,0.0,3.0,0.0,0.0,1.0,0.0,0.0,0.0,0.0,0.0,0.0,0.0,0.0,0.0,0.0,0.0,0.0,0.0,0.0,0.0,0.0,0.0,0.0,0.0,0.0,0.0,2.0,0.0,0.0,0.0,0.0,0.0,0.0,0.0,0.0,0.0,0.0,0.0,0.0,1.0,1.03,1.0,3.17,1.0,1.0,6.79,1.0,1.04,1.32,1.0,1.0,1.0,1.06,1.0,1.0,1.0,1.0,1.0,1.0,1.35,1.0,1.0,1.0,1.0,1.0,1.06,1.03,5.34,1.09,1.0,1.0,1.0,1.0,1.0,1.0,1.0,1.0,1.05,1.23,2.86
51-7031.00,"Model Makers, Wood",applied_arts_and_design|physical_manual_labor|construction_woodwork|accounting|agriculture|animal_service|athletics|business_initiatives|creative_writing|culinary_art|engineering|finance|health_care_service|human_resources|humanities|information_technology|law|life_science|management_administration|marketing_advertising|mathematics_statistics|mechanics_electronics|media|medical_science|music|nature_outdoors|office_work|performing_arts|personal_service|physical_science|politics|professional_advising|protective_service|public_speaking|religious_activities|sales|social_science|social_service|teaching_education|transportation_machine_operation|visual_arts,0.0,0.0,0.0,3.0,0.0,0.0,1.0,0.0,0.0,0.0,0.0,0.0,0.0,0.0,0.0,0.0,0.0,0.0,0.0,0.0,0.0,0.0,0.0,0.0,0.0,0.0,0.0,0.0,2.0,0.0,0.0,0.0,0.0,0.0,0.0,0.0,0.0,0.0,0.0,0.0,0.0,1.17,1.03,1.0,3.6,1.0,1.01,6.74,1.09,1.12,3.53,1.0,1.0,1.0,1.06,1.16,1.0,1.0,1.23,1.21,1.56,2.0,1.12,1.0,1.04,1.04,1.12,1.15,1.0,4.89,1.16,1.0,1.0,1.0,1.03,1.0,1.02,1.0,1.0,1.14,1.4,2.86
51-7032.00,"Patternmakers, Wood",engineering|physical_manual_labor|construction_woodwork|accounting|agriculture|animal_service|applied_arts_and_design|athletics|business_initiatives|creative_writing|culinary_art|finance|health_care_service|human_resources|humanities|information_technology|law|life_science|management_administration|marketing_advertising|mathematics_statistics|mechanics_electronics|media|medical_science|music|nature_outdoors|office_work|performing_arts|personal_service|physical_science|politics|professional_advising|protective_service|public_speaking|religious_activities|sales|social_science|social_service|teaching_education|transportation_machine_operation|visual_arts,0.0,0.0,0.0,0.0,0.0,0.0,1.0,0.0,0.0,3.0,0.0,0.0,0.0,0.0,0.0,0.0,0.0,0.0,0.0,0.0,0.0,0.0,0.0,0.0,0.0,0.0,0.0,0.0,2.0,0.0,0.0,0.0,0.0,0.0,0.0,0.0,0.0,0.0,0.0,0.0,0.0,1.27,1.01,1.0,3.17,1.0,1.09,6.49,1.14,1.12,3.38,1.07,1.0,1.0,1.0,1.16,1.0,1.0,1.41,1.03,1.91,1.9,1.1,1.0,1.0,1.0,1.17,1.13,1.09,4.63,1.16,1.0,1.0,1.0,1.05,1.0,1.06,1.0,1.0,1.16,1.26,2.56
51-7041.00,"Sawing Machine Setters, Operators, and Tenders, Wood",mechanics_electronics|physical_manual_labor|construction_woodwork|accounting|agriculture|animal_service|applied_arts_and_design|athletics|business_initiatives|creative_writing|culinary_art|engineering|finance|health_care_service|human_resources|humanities|information_technology|law|life_science|management_administration|marketing_advertising|mathematics_statistics|media|medical_science|music|nature_outdoors|office_work|performing_arts|personal_service|physical_science|politics|professional_advising|protective_service|public_speaking|religious_activities|sales|social_science|social_service|teaching_education|transportation_machine_operation|visual_arts,0.0,0.0,0.0,0.0,0.0,0.0,1.0,0.0,0.0,0.0,0.0,0.0,0.0,0.0,0.0,0.0,0.0,0.0,0.0,0.0,3.0,0.0,0.0,0.0,0.0,0.0,0.0,0.0,2.0,0.0,0.0,0.0,0.0,0.0,0.0,0.0,0.0,0.0,0.0,0.0,0.0,1.17,1.11,1.0,1.0,1.0,1.0,6.23,1.0,1.0,1.91,1.0,1.0,1.0,1.0,1.33,1.0,1.0,1.03,1.0,1.15,3.36,1.0,1.0,1.0,1.13,1.02,1.0,1.0,4.8,1.05,1.0,1.0,1.0,1.0,1.0,1.0,1.0,1.0,1.03,2.01,1.0
51-7042.00,"Woodworking Machine Setters, Operators, and Tenders, Except Sawing",physical_manual_labor|construction_woodwork|accounting|agriculture|animal_service|applied_arts_and_design|athletics|business_initiatives|creative_writing|culinary_art|engineering|finance|health_care_service|human_resources|humanities|information_technology|law|life_science|management_administration|marketing_advertising|mathematics_statistics|mechanics_electronics|media|medical_science|music|nature_outdoors|office_work|performing_arts|personal_service|physical_science|politics|professional_advising|protective_service|public_speaking|religious_activities|sales|social_science|social_service|teaching_education|transportation_machine_operation|visual_arts,0.0,0.0,0.0,0.0,0.0,0.0,1.0,0.0,0.0,0.0,0.0,0.0,0.0,0.0,0.0,0.0,0.0,0.0,0.0,0.0,0.0,0.0,0.0,0.0,0.0,0.0,0.0,0.0,2.0,0.0,0.0,0.0,0.0,0.0,0.0,0.0,0.0,0.0,0.0,0.0,0.0,1.2,1.04,1.0,1.7,1.0,1.0,6.66,1.0,1.0,2.2,1.0,1.0,1.0,1.0,1.59,1.0,1.0,1.06,1.0,1.31,2.72,1.0,1.0,1.0,1.02,1.04,1.0,1.0,5.11,1.1,1.0,1.0,1.0,1.0,1.0,1.0,1.0,1.0,1.05,2.18,1.5
51-8011.00,Nuclear Power Reactor Operators,physical_science|mechanics_electronics|engineering|accounting|agriculture|animal_service|applied_arts_and_design|athletics|business_initiatives|construction_woodwork|creative_writing|culinary_art|finance|health_care_service|human_resources|humanities|information_technology|law|life_science|management_administration|marketing_advertising|mathematics_statistics|media|medical_science|music|nature_outdoors|office_work|performing_arts|personal_service|physical_manual_labor|politics|professional_advising|protective_service|public_speaking|religious_activities|sales|social_science|social_service|teaching_education|transportation_machine_operation|visual_arts,0.0,0.0,0.0,0.0,0.0,0.0,0.0,0.0,0.0,1.0,0.0,0.0,0.0,0.0,0.0,0.0,0.0,0.0,0.0,0.0,2.0,0.0,0.0,0.0,0.0,0.0,0.0,0.0,0.0,3.0,0.0,0.0,0.0,0.0,0.0,0.0,0.0,0.0,0.0,0.0,0.0,1.34,1.0,1.0,1.0,1.0,1.12,1.12,1.0,1.0,5.73,1.07,1.1,1.32,1.0,2.11,1.25,1.32,1.81,1.0,2.48,5.09,1.07,1.19,1.0,1.0,1.39,1.0,1.09,1.87,4.05,1.14,1.09,2.02,1.22,1.0,1.0,1.08,1.1,1.28,1.73,1.0
51-8012.00,Power Distributors and Dispatchers,mechanics_electronics|engineering|accounting|agriculture|animal_service|applied_arts_and_design|athletics|business_initiatives|construction_woodwork|creative_writing|culinary_art|finance|health_care_service|human_resources|humanities|information_technology|law|life_science|management_administration|marketing_advertising|mathematics_statistics|media|medical_science|music|nature_outdoors|office_work|performing_arts|personal_service|physical_science|physical_manual_labor|politics|professional_advising|protective_service|public_speaking|religious_activities|sales|social_science|social_service|teaching_education|transportation_machine_operation|visual_arts,0.0,0.0,0.0,0.0,0.0,0.0,0.0,0.0,0.0,1.0,0.0,0.0,0.0,0.0,0.0,0.0,0.0,0.0,0.0,0.0,2.0,0.0,0.0,0.0,0.0,0.0,0.0,0.0,0.0,0.0,0.0,0.0,0.0,0.0,0.0,0.0,0.0,0.0,0.0,0.0,0.0,1.72,1.0,1.0,1.0,1.0,1.35,1.06,1.02,1.0,4.83,1.42,1.0,1.43,1.0,2.77,1.11,1.0,2.73,1.0,2.77,4.11,1.07,1.0,1.0,1.09,1.81,1.0,1.18,1.28,1.95,1.17,1.13,1.59,1.25,1.0,1.2,1.16,1.06,1.42,1.76,1.0
51-8013.00,Power Plant Operators,engineering|mechanics_electronics|accounting|agriculture|animal_service|applied_arts_and_design|athletics|business_initiatives|construction_woodwork|creative_writing|culinary_art|finance|health_care_service|human_resources|humanities|information_technology|law|life_science|management_administration|marketing_advertising|mathematics_statistics|media|medical_science|music|nature_outdoors|office_work|performing_arts|personal_service|physical_science|physical_manual_labor|politics|professional_advising|protective_service|public_speaking|religious_activities|sales|social_science|social_service|teaching_education|transportation_machine_operation|visual_arts,0.0,0.0,0.0,0.0,0.0,0.0,0.0,0.0,0.0,2.0,0.0,0.0,0.0,0.0,0.0,0.0,0.0,0.0,0.0,0.0,1.0,0.0,0.0,0.0,0.0,0.0,0.0,0.0,0.0,0.0,0.0,0.0,0.0,0.0,0.0,0.0,0.0,0.0,0.0,0.0,0.0,1.34,1.01,1.0,1.0,1.0,1.06,1.28,1.0,1.0,5.07,1.02,1.0,1.21,1.0,1.56,1.11,1.08,1.5,1.0,1.7,6.15,1.0,1.05,1.0,1.2,1.35,1.0,1.0,2.68,2.13,1.0,1.0,1.44,1.16,1.0,1.0,1.0,1.02,1.14,2.77,1.0
51-8021.00,Stationary Engineers and Boiler Operators,engineering|mechanics_electronics|accounting|agriculture|animal_service|applied_arts_and_design|athletics|business_initiatives|construction_woodwork|creative_writing|culinary_art|finance|health_care_service|human_resources|humanities|information_technology|law|life_science|management_administration|marketing_advertising|mathematics_statistics|media|medical_science|music|nature_outdoors|office_work|performing_arts|personal_service|physical_science|physical_manual_labor|politics|professional_advising|protective_service|public_speaking|religious_activities|sales|social_science|social_service|teaching_education|transportation_machine_operation|visual_arts,0.0,0.0,0.0,0.0,0.0,0.0,0.0,0.0,0.0,2.0,0.0,0.0,0.0,0.0,0.0,0.0,0.0,0.0,0.0,0.0,1.0,0.0,0.0,0.0,0.0,0.0,0.0,0.0,0.0,0.0,0.0,0.0,0.0,0.0,0.0,0.0,0.0,0.0,0.0,0.0,0.0,1.2,1.01,1.0,1.0,1.0,1.01,1.31,1.0,1.0,4.86,1.0,1.03,1.0,1.0,1.65,1.0,1.0,1.47,1.0,1.79,5.89,1.0,1.0,1.0,1.0,1.14,1.0,1.03,2.84,2.04,1.0,1.02,1.2,1.16,1.0,1.0,1.0,1.0,1.19,1.66,1.0
51-8031.00,Water and Wastewater Treatment Plant and System Operators,physical_manual_labor|engineering|mechanics_electronics|accounting|agriculture|animal_service|applied_arts_and_design|athletics|business_initiatives|construction_woodwork|creative_writing|culinary_art|finance|health_care_service|human_resources|humanities|information_technology|law|life_science|management_administration|marketing_advertising|mathematics_statistics|media|medical_science|music|nature_outdoors|office_work|performing_arts|personal_service|physical_science|politics|professional_advising|protective_service|public_speaking|religious_activities|sales|social_science|social_service|teaching_education|transportation_machine_operation|visual_arts,0.0,0.0,0.0,0.0,0.0,0.0,0.0,0.0,0.0,2.0,0.0,0.0,0.0,0.0,0.0,0.0,0.0,0.0,0.0,0.0,1.0,0.0,0.0,0.0,0.0,0.0,0.0,0.0,3.0,0.0,0.0,0.0,0.0,0.0,0.0,0.0,0.0,0.0,0.0,0.0,0.0,1.55,1.24,1.07,1.0,1.0,1.14,1.34,1.02,1.0,4.28,1.07,1.23,1.43,1.0,1.8,1.33,1.57,2.32,1.0,2.12,4.89,1.0,1.28,1.0,1.65,1.41,1.0,1.18,3.61,2.7,1.17,1.07,1.48,1.25,1.0,1.04,1.16,1.1,1.34,2.66,1.0
51-8091.00,Chemical Plant and System Operators,mechanics_electronics|engineering|physical_science|accounting|agriculture|animal_service|applied_arts_and_design|athletics|business_initiatives|construction_woodwork|creative_writing|culinary_art|finance|health_care_service|human_resources|humanities|information_technology|law|life_science|management_administration|marketing_advertising|mathematics_statistics|media|medical_science|music|nature_outdoors|office_work|performing_arts|personal_service|physical_manual_labor|politics|professional_advising|protective_service|public_speaking|religious_activities|sales|social_science|social_service|teaching_education|transportation_machine_operation|visual_arts,0.0,0.0,0.0,0.0,0.0,0.0,0.0,0.0,0.0,2.0,0.0,0.0,0.0,0.0,0.0,0.0,0.0,0.0,0.0,0.0,3.0,0.0,0.0,0.0,0.0,0.0,0.0,0.0,0.0,1.0,0.0,0.0,0.0,0.0,0.0,0.0,0.0,0.0,0.0,0.0,0.0,1.44,1.08,1.0,1.0,1.0,1.14,1.06,1.0,1.0,3.97,1.02,1.03,1.28,1.0,1.68,1.07,1.68,1.5,1.0,2.03,3.18,1.0,1.48,1.0,1.02,1.21,1.0,1.09,2.29,4.01,1.0,1.02,1.47,1.14,1.0,1.08,1.03,1.0,1.16,2.14,1.0
51-8092.00,Gas Plant Operators,engineering|mechanics_electronics|accounting|agriculture|animal_service|applied_arts_and_design|athletics|business_initiatives|construction_woodwork|creative_writing|culinary_art|finance|health_care_service|human_resources|humanities|information_technology|law|life_science|management_administration|marketing_advertising|mathematics_statistics|media|medical_science|music|nature_outdoors|office_work|performing_arts|personal_service|physical_science|physical_manual_labor|politics|professional_advising|protective_service|public_speaking|religious_activities|sales|social_science|social_service|teaching_education|transportation_machine_operation|visual_arts,0.0,0.0,0.0,0.0,0.0,0.0,0.0,0.0,0.0,2.0,0.0,0.0,0.0,0.0,0.0,0.0,0.0,0.0,0.0,0.0,1.0,0.0,0.0,0.0,0.0,0.0,0.0,0.0,0.0,0.0,0.0,0.0,0.0,0.0,0.0,0.0,0.0,0.0,0.0,0.0,0.0,1.41,1.04,1.0,1.0,1.0,1.16,1.12,1.0,1.0,3.64,1.07,1.0,1.18,1.0,1.86,1.0,1.08,1.78,1.0,2.12,4.69,1.0,1.0,1.0,1.0,1.43,1.0,1.03,2.26,1.92,1.0,1.01,1.4,1.14,1.0,1.02,1.0,1.05,1.11,2.28,1.0
51-8093.00,"Petroleum Pump System Operators, Refinery Operators, and Gaugers",transportation_machine_operation|engineering|mechanics_electronics|accounting|agriculture|animal_service|applied_arts_and_design|athletics|business_initiatives|construction_woodwork|creative_writing|culinary_art|finance|health_care_service|human_resources|humanities|information_technology|law|life_science|management_administration|marketing_advertising|mathematics_statistics|media|medical_science|music|nature_outdoors|office_work|performing_arts|personal_service|physical_science|physical_manual_labor|politics|professional_advising|protective_service|public_speaking|religious_activities|sales|social_science|social_service|teaching_education|visual_arts,0.0,0.0,0.0,0.0,0.0,0.0,0.0,0.0,0.0,2.0,0.0,0.0,0.0,0.0,0.0,0.0,0.0,0.0,0.0,0.0,1.0,0.0,0.0,0.0,0.0,0.0,0.0,0.0,0.0,0.0,0.0,0.0,0.0,0.0,0.0,0.0,0.0,0.0,0.0,3.0,0.0,1.65,1.04,1.0,1.0,1.0,1.16,1.18,1.0,1.0,4.2,1.18,1.0,1.32,1.0,1.53,1.11,1.03,1.96,1.0,2.06,4.69,1.0,1.0,1.0,1.13,1.33,1.0,1.06,3.05,1.9,1.03,1.0,1.44,1.14,1.0,1.02,1.0,1.0,1.16,3.17,1.0
51-9011.00,Chemical Equipment Operators and Tenders,physical_manual_labor|engineering|physical_science|accounting|agriculture|animal_service|applied_arts_and_design|athletics|business_initiatives|construction_woodwork|creative_writing|culinary_art|finance|health_care_service|human_resources|humanities|information_technology|law|life_science|management_administration|marketing_advertising|mathematics_statistics|mechanics_electronics|media|medical_science|music|nature_outdoors|office_work|performing_arts|personal_service|politics|professional_advising|protective_service|public_speaking|religious_activities|sales|social_science|social_service|teaching_education|transportation_machine_operation|visual_arts,0.0,0.0,0.0,0.0,0.0,0.0,0.0,0.0,0.0,2.0,0.0,0.0,0.0,0.0,0.0,0.0,0.0,0.0,0.0,0.0,0.0,0.0,0.0,0.0,0.0,0.0,0.0,0.0,3.0,1.0,0.0,0.0,0.0,0.0,0.0,0.0,0.0,0.0,0.0,0.0,0.0,1.41,1.06,1.0,1.0,1.0,1.04,1.06,1.0,1.0,3.75,1.02,1.06,1.18,1.0,1.5,1.22,1.65,1.53,1.0,2.12,2.83,1.0,1.51,1.0,1.0,1.19,1.0,1.0,3.31,3.77,1.06,1.02,1.4,1.05,1.0,1.0,1.0,1.02,1.16,1.7,1.0
51-9012.00,"Separating, Filtering, Clarifying, Precipitating, and Still Machine Setters, Operators, and Tenders",mechanics_electronics|physical_manual_labor|accounting|agriculture|animal_service|applied_arts_and_design|athletics|business_initiatives|construction_woodwork|creative_writing|culinary_art|engineering|finance|health_care_service|human_resources|humanities|information_technology|law|life_science|management_administration|marketing_advertising|mathematics_statistics|media|medical_science|music|nature_outdoors|office_work|performing_arts|personal_service|physical_science|politics|professional_advising|protective_service|public_speaking|religious_activities|sales|social_science|social_service|teaching_education|transportation_machine_operation|visual_arts,0.0,0.0,0.0,0.0,0.0,0.0,0.0,0.0,0.0,0.0,0.0,0.0,0.0,0.0,0.0,0.0,0.0,0.0,0.0,0.0,2.0,0.0,0.0,0.0,0.0,0.0,0.0,0.0,1.0,0.0,0.0,0.0,0.0,0.0,0.0,0.0,0.0,0.0,0.0,0.0,0.0,1.3,1.59,1.0,1.0,1.0,1.0,1.12,1.0,1.35,2.37,1.0,1.0,1.0,1.0,1.24,1.0,1.48,1.26,1.0,1.39,3.04,1.0,1.42,1.0,1.0,1.08,1.0,1.0,3.45,1.84,1.0,1.0,1.0,1.08,1.0,1.0,1.0,1.0,1.05,2.11,1.0
51-9021.00,"Crushing, Grinding, and Polishing Machine Setters, Operators, and Tenders",mechanics_electronics|physical_manual_labor|accounting|agriculture|animal_service|applied_arts_and_design|athletics|business_initiatives|construction_woodwork|creative_writing|culinary_art|engineering|finance|health_care_service|human_resources|humanities|information_technology|law|life_science|management_administration|marketing_advertising|mathematics_statistics|media|medical_science|music|nature_outdoors|office_work|performing_arts|personal_service|physical_science|politics|professional_advising|protective_service|public_speaking|religious_activities|sales|social_science|social_service|teaching_education|transportation_machine_operation|visual_arts,0.0,0.0,0.0,0.0,0.0,0.0,0.0,0.0,0.0,0.0,0.0,0.0,0.0,0.0,0.0,0.0,0.0,0.0,0.0,0.0,2.0,0.0,0.0,0.0,0.0,0.0,0.0,0.0,1.0,0.0,0.0,0.0,0.0,0.0,0.0,0.0,0.0,0.0,0.0,0.0,0.0,1.24,1.32,1.0,1.0,1.0,1.0,1.83,1.0,1.23,1.91,1.0,1.0,1.04,1.0,1.05,1.0,1.0,1.35,1.0,1.23,2.9,1.0,1.0,1.0,1.02,1.09,1.0,1.0,4.89,1.26,1.0,1.0,1.12,1.0,1.0,1.0,1.0,1.0,1.14,2.25,1.0
51-9022.00,"Grinding and Polishing Workers, Hand",construction_woodwork|physical_manual_labor|accounting|agriculture|animal_service|applied_arts_and_design|athletics|business_initiatives|creative_writing|culinary_art|engineering|finance|health_care_service|human_resources|humanities|information_technology|law|life_science|management_administration|marketing_advertising|mathematics_statistics|mechanics_electronics|media|medical_science|music|nature_outdoors|office_work|performing_arts|personal_service|physical_science|politics|professional_advising|protective_service|public_speaking|religious_activities|sales|social_science|social_service|teaching_education|transportation_machine_operation|visual_arts,0.0,0.0,0.0,0.0,0.0,0.0,2.0,0.0,0.0,0.0,0.0,0.0,0.0,0.0,0.0,0.0,0.0,0.0,0.0,0.0,0.0,0.0,0.0,0.0,0.0,0.0,0.0,0.0,1.0,0.0,0.0,0.0,0.0,0.0,0.0,0.0,0.0,0.0,0.0,0.0,0.0,1.03,1.01,1.0,1.41,1.0,1.0,3.75,1.0,1.0,1.66,1.0,1.0,1.0,1.0,1.0,1.0,1.0,1.0,1.0,1.07,2.03,1.0,1.0,1.0,1.0,1.03,1.0,1.0,5.97,1.1,1.0,1.0,1.0,1.0,1.0,1.0,1.0,1.0,1.0,1.3,1.23
51-9023.00,"Mixing and Blending Machine Setters, Operators, and Tenders",transportation_machine_operation|physical_manual_labor|accounting|agriculture|animal_service|applied_arts_and_design|athletics|business_initiatives|construction_woodwork|creative_writing|culinary_art|engineering|finance|health_care_service|human_resources|humanities|information_technology|law|life_science|management_administration|marketing_advertising|mathematics_statistics|mechanics_electronics|media|medical_science|music|nature_outdoors|office_work|performing_arts|personal_service|physical_science|politics|professional_advising|protective_service|public_speaking|religious_activities|sales|social_science|social_service|teaching_education|visual_arts,0.0,0.0,0.0,0.0,0.0,0.0,0.0,0.0,0.0,0.0,0.0,0.0,0.0,0.0,0.0,0.0,0.0,0.0,0.0,0.0,0.0,0.0,0.0,0.0,0.0,0.0,0.0,0.0,1.0,0.0,0.0,0.0,0.0,0.0,0.0,0.0,0.0,0.0,0.0,2.0,0.0,1.24,1.3,1.0,1.13,1.0,1.0,1.22,1.0,1.73,2.11,1.0,1.06,1.0,1.0,1.03,1.0,1.23,1.14,1.0,1.39,2.26,1.0,1.25,1.0,1.0,1.1,1.0,1.0,4.37,1.66,1.0,1.0,1.0,1.0,1.0,1.0,1.0,1.0,1.0,2.32,1.11
51-9031.00,"Cutters and Trimmers, Hand",construction_woodwork|physical_manual_labor|accounting|agriculture|animal_service|applied_arts_and_design|athletics|business_initiatives|creative_writing|culinary_art|engineering|finance|health_care_service|human_resources|humanities|information_technology|law|life_science|management_administration|marketing_advertising|mathematics_statistics|mechanics_electronics|media|medical_science|music|nature_outdoors|office_work|performing_arts|personal_service|physical_science|politics|professional_advising|protective_service|public_speaking|religious_activities|sales|social_science|social_service|teaching_education|transportation_machine_operation|visual_arts,0.0,0.0,0.0,0.0,0.0,0.0,2.0,0.0,0.0,0.0,0.0,0.0,0.0,0.0,0.0,0.0,0.0,0.0,0.0,0.0,0.0,0.0,0.0,0.0,0.0,0.0,0.0,0.0,1.0,0.0,0.0,0.0,0.0,0.0,0.0,0.0,0.0,0.0,0.0,0.0,0.0,1.1,1.08,1.0,1.52,1.0,1.0,2.19,1.0,1.35,1.44,1.0,1.0,1.0,1.0,1.0,1.0,1.0,1.0,1.0,1.07,1.62,1.0,1.0,1.0,1.0,1.06,1.02,1.0,5.07,1.02,1.0,1.0,1.0,1.0,1.0,1.0,1.0,1.0,1.05,1.19,1.3
51-9032.00,"Cutting and Slicing Machine Setters, Operators, and Tenders",mechanics_electronics|physical_manual_labor|accounting|agriculture|animal_service|applied_arts_and_design|athletics|business_initiatives|construction_woodwork|creative_writing|culinary_art|engineering|finance|health_care_service|human_resources|humanities|information_technology|law|life_science|management_administration|marketing_advertising|mathematics_statistics|media|medical_science|music|nature_outdoors|office_work|performing_arts|personal_service|physical_science|politics|professional_advising|protective_service|public_speaking|religious_activities|sales|social_science|social_service|teaching_education|transportation_machine_operation|visual_arts,0.0,0.0,0.0,0.0,0.0,0.0,0.0,0.0,0.0,0.0,0.0,0.0,0.0,0.0,0.0,0.0,0.0,0.0,0.0,0.0,2.0,0.0,0.0,0.0,0.0,0.0,0.0,0.0,1.0,0.0,0.0,0.0,0.0,0.0,0.0,0.0,0.0,0.0,0.0,0.0,0.0,1.2,1.18,1.0,1.05,1.0,1.0,2.22,1.0,1.65,1.98,1.0,1.0,1.0,1.0,1.03,1.0,1.0,1.17,1.0,1.5,2.62,1.0,1.0,1.0,1.0,1.08,1.0,1.0,4.5,1.1,1.0,1.0,1.0,1.0,1.0,1.0,1.0,1.0,1.05,2.0,1.02
51-9041.00,"Extruding, Forming, Pressing, and Compacting Machine Setters, Operators, and Tenders",mechanics_electronics|physical_manual_labor|accounting|agriculture|animal_service|applied_arts_and_design|athletics|business_initiatives|construction_woodwork|creative_writing|culinary_art|engineering|finance|health_care_service|human_resources|humanities|information_technology|law|life_science|management_administration|marketing_advertising|mathematics_statistics|media|medical_science|music|nature_outdoors|office_work|performing_arts|personal_service|physical_science|politics|professional_advising|protective_service|public_speaking|religious_activities|sales|social_science|social_service|teaching_education|transportation_machine_operation|visual_arts,0.0,0.0,0.0,0.0,0.0,0.0,0.0,0.0,0.0,0.0,0.0,0.0,0.0,0.0,0.0,0.0,0.0,0.0,0.0,0.0,2.0,0.0,0.0,0.0,0.0,0.0,0.0,0.0,1.0,0.0,0.0,0.0,0.0,0.0,0.0,0.0,0.0,0.0,0.0,0.0,0.0,1.24,1.09,1.0,1.24,1.0,1.0,1.63,1.0,1.19,2.81,1.0,1.0,1.0,1.0,1.44,1.0,1.05,1.26,1.0,1.34,3.62,1.0,1.0,1.0,1.0,1.09,1.0,1.0,4.12,1.26,1.0,1.0,1.0,1.0,1.0,1.0,1.0,1.0,1.03,2.18,1.02
51-9051.00,"Furnace, Kiln, Oven, Drier, and Kettle Operators and Tenders",mechanics_electronics|physical_manual_labor|accounting|agriculture|animal_service|applied_arts_and_design|athletics|business_initiatives|construction_woodwork|creative_writing|culinary_art|engineering|finance|health_care_service|human_resources|humanities|information_technology|law|life_science|management_administration|marketing_advertising|mathematics_statistics|media|medical_science|music|nature_outdoors|office_work|performing_arts|personal_service|physical_science|politics|professional_advising|protective_service|public_speaking|religious_activities|sales|social_science|social_service|teaching_education|transportation_machine_operation|visual_arts,0.0,0.0,0.0,0.0,0.0,0.0,0.0,0.0,0.0,0.0,0.0,0.0,0.0,0.0,0.0,0.0,0.0,0.0,0.0,0.0,2.0,0.0,0.0,0.0,0.0,0.0,0.0,0.0,1.0,0.0,0.0,0.0,0.0,0.0,0.0,0.0,0.0,0.0,0.0,0.0,0.0,1.24,1.11,1.0,1.0,1.0,1.01,2.02,1.0,1.12,2.88,1.0,1.0,1.04,1.0,1.08,1.0,1.03,1.35,1.0,1.23,3.14,1.0,1.0,1.0,1.0,1.1,1.0,1.0,3.64,1.53,1.0,1.0,1.12,1.0,1.0,1.0,1.0,1.0,1.03,2.07,1.0
51-9061.00,"Inspectors, Testers, Sorters, Samplers, and Weighers",mechanics_electronics|engineering|accounting|agriculture|animal_service|applied_arts_and_design|athletics|business_initiatives|construction_woodwork|creative_writing|culinary_art|finance|health_care_service|human_resources|humanities|information_technology|law|life_science|management_administration|marketing_advertising|mathematics_statistics|media|medical_science|music|nature_outdoors|office_work|performing_arts|personal_service|physical_science|physical_manual_labor|politics|professional_advising|protective_service|public_speaking|religious_activities|sales|social_science|social_service|teaching_education|transportation_machine_operation|visual_arts,0.0,0.0,0.0,0.0,0.0,0.0,0.0,0.0,0.0,1.0,0.0,0.0,0.0,0.0,0.0,0.0,0.0,0.0,0.0,0.0,2.0,0.0,0.0,0.0,0.0,0.0,0.0,0.0,0.0,0.0,0.0,0.0,0.0,0.0,0.0,0.0,0.0,0.0,0.0,0.0,0.0,1.62,1.09,1.0,1.0,1.0,1.03,2.16,1.02,1.19,3.93,1.07,1.16,1.28,1.0,1.56,1.04,1.4,1.35,1.0,2.54,3.8,1.05,1.42,1.0,1.02,1.48,1.0,1.18,2.38,1.92,1.0,1.04,1.23,1.16,1.0,1.08,1.0,1.0,1.16,1.73,1.0
51-9071.00,Jewelers and Precious Stone and Metal Workers,physical_manual_labor|visual_arts|applied_arts_and_design|accounting|agriculture|animal_service|athletics|business_initiatives|construction_woodwork|creative_writing|culinary_art|engineering|finance|health_care_service|human_resources|humanities|information_technology|law|life_science|management_administration|marketing_advertising|mathematics_statistics|mechanics_electronics|media|medical_science|music|nature_outdoors|office_work|performing_arts|personal_service|physical_science|politics|professional_advising|protective_service|public_speaking|religious_activities|sales|social_science|social_service|teaching_education|transportation_machine_operation,0.0,0.0,0.0,1.0,0.0,0.0,0.0,0.0,0.0,0.0,0.0,0.0,0.0,0.0,0.0,0.0,0.0,0.0,0.0,0.0,0.0,0.0,0.0,0.0,0.0,0.0,0.0,0.0,3.0,0.0,0.0,0.0,0.0,0.0,0.0,0.0,0.0,0.0,0.0,0.0,2.0,2.0,1.0,1.0,4.86,1.0,1.21,2.33,1.35,1.35,2.43,1.56,1.0,1.18,1.31,1.24,1.04,1.0,1.5,1.57,1.5,2.39,1.1,1.0,1.0,1.0,1.24,1.19,1.65,3.61,1.49,1.0,1.06,1.12,1.16,1.0,1.73,1.0,1.03,1.22,1.06,3.86
51-9071.06,Gem and Diamond Workers,engineering|physical_science|accounting|agriculture|animal_service|applied_arts_and_design|athletics|business_initiatives|construction_woodwork|creative_writing|culinary_art|finance|health_care_service|human_resources|humanities|information_technology|law|life_science|management_administration|marketing_advertising|mathematics_statistics|mechanics_electronics|media|medical_science|music|nature_outdoors|office_work|performing_arts|personal_service|physical_manual_labor|politics|professional_advising|protective_service|public_speaking|religious_activities|sales|social_science|social_service|teaching_education|transportation_machine_operation|visual_arts,0.0,0.0,0.0,0.0,0.0,0.0,0.0,0.0,0.0,2.0,0.0,0.0,0.0,0.0,0.0,0.0,0.0,0.0,0.0,0.0,0.0,0.0,0.0,0.0,0.0,0.0,0.0,0.0,0.0,1.0,0.0,0.0,0.0,0.0,0.0,0.0,0.0,0.0,0.0,0.0,0.0,1.82,1.0,1.0,1.82,1.0,1.2,1.41,1.09,1.0,2.04,1.7,1.0,1.18,1.25,1.16,1.11,1.08,1.35,1.26,1.97,1.77,1.05,1.05,1.0,1.0,1.76,1.09,1.75,1.96,2.25,1.0,1.21,1.12,1.33,1.0,1.65,1.16,1.05,1.25,1.0,1.53
51-9081.00,Dental Laboratory Technicians,health_care_service|engineering|accounting|agriculture|animal_service|applied_arts_and_design|athletics|business_initiatives|construction_woodwork|creative_writing|culinary_art|finance|human_resources|humanities|information_technology|law|life_science|management_administration|marketing_advertising|mathematics_statistics|mechanics_electronics|media|medical_science|music|nature_outdoors|office_work|performing_arts|personal_service|physical_science|physical_manual_labor|politics|professional_advising|protective_service|public_speaking|religious_activities|sales|social_science|social_service|teaching_education|transportation_machine_operation|visual_arts,0.0,0.0,0.0,0.0,0.0,0.0,0.0,0.0,0.0,1.0,0.0,2.0,0.0,0.0,0.0,0.0,0.0,0.0,0.0,0.0,0.0,0.0,0.0,0.0,0.0,0.0,0.0,0.0,0.0,0.0,0.0,0.0,0.0,0.0,0.0,0.0,0.0,0.0,0.0,0.0,0.0,1.37,1.0,1.0,1.44,1.0,1.01,2.02,1.0,1.19,3.93,1.0,3.66,1.32,1.0,1.56,1.0,1.89,1.41,1.0,1.65,2.93,1.0,2.19,1.0,1.0,1.41,1.02,1.37,2.71,1.84,1.0,1.09,1.0,1.16,1.0,1.04,1.16,1.15,1.48,1.06,1.61
51-9082.00,Medical Appliance Technicians,health_care_service|mechanics_electronics|engineering|accounting|agriculture|animal_service|applied_arts_and_design|athletics|business_initiatives|construction_woodwork|creative_writing|culinary_art|finance|human_resources|humanities|information_technology|law|life_science|management_administration|marketing_advertising|mathematics_statistics|media|medical_science|music|nature_outdoors|office_work|performing_arts|personal_service|physical_science|physical_manual_labor|politics|professional_advising|protective_service|public_speaking|religious_activities|sales|social_science|social_service|teaching_education|transportation_machine_operation|visual_arts,0.0,0.0,0.0,0.0,0.0,0.0,0.0,0.0,0.0,1.0,0.0,3.0,0.0,0.0,0.0,0.0,0.0,0.0,0.0,0.0,2.0,0.0,0.0,0.0,0.0,0.0,0.0,0.0,0.0,0.0,0.0,0.0,0.0,0.0,0.0,0.0,0.0,0.0,0.0,0.0,0.0,1.24,1.0,1.0,1.58,1.32,1.0,2.16,1.02,1.0,4.75,1.0,4.26,1.32,1.0,1.33,1.04,1.92,1.2,1.03,2.03,4.53,1.0,2.58,1.0,1.0,1.37,1.0,1.97,3.84,1.61,1.0,1.31,1.0,1.33,1.0,1.18,1.35,1.83,1.84,1.26,1.25
51-9083.00,Ophthalmic Laboratory Technicians,physical_manual_labor|mechanics_electronics|accounting|agriculture|animal_service|applied_arts_and_design|athletics|business_initiatives|construction_woodwork|creative_writing|culinary_art|engineering|finance|health_care_service|human_resources|humanities|information_technology|law|life_science|management_administration|marketing_advertising|mathematics_statistics|media|medical_science|music|nature_outdoors|office_work|performing_arts|personal_service|physical_science|politics|professional_advising|protective_service|public_speaking|religious_activities|sales|social_science|social_service|teaching_education|transportation_machine_operation|visual_arts,0.0,0.0,0.0,0.0,0.0,0.0,0.0,0.0,0.0,0.0,0.0,0.0,0.0,0.0,0.0,0.0,0.0,0.0,0.0,0.0,1.0,0.0,0.0,0.0,0.0,0.0,0.0,0.0,2.0,0.0,0.0,0.0,0.0,0.0,0.0,0.0,0.0,0.0,0.0,0.0,0.0,1.24,1.0,1.0,1.32,1.0,1.01,2.29,1.0,1.0,2.95,1.0,1.73,1.11,1.0,1.24,1.0,1.37,1.29,1.0,1.97,3.99,1.0,1.51,1.0,1.0,1.33,1.0,1.37,3.38,1.66,1.0,1.02,1.0,1.0,1.0,1.06,1.0,1.06,1.16,1.5,1.25
51-9111.00,Packaging and Filling Machine Operators and Tenders,mechanics_electronics|physical_manual_labor|accounting|agriculture|animal_service|applied_arts_and_design|athletics|business_initiatives|construction_woodwork|creative_writing|culinary_art|engineering|finance|health_care_service|human_resources|humanities|information_technology|law|life_science|management_administration|marketing_advertising|mathematics_statistics|media|medical_science|music|nature_outdoors|office_work|performing_arts|personal_service|physical_science|politics|professional_advising|protective_service|public_speaking|religious_activities|sales|social_science|social_service|teaching_education|transportation_machine_operation|visual_arts,0.0,0.0,0.0,0.0,0.0,0.0,0.0,0.0,0.0,0.0,0.0,0.0,0.0,0.0,0.0,0.0,0.0,0.0,0.0,0.0,2.0,0.0,0.0,0.0,0.0,0.0,0.0,0.0,1.0,0.0,0.0,0.0,0.0,0.0,0.0,0.0,0.0,0.0,0.0,0.0,0.0,1.2,1.42,1.0,1.08,1.0,1.0,1.25,1.0,1.23,1.98,1.0,1.0,1.11,1.0,1.08,1.0,1.03,1.2,1.0,1.36,2.93,1.0,1.0,1.0,1.0,1.13,1.0,1.06,3.92,1.09,1.0,1.0,1.04,1.0,1.0,1.06,1.0,1.0,1.11,2.14,1.0
51-9123.00,"Painting, Coating, and Decorating Workers",construction_woodwork|applied_arts_and_design|physical_manual_labor|accounting|agriculture|animal_service|athletics|business_initiatives|creative_writing|culinary_art|engineering|finance|health_care_service|human_resources|humanities|information_technology|law|life_science|management_administration|marketing_advertising|mathematics_statistics|mechanics_electronics|media|medical_science|music|nature_outdoors|office_work|performing_arts|personal_service|physical_science|politics|professional_advising|protective_service|public_speaking|religious_activities|sales|social_science|social_service|teaching_education|transportation_machine_operation|visual_arts,0.0,0.0,0.0,2.0,0.0,0.0,3.0,0.0,0.0,0.0,0.0,0.0,0.0,0.0,0.0,0.0,0.0,0.0,0.0,0.0,0.0,0.0,0.0,0.0,0.0,0.0,0.0,0.0,1.0,0.0,0.0,0.0,0.0,0.0,0.0,0.0,0.0,0.0,0.0,0.0,0.0,1.03,1.01,1.0,3.53,1.0,1.0,3.49,1.14,1.31,1.41,1.0,1.0,1.0,1.19,1.0,1.0,1.0,1.0,1.23,1.02,1.35,1.14,1.0,1.04,1.0,1.1,1.35,1.18,4.0,1.1,1.0,1.0,1.0,1.0,1.0,1.08,1.0,1.02,1.16,1.16,3.26
51-9124.00,"Coating, Painting, and Spraying Machine Setters, Operators, and Tenders",construction_woodwork|physical_manual_labor|accounting|agriculture|animal_service|applied_arts_and_design|athletics|business_initiatives|creative_writing|culinary_art|engineering|finance|health_care_service|human_resources|humanities|information_technology|law|life_science|management_administration|marketing_advertising|mathematics_statistics|mechanics_electronics|media|medical_science|music|nature_outdoors|office_work|performing_arts|personal_service|physical_science|politics|professional_advising|protective_service|public_speaking|religious_activities|sales|social_science|social_service|teaching_education|transportation_machine_operation|visual_arts,0.0,0.0,0.0,0.0,0.0,0.0,2.0,0.0,0.0,0.0,0.0,0.0,0.0,0.0,0.0,0.0,0.0,0.0,0.0,0.0,0.0,0.0,0.0,0.0,0.0,0.0,0.0,0.0,1.0,0.0,0.0,0.0,0.0,0.0,0.0,0.0,0.0,0.0,0.0,0.0,0.0,1.13,1.0,1.0,1.94,1.0,1.0,2.84,1.0,1.12,1.79,1.0,1.0,1.0,1.0,1.05,1.0,1.0,1.17,1.0,1.15,2.76,1.0,1.0,1.0,1.0,1.06,1.04,1.03,4.94,1.31,1.0,1.0,1.0,1.0,1.0,1.02,1.0,1.0,1.05,2.07,1.75
51-9141.00,Semiconductor Processing Technicians,physical_science|engineering|mechanics_electronics|accounting|agriculture|animal_service|applied_arts_and_design|athletics|business_initiatives|construction_woodwork|creative_writing|culinary_art|finance|health_care_service|human_resources|humanities|information_technology|law|life_science|management_administration|marketing_advertising|mathematics_statistics|media|medical_science|music|nature_outdoors|office_work|performing_arts|personal_service|physical_manual_labor|politics|professional_advising|protective_service|public_speaking|religious_activities|sales|social_science|social_service|teaching_education|transportation_machine_operation|visual_arts,0.0,0.0,0.0,0.0,0.0,0.0,0.0,0.0,0.0,2.0,0.0,0.0,0.0,0.0,0.0,0.0,0.0,0.0,0.0,0.0,1.0,0.0,0.0,0.0,0.0,0.0,0.0,0.0,0.0,3.0,0.0,0.0,0.0,0.0,0.0,0.0,0.0,0.0,0.0,0.0,0.0,1.27,1.0,1.0,1.0,1.0,1.01,1.06,1.0,1.0,4.71,1.0,1.0,1.25,1.03,2.08,1.0,1.18,1.26,1.0,1.7,5.26,1.0,1.0,1.0,1.0,1.21,1.0,1.0,2.95,3.49,1.0,1.03,1.12,1.05,1.0,1.0,1.0,1.0,1.16,1.43,1.0
51-9151.00,Photographic Process Workers and Processing Machine Operators,visual_arts|mechanics_electronics|accounting|agriculture|animal_service|applied_arts_and_design|athletics|business_initiatives|construction_woodwork|creative_writing|culinary_art|engineering|finance|health_care_service|human_resources|humanities|information_technology|law|life_science|management_administration|marketing_advertising|mathematics_statistics|media|medical_science|music|nature_outdoors|office_work|performing_arts|personal_service|physical_science|physical_manual_labor|politics|professional_advising|protective_service|public_speaking|religious_activities|sales|social_science|social_service|teaching_education|transportation_machine_operation,0.0,0.0,0.0,0.0,0.0,0.0,0.0,0.0,0.0,0.0,0.0,0.0,0.0,0.0,0.0,0.0,0.0,0.0,0.0,0.0,1.0,0.0,0.0,0.0,0.0,0.0,0.0,0.0,0.0,0.0,0.0,0.0,0.0,0.0,0.0,0.0,0.0,0.0,0.0,0.0,2.0,1.34,1.0,1.0,2.65,1.0,1.03,1.03,1.18,1.12,1.75,1.0,1.0,1.04,1.19,2.63,1.0,1.0,1.17,1.46,1.31,3.07,2.22,1.0,1.0,1.04,1.81,1.37,1.46,2.58,1.53,1.0,1.03,1.0,1.0,1.0,1.16,1.0,1.05,1.05,1.6,2.83
51-9161.00,Computer Numerically Controlled Tool Operators,physical_manual_labor|engineering|mechanics_electronics|accounting|agriculture|animal_service|applied_arts_and_design|athletics|business_initiatives|construction_woodwork|creative_writing|culinary_art|finance|health_care_service|human_resources|humanities|information_technology|law|life_science|management_administration|marketing_advertising|mathematics_statistics|media|medical_science|music|nature_outdoors|office_work|performing_arts|personal_service|physical_science|politics|professional_advising|protective_service|public_speaking|religious_activities|sales|social_science|social_service|teaching_education|transportation_machine_operation|visual_arts,0.0,0.0,0.0,0.0,0.0,0.0,0.0,0.0,0.0,2.0,0.0,0.0,0.0,0.0,0.0,0.0,0.0,0.0,0.0,0.0,1.0,0.0,0.0,0.0,0.0,0.0,0.0,0.0,3.0,0.0,0.0,0.0,0.0,0.0,0.0,0.0,0.0,0.0,0.0,0.0,0.0,1.27,1.01,1.0,1.18,1.0,1.03,2.71,1.04,1.0,4.28,1.0,1.0,1.14,1.0,2.33,1.0,1.0,1.38,1.0,2.41,5.22,1.0,1.0,1.0,1.0,1.14,1.0,1.0,3.27,1.33,1.0,1.02,1.0,1.08,1.0,1.0,1.0,1.0,1.16,2.28,1.13
51-9162.00,Computer Numerically Controlled Tool Programmers,information_technology|engineering|mechanics_electronics|accounting|agriculture|animal_service|applied_arts_and_design|athletics|business_initiatives|construction_woodwork|creative_writing|culinary_art|finance|health_care_service|human_resources|humanities|law|life_science|management_administration|marketing_advertising|mathematics_statistics|media|medical_science|music|nature_outdoors|office_work|performing_arts|personal_service|physical_science|physical_manual_labor|politics|professional_advising|protective_service|public_speaking|religious_activities|sales|social_science|social_service|teaching_education|transportation_machine_operation|visual_arts,0.0,0.0,0.0,0.0,0.0,0.0,0.0,0.0,0.0,2.0,0.0,0.0,0.0,0.0,3.0,0.0,0.0,0.0,0.0,0.0,1.0,0.0,0.0,0.0,0.0,0.0,0.0,0.0,0.0,0.0,0.0,0.0,0.0,0.0,0.0,0.0,0.0,0.0,0.0,0.0,0.0,1.48,1.01,1.0,1.32,1.0,1.14,1.99,1.02,1.0,4.67,1.02,1.0,1.18,1.0,4.0,1.0,1.0,1.41,1.0,3.6,4.89,1.02,1.0,1.0,1.0,1.68,1.0,1.0,1.68,1.53,1.0,1.06,1.0,1.14,1.0,1.0,1.0,1.0,1.25,1.73,1.2
51-9191.00,Adhesive Bonding Machine Operators and Tenders,construction_woodwork|physical_manual_labor|accounting|agriculture|animal_service|applied_arts_and_design|athletics|business_initiatives|creative_writing|culinary_art|engineering|finance|health_care_service|human_resources|humanities|information_technology|law|life_science|management_administration|marketing_advertising|mathematics_statistics|mechanics_electronics|media|medical_science|music|nature_outdoors|office_work|performing_arts|personal_service|physical_science|politics|professional_advising|protective_service|public_speaking|religious_activities|sales|social_science|social_service|teaching_education|transportation_machine_operation|visual_arts,0.0,0.0,0.0,0.0,0.0,0.0,2.0,0.0,0.0,0.0,0.0,0.0,0.0,0.0,0.0,0.0,0.0,0.0,0.0,0.0,0.0,0.0,0.0,0.0,0.0,0.0,0.0,0.0,1.0,0.0,0.0,0.0,0.0,0.0,0.0,0.0,0.0,0.0,0.0,0.0,0.0,1.2,1.03,1.0,1.03,1.0,1.0,3.38,1.0,1.0,2.2,1.0,1.0,1.0,1.0,1.08,1.0,1.0,1.03,1.0,1.23,2.62,1.0,1.0,1.0,1.0,1.06,1.0,1.0,3.61,1.24,1.0,1.0,1.0,1.0,1.0,1.0,1.0,1.0,1.0,2.21,1.0
51-9192.00,"Cleaning, Washing, and Metal Pickling Equipment Operators and Tenders",mechanics_electronics|physical_manual_labor|accounting|agriculture|animal_service|applied_arts_and_design|athletics|business_initiatives|construction_woodwork|creative_writing|culinary_art|engineering|finance|health_care_service|human_resources|humanities|information_technology|law|life_science|management_administration|marketing_advertising|mathematics_statistics|media|medical_science|music|nature_outdoors|office_work|performing_arts|personal_service|physical_science|politics|professional_advising|protective_service|public_speaking|religious_activities|sales|social_science|social_service|teaching_education|transportation_machine_operation|visual_arts,0.0,0.0,0.0,0.0,0.0,0.0,0.0,0.0,0.0,0.0,0.0,0.0,0.0,0.0,0.0,0.0,0.0,0.0,0.0,0.0,2.0,0.0,0.0,0.0,0.0,0.0,0.0,0.0,1.0,0.0,0.0,0.0,0.0,0.0,0.0,0.0,0.0,0.0,0.0,0.0,0.0,1.2,1.13,1.0,1.0,1.0,1.0,1.09,1.0,1.23,1.63,1.0,1.1,1.0,1.0,1.03,1.0,1.08,1.11,1.0,1.07,2.03,1.0,1.08,1.0,1.0,1.06,1.0,1.03,4.0,1.24,1.0,1.0,1.0,1.0,1.0,1.0,1.0,1.0,1.0,1.73,1.0
51-9193.00,Cooling and Freezing Equipment Operators and Tenders,engineering|mechanics_electronics|accounting|agriculture|animal_service|applied_arts_and_design|athletics|business_initiatives|construction_woodwork|creative_writing|culinary_art|finance|health_care_service|human_resources|humanities|information_technology|law|life_science|management_administration|marketing_advertising|mathematics_statistics|media|medical_science|music|nature_outdoors|office_work|performing_arts|personal_service|physical_science|physical_manual_labor|politics|professional_advising|protective_service|public_speaking|religious_activities|sales|social_science|social_service|teaching_education|transportation_machine_operation|visual_arts,0.0,0.0,0.0,0.0,0.0,0.0,0.0,0.0,0.0,2.0,0.0,0.0,0.0,0.0,0.0,0.0,0.0,0.0,0.0,0.0,1.0,0.0,0.0,0.0,0.0,0.0,0.0,0.0,0.0,0.0,0.0,0.0,0.0,0.0,0.0,0.0,0.0,0.0,0.0,0.0,0.0,1.24,1.36,1.0,1.0,1.0,1.01,1.31,1.0,1.5,3.13,1.0,1.13,1.04,1.0,1.24,1.0,1.21,1.17,1.0,1.7,4.61,1.0,1.16,1.0,1.0,1.22,1.0,1.0,2.81,1.51,1.0,1.0,1.12,1.0,1.0,1.0,1.0,1.0,1.16,1.73,1.0
51-9194.00,Etchers and Engravers,physical_manual_labor|visual_arts|applied_arts_and_design|accounting|agriculture|animal_service|athletics|business_initiatives|construction_woodwork|creative_writing|culinary_art|engineering|finance|health_care_service|human_resources|humanities|information_technology|law|life_science|management_administration|marketing_advertising|mathematics_statistics|mechanics_electronics|media|medical_science|music|nature_outdoors|office_work|performing_arts|personal_service|physical_science|politics|professional_advising|protective_service|public_speaking|religious_activities|sales|social_science|social_service|teaching_education|transportation_machine_operation,0.0,0.0,0.0,1.0,0.0,0.0,0.0,0.0,0.0,0.0,0.0,0.0,0.0,0.0,0.0,0.0,0.0,0.0,0.0,0.0,0.0,0.0,0.0,0.0,0.0,0.0,0.0,0.0,3.0,0.0,0.0,0.0,0.0,0.0,0.0,0.0,0.0,0.0,0.0,0.0,2.0,1.1,1.01,1.0,3.35,1.0,1.0,2.26,1.26,1.0,2.57,1.0,1.0,1.04,1.19,1.24,1.0,1.0,1.0,1.23,1.18,2.32,1.3,1.0,1.02,1.0,1.13,1.15,1.18,3.2,1.3,1.0,1.0,1.0,1.0,1.0,1.12,1.0,1.02,1.08,1.33,3.22
51-9195.00,"Molders, Shapers, and Casters, Except Metal and Plastic",construction_woodwork|physical_manual_labor|accounting|agriculture|animal_service|applied_arts_and_design|athletics|business_initiatives|creative_writing|culinary_art|engineering|finance|health_care_service|human_resources|humanities|information_technology|law|life_science|management_administration|marketing_advertising|mathematics_statistics|mechanics_electronics|media|medical_science|music|nature_outdoors|office_work|performing_arts|personal_service|physical_science|politics|professional_advising|protective_service|public_speaking|religious_activities|sales|social_science|social_service|teaching_education|transportation_machine_operation|visual_arts,0.0,0.0,0.0,0.0,0.0,0.0,2.0,0.0,0.0,0.0,0.0,0.0,0.0,0.0,0.0,0.0,0.0,0.0,0.0,0.0,0.0,0.0,0.0,0.0,0.0,0.0,0.0,0.0,1.0,0.0,0.0,0.0,0.0,0.0,0.0,0.0,0.0,0.0,0.0,0.0,0.0,1.1,1.08,1.0,1.79,1.0,1.0,2.33,1.0,1.31,2.11,1.0,1.0,1.0,1.0,1.0,1.0,1.0,1.06,1.0,1.2,2.06,1.0,1.0,1.0,1.0,1.08,1.02,1.0,5.25,1.22,1.0,1.0,1.0,1.0,1.0,1.0,1.0,1.0,1.0,1.7,1.69
51-9195.03,"Stone Cutters and Carvers, Manufacturing",applied_arts_and_design|visual_arts|physical_manual_labor|accounting|agriculture|animal_service|athletics|business_initiatives|construction_woodwork|creative_writing|culinary_art|engineering|finance|health_care_service|human_resources|humanities|information_technology|law|life_science|management_administration|marketing_advertising|mathematics_statistics|mechanics_electronics|media|medical_science|music|nature_outdoors|office_work|performing_arts|personal_service|physical_science|politics|professional_advising|protective_service|public_speaking|religious_activities|sales|social_science|social_service|teaching_education|transportation_machine_operation,0.0,0.0,0.0,3.0,0.0,0.0,0.0,0.0,0.0,0.0,0.0,0.0,0.0,0.0,0.0,0.0,0.0,0.0,0.0,0.0,0.0,0.0,0.0,0.0,0.0,0.0,0.0,0.0,1.0,0.0,0.0,0.0,0.0,0.0,0.0,0.0,0.0,0.0,0.0,0.0,2.0,1.17,1.0,1.0,3.72,1.03,1.0,2.95,1.16,1.04,1.94,1.0,1.0,1.04,1.19,1.0,1.0,1.0,1.2,1.0,1.53,1.68,1.05,1.0,1.0,1.11,1.06,1.15,1.03,5.97,1.16,1.0,1.0,1.0,1.0,1.0,1.0,1.0,1.0,1.16,1.4,3.78
51-9195.04,"Glass Blowers, Molders, Benders, and Finishers",engineering|physical_manual_labor|accounting|agriculture|animal_service|applied_arts_and_design|athletics|business_initiatives|construction_woodwork|creative_writing|culinary_art|finance|health_care_service|human_resources|humanities|information_technology|law|life_science|management_administration|marketing_advertising|mathematics_statistics|mechanics_electronics|media|medical_science|music|nature_outdoors|office_work|performing_arts|personal_service|physical_science|politics|professional_advising|protective_service|public_speaking|religious_activities|sales|social_science|social_service|teaching_education|transportation_machine_operation|visual_arts,0.0,0.0,0.0,0.0,0.0,0.0,0.0,0.0,0.0,2.0,0.0,0.0,0.0,0.0,0.0,0.0,0.0,0.0,0.0,0.0,0.0,0.0,0.0,0.0,0.0,0.0,0.0,0.0,1.0,0.0,0.0,0.0,0.0,0.0,0.0,0.0,0.0,0.0,0.0,0.0,0.0,1.51,1.0,1.0,2.32,1.0,1.0,1.7,1.04,1.19,2.54,1.0,1.0,1.04,1.03,1.11,1.0,1.0,1.11,1.03,1.56,2.03,1.02,1.0,1.0,1.0,1.13,1.11,1.18,5.39,1.66,1.0,1.02,1.0,1.03,1.0,1.14,1.0,1.0,1.14,1.3,2.18
51-9195.05,"Potters, Manufacturing",applied_arts_and_design|physical_manual_labor|accounting|agriculture|animal_service|athletics|business_initiatives|construction_woodwork|creative_writing|culinary_art|engineering|finance|health_care_service|human_resources|humanities|information_technology|law|life_science|management_administration|marketing_advertising|mathematics_statistics|mechanics_electronics|media|medical_science|music|nature_outdoors|office_work|performing_arts|personal_service|physical_science|politics|professional_advising|protective_service|public_speaking|religious_activities|sales|social_science|social_service|teaching_education|transportation_machine_operation|visual_arts,0.0,0.0,0.0,2.0,0.0,0.0,0.0,0.0,0.0,0.0,0.0,0.0,0.0,0.0,0.0,0.0,0.0,0.0,0.0,0.0,0.0,0.0,0.0,0.0,0.0,0.0,0.0,0.0,1.0,0.0,0.0,0.0,0.0,0.0,0.0,0.0,0.0,0.0,0.0,0.0,0.0,1.1,1.03,1.0,2.96,1.0,1.12,1.41,1.07,1.12,1.6,1.05,1.0,1.14,1.22,1.0,1.0,1.0,1.26,1.46,1.15,1.62,1.0,1.0,1.0,1.0,1.1,1.17,1.12,5.62,1.42,1.0,1.0,1.0,1.19,1.0,1.58,1.0,1.02,1.14,1.7,2.7
51-9196.00,"Paper Goods Machine Setters, Operators, and Tenders",physical_manual_labor|mechanics_electronics|accounting|agriculture|animal_service|applied_arts_and_design|athletics|business_initiatives|construction_woodwork|creative_writing|culinary_art|engineering|finance|health_care_service|human_resources|humanities|information_technology|law|life_science|management_administration|marketing_advertising|mathematics_statistics|media|medical_science|music|nature_outdoors|office_work|performing_arts|personal_service|physical_science|politics|professional_advising|protective_service|public_speaking|religious_activities|sales|social_science|social_service|teaching_education|transportation_machine_operation|visual_arts,0.0,0.0,0.0,0.0,0.0,0.0,0.0,0.0,0.0,0.0,0.0,0.0,0.0,0.0,0.0,0.0,0.0,0.0,0.0,0.0,1.0,0.0,0.0,0.0,0.0,0.0,0.0,0.0,2.0,0.0,0.0,0.0,0.0,0.0,0.0,0.0,0.0,0.0,0.0,0.0,0.0,1.17,1.08,1.0,1.1,1.0,1.0,1.92,1.0,1.0,2.3,1.0,1.0,1.0,1.0,1.19,1.0,1.0,1.23,1.0,1.56,4.73,1.0,1.0,1.0,1.0,1.09,1.0,1.03,3.23,1.1,1.0,1.0,1.0,1.0,1.0,1.06,1.0,1.0,1.03,2.14,1.02
51-9197.00,Tire Builders,transportation_machine_operation|physical_manual_labor|accounting|agriculture|animal_service|applied_arts_and_design|athletics|business_initiatives|construction_woodwork|creative_writing|culinary_art|engineering|finance|health_care_service|human_resources|humanities|information_technology|law|life_science|management_administration|marketing_advertising|mathematics_statistics|mechanics_electronics|media|medical_science|music|nature_outdoors|office_work|performing_arts|personal_service|physical_science|politics|professional_advising|protective_service|public_speaking|religious_activities|sales|social_science|social_service|teaching_education|visual_arts,0.0,0.0,0.0,0.0,0.0,0.0,0.0,0.0,0.0,0.0,0.0,0.0,0.0,0.0,0.0,0.0,0.0,0.0,0.0,0.0,0.0,0.0,0.0,0.0,0.0,0.0,0.0,0.0,1.0,0.0,0.0,0.0,0.0,0.0,0.0,0.0,0.0,0.0,0.0,2.0,0.0,1.07,1.0,1.0,1.0,1.0,1.0,1.34,1.0,1.0,2.43,1.0,1.0,1.0,1.0,1.03,1.0,1.0,1.11,1.0,1.07,2.39,1.0,1.0,1.0,1.0,1.05,1.0,1.0,5.39,1.05,1.0,1.0,1.0,1.0,1.0,1.0,1.0,1.0,1.0,2.63,1.0
51-9198.00,Helpers--Production Workers,transportation_machine_operation|physical_manual_labor|accounting|agriculture|animal_service|applied_arts_and_design|athletics|business_initiatives|construction_woodwork|creative_writing|culinary_art|engineering|finance|health_care_service|human_resources|humanities|information_technology|law|life_science|management_administration|marketing_advertising|mathematics_statistics|mechanics_electronics|media|medical_science|music|nature_outdoors|office_work|performing_arts|personal_service|physical_science|politics|professional_advising|protective_service|public_speaking|religious_activities|sales|social_science|social_service|teaching_education|visual_arts,0.0,0.0,0.0,0.0,0.0,0.0,0.0,0.0,0.0,0.0,0.0,0.0,0.0,0.0,0.0,0.0,0.0,0.0,0.0,0.0,0.0,0.0,0.0,0.0,0.0,0.0,0.0,0.0,1.0,0.0,0.0,0.0,0.0,0.0,0.0,0.0,0.0,0.0,0.0,2.0,0.0,1.03,1.11,1.0,1.0,1.0,1.0,2.33,1.0,1.23,1.6,1.0,1.0,1.0,1.0,1.0,1.0,1.0,1.03,1.0,1.0,2.49,1.0,1.0,1.0,1.0,1.09,1.0,1.0,6.32,1.0,1.0,1.0,1.0,1.0,1.0,1.02,1.0,1.0,1.03,3.06,1.0
53-1041.00,Aircraft Cargo Handling Supervisors,physical_manual_labor|transportation_machine_operation|management_administration|accounting|agriculture|animal_service|applied_arts_and_design|athletics|business_initiatives|construction_woodwork|creative_writing|culinary_art|engineering|finance|health_care_service|human_resources|humanities|information_technology|law|life_science|marketing_advertising|mathematics_statistics|mechanics_electronics|media|medical_science|music|nature_outdoors|office_work|performing_arts|personal_service|physical_science|politics|professional_advising|protective_service|public_speaking|religious_activities|sales|social_science|social_service|teaching_education|visual_arts,0.0,0.0,0.0,0.0,0.0,0.0,0.0,0.0,0.0,0.0,0.0,0.0,0.0,0.0,0.0,0.0,0.0,1.0,0.0,0.0,0.0,0.0,0.0,0.0,0.0,0.0,0.0,0.0,3.0,0.0,0.0,0.0,0.0,0.0,0.0,0.0,0.0,0.0,0.0,2.0,0.0,1.51,1.0,1.02,1.0,1.14,1.29,1.15,1.0,1.0,2.33,1.31,1.0,2.43,1.0,1.65,1.11,1.0,5.1,1.1,2.47,2.16,1.02,1.0,1.0,1.06,1.98,1.0,1.52,3.09,1.26,1.03,1.29,1.63,1.96,1.0,1.24,1.13,1.1,1.81,4.2,1.0
53-1042.00,"First-Line Supervisors of Helpers, Laborers, and Material Movers, Hand",physical_manual_labor|human_resources|management_administration|accounting|agriculture|animal_service|applied_arts_and_design|athletics|business_initiatives|construction_woodwork|creative_writing|culinary_art|engineering|finance|health_care_service|humanities|information_technology|law|life_science|marketing_advertising|mathematics_statistics|mechanics_electronics|media|medical_science|music|nature_outdoors|office_work|performing_arts|personal_service|physical_science|politics|professional_advising|protective_service|public_speaking|religious_activities|sales|social_science|social_service|teaching_education|transportation_machine_operation|visual_arts,0.0,0.0,0.0,0.0,0.0,0.0,0.0,0.0,0.0,0.0,0.0,0.0,2.0,0.0,0.0,0.0,0.0,1.0,0.0,0.0,0.0,0.0,0.0,0.0,0.0,0.0,0.0,0.0,3.0,0.0,0.0,0.0,0.0,0.0,0.0,0.0,0.0,0.0,0.0,0.0,0.0,2.1,1.26,1.0,1.0,1.03,1.83,1.6,1.09,1.0,1.54,1.39,1.0,3.93,1.0,1.47,1.18,1.0,5.8,1.03,1.53,1.93,1.07,1.0,1.0,1.09,2.15,1.0,1.59,3.68,1.02,1.06,2.03,1.47,2.16,1.0,1.38,1.18,1.35,2.35,2.84,1.0
53-1043.00,First-Line Supervisors of Material-Moving Machine and Vehicle Operators,human_resources|transportation_machine_operation|management_administration|accounting|agriculture|animal_service|applied_arts_and_design|athletics|business_initiatives|construction_woodwork|creative_writing|culinary_art|engineering|finance|health_care_service|humanities|information_technology|law|life_science|marketing_advertising|mathematics_statistics|mechanics_electronics|media|medical_science|music|nature_outdoors|office_work|performing_arts|personal_service|physical_science|physical_manual_labor|politics|professional_advising|protective_service|public_speaking|religious_activities|sales|social_science|social_service|teaching_education|visual_arts,0.0,0.0,0.0,0.0,0.0,0.0,0.0,0.0,0.0,0.0,0.0,0.0,3.0,0.0,0.0,0.0,0.0,1.0,0.0,0.0,0.0,0.0,0.0,0.0,0.0,0.0,0.0,0.0,0.0,0.0,0.0,0.0,0.0,0.0,0.0,0.0,0.0,0.0,0.0,2.0,0.0,2.1,1.13,1.0,1.0,1.11,2.17,1.53,1.11,1.0,2.01,1.59,1.06,3.38,1.0,1.59,1.95,1.0,5.63,1.15,1.59,2.66,1.05,1.0,1.0,1.13,2.12,1.0,1.59,2.71,1.1,1.17,1.58,2.1,1.9,1.0,1.58,1.26,1.25,1.84,5.31,1.0
53-1044.00,First-Line Supervisors of Passenger Attendants,human_resources|personal_service|management_administration|accounting|agriculture|animal_service|applied_arts_and_design|athletics|business_initiatives|construction_woodwork|creative_writing|culinary_art|engineering|finance|health_care_service|humanities|information_technology|law|life_science|marketing_advertising|mathematics_statistics|mechanics_electronics|media|medical_science|music|nature_outdoors|office_work|performing_arts|physical_science|physical_manual_labor|politics|professional_advising|protective_service|public_speaking|religious_activities|sales|social_science|social_service|teaching_education|transportation_machine_operation|visual_arts,0.0,0.0,0.0,0.0,0.0,0.0,0.0,0.0,0.0,0.0,0.0,0.0,3.0,0.0,0.0,0.0,0.0,1.0,0.0,0.0,0.0,0.0,0.0,0.0,0.0,0.0,0.0,2.0,0.0,0.0,0.0,0.0,0.0,0.0,0.0,0.0,0.0,0.0,0.0,0.0,0.0,2.46,1.0,1.0,1.0,1.09,2.23,1.0,1.14,1.23,1.12,1.5,1.19,3.9,1.0,1.22,1.22,1.0,5.85,1.43,1.31,1.26,1.07,1.0,1.0,1.0,2.37,1.02,4.91,1.28,1.0,1.06,2.15,1.51,2.55,1.0,1.98,1.24,1.78,2.31,1.97,1.0
53-2011.00,"Airline Pilots, Copilots, and Flight Engineers",engineering|mechanics_electronics|transportation_machine_operation|accounting|agriculture|animal_service|applied_arts_and_design|athletics|business_initiatives|construction_woodwork|creative_writing|culinary_art|finance|health_care_service|human_resources|humanities|information_technology|law|life_science|management_administration|marketing_advertising|mathematics_statistics|media|medical_science|music|nature_outdoors|office_work|performing_arts|personal_service|physical_science|physical_manual_labor|politics|professional_advising|protective_service|public_speaking|religious_activities|sales|social_science|social_service|teaching_education|visual_arts,0.0,0.0,0.0,0.0,0.0,0.0,0.0,0.0,0.0,3.0,0.0,0.0,0.0,0.0,0.0,0.0,0.0,0.0,0.0,0.0,2.0,0.0,0.0,0.0,0.0,0.0,0.0,0.0,0.0,0.0,0.0,0.0,0.0,0.0,0.0,0.0,0.0,0.0,0.0,1.0,0.0,1.55,1.0,1.0,1.05,1.14,1.53,1.0,1.14,1.0,3.82,1.36,1.19,1.53,1.12,2.47,1.58,1.1,2.73,1.15,2.61,3.88,1.22,1.08,1.0,1.13,1.26,1.06,1.91,1.4,1.84,1.2,1.43,2.17,2.55,1.0,1.2,1.16,1.17,2.06,6.3,1.02
53-2012.00,Commercial Pilots,engineering|mechanics_electronics|transportation_machine_operation|accounting|agriculture|animal_service|applied_arts_and_design|athletics|business_initiatives|construction_woodwork|creative_writing|culinary_art|finance|health_care_service|human_resources|humanities|information_technology|law|life_science|management_administration|marketing_advertising|mathematics_statistics|media|medical_science|music|nature_outdoors|office_work|performing_arts|personal_service|physical_science|physical_manual_labor|politics|professional_advising|protective_service|public_speaking|religious_activities|sales|social_science|social_service|teaching_education|visual_arts,0.0,0.0,0.0,0.0,0.0,0.0,0.0,0.0,0.0,3.0,0.0,0.0,0.0,0.0,0.0,0.0,0.0,0.0,0.0,0.0,2.0,0.0,0.0,0.0,0.0,0.0,0.0,0.0,0.0,0.0,0.0,0.0,0.0,0.0,0.0,0.0,0.0,0.0,0.0,1.0,0.0,1.38,1.09,1.07,1.08,1.2,1.44,1.03,1.04,1.0,3.53,1.23,1.46,1.32,1.06,1.92,1.62,1.1,2.45,1.13,2.31,4.46,1.14,1.11,1.0,1.65,1.26,1.0,1.71,1.87,1.71,1.2,1.16,1.71,1.54,1.0,1.31,1.16,1.15,1.34,6.51,1.07
53-2021.00,Air Traffic Controllers,management_administration|protective_service|accounting|agriculture|animal_service|applied_arts_and_design|athletics|business_initiatives|construction_woodwork|creative_writing|culinary_art|engineering|finance|health_care_service|human_resources|humanities|information_technology|law|life_science|marketing_advertising|mathematics_statistics|mechanics_electronics|media|medical_science|music|nature_outdoors|office_work|performing_arts|personal_service|physical_science|physical_manual_labor|politics|professional_advising|public_speaking|religious_activities|sales|social_science|social_service|teaching_education|transportation_machine_operation|visual_arts,0.0,0.0,0.0,0.0,0.0,0.0,0.0,0.0,0.0,0.0,0.0,0.0,0.0,0.0,0.0,0.0,0.0,2.0,0.0,0.0,0.0,0.0,0.0,0.0,0.0,0.0,0.0,0.0,0.0,0.0,0.0,0.0,1.0,0.0,0.0,0.0,0.0,0.0,0.0,0.0,0.0,1.48,1.0,1.0,1.0,1.03,1.29,1.0,1.02,1.0,2.34,1.1,1.13,1.42,1.0,2.27,1.25,1.0,2.69,1.0,2.31,2.16,1.22,1.0,1.0,1.04,1.84,1.0,1.52,1.12,1.4,1.26,1.29,3.96,1.75,1.0,1.14,1.24,1.17,1.74,2.14,1.0
53-2022.00,Airfield Operations Specialists,protective_service|management_administration|accounting|agriculture|animal_service|applied_arts_and_design|athletics|business_initiatives|construction_woodwork|creative_writing|culinary_art|engineering|finance|health_care_service|human_resources|humanities|information_technology|law|life_science|marketing_advertising|mathematics_statistics|mechanics_electronics|media|medical_science|music|nature_outdoors|office_work|performing_arts|personal_service|physical_science|physical_manual_labor|politics|professional_advising|public_speaking|religious_activities|sales|social_science|social_service|teaching_education|transportation_machine_operation|visual_arts,0.0,0.0,0.0,0.0,0.0,0.0,0.0,0.0,0.0,0.0,0.0,0.0,0.0,0.0,0.0,0.0,0.0,1.0,0.0,0.0,0.0,0.0,0.0,0.0,0.0,0.0,0.0,0.0,0.0,0.0,0.0,0.0,2.0,0.0,0.0,0.0,0.0,0.0,0.0,0.0,0.0,1.48,1.03,1.33,1.0,1.03,1.81,1.18,1.0,1.0,2.37,1.31,1.29,1.89,1.09,2.37,1.91,1.08,4.18,1.15,1.76,2.35,1.22,1.05,1.0,1.76,2.21,1.0,1.56,2.02,1.46,1.44,1.1,3.28,1.81,1.0,1.2,1.29,1.11,1.72,2.67,1.0
53-2031.00,Flight Attendants,protective_service|public_speaking|personal_service|accounting|agriculture|animal_service|applied_arts_and_design|athletics|business_initiatives|construction_woodwork|creative_writing|culinary_art|engineering|finance|health_care_service|human_resources|humanities|information_technology|law|life_science|management_administration|marketing_advertising|mathematics_statistics|mechanics_electronics|media|medical_science|music|nature_outdoors|office_work|performing_arts|physical_science|physical_manual_labor|politics|professional_advising|religious_activities|sales|social_science|social_service|teaching_education|transportation_machine_operation|visual_arts,0.0,0.0,0.0,0.0,0.0,0.0,0.0,0.0,0.0,0.0,0.0,0.0,0.0,0.0,0.0,0.0,0.0,0.0,0.0,0.0,0.0,0.0,0.0,0.0,0.0,0.0,0.0,1.0,0.0,0.0,0.0,0.0,3.0,2.0,0.0,0.0,0.0,0.0,0.0,0.0,0.0,1.44,1.0,1.02,1.08,1.17,1.14,1.0,1.02,1.81,1.17,1.07,2.65,1.75,1.19,1.33,1.22,1.05,2.03,1.4,1.05,1.44,1.22,1.25,1.04,1.0,1.59,1.13,6.05,2.41,1.03,1.08,1.51,3.1,3.31,1.0,1.92,1.38,2.52,2.25,2.11,1.02
53-3011.00,"Ambulance Drivers and Attendants, Except Emergency Medical Technicians",health_care_service|physical_manual_labor|transportation_machine_operation|accounting|agriculture|animal_service|applied_arts_and_design|athletics|business_initiatives|construction_woodwork|creative_writing|culinary_art|engineering|finance|human_resources|humanities|information_technology|law|life_science|management_administration|marketing_advertising|mathematics_statistics|mechanics_electronics|media|medical_science|music|nature_outdoors|office_work|performing_arts|personal_service|physical_science|politics|professional_advising|protective_service|public_speaking|religious_activities|sales|social_science|social_service|teaching_education|visual_arts,0.0,0.0,0.0,0.0,0.0,0.0,0.0,0.0,0.0,0.0,0.0,3.0,0.0,0.0,0.0,0.0,0.0,0.0,0.0,0.0,0.0,0.0,0.0,0.0,0.0,0.0,0.0,0.0,2.0,0.0,0.0,0.0,0.0,0.0,0.0,0.0,0.0,0.0,0.0,1.0,0.0,1.1,1.0,1.0,1.0,1.17,1.0,1.0,1.02,1.0,1.29,1.0,4.6,1.43,1.0,1.05,1.29,1.32,1.26,1.0,1.05,1.93,1.0,2.03,1.0,1.09,1.14,1.0,2.21,5.29,1.1,1.06,1.13,2.6,1.25,1.0,1.06,1.24,3.33,1.6,6.06,1.0
53-3031.00,Driver/Sales Workers,physical_manual_labor|sales|transportation_machine_operation|accounting|agriculture|animal_service|applied_arts_and_design|athletics|business_initiatives|construction_woodwork|creative_writing|culinary_art|engineering|finance|health_care_service|human_resources|humanities|information_technology|law|life_science|management_administration|marketing_advertising|mathematics_statistics|mechanics_electronics|media|medical_science|music|nature_outdoors|office_work|performing_arts|personal_service|physical_science|politics|professional_advising|protective_service|public_speaking|religious_activities|social_science|social_service|teaching_education|visual_arts,0.0,0.0,0.0,0.0,0.0,0.0,0.0,0.0,0.0,0.0,0.0,0.0,0.0,0.0,0.0,0.0,0.0,0.0,0.0,0.0,0.0,0.0,0.0,0.0,0.0,0.0,0.0,0.0,3.0,0.0,0.0,0.0,0.0,0.0,0.0,2.0,0.0,0.0,0.0,1.0,0.0,1.62,1.14,1.02,1.03,1.11,1.42,1.09,1.0,1.66,1.23,1.25,1.16,1.32,1.0,1.05,1.04,1.0,1.71,1.63,1.07,2.03,1.0,1.0,1.0,1.06,1.41,1.0,2.11,3.61,1.0,1.0,1.1,1.24,1.51,1.0,4.42,1.0,1.21,1.16,6.14,1.0
53-3032.00,Heavy and Tractor-Trailer Truck Drivers,physical_manual_labor|transportation_machine_operation|accounting|agriculture|animal_service|applied_arts_and_design|athletics|business_initiatives|construction_woodwork|creative_writing|culinary_art|engineering|finance|health_care_service|human_resources|humanities|information_technology|law|life_science|management_administration|marketing_advertising|mathematics_statistics|mechanics_electronics|media|medical_science|music|nature_outdoors|office_work|performing_arts|personal_service|physical_science|politics|professional_advising|protective_service|public_speaking|religious_activities|sales|social_science|social_service|teaching_education|visual_arts,0.0,0.0,0.0,0.0,0.0,0.0,0.0,0.0,0.0,0.0,0.0,0.0,0.0,0.0,0.0,0.0,0.0,0.0,0.0,0.0,0.0,0.0,0.0,0.0,0.0,0.0,0.0,0.0,2.0,0.0,0.0,0.0,0.0,0.0,0.0,0.0,0.0,0.0,0.0,1.0,0.0,1.34,1.18,1.05,1.0,1.03,1.03,1.15,1.0,1.0,1.48,1.07,1.0,1.25,1.0,1.19,1.22,1.0,1.17,1.0,1.15,2.79,1.0,1.0,1.0,1.17,1.12,1.0,1.24,4.2,1.02,1.03,1.0,1.44,1.0,1.0,1.18,1.0,1.05,1.0,7.0,1.0
53-3033.00,Light Truck Drivers,physical_manual_labor|transportation_machine_operation|accounting|agriculture|animal_service|applied_arts_and_design|athletics|business_initiatives|construction_woodwork|creative_writing|culinary_art|engineering|finance|health_care_service|human_resources|humanities|information_technology|law|life_science|management_administration|marketing_advertising|mathematics_statistics|mechanics_electronics|media|medical_science|music|nature_outdoors|office_work|performing_arts|personal_service|physical_science|politics|professional_advising|protective_service|public_speaking|religious_activities|sales|social_science|social_service|teaching_education|visual_arts,0.0,0.0,0.0,0.0,0.0,0.0,0.0,0.0,0.0,0.0,0.0,0.0,0.0,0.0,0.0,0.0,0.0,0.0,0.0,0.0,0.0,0.0,0.0,0.0,0.0,0.0,0.0,0.0,2.0,0.0,0.0,0.0,0.0,0.0,0.0,0.0,0.0,0.0,0.0,1.0,0.0,1.44,1.14,1.05,1.0,1.09,1.09,1.03,1.0,1.0,1.29,1.05,1.0,1.21,1.0,1.08,1.04,1.0,1.26,1.0,1.07,2.26,1.0,1.0,1.0,1.17,1.33,1.0,1.49,4.54,1.0,1.0,1.01,1.23,1.16,1.0,1.55,1.0,1.1,1.03,6.51,1.0
53-3051.00,"Bus Drivers, School",physical_manual_labor|transportation_machine_operation|accounting|agriculture|animal_service|applied_arts_and_design|athletics|business_initiatives|construction_woodwork|creative_writing|culinary_art|engineering|finance|health_care_service|human_resources|humanities|information_technology|law|life_science|management_administration|marketing_advertising|mathematics_statistics|mechanics_electronics|media|medical_science|music|nature_outdoors|office_work|performing_arts|personal_service|physical_science|politics|professional_advising|protective_service|public_speaking|religious_activities|sales|social_science|social_service|teaching_education|visual_arts,0.0,0.0,0.0,0.0,0.0,0.0,0.0,0.0,0.0,0.0,0.0,0.0,0.0,0.0,0.0,0.0,0.0,0.0,0.0,0.0,0.0,0.0,0.0,0.0,0.0,0.0,0.0,0.0,2.0,0.0,0.0,0.0,0.0,0.0,0.0,0.0,0.0,0.0,0.0,1.0,0.0,1.2,1.0,1.0,1.0,1.06,1.0,1.03,1.0,1.0,1.41,1.0,1.19,1.57,1.0,1.08,1.36,1.0,1.38,1.0,1.05,2.32,1.0,1.0,1.0,1.13,1.29,1.0,2.17,2.51,1.02,1.0,1.13,2.37,1.25,1.0,1.02,1.13,2.11,1.69,6.55,1.0
53-3052.00,"Bus Drivers, Transit and Intercity",personal_service|transportation_machine_operation|accounting|agriculture|animal_service|applied_arts_and_design|athletics|business_initiatives|construction_woodwork|creative_writing|culinary_art|engineering|finance|health_care_service|human_resources|humanities|information_technology|law|life_science|management_administration|marketing_advertising|mathematics_statistics|mechanics_electronics|media|medical_science|music|nature_outdoors|office_work|performing_arts|physical_science|physical_manual_labor|politics|professional_advising|protective_service|public_speaking|religious_activities|sales|social_science|social_service|teaching_education|visual_arts,0.0,0.0,0.0,0.0,0.0,0.0,0.0,0.0,0.0,0.0,0.0,0.0,0.0,0.0,0.0,0.0,0.0,0.0,0.0,0.0,0.0,0.0,0.0,0.0,0.0,0.0,0.0,2.0,0.0,0.0,0.0,0.0,0.0,0.0,0.0,0.0,0.0,0.0,0.0,1.0,0.0,1.34,1.0,1.0,1.0,1.0,1.03,1.0,1.0,1.0,1.32,1.07,1.16,1.53,1.0,1.03,1.29,1.0,1.35,1.0,1.07,2.09,1.05,1.0,1.0,1.04,1.14,1.0,3.46,2.38,1.0,1.17,1.13,1.4,1.69,1.0,1.24,1.03,1.81,1.28,6.84,1.0
53-3053.00,Shuttle Drivers and Chauffeurs,personal_service|transportation_machine_operation|accounting|agriculture|animal_service|applied_arts_and_design|athletics|business_initiatives|construction_woodwork|creative_writing|culinary_art|engineering|finance|health_care_service|human_resources|humanities|information_technology|law|life_science|management_administration|marketing_advertising|mathematics_statistics|mechanics_electronics|media|medical_science|music|nature_outdoors|office_work|performing_arts|physical_science|physical_manual_labor|politics|professional_advising|protective_service|public_speaking|religious_activities|sales|social_science|social_service|teaching_education|visual_arts,0.0,0.0,0.0,0.0,0.0,0.0,0.0,0.0,0.0,0.0,0.0,0.0,0.0,0.0,0.0,0.0,0.0,0.0,0.0,0.0,0.0,0.0,0.0,0.0,0.0,0.0,0.0,2.0,0.0,0.0,0.0,0.0,0.0,0.0,0.0,0.0,0.0,0.0,0.0,1.0,0.0,1.38,1.0,1.0,1.0,1.09,1.09,1.0,1.0,1.0,1.23,1.07,1.59,1.32,1.03,1.08,1.18,1.0,1.35,1.08,1.07,2.48,1.07,1.0,1.04,1.06,1.26,1.0,3.94,2.2,1.0,1.0,1.07,1.23,1.25,1.0,1.31,1.08,1.83,1.16,6.63,1.0
53-3054.00,Taxi Drivers,personal_service|transportation_machine_operation|accounting|agriculture|animal_service|applied_arts_and_design|athletics|business_initiatives|construction_woodwork|creative_writing|culinary_art|engineering|finance|health_care_service|human_resources|humanities|information_technology|law|life_science|management_administration|marketing_advertising|mathematics_statistics|mechanics_electronics|media|medical_science|music|nature_outdoors|office_work|performing_arts|physical_science|physical_manual_labor|politics|professional_advising|protective_service|public_speaking|religious_activities|sales|social_science|social_service|teaching_education|visual_arts,0.0,0.0,0.0,0.0,0.0,0.0,0.0,0.0,0.0,0.0,0.0,0.0,0.0,0.0,0.0,0.0,0.0,0.0,0.0,0.0,0.0,0.0,0.0,0.0,0.0,0.0,0.0,2.0,0.0,0.0,0.0,0.0,0.0,0.0,0.0,0.0,0.0,0.0,0.0,1.0,0.0,1.38,1.0,1.0,1.0,1.0,1.09,1.0,1.0,1.0,1.29,1.1,1.1,1.21,1.09,1.08,1.07,1.0,1.32,1.1,1.13,2.62,1.0,1.0,1.0,1.0,1.08,1.0,3.39,2.26,1.02,1.0,1.14,1.36,1.42,1.0,1.2,1.08,1.27,1.22,6.71,1.0
53-4011.00,Locomotive Engineers,engineering|mechanics_electronics|transportation_machine_operation|accounting|agriculture|animal_service|applied_arts_and_design|athletics|business_initiatives|construction_woodwork|creative_writing|culinary_art|finance|health_care_service|human_resources|humanities|information_technology|law|life_science|management_administration|marketing_advertising|mathematics_statistics|media|medical_science|music|nature_outdoors|office_work|performing_arts|personal_service|physical_science|physical_manual_labor|politics|professional_advising|protective_service|public_speaking|religious_activities|sales|social_science|social_service|teaching_education|visual_arts,0.0,0.0,0.0,0.0,0.0,0.0,0.0,0.0,0.0,3.0,0.0,0.0,0.0,0.0,0.0,0.0,0.0,0.0,0.0,0.0,2.0,0.0,0.0,0.0,0.0,0.0,0.0,0.0,0.0,0.0,0.0,0.0,0.0,0.0,0.0,0.0,0.0,0.0,0.0,1.0,0.0,1.27,1.0,1.0,1.0,1.0,1.03,1.0,1.0,1.0,3.31,1.0,1.0,1.18,1.0,1.36,1.14,1.0,1.41,1.0,1.39,4.22,1.05,1.0,1.0,1.22,1.14,1.0,1.18,2.29,1.22,1.0,1.03,1.59,1.22,1.0,1.04,1.0,1.05,1.25,6.88,1.0
53-4013.00,"Rail Yard Engineers, Dinkey Operators, and Hostlers",physical_manual_labor|mechanics_electronics|transportation_machine_operation|accounting|agriculture|animal_service|applied_arts_and_design|athletics|business_initiatives|construction_woodwork|creative_writing|culinary_art|engineering|finance|health_care_service|human_resources|humanities|information_technology|law|life_science|management_administration|marketing_advertising|mathematics_statistics|media|medical_science|music|nature_outdoors|office_work|performing_arts|personal_service|physical_science|politics|professional_advising|protective_service|public_speaking|religious_activities|sales|social_science|social_service|teaching_education|visual_arts,0.0,0.0,0.0,0.0,0.0,0.0,0.0,0.0,0.0,0.0,0.0,0.0,0.0,0.0,0.0,0.0,0.0,0.0,0.0,0.0,2.0,0.0,0.0,0.0,0.0,0.0,0.0,0.0,3.0,0.0,0.0,0.0,0.0,0.0,0.0,0.0,0.0,0.0,0.0,1.0,0.0,1.2,1.0,1.0,1.0,1.0,1.06,1.06,1.0,1.0,2.67,1.0,1.0,1.28,1.0,1.11,1.07,1.0,1.47,1.0,1.13,3.88,1.02,1.0,1.0,1.15,1.14,1.0,1.18,3.49,1.05,1.0,1.02,1.51,1.16,1.0,1.06,1.0,1.03,1.08,6.75,1.0
53-4022.00,"Railroad Brake, Signal, and Switch Operators and Locomotive Firers",mechanics_electronics|physical_manual_labor|transportation_machine_operation|accounting|agriculture|animal_service|applied_arts_and_design|athletics|business_initiatives|construction_woodwork|creative_writing|culinary_art|engineering|finance|health_care_service|human_resources|humanities|information_technology|law|life_science|management_administration|marketing_advertising|mathematics_statistics|media|medical_science|music|nature_outdoors|office_work|performing_arts|personal_service|physical_science|politics|professional_advising|protective_service|public_speaking|religious_activities|sales|social_science|social_service|teaching_education|visual_arts,0.0,0.0,0.0,0.0,0.0,0.0,0.0,0.0,0.0,0.0,0.0,0.0,0.0,0.0,0.0,0.0,0.0,0.0,0.0,0.0,3.0,0.0,0.0,0.0,0.0,0.0,0.0,0.0,2.0,0.0,0.0,0.0,0.0,0.0,0.0,0.0,0.0,0.0,0.0,1.0,0.0,1.07,1.0,1.0,1.0,1.06,1.0,1.15,1.0,1.0,2.47,1.0,1.0,1.0,1.0,1.16,1.0,1.0,1.14,1.0,1.13,4.03,1.05,1.0,1.0,1.2,1.06,1.0,1.09,5.58,1.09,1.0,1.0,1.51,1.16,1.0,1.0,1.0,1.0,1.08,6.55,1.0
53-4031.00,Railroad Conductors and Yardmasters,management_administration|transportation_machine_operation|accounting|agriculture|animal_service|applied_arts_and_design|athletics|business_initiatives|construction_woodwork|creative_writing|culinary_art|engineering|finance|health_care_service|human_resources|humanities|information_technology|law|life_science|marketing_advertising|mathematics_statistics|mechanics_electronics|media|medical_science|music|nature_outdoors|office_work|performing_arts|personal_service|physical_science|physical_manual_labor|politics|professional_advising|protective_service|public_speaking|religious_activities|sales|social_science|social_service|teaching_education|visual_arts,0.0,0.0,0.0,0.0,0.0,0.0,0.0,0.0,0.0,0.0,0.0,0.0,0.0,0.0,0.0,0.0,0.0,2.0,0.0,0.0,0.0,0.0,0.0,0.0,0.0,0.0,0.0,0.0,0.0,0.0,0.0,0.0,0.0,0.0,0.0,0.0,0.0,0.0,0.0,1.0,0.0,1.79,1.01,1.0,1.0,1.03,1.35,1.03,1.0,1.0,1.91,1.15,1.03,1.43,1.0,1.33,1.58,1.0,3.58,1.0,1.28,2.19,1.12,1.0,1.0,1.11,1.69,1.0,1.31,2.35,1.03,1.17,1.1,1.98,1.48,1.0,1.2,1.05,1.06,1.25,6.06,1.0
53-4041.00,Subway and Streetcar Operators,mechanics_electronics|transportation_machine_operation|accounting|agriculture|animal_service|applied_arts_and_design|athletics|business_initiatives|construction_woodwork|creative_writing|culinary_art|engineering|finance|health_care_service|human_resources|humanities|information_technology|law|life_science|management_administration|marketing_advertising|mathematics_statistics|media|medical_science|music|nature_outdoors|office_work|performing_arts|personal_service|physical_science|physical_manual_labor|politics|professional_advising|protective_service|public_speaking|religious_activities|sales|social_science|social_service|teaching_education|visual_arts,0.0,0.0,0.0,0.0,0.0,0.0,0.0,0.0,0.0,0.0,0.0,0.0,0.0,0.0,0.0,0.0,0.0,0.0,0.0,0.0,2.0,0.0,0.0,0.0,0.0,0.0,0.0,0.0,0.0,0.0,0.0,0.0,0.0,0.0,0.0,0.0,0.0,0.0,0.0,1.0,0.0,1.2,1.0,1.0,1.0,1.03,1.01,1.0,1.0,1.0,1.69,1.0,1.1,1.35,1.0,1.19,1.04,1.0,1.35,1.0,1.13,2.52,1.14,1.0,1.0,1.0,1.14,1.0,2.31,1.87,1.03,1.03,1.09,1.79,1.69,1.0,1.18,1.0,1.25,1.16,6.63,1.0
53-5011.00,Sailors and Marine Oilers,mechanics_electronics|transportation_machine_operation|physical_manual_labor|accounting|agriculture|animal_service|applied_arts_and_design|athletics|business_initiatives|construction_woodwork|creative_writing|culinary_art|engineering|finance|health_care_service|human_resources|humanities|information_technology|law|life_science|management_administration|marketing_advertising|mathematics_statistics|media|medical_science|music|nature_outdoors|office_work|performing_arts|personal_service|physical_science|politics|professional_advising|protective_service|public_speaking|religious_activities|sales|social_science|social_service|teaching_education|visual_arts,0.0,0.0,0.0,0.0,0.0,0.0,0.0,0.0,0.0,0.0,0.0,0.0,0.0,0.0,0.0,0.0,0.0,0.0,0.0,0.0,3.0,0.0,0.0,0.0,0.0,0.0,0.0,0.0,1.0,0.0,0.0,0.0,0.0,0.0,0.0,0.0,0.0,0.0,0.0,2.0,0.0,1.2,1.0,1.0,1.0,1.17,1.0,1.41,1.0,1.0,2.3,1.02,1.06,1.04,1.0,1.08,1.07,1.0,1.32,1.0,1.15,4.41,1.0,1.0,1.0,3.23,1.03,1.0,1.15,6.42,1.18,1.0,1.02,1.63,1.08,1.0,1.02,1.0,1.02,1.14,4.77,1.0
53-5021.00,"Captains, Mates, and Pilots of Water Vessels",nature_outdoors|management_administration|transportation_machine_operation|accounting|agriculture|animal_service|applied_arts_and_design|athletics|business_initiatives|construction_woodwork|creative_writing|culinary_art|engineering|finance|health_care_service|human_resources|humanities|information_technology|law|life_science|marketing_advertising|mathematics_statistics|mechanics_electronics|media|medical_science|music|office_work|performing_arts|personal_service|physical_science|physical_manual_labor|politics|professional_advising|protective_service|public_speaking|religious_activities|sales|social_science|social_service|teaching_education|visual_arts,0.0,0.0,0.0,0.0,0.0,0.0,0.0,0.0,0.0,0.0,0.0,0.0,0.0,0.0,0.0,0.0,0.0,2.0,0.0,0.0,0.0,0.0,0.0,0.0,3.0,0.0,0.0,0.0,0.0,0.0,0.0,0.0,0.0,0.0,0.0,0.0,0.0,0.0,0.0,1.0,0.0,1.62,1.03,1.02,1.0,1.32,1.81,1.25,1.04,1.0,3.02,1.5,1.13,1.93,1.16,1.83,1.84,1.15,4.61,1.13,1.88,3.51,1.2,1.03,1.0,3.6,1.5,1.0,1.46,2.41,1.79,1.32,1.39,2.83,1.9,1.0,1.29,1.16,1.15,1.57,6.26,1.0
53-5022.00,Motorboat Operators,mechanics_electronics|physical_manual_labor|transportation_machine_operation|accounting|agriculture|animal_service|applied_arts_and_design|athletics|business_initiatives|construction_woodwork|creative_writing|culinary_art|engineering|finance|health_care_service|human_resources|humanities|information_technology|law|life_science|management_administration|marketing_advertising|mathematics_statistics|media|medical_science|music|nature_outdoors|office_work|performing_arts|personal_service|physical_science|politics|professional_advising|protective_service|public_speaking|religious_activities|sales|social_science|social_service|teaching_education|visual_arts,0.0,0.0,0.0,0.0,0.0,0.0,0.0,0.0,0.0,0.0,0.0,0.0,0.0,0.0,0.0,0.0,0.0,0.0,0.0,0.0,3.0,0.0,0.0,0.0,0.0,0.0,0.0,0.0,2.0,0.0,0.0,0.0,0.0,0.0,0.0,0.0,0.0,0.0,0.0,1.0,0.0,1.13,1.03,1.0,1.0,1.26,1.4,1.41,1.0,1.0,2.04,1.07,1.1,1.28,1.0,1.11,1.07,1.05,2.36,1.18,1.13,4.26,1.05,1.0,1.0,3.3,1.12,1.0,2.01,4.29,1.1,1.11,1.06,1.71,1.33,1.0,1.36,1.0,1.1,1.25,6.43,1.0
53-5031.00,Ship Engineers,transportation_machine_operation|engineering|mechanics_electronics|accounting|agriculture|animal_service|applied_arts_and_design|athletics|business_initiatives|construction_woodwork|creative_writing|culinary_art|finance|health_care_service|human_resources|humanities|information_technology|law|life_science|management_administration|marketing_advertising|mathematics_statistics|media|medical_science|music|nature_outdoors|office_work|performing_arts|personal_service|physical_science|physical_manual_labor|politics|professional_advising|protective_service|public_speaking|religious_activities|sales|social_science|social_service|teaching_education|visual_arts,0.0,0.0,0.0,0.0,0.0,0.0,0.0,0.0,0.0,2.0,0.0,0.0,0.0,0.0,0.0,0.0,0.0,0.0,0.0,0.0,1.0,0.0,0.0,0.0,0.0,0.0,0.0,0.0,0.0,0.0,0.0,0.0,0.0,0.0,0.0,0.0,0.0,0.0,0.0,3.0,0.0,1.51,1.0,1.0,1.0,1.03,1.42,1.44,1.0,1.0,6.33,1.18,1.06,1.46,1.0,2.17,1.11,1.03,3.47,1.0,2.09,6.46,1.02,1.0,1.0,1.29,1.35,1.0,1.18,3.33,1.71,1.11,1.07,1.87,1.39,1.0,1.12,1.0,1.02,1.25,6.26,1.0
53-6011.00,Bridge and Lock Tenders,mechanics_electronics|transportation_machine_operation|accounting|agriculture|animal_service|applied_arts_and_design|athletics|business_initiatives|construction_woodwork|creative_writing|culinary_art|engineering|finance|health_care_service|human_resources|humanities|information_technology|law|life_science|management_administration|marketing_advertising|mathematics_statistics|media|medical_science|music|nature_outdoors|office_work|performing_arts|personal_service|physical_science|physical_manual_labor|politics|professional_advising|protective_service|public_speaking|religious_activities|sales|social_science|social_service|teaching_education|visual_arts,0.0,0.0,0.0,0.0,0.0,0.0,0.0,0.0,0.0,0.0,0.0,0.0,0.0,0.0,0.0,0.0,0.0,0.0,0.0,0.0,2.0,0.0,0.0,0.0,0.0,0.0,0.0,0.0,0.0,0.0,0.0,0.0,0.0,0.0,0.0,0.0,0.0,0.0,0.0,1.0,0.0,1.31,1.01,1.0,1.0,1.0,1.0,1.37,1.0,1.0,2.21,1.0,1.0,1.14,1.0,1.24,1.0,1.0,1.62,1.0,1.23,2.86,1.07,1.0,1.0,2.04,1.45,1.0,1.21,2.67,1.16,1.0,1.02,1.9,1.33,1.0,1.02,1.0,1.08,1.0,3.93,1.0
53-6021.00,Parking Attendants,physical_manual_labor|transportation_machine_operation|accounting|agriculture|animal_service|applied_arts_and_design|athletics|business_initiatives|construction_woodwork|creative_writing|culinary_art|engineering|finance|health_care_service|human_resources|humanities|information_technology|law|life_science|management_administration|marketing_advertising|mathematics_statistics|mechanics_electronics|media|medical_science|music|nature_outdoors|office_work|performing_arts|personal_service|physical_science|politics|professional_advising|protective_service|public_speaking|religious_activities|sales|social_science|social_service|teaching_education|visual_arts,0.0,0.0,0.0,0.0,0.0,0.0,0.0,0.0,0.0,0.0,0.0,0.0,0.0,0.0,0.0,0.0,0.0,0.0,0.0,0.0,0.0,0.0,0.0,0.0,0.0,0.0,0.0,0.0,2.0,0.0,0.0,0.0,0.0,0.0,0.0,0.0,0.0,0.0,0.0,1.0,0.0,1.51,1.0,1.0,1.0,1.0,1.07,1.0,1.0,1.0,1.03,1.15,1.0,1.28,1.0,1.03,1.0,1.0,1.26,1.05,1.02,1.29,1.0,1.0,1.0,1.04,1.29,1.0,2.93,3.2,1.0,1.0,1.06,1.55,1.14,1.0,1.6,1.0,1.19,1.16,4.05,1.0
53-6031.00,Automotive and Watercraft Service Attendants,mechanics_electronics|physical_manual_labor|accounting|agriculture|animal_service|applied_arts_and_design|athletics|business_initiatives|construction_woodwork|creative_writing|culinary_art|engineering|finance|health_care_service|human_resources|humanities|information_technology|law|life_science|management_administration|marketing_advertising|mathematics_statistics|media|medical_science|music|nature_outdoors|office_work|performing_arts|personal_service|physical_science|politics|professional_advising|protective_service|public_speaking|religious_activities|sales|social_science|social_service|teaching_education|transportation_machine_operation|visual_arts,0.0,0.0,0.0,0.0,0.0,0.0,0.0,0.0,0.0,0.0,0.0,0.0,0.0,0.0,0.0,0.0,0.0,0.0,0.0,0.0,2.0,0.0,0.0,0.0,0.0,0.0,0.0,0.0,1.0,0.0,0.0,0.0,0.0,0.0,0.0,0.0,0.0,0.0,0.0,0.0,0.0,1.68,1.0,1.0,1.0,1.06,1.18,1.4,1.0,1.0,2.24,1.23,1.0,1.25,1.0,1.11,1.0,1.0,1.38,1.23,1.26,4.45,1.0,1.0,1.0,1.15,1.37,1.0,1.88,4.8,1.1,1.0,1.06,1.0,1.14,1.0,2.22,1.0,1.1,1.16,2.81,1.0
53-6032.00,Aircraft Service Attendants,mechanics_electronics|transportation_machine_operation|physical_manual_labor|accounting|agriculture|animal_service|applied_arts_and_design|athletics|business_initiatives|construction_woodwork|creative_writing|culinary_art|engineering|finance|health_care_service|human_resources|humanities|information_technology|law|life_science|management_administration|marketing_advertising|mathematics_statistics|media|medical_science|music|nature_outdoors|office_work|performing_arts|personal_service|physical_science|politics|professional_advising|protective_service|public_speaking|religious_activities|sales|social_science|social_service|teaching_education|visual_arts,0.0,0.0,0.0,0.0,0.0,0.0,0.0,0.0,0.0,0.0,0.0,0.0,0.0,0.0,0.0,0.0,0.0,0.0,0.0,0.0,3.0,0.0,0.0,0.0,0.0,0.0,0.0,0.0,1.0,0.0,0.0,0.0,0.0,0.0,0.0,0.0,0.0,0.0,0.0,2.0,0.0,1.13,1.0,1.0,1.0,1.0,1.0,1.12,1.0,1.0,2.17,1.0,1.0,1.11,1.0,1.03,1.0,1.0,1.23,1.0,1.02,3.84,1.0,1.0,1.0,1.13,1.08,1.0,1.15,6.22,1.12,1.0,1.0,1.04,1.03,1.0,1.06,1.0,1.02,1.0,4.88,1.0
53-6041.00,Traffic Technicians,mathematics_statistics|engineering|accounting|agriculture|animal_service|applied_arts_and_design|athletics|business_initiatives|construction_woodwork|creative_writing|culinary_art|finance|health_care_service|human_resources|humanities|information_technology|law|life_science|management_administration|marketing_advertising|mechanics_electronics|media|medical_science|music|nature_outdoors|office_work|performing_arts|personal_service|physical_science|physical_manual_labor|politics|professional_advising|protective_service|public_speaking|religious_activities|sales|social_science|social_service|teaching_education|transportation_machine_operation|visual_arts,0.0,0.0,0.0,0.0,0.0,0.0,0.0,0.0,0.0,1.0,0.0,0.0,0.0,0.0,0.0,0.0,0.0,0.0,0.0,2.0,0.0,0.0,0.0,0.0,0.0,0.0,0.0,0.0,0.0,0.0,0.0,0.0,0.0,0.0,0.0,0.0,0.0,0.0,0.0,0.0,0.0,1.51,1.0,1.0,1.16,1.03,1.16,1.41,1.14,1.0,3.78,1.13,1.0,1.35,1.12,2.3,1.8,1.05,1.56,1.1,3.02,2.9,1.22,1.0,1.0,1.24,1.81,1.0,1.46,2.07,1.79,1.29,1.13,2.1,1.66,1.0,1.12,1.63,1.21,1.36,2.18,1.07
53-6051.00,Transportation Inspectors,mechanics_electronics|transportation_machine_operation|accounting|agriculture|animal_service|applied_arts_and_design|athletics|business_initiatives|construction_woodwork|creative_writing|culinary_art|engineering|finance|health_care_service|human_resources|humanities|information_technology|law|life_science|management_administration|marketing_advertising|mathematics_statistics|media|medical_science|music|nature_outdoors|office_work|performing_arts|personal_service|physical_science|physical_manual_labor|politics|professional_advising|protective_service|public_speaking|religious_activities|sales|social_science|social_service|teaching_education|visual_arts,0.0,0.0,0.0,0.0,0.0,0.0,0.0,0.0,0.0,0.0,0.0,0.0,0.0,0.0,0.0,0.0,0.0,0.0,0.0,0.0,2.0,0.0,0.0,0.0,0.0,0.0,0.0,0.0,0.0,0.0,0.0,0.0,0.0,0.0,0.0,0.0,0.0,0.0,0.0,1.0,0.0,1.86,1.08,1.05,1.0,1.0,1.16,1.31,1.0,1.04,2.4,1.23,1.0,1.25,1.0,1.24,2.06,1.0,1.96,1.0,1.76,2.72,1.0,1.0,1.0,1.2,2.01,1.0,1.24,2.41,1.18,1.17,1.17,2.48,1.33,1.0,1.12,1.13,1.08,1.25,3.49,1.0
53-6051.01,Aviation Inspectors,engineering|mechanics_electronics|accounting|agriculture|animal_service|applied_arts_and_design|athletics|business_initiatives|construction_woodwork|creative_writing|culinary_art|finance|health_care_service|human_resources|humanities|information_technology|law|life_science|management_administration|marketing_advertising|mathematics_statistics|media|medical_science|music|nature_outdoors|office_work|performing_arts|personal_service|physical_science|physical_manual_labor|politics|professional_advising|protective_service|public_speaking|religious_activities|sales|social_science|social_service|teaching_education|transportation_machine_operation|visual_arts,0.0,0.0,0.0,0.0,0.0,0.0,0.0,0.0,0.0,2.0,0.0,0.0,0.0,0.0,0.0,0.0,0.0,0.0,0.0,0.0,1.0,0.0,0.0,0.0,0.0,0.0,0.0,0.0,0.0,0.0,0.0,0.0,0.0,0.0,0.0,0.0,0.0,0.0,0.0,0.0,0.0,1.68,1.0,1.0,1.03,1.0,1.23,1.44,1.07,1.0,4.67,1.23,1.16,1.35,1.0,2.17,2.43,1.15,2.26,1.0,2.18,5.72,1.12,1.19,1.0,1.13,1.95,1.0,1.21,2.02,1.95,1.44,1.1,2.79,1.54,1.0,1.06,1.16,1.06,1.33,2.42,1.0
53-6051.07,"Transportation Vehicle, Equipment and Systems Inspectors, Except Aviation",engineering|transportation_machine_operation|mechanics_electronics|accounting|agriculture|animal_service|applied_arts_and_design|athletics|business_initiatives|construction_woodwork|creative_writing|culinary_art|finance|health_care_service|human_resources|humanities|information_technology|law|life_science|management_administration|marketing_advertising|mathematics_statistics|media|medical_science|music|nature_outdoors|office_work|performing_arts|personal_service|physical_science|physical_manual_labor|politics|professional_advising|protective_service|public_speaking|religious_activities|sales|social_science|social_service|teaching_education|visual_arts,0.0,0.0,0.0,0.0,0.0,0.0,0.0,0.0,0.0,3.0,0.0,0.0,0.0,0.0,0.0,0.0,0.0,0.0,0.0,0.0,1.0,0.0,0.0,0.0,0.0,0.0,0.0,0.0,0.0,0.0,0.0,0.0,0.0,0.0,0.0,0.0,0.0,0.0,0.0,2.0,0.0,1.41,1.09,1.0,1.0,1.03,1.09,1.37,1.0,1.0,3.42,1.02,1.06,1.25,1.0,1.47,1.47,1.08,1.38,1.0,1.47,5.47,1.0,1.0,1.0,1.09,1.45,1.0,1.09,2.26,1.35,1.17,1.03,2.29,1.16,1.0,1.08,1.03,1.06,1.11,4.05,1.0
53-6061.00,Passenger Attendants,transportation_machine_operation|personal_service|accounting|agriculture|animal_service|applied_arts_and_design|athletics|business_initiatives|construction_woodwork|creative_writing|culinary_art|engineering|finance|health_care_service|human_resources|humanities|information_technology|law|life_science|management_administration|marketing_advertising|mathematics_statistics|mechanics_electronics|media|medical_science|music|nature_outdoors|office_work|performing_arts|physical_science|physical_manual_labor|politics|professional_advising|protective_service|public_speaking|religious_activities|sales|social_science|social_service|teaching_education|visual_arts,0.0,0.0,0.0,0.0,0.0,0.0,0.0,0.0,0.0,0.0,0.0,0.0,0.0,0.0,0.0,0.0,0.0,0.0,0.0,0.0,0.0,0.0,0.0,0.0,0.0,0.0,0.0,1.0,0.0,0.0,0.0,0.0,0.0,0.0,0.0,0.0,0.0,0.0,0.0,2.0,0.0,1.03,1.0,1.0,1.0,1.09,1.06,1.0,1.0,1.23,1.14,1.0,1.49,1.61,1.03,1.05,1.0,1.0,1.53,1.05,1.0,1.2,1.0,1.0,1.0,1.0,1.33,1.0,5.64,2.17,1.0,1.0,1.29,1.87,2.0,1.0,1.4,1.26,2.48,1.81,2.5,1.0
53-7011.00,Conveyor Operators and Tenders,mechanics_electronics|physical_manual_labor|accounting|agriculture|animal_service|applied_arts_and_design|athletics|business_initiatives|construction_woodwork|creative_writing|culinary_art|engineering|finance|health_care_service|human_resources|humanities|information_technology|law|life_science|management_administration|marketing_advertising|mathematics_statistics|media|medical_science|music|nature_outdoors|office_work|performing_arts|personal_service|physical_science|politics|professional_advising|protective_service|public_speaking|religious_activities|sales|social_science|social_service|teaching_education|transportation_machine_operation|visual_arts,0.0,0.0,0.0,0.0,0.0,0.0,0.0,0.0,0.0,0.0,0.0,0.0,0.0,0.0,0.0,0.0,0.0,0.0,0.0,0.0,2.0,0.0,0.0,0.0,0.0,0.0,0.0,0.0,1.0,0.0,0.0,0.0,0.0,0.0,0.0,0.0,0.0,0.0,0.0,0.0,0.0,1.2,1.2,1.0,1.0,1.0,1.04,1.31,1.0,1.04,2.27,1.0,1.0,1.14,1.0,1.08,1.0,1.0,1.32,1.0,1.07,2.9,1.0,1.0,1.0,1.0,1.13,1.0,1.0,4.89,1.1,1.0,1.0,1.12,1.0,1.0,1.02,1.0,1.0,1.0,2.67,1.0
53-7021.00,Crane and Tower Operators,mechanics_electronics|physical_manual_labor|transportation_machine_operation|accounting|agriculture|animal_service|applied_arts_and_design|athletics|business_initiatives|construction_woodwork|creative_writing|culinary_art|engineering|finance|health_care_service|human_resources|humanities|information_technology|law|life_science|management_administration|marketing_advertising|mathematics_statistics|media|medical_science|music|nature_outdoors|office_work|performing_arts|personal_service|physical_science|politics|professional_advising|protective_service|public_speaking|religious_activities|sales|social_science|social_service|teaching_education|visual_arts,0.0,0.0,0.0,0.0,0.0,0.0,0.0,0.0,0.0,0.0,0.0,0.0,0.0,0.0,0.0,0.0,0.0,0.0,0.0,0.0,3.0,0.0,0.0,0.0,0.0,0.0,0.0,0.0,2.0,0.0,0.0,0.0,0.0,0.0,0.0,0.0,0.0,0.0,0.0,1.0,0.0,1.2,1.09,1.0,1.0,1.0,1.0,2.29,1.0,1.0,2.61,1.0,1.0,1.04,1.0,1.08,1.0,1.0,1.26,1.0,1.56,3.99,1.0,1.0,1.0,1.17,1.1,1.0,1.0,4.2,1.05,1.0,1.0,1.0,1.0,1.0,1.0,1.0,1.0,1.05,6.06,1.0
53-7031.00,Dredge Operators,mechanics_electronics|physical_manual_labor|transportation_machine_operation|accounting|agriculture|animal_service|applied_arts_and_design|athletics|business_initiatives|construction_woodwork|creative_writing|culinary_art|engineering|finance|health_care_service|human_resources|humanities|information_technology|law|life_science|management_administration|marketing_advertising|mathematics_statistics|media|medical_science|music|nature_outdoors|office_work|performing_arts|personal_service|physical_science|politics|professional_advising|protective_service|public_speaking|religious_activities|sales|social_science|social_service|teaching_education|visual_arts,0.0,0.0,0.0,0.0,0.0,0.0,0.0,0.0,0.0,0.0,0.0,0.0,0.0,0.0,0.0,0.0,0.0,0.0,0.0,0.0,3.0,0.0,0.0,0.0,0.0,0.0,0.0,0.0,2.0,0.0,0.0,0.0,0.0,0.0,0.0,0.0,0.0,0.0,0.0,1.0,0.0,1.1,1.14,1.0,1.0,1.03,1.09,1.53,1.0,1.0,2.74,1.0,1.0,1.14,1.0,1.03,1.0,1.03,1.56,1.0,1.23,3.65,1.0,1.0,1.0,3.27,1.08,1.0,1.0,5.34,1.2,1.03,1.0,1.23,1.0,1.0,1.0,1.0,1.0,1.0,6.02,1.0
53-7041.00,Hoist and Winch Operators,mechanics_electronics|transportation_machine_operation|physical_manual_labor|accounting|agriculture|animal_service|applied_arts_and_design|athletics|business_initiatives|construction_woodwork|creative_writing|culinary_art|engineering|finance|health_care_service|human_resources|humanities|information_technology|law|life_science|management_administration|marketing_advertising|mathematics_statistics|media|medical_science|music|nature_outdoors|office_work|performing_arts|personal_service|physical_science|politics|professional_advising|protective_service|public_speaking|religious_activities|sales|social_science|social_service|teaching_education|visual_arts,0.0,0.0,0.0,0.0,0.0,0.0,0.0,0.0,0.0,0.0,0.0,0.0,0.0,0.0,0.0,0.0,0.0,0.0,0.0,0.0,3.0,0.0,0.0,0.0,0.0,0.0,0.0,0.0,1.0,0.0,0.0,0.0,0.0,0.0,0.0,0.0,0.0,0.0,0.0,2.0,0.0,1.07,1.13,1.0,1.0,1.0,1.0,1.99,1.0,1.0,2.27,1.0,1.0,1.0,1.0,1.08,1.0,1.0,1.11,1.0,1.05,3.07,1.0,1.0,1.0,1.2,1.04,1.0,1.0,4.89,1.03,1.0,1.0,1.0,1.0,1.0,1.0,1.0,1.0,1.03,4.01,1.0
53-7051.00,Industrial Truck and Tractor Operators,physical_manual_labor|transportation_machine_operation|accounting|agriculture|animal_service|applied_arts_and_design|athletics|business_initiatives|construction_woodwork|creative_writing|culinary_art|engineering|finance|health_care_service|human_resources|humanities|information_technology|law|life_science|management_administration|marketing_advertising|mathematics_statistics|mechanics_electronics|media|medical_science|music|nature_outdoors|office_work|performing_arts|personal_service|physical_science|politics|professional_advising|protective_service|public_speaking|religious_activities|sales|social_science|social_service|teaching_education|visual_arts,0.0,0.0,0.0,0.0,0.0,0.0,0.0,0.0,0.0,0.0,0.0,0.0,0.0,0.0,0.0,0.0,0.0,0.0,0.0,0.0,0.0,0.0,0.0,0.0,0.0,0.0,0.0,0.0,2.0,0.0,0.0,0.0,0.0,0.0,0.0,0.0,0.0,0.0,0.0,1.0,0.0,1.13,1.16,1.0,1.0,1.03,1.01,1.66,1.0,1.0,1.54,1.0,1.0,1.0,1.0,1.08,1.0,1.0,1.06,1.0,1.39,1.9,1.0,1.0,1.0,1.06,1.06,1.0,1.0,5.58,1.02,1.0,1.0,1.08,1.0,1.0,1.0,1.0,1.0,1.0,6.84,1.0
53-7061.00,Cleaners of Vehicles and Equipment,transportation_machine_operation|physical_manual_labor|accounting|agriculture|animal_service|applied_arts_and_design|athletics|business_initiatives|construction_woodwork|creative_writing|culinary_art|engineering|finance|health_care_service|human_resources|humanities|information_technology|law|life_science|management_administration|marketing_advertising|mathematics_statistics|mechanics_electronics|media|medical_science|music|nature_outdoors|office_work|performing_arts|personal_service|physical_science|politics|professional_advising|protective_service|public_speaking|religious_activities|sales|social_science|social_service|teaching_education|visual_arts,0.0,0.0,0.0,0.0,0.0,0.0,0.0,0.0,0.0,0.0,0.0,0.0,0.0,0.0,0.0,0.0,0.0,0.0,0.0,0.0,0.0,0.0,0.0,0.0,0.0,0.0,0.0,0.0,1.0,0.0,0.0,0.0,0.0,0.0,0.0,0.0,0.0,0.0,0.0,2.0,0.0,1.03,1.08,1.0,1.05,1.0,1.0,1.09,1.0,1.0,1.26,1.0,1.0,1.0,1.0,1.0,1.0,1.0,1.08,1.0,1.0,1.65,1.0,1.0,1.0,1.11,1.02,1.0,1.43,5.77,1.03,1.0,1.0,1.0,1.0,1.0,1.12,1.0,1.05,1.0,2.49,1.0
53-7062.00,"Laborers and Freight, Stock, and Material Movers, Hand",transportation_machine_operation|physical_manual_labor|accounting|agriculture|animal_service|applied_arts_and_design|athletics|business_initiatives|construction_woodwork|creative_writing|culinary_art|engineering|finance|health_care_service|human_resources|humanities|information_technology|law|life_science|management_administration|marketing_advertising|mathematics_statistics|mechanics_electronics|media|medical_science|music|nature_outdoors|office_work|performing_arts|personal_service|physical_science|politics|professional_advising|protective_service|public_speaking|religious_activities|sales|social_science|social_service|teaching_education|visual_arts,0.0,0.0,0.0,0.0,0.0,0.0,0.0,0.0,0.0,0.0,0.0,0.0,0.0,0.0,0.0,0.0,0.0,0.0,0.0,0.0,0.0,0.0,0.0,0.0,0.0,0.0,0.0,0.0,1.0,0.0,0.0,0.0,0.0,0.0,0.0,0.0,0.0,0.0,0.0,2.0,0.0,1.2,1.34,1.0,1.0,1.17,1.04,1.7,1.0,1.04,1.26,1.0,1.06,1.32,1.0,1.03,1.0,1.0,1.26,1.0,1.13,1.38,1.0,1.0,1.0,1.11,1.13,1.0,1.18,6.84,1.0,1.0,1.0,1.28,1.0,1.0,1.1,1.0,1.05,1.03,4.19,1.0
53-7063.00,Machine Feeders and Offbearers,transportation_machine_operation|physical_manual_labor|accounting|agriculture|animal_service|applied_arts_and_design|athletics|business_initiatives|construction_woodwork|creative_writing|culinary_art|engineering|finance|health_care_service|human_resources|humanities|information_technology|law|life_science|management_administration|marketing_advertising|mathematics_statistics|mechanics_electronics|media|medical_science|music|nature_outdoors|office_work|performing_arts|personal_service|physical_science|politics|professional_advising|protective_service|public_speaking|religious_activities|sales|social_science|social_service|teaching_education|visual_arts,0.0,0.0,0.0,0.0,0.0,0.0,0.0,0.0,0.0,0.0,0.0,0.0,0.0,0.0,0.0,0.0,0.0,0.0,0.0,0.0,0.0,0.0,0.0,0.0,0.0,0.0,0.0,0.0,1.0,0.0,0.0,0.0,0.0,0.0,0.0,0.0,0.0,0.0,0.0,2.0,0.0,1.13,1.28,1.0,1.0,1.0,1.0,2.02,1.0,1.04,1.6,1.0,1.0,1.0,1.0,1.03,1.0,1.0,1.03,1.0,1.47,2.25,1.0,1.0,1.0,1.0,1.05,1.0,1.0,5.91,1.05,1.0,1.0,1.0,1.0,1.0,1.0,1.0,1.0,1.0,2.28,1.0
53-7064.00,"Packers and Packagers, Hand",transportation_machine_operation|physical_manual_labor|accounting|agriculture|animal_service|applied_arts_and_design|athletics|business_initiatives|construction_woodwork|creative_writing|culinary_art|engineering|finance|health_care_service|human_resources|humanities|information_technology|law|life_science|management_administration|marketing_advertising|mathematics_statistics|mechanics_electronics|media|medical_science|music|nature_outdoors|office_work|performing_arts|personal_service|physical_science|politics|professional_advising|protective_service|public_speaking|religious_activities|sales|social_science|social_service|teaching_education|visual_arts,0.0,0.0,0.0,0.0,0.0,0.0,0.0,0.0,0.0,0.0,0.0,0.0,0.0,0.0,0.0,0.0,0.0,0.0,0.0,0.0,0.0,0.0,0.0,0.0,0.0,0.0,0.0,0.0,1.0,0.0,0.0,0.0,0.0,0.0,0.0,0.0,0.0,0.0,0.0,2.0,0.0,1.2,1.34,1.0,1.0,1.0,1.0,1.28,1.0,1.31,1.12,1.0,1.0,1.0,1.0,1.0,1.0,1.0,1.08,1.0,1.05,1.14,1.0,1.0,1.0,1.0,1.13,1.0,1.18,5.16,1.0,1.0,1.0,1.0,1.0,1.0,1.12,1.0,1.03,1.0,1.43,1.0
53-7065.00,Stockers and Order Fillers,transportation_machine_operation|physical_manual_labor|accounting|agriculture|animal_service|applied_arts_and_design|athletics|business_initiatives|construction_woodwork|creative_writing|culinary_art|engineering|finance|health_care_service|human_resources|humanities|information_technology|law|life_science|management_administration|marketing_advertising|mathematics_statistics|mechanics_electronics|media|medical_science|music|nature_outdoors|office_work|performing_arts|personal_service|physical_science|politics|professional_advising|protective_service|public_speaking|religious_activities|sales|social_science|social_service|teaching_education|visual_arts,0.0,0.0,0.0,0.0,0.0,0.0,0.0,0.0,0.0,0.0,0.0,0.0,0.0,0.0,0.0,0.0,0.0,0.0,0.0,0.0,0.0,0.0,0.0,0.0,0.0,0.0,0.0,0.0,1.0,0.0,0.0,0.0,0.0,0.0,0.0,0.0,0.0,0.0,0.0,2.0,0.0,1.51,1.04,1.02,1.16,1.03,1.18,1.18,1.0,1.19,1.06,1.18,1.1,1.28,1.0,1.11,1.0,1.0,1.41,1.43,1.1,1.29,1.0,1.0,1.0,1.0,1.47,1.0,1.65,5.53,1.0,1.0,1.09,1.08,1.22,1.0,1.9,1.0,1.11,1.16,3.1,1.11
53-7071.00,Gas Compressor and Gas Pumping Station Operators,engineering|mechanics_electronics|accounting|agriculture|animal_service|applied_arts_and_design|athletics|business_initiatives|construction_woodwork|creative_writing|culinary_art|finance|health_care_service|human_resources|humanities|information_technology|law|life_science|management_administration|marketing_advertising|mathematics_statistics|media|medical_science|music|nature_outdoors|office_work|performing_arts|personal_service|physical_science|physical_manual_labor|politics|professional_advising|protective_service|public_speaking|religious_activities|sales|social_science|social_service|teaching_education|transportation_machine_operation|visual_arts,0.0,0.0,0.0,0.0,0.0,0.0,0.0,0.0,0.0,2.0,0.0,0.0,0.0,0.0,0.0,0.0,0.0,0.0,0.0,0.0,1.0,0.0,0.0,0.0,0.0,0.0,0.0,0.0,0.0,0.0,0.0,0.0,0.0,0.0,0.0,0.0,0.0,0.0,0.0,0.0,0.0,1.27,1.0,1.0,1.0,1.0,1.14,1.18,1.02,1.0,4.16,1.1,1.0,1.25,1.0,1.62,1.0,1.15,1.53,1.0,2.0,5.85,1.02,1.03,1.0,1.13,1.41,1.0,1.06,2.88,2.19,1.0,1.01,1.28,1.22,1.0,1.04,1.0,1.02,1.16,2.6,1.0
53-7072.00,"Pump Operators, Except Wellhead Pumpers",engineering|physical_manual_labor|mechanics_electronics|accounting|agriculture|animal_service|applied_arts_and_design|athletics|business_initiatives|construction_woodwork|creative_writing|culinary_art|finance|health_care_service|human_resources|humanities|information_technology|law|life_science|management_administration|marketing_advertising|mathematics_statistics|media|medical_science|music|nature_outdoors|office_work|performing_arts|personal_service|physical_science|politics|professional_advising|protective_service|public_speaking|religious_activities|sales|social_science|social_service|teaching_education|transportation_machine_operation|visual_arts,0.0,0.0,0.0,0.0,0.0,0.0,0.0,0.0,0.0,3.0,0.0,0.0,0.0,0.0,0.0,0.0,0.0,0.0,0.0,0.0,1.0,0.0,0.0,0.0,0.0,0.0,0.0,0.0,2.0,0.0,0.0,0.0,0.0,0.0,0.0,0.0,0.0,0.0,0.0,0.0,0.0,1.2,1.13,1.0,1.0,1.0,1.03,1.15,1.0,1.0,3.06,1.0,1.0,1.0,1.0,1.11,1.0,1.08,1.38,1.0,2.06,3.95,1.0,1.0,1.0,1.11,1.14,1.0,1.0,3.2,1.42,1.0,1.0,1.0,1.08,1.0,1.0,1.0,1.0,1.08,2.38,1.0
53-7073.00,Wellhead Pumpers,transportation_machine_operation|physical_manual_labor|mechanics_electronics|accounting|agriculture|animal_service|applied_arts_and_design|athletics|business_initiatives|construction_woodwork|creative_writing|culinary_art|engineering|finance|health_care_service|human_resources|humanities|information_technology|law|life_science|management_administration|marketing_advertising|mathematics_statistics|media|medical_science|music|nature_outdoors|office_work|performing_arts|personal_service|physical_science|politics|professional_advising|protective_service|public_speaking|religious_activities|sales|social_science|social_service|teaching_education|visual_arts,0.0,0.0,0.0,0.0,0.0,0.0,0.0,0.0,0.0,0.0,0.0,0.0,0.0,0.0,0.0,0.0,0.0,0.0,0.0,0.0,1.0,0.0,0.0,0.0,0.0,0.0,0.0,0.0,2.0,0.0,0.0,0.0,0.0,0.0,0.0,0.0,0.0,0.0,0.0,3.0,0.0,1.34,1.09,1.0,1.0,1.0,1.06,1.25,1.0,1.0,3.2,1.15,1.0,1.0,1.0,1.42,1.0,1.03,1.32,1.0,2.0,5.93,1.0,1.0,1.0,1.6,1.1,1.0,1.0,4.54,1.46,1.0,1.0,1.12,1.05,1.0,1.0,1.0,1.0,1.0,3.97,1.0
53-7081.00,Refuse and Recyclable Material Collectors,transportation_machine_operation|physical_manual_labor|accounting|agriculture|animal_service|applied_arts_and_design|athletics|business_initiatives|construction_woodwork|creative_writing|culinary_art|engineering|finance|health_care_service|human_resources|humanities|information_technology|law|life_science|management_administration|marketing_advertising|mathematics_statistics|mechanics_electronics|media|medical_science|music|nature_outdoors|office_work|performing_arts|personal_service|physical_science|politics|professional_advising|protective_service|public_speaking|religious_activities|sales|social_science|social_service|teaching_education|visual_arts,0.0,0.0,0.0,0.0,0.0,0.0,0.0,0.0,0.0,0.0,0.0,0.0,0.0,0.0,0.0,0.0,0.0,0.0,0.0,0.0,0.0,0.0,0.0,0.0,0.0,0.0,0.0,0.0,1.0,0.0,0.0,0.0,0.0,0.0,0.0,0.0,0.0,0.0,0.0,2.0,0.0,1.1,1.01,1.0,1.0,1.14,1.0,1.16,1.0,1.0,1.47,1.0,1.0,1.0,1.0,1.03,1.0,1.0,1.17,1.0,1.0,2.39,1.0,1.0,1.0,1.29,1.06,1.0,1.09,6.68,1.02,1.0,1.0,1.12,1.0,1.0,1.0,1.0,1.03,1.0,6.3,1.0
53-7121.00,"Tank Car, Truck, and Ship Loaders",transportation_machine_operation|physical_manual_labor|accounting|agriculture|animal_service|applied_arts_and_design|athletics|business_initiatives|construction_woodwork|creative_writing|culinary_art|engineering|finance|health_care_service|human_resources|humanities|information_technology|law|life_science|management_administration|marketing_advertising|mathematics_statistics|mechanics_electronics|media|medical_science|music|nature_outdoors|office_work|performing_arts|personal_service|physical_science|politics|professional_advising|protective_service|public_speaking|religious_activities|sales|social_science|social_service|teaching_education|visual_arts,0.0,0.0,0.0,0.0,0.0,0.0,0.0,0.0,0.0,0.0,0.0,0.0,0.0,0.0,0.0,0.0,0.0,0.0,0.0,0.0,0.0,0.0,0.0,0.0,0.0,0.0,0.0,0.0,1.0,0.0,0.0,0.0,0.0,0.0,0.0,0.0,0.0,0.0,0.0,2.0,0.0,1.37,1.36,1.0,1.0,1.06,1.0,1.12,1.0,1.0,1.88,1.0,1.0,1.0,1.0,1.16,1.0,1.0,1.29,1.0,1.23,2.22,1.0,1.0,1.0,1.13,1.12,1.0,1.0,6.32,1.22,1.0,1.0,1.36,1.0,1.0,1.02,1.0,1.0,1.0,6.18,1.0
