ONET_SOC_CODE,title,work_styles_impact_ranked,work_styles_distinctiveness_ranked,work_styles_distinctiveness_rank_achievement_orientation_value,work_styles_distinctiveness_rank_adaptability_value,work_styles_distinctiveness_rank_attention_to_detail_value,work_styles_distinctiveness_rank_cautiousness_value,work_styles_distinctiveness_rank_cooperation_value,work_styles_distinctiveness_rank_dependability_value,work_styles_distinctiveness_rank_empathy_value,work_styles_distinctiveness_rank_humility_value,work_styles_distinctiveness_rank_initiative_value,work_styles_distinctiveness_rank_innovation_value,work_styles_distinctiveness_rank_integrity_value,work_styles_distinctiveness_rank_intellectual_curiosity_value,work_styles_distinctiveness_rank_leadership_orientation_value,work_styles_distinctiveness_rank_optimism_value,work_styles_distinctiveness_rank_perseverance_value,work_styles_distinctiveness_rank_self_confidence_value,work_styles_distinctiveness_rank_self_control_value,work_styles_distinctiveness_rank_sincerity_value,work_styles_distinctiveness_rank_social_orientation_value,work_styles_distinctiveness_rank_stress_tolerance_value,work_styles_distinctiveness_rank_tolerance_for_ambiguity_value,work_styles_impact_achievement_orientation_value,work_styles_impact_adaptability_value,work_styles_impact_attention_to_detail_value,work_styles_impact_cautiousness_value,work_styles_impact_cooperation_value,work_styles_impact_dependability_value,work_styles_impact_empathy_value,work_styles_impact_humility_value,work_styles_impact_initiative_value,work_styles_impact_innovation_value,work_styles_impact_integrity_value,work_styles_impact_intellectual_curiosity_value,work_styles_impact_leadership_orientation_value,work_styles_impact_optimism_value,work_styles_impact_perseverance_value,work_styles_impact_self_confidence_value,work_styles_impact_self_control_value,work_styles_impact_sincerity_value,work_styles_impact_social_orientation_value,work_styles_impact_stress_tolerance_value,work_styles_impact_tolerance_for_ambiguity_value
11-1011.00,Chief Executives,leadership_orientation|dependability|integrity|achievement_orientation|adaptability|self_confidence|stress_tolerance|initiative|perseverance|self_control,tolerance_for_ambiguity|initiative|self_confidence|leadership_orientation|adaptability|perseverance|innovation|stress_tolerance|self_control|social_orientation,0.0,5.0,0.0,0.0,0.0,0.0,0.0,0.0,2.0,7.0,0.0,0.0,4.0,0.0,6.0,3.0,9.0,0.0,10.0,8.0,1.0,2.91,2.69,1.44,1.03,1.53,2.93,1.07,-0.27,2.5,2.3,2.93,2.16,3.0,1.6,2.46,2.69,2.42,0.96,2.26,2.55,2.05
11-1021.00,General and Operations Managers,leadership_orientation|dependability|integrity|achievement_orientation|self_confidence|initiative|perseverance|self_control|adaptability|stress_tolerance,initiative|self_confidence|leadership_orientation|perseverance|adaptability|self_control|achievement_orientation|integrity|dependability,7.0,5.0,0.0,0.0,0.0,9.0,0.0,0.0,1.0,0.0,8.0,0.0,3.0,0.0,4.0,2.0,6.0,0.0,0.0,0.0,0.0,2.38,2.05,1.74,1.32,1.84,2.65,1.22,0.12,2.22,1.6,2.51,1.44,2.93,1.39,2.19,2.28,2.14,0.94,1.97,1.99,1.64
11-1031.00,Legislators,leadership_orientation|integrity|dependability|social_orientation|self_confidence|stress_tolerance|intellectual_curiosity|adaptability|perseverance|self_control,tolerance_for_ambiguity|initiative|self_confidence|leadership_orientation|adaptability|perseverance|stress_tolerance|self_control|social_orientation|achievement_orientation,10.0,5.0,0.0,0.0,0.0,0.0,0.0,0.0,2.0,0.0,0.0,0.0,4.0,0.0,6.0,3.0,8.0,0.0,9.0,7.0,1.0,2.28,2.38,1.47,1.0,2.18,2.65,1.77,-0.1,2.22,1.72,2.93,2.41,3.0,1.42,2.34,2.44,2.3,1.07,2.54,2.43,2.03
11-2011.00,Advertising and Promotions Managers,leadership_orientation|innovation|social_orientation|achievement_orientation|self_confidence|dependability|adaptability|initiative|attention_to_detail|cooperation,self_confidence|leadership_orientation|innovation|adaptability|social_orientation|achievement_orientation|dependability,6.0,4.0,0.0,0.0,0.0,7.0,0.0,0.0,0.0,3.0,0.0,0.0,2.0,0.0,0.0,1.0,0.0,0.0,5.0,0.0,0.0,2.31,2.13,1.86,-0.44,1.84,2.22,0.95,-0.73,1.96,2.48,1.45,1.44,2.52,1.63,1.77,2.24,1.37,0.57,2.45,1.8,1.72
11-2021.00,Marketing Managers,innovation|leadership_orientation|achievement_orientation|adaptability|self_confidence|social_orientation|dependability|initiative|intellectual_curiosity|perseverance,initiative|self_confidence|leadership_orientation|innovation|adaptability|social_orientation|achievement_orientation|dependability,7.0,5.0,0.0,0.0,0.0,8.0,0.0,0.0,1.0,4.0,0.0,0.0,3.0,0.0,0.0,2.0,0.0,0.0,6.0,0.0,0.0,2.38,2.3,1.62,0.32,1.5,2.14,1.05,-0.5,2.03,2.48,1.73,1.97,2.4,1.46,1.87,2.2,1.43,0.62,2.2,1.8,1.72
11-2022.00,Sales Managers,leadership_orientation|social_orientation|dependability|perseverance|achievement_orientation|self_confidence|initiative|integrity|adaptability|stress_tolerance,initiative|self_confidence|leadership_orientation|perseverance|adaptability|social_orientation|achievement_orientation|integrity|dependability,7.0,5.0,0.0,0.0,0.0,9.0,0.0,0.0,1.0,0.0,8.0,0.0,3.0,0.0,4.0,2.0,0.0,0.0,6.0,0.0,0.0,2.45,2.02,1.67,0.24,1.77,2.47,1.35,-0.54,2.07,1.47,2.06,1.17,2.71,1.71,2.46,2.4,1.91,0.94,2.54,1.93,1.51
11-2032.00,Public Relations Managers,cooperation|social_orientation|dependability|leadership_orientation|self_confidence|integrity|adaptability|optimism|achievement_orientation|stress_tolerance,initiative|self_confidence|optimism|leadership_orientation|adaptability|innovation|stress_tolerance|self_control|social_orientation|achievement_orientation,10.0,5.0,0.0,0.0,0.0,0.0,0.0,0.0,1.0,6.0,0.0,0.0,4.0,3.0,0.0,2.0,8.0,0.0,9.0,7.0,0.0,2.21,2.3,1.89,0.9,2.69,2.56,1.77,-0.43,2.11,2.15,2.32,1.57,2.46,2.22,1.97,2.4,2.18,1.55,2.6,2.21,1.74
11-2033.00,Fundraising Managers,achievement_orientation|social_orientation|integrity|dependability|leadership_orientation|cooperation|perseverance|optimism|initiative|self_control,initiative|optimism|leadership_orientation|perseverance|social_orientation|achievement_orientation|cooperation|integrity|dependability,6.0,0.0,0.0,0.0,7.0,9.0,0.0,0.0,1.0,0.0,8.0,0.0,3.0,2.0,4.0,0.0,0.0,0.0,5.0,0.0,0.0,2.91,1.79,1.76,0.06,2.3,2.47,1.86,-0.67,2.07,1.47,2.51,1.44,2.37,2.1,2.12,1.57,1.91,1.9,2.81,0.72,1.51
11-3012.00,Administrative Services Managers,dependability|leadership_orientation|attention_to_detail|cooperation|achievement_orientation|self_control|cautiousness|initiative|self_confidence|social_orientation,dependability,0.0,0.0,0.0,0.0,0.0,1.0,0.0,0.0,0.0,0.0,0.0,0.0,0.0,0.0,0.0,0.0,0.0,0.0,0.0,0.0,0.0,1.77,1.44,1.94,1.69,1.84,2.65,1.02,0.58,1.66,1.17,1.18,0.89,1.95,0.52,1.07,1.47,1.7,0.94,1.47,1.29,0.56
11-3013.00,Facilities Managers,dependability|leadership_orientation|cautiousness|attention_to_detail|initiative|integrity|adaptability|achievement_orientation|stress_tolerance|self_confidence,leadership_orientation|cautiousness|attention_to_detail|dependability,0.0,0.0,3.0,2.0,0.0,4.0,0.0,0.0,0.0,0.0,0.0,0.0,1.0,0.0,0.0,0.0,0.0,0.0,0.0,0.0,0.0,1.77,1.79,2.14,2.14,1.63,2.65,0.64,0.56,1.86,1.07,1.82,1.02,2.43,0.66,1.7,1.73,1.7,0.84,1.18,1.76,1.22
11-3013.01,Security Managers,cautiousness|dependability|integrity|attention_to_detail|leadership_orientation|self_control|stress_tolerance|achievement_orientation|perseverance|initiative,leadership_orientation|perseverance|stress_tolerance|self_control|achievement_orientation|cautiousness|integrity|attention_to_detail|dependability,5.0,0.0,8.0,6.0,0.0,9.0,0.0,0.0,0.0,0.0,7.0,0.0,1.0,0.0,2.0,0.0,4.0,0.0,0.0,3.0,0.0,2.01,1.86,2.57,3.0,1.63,2.93,0.54,0.15,1.96,0.77,2.93,1.61,2.49,0.59,2.01,1.9,2.42,1.09,0.97,2.21,1.49
11-3021.00,Computer and Information Systems Managers,dependability|leadership_orientation|attention_to_detail|integrity|innovation|intellectual_curiosity|achievement_orientation|adaptability|initiative|cooperation,initiative|leadership_orientation|innovation|adaptability|achievement_orientation|intellectual_curiosity|integrity|attention_to_detail|dependability,5.0,4.0,8.0,0.0,0.0,9.0,0.0,0.0,1.0,3.0,7.0,6.0,2.0,0.0,0.0,0.0,0.0,0.0,0.0,0.0,0.0,2.24,2.21,2.37,1.82,1.92,2.65,0.82,0.5,2.03,2.33,2.36,2.28,2.43,0.66,1.77,1.73,1.7,0.96,1.65,1.8,1.72
11-3031.00,Financial Managers,integrity|attention_to_detail|dependability|leadership_orientation|cautiousness|achievement_orientation|social_orientation|self_confidence|self_control|perseverance,leadership_orientation|achievement_orientation|cautiousness|integrity|attention_to_detail|dependability,2.0,0.0,5.0,3.0,0.0,6.0,0.0,0.0,0.0,0.0,4.0,0.0,1.0,0.0,0.0,0.0,0.0,0.0,0.0,0.0,0.0,2.17,1.22,2.74,2.28,1.53,2.65,0.86,0.19,1.62,0.97,2.89,1.75,2.46,0.95,1.8,1.9,1.84,1.09,1.95,1.8,1.39
11-3031.01,Treasurers and Controllers,attention_to_detail|dependability|integrity|cautiousness|leadership_orientation|achievement_orientation|intellectual_curiosity|self_confidence|initiative|perseverance,leadership_orientation|achievement_orientation|intellectual_curiosity|cautiousness|integrity|attention_to_detail|dependability,2.0,0.0,6.0,4.0,0.0,7.0,0.0,0.0,0.0,0.0,5.0,3.0,1.0,0.0,0.0,0.0,0.0,0.0,0.0,0.0,0.0,2.28,1.26,3.0,2.62,1.28,2.93,0.34,0.0,1.82,0.97,2.93,2.08,2.58,0.28,1.77,1.87,1.7,0.98,1.18,1.61,1.24
11-3031.03,Investment Fund Managers,attention_to_detail|integrity|dependability|achievement_orientation|intellectual_curiosity|self_confidence|stress_tolerance|perseverance|leadership_orientation|tolerance_for_ambiguity,tolerance_for_ambiguity|self_confidence|leadership_orientation|perseverance|stress_tolerance|self_control|achievement_orientation|intellectual_curiosity|integrity|attention_to_detail,7.0,0.0,10.0,0.0,0.0,0.0,0.0,0.0,0.0,0.0,9.0,8.0,3.0,0.0,4.0,2.0,6.0,0.0,0.0,5.0,1.0,2.6,1.86,3.0,1.96,0.85,2.62,0.35,-0.7,1.93,1.28,2.89,2.58,2.22,0.66,2.23,2.24,2.06,0.5,1.31,2.24,2.08
11-3051.00,Industrial Production Managers,leadership_orientation|dependability|attention_to_detail|achievement_orientation|initiative|cautiousness|stress_tolerance|integrity|perseverance|self_confidence,leadership_orientation|achievement_orientation|attention_to_detail|dependability,2.0,0.0,3.0,0.0,0.0,4.0,0.0,0.0,0.0,0.0,0.0,0.0,1.0,0.0,0.0,0.0,0.0,0.0,0.0,0.0,0.0,2.17,1.83,2.57,1.99,1.63,2.62,0.75,0.47,2.0,1.36,1.96,1.26,2.74,0.9,1.94,1.87,1.7,0.94,1.29,1.99,1.14
11-3051.01,Quality Control Systems Managers,attention_to_detail|dependability|cautiousness|integrity|leadership_orientation|achievement_orientation|intellectual_curiosity|perseverance|initiative|cooperation,leadership_orientation|perseverance|achievement_orientation|intellectual_curiosity|cautiousness|integrity|attention_to_detail|dependability,3.0,0.0,7.0,5.0,0.0,8.0,0.0,0.0,0.0,0.0,6.0,4.0,1.0,0.0,2.0,0.0,0.0,0.0,0.0,0.0,0.0,2.14,1.65,3.0,2.74,1.84,2.93,0.56,0.5,1.86,1.23,2.55,2.08,2.43,0.28,2.04,1.76,1.7,1.28,1.13,1.8,0.22
11-3061.00,Purchasing Managers,dependability|attention_to_detail|integrity|leadership_orientation|self_confidence|cautiousness|achievement_orientation|cooperation|perseverance|self_control,self_confidence|leadership_orientation|cautiousness|integrity|attention_to_detail|dependability,0.0,0.0,5.0,3.0,0.0,6.0,0.0,0.0,0.0,0.0,4.0,0.0,2.0,0.0,0.0,1.0,0.0,0.0,0.0,0.0,0.0,1.98,1.48,2.44,2.06,1.84,2.65,0.62,0.24,1.66,1.02,2.4,1.2,2.37,0.66,1.74,2.12,1.7,0.92,1.65,1.35,1.2
11-3071.00,"Transportation, Storage, and Distribution Managers",dependability|leadership_orientation|integrity|attention_to_detail|achievement_orientation|initiative|adaptability|cautiousness|perseverance|stress_tolerance,initiative|leadership_orientation|adaptability|achievement_orientation|integrity|attention_to_detail|dependability,4.0,3.0,6.0,0.0,0.0,7.0,0.0,0.0,1.0,0.0,5.0,0.0,2.0,0.0,0.0,0.0,0.0,0.0,0.0,0.0,0.0,2.11,2.02,2.37,1.99,1.77,2.65,0.79,0.47,2.03,1.25,2.43,1.17,2.58,0.69,1.97,1.83,1.7,0.78,1.24,1.86,1.33
11-3071.04,Supply Chain Managers,dependability|attention_to_detail|adaptability|leadership_orientation|integrity|achievement_orientation|initiative|perseverance|cautiousness|stress_tolerance,initiative|leadership_orientation|adaptability|achievement_orientation|integrity|attention_to_detail|dependability,4.0,3.0,6.0,0.0,0.0,7.0,0.0,0.0,1.0,0.0,5.0,0.0,2.0,0.0,0.0,0.0,0.0,0.0,0.0,0.0,0.0,2.14,2.3,2.44,1.82,1.63,2.65,0.54,0.56,2.03,1.72,2.17,1.48,2.25,0.64,1.9,1.76,1.56,0.72,1.27,1.8,1.49
11-3111.00,Compensation and Benefits Managers,dependability|attention_to_detail|integrity|leadership_orientation|cautiousness|cooperation|achievement_orientation|self_control|self_confidence|initiative,leadership_orientation|cautiousness|integrity|attention_to_detail|dependability,0.0,0.0,4.0,2.0,0.0,5.0,0.0,0.0,0.0,0.0,3.0,0.0,1.0,0.0,0.0,0.0,0.0,0.0,0.0,0.0,0.0,1.8,1.22,2.63,2.06,1.84,2.65,1.07,0.58,1.69,1.02,2.43,1.68,2.07,0.66,1.58,1.76,1.77,1.19,1.49,1.49,1.2
11-3121.00,Human Resources Managers,integrity|dependability|leadership_orientation|social_orientation|cooperation|empathy|attention_to_detail|self_control|stress_tolerance|perseverance,leadership_orientation|empathy|stress_tolerance|self_control|social_orientation|cooperation|integrity|attention_to_detail|dependability,0.0,0.0,8.0,0.0,6.0,9.0,2.0,0.0,0.0,0.0,7.0,0.0,1.0,0.0,0.0,0.0,4.0,0.0,5.0,3.0,0.0,1.86,1.94,2.14,1.63,2.3,2.65,2.17,1.22,1.93,0.99,2.93,1.2,2.46,1.29,1.97,1.83,2.14,1.9,2.31,2.1,1.47
11-3131.00,Training and Development Managers,dependability|innovation|leadership_orientation|adaptability|cooperation|social_orientation|intellectual_curiosity|achievement_orientation|initiative|attention_to_detail,initiative|leadership_orientation|innovation|adaptability|social_orientation|achievement_orientation|cooperation|intellectual_curiosity|attention_to_detail|dependability,6.0,4.0,9.0,0.0,7.0,10.0,0.0,0.0,1.0,3.0,0.0,8.0,2.0,0.0,0.0,0.0,0.0,0.0,5.0,0.0,0.0,2.14,2.34,2.02,0.9,2.3,2.65,1.89,1.03,2.03,2.42,1.89,2.2,2.4,1.78,1.77,1.73,1.7,1.6,2.24,1.38,1.43
11-9013.00,"Farmers, Ranchers, and Other Agricultural Managers",leadership_orientation|dependability|perseverance|attention_to_detail|achievement_orientation|initiative|adaptability|self_confidence|stress_tolerance|integrity,leadership_orientation|perseverance|achievement_orientation|attention_to_detail|dependability,3.0,0.0,4.0,0.0,0.0,5.0,0.0,0.0,0.0,0.0,0.0,0.0,1.0,0.0,2.0,0.0,0.0,0.0,0.0,0.0,0.0,2.01,1.83,2.05,1.47,0.51,2.5,0.37,0.53,1.89,1.36,1.63,1.02,2.68,1.01,2.3,1.76,1.34,0.72,0.65,1.73,1.49
11-9021.00,Construction Managers,leadership_orientation|dependability|integrity|attention_to_detail|perseverance|stress_tolerance|achievement_orientation|cautiousness|adaptability|self_confidence,initiative|self_confidence|leadership_orientation|perseverance|adaptability|stress_tolerance|achievement_orientation|cautiousness|integrity|attention_to_detail,7.0,5.0,10.0,8.0,0.0,0.0,0.0,0.0,1.0,0.0,9.0,0.0,3.0,0.0,4.0,2.0,0.0,0.0,0.0,6.0,0.0,2.14,2.09,2.28,2.14,1.84,2.65,0.86,0.47,2.03,1.28,2.32,1.11,2.68,0.98,2.23,2.05,1.91,0.96,1.61,2.21,1.37
11-9031.00,"Education and Childcare Administrators, Preschool and Daycare",dependability|cooperation|leadership_orientation|integrity|empathy|optimism|social_orientation|sincerity|self_control|stress_tolerance,optimism|sincerity|leadership_orientation|empathy|self_control|social_orientation|cooperation|integrity|dependability,0.0,0.0,0.0,0.0,7.0,9.0,4.0,0.0,0.0,0.0,8.0,0.0,3.0,1.0,0.0,0.0,5.0,2.0,6.0,0.0,0.0,1.92,1.75,1.92,1.86,2.69,2.83,2.4,1.09,1.79,1.3,2.43,1.2,2.43,2.35,1.74,1.7,2.14,2.14,2.33,1.99,1.33
11-9032.00,"Education Administrators, Kindergarten through Secondary",leadership_orientation|dependability|integrity|cooperation|social_orientation|self_confidence|stress_tolerance|empathy|achievement_orientation|perseverance,initiative|self_confidence|leadership_orientation|perseverance|empathy|stress_tolerance|self_control|social_orientation|achievement_orientation|cooperation,9.0,0.0,0.0,0.0,10.0,0.0,5.0,0.0,1.0,0.0,0.0,0.0,3.0,0.0,4.0,2.0,7.0,0.0,8.0,6.0,0.0,2.14,1.61,1.89,1.59,2.38,2.93,2.2,0.58,2.03,1.6,2.51,2.08,3.0,1.86,2.12,2.24,2.06,1.9,2.33,2.21,1.56
11-9033.00,"Education Administrators, Postsecondary",leadership_orientation|dependability|integrity|social_orientation|cooperation|achievement_orientation|intellectual_curiosity|self_confidence|initiative|empathy,initiative|self_confidence|leadership_orientation|empathy|social_orientation|achievement_orientation|cooperation|intellectual_curiosity|integrity|dependability,6.0,0.0,0.0,0.0,7.0,10.0,4.0,0.0,1.0,0.0,9.0,8.0,3.0,0.0,0.0,2.0,0.0,0.0,5.0,0.0,0.0,2.28,1.79,1.92,1.38,2.3,2.65,2.01,0.5,2.03,1.58,2.43,2.2,2.87,1.56,1.77,2.05,1.98,1.52,2.33,1.8,1.6
11-9041.00,Architectural and Engineering Managers,leadership_orientation|dependability|innovation|attention_to_detail|intellectual_curiosity|integrity|achievement_orientation|self_confidence|cautiousness|initiative,initiative|self_confidence|leadership_orientation|innovation|achievement_orientation|intellectual_curiosity|cautiousness|integrity|attention_to_detail|dependability,5.0,0.0,9.0,7.0,0.0,10.0,0.0,0.0,1.0,4.0,8.0,6.0,3.0,0.0,0.0,2.0,0.0,0.0,0.0,0.0,0.0,2.17,1.75,2.25,2.06,1.84,2.56,0.86,0.32,2.03,2.33,2.21,2.24,2.61,0.9,1.97,2.16,1.7,1.0,1.74,1.8,1.51
11-9051.00,Food Service Managers,dependability|leadership_orientation|cooperation|attention_to_detail|social_orientation|stress_tolerance|self_control|adaptability|achievement_orientation|integrity,leadership_orientation|stress_tolerance|social_orientation|cooperation|attention_to_detail|dependability,0.0,0.0,5.0,0.0,4.0,6.0,0.0,0.0,0.0,0.0,0.0,0.0,1.0,0.0,0.0,0.0,0.0,0.0,3.0,2.0,0.0,1.77,1.79,2.19,1.59,2.3,2.65,1.3,0.7,1.75,0.97,1.76,0.67,2.49,1.36,1.74,1.7,1.95,1.11,2.11,2.03,0.97
11-9071.00,Gambling Managers,integrity|dependability|leadership_orientation|attention_to_detail|social_orientation|self_control|stress_tolerance|adaptability|achievement_orientation|self_confidence,leadership_orientation|stress_tolerance|self_control|social_orientation|integrity|attention_to_detail|dependability,0.0,0.0,6.0,0.0,0.0,7.0,0.0,0.0,0.0,0.0,5.0,0.0,1.0,0.0,0.0,0.0,3.0,0.0,4.0,2.0,0.0,1.77,1.79,2.41,1.63,1.5,2.47,0.88,-0.47,1.59,0.37,2.93,0.87,2.43,1.04,1.46,1.73,2.26,0.33,2.31,2.21,1.24
11-9072.00,"Entertainment and Recreation Managers, Except Gambling",dependability|social_orientation|leadership_orientation|cooperation|optimism|stress_tolerance|adaptability|self_control|initiative|perseverance,optimism|leadership_orientation|stress_tolerance|social_orientation|cooperation|dependability,0.0,0.0,0.0,0.0,5.0,6.0,0.0,0.0,0.0,0.0,0.0,0.0,2.0,1.0,0.0,0.0,0.0,0.0,4.0,3.0,0.0,1.69,1.94,1.67,1.32,2.3,2.56,1.43,0.47,1.79,1.47,1.66,0.56,2.31,2.06,1.74,1.73,1.84,1.23,2.38,2.03,1.41
11-9081.00,Lodging Managers,dependability|cooperation|social_orientation|leadership_orientation|integrity|self_control|attention_to_detail|stress_tolerance|achievement_orientation|optimism,leadership_orientation|self_control|social_orientation|cooperation|integrity|dependability,0.0,0.0,0.0,0.0,4.0,6.0,0.0,0.0,0.0,0.0,5.0,0.0,1.0,0.0,0.0,0.0,2.0,0.0,3.0,0.0,0.0,1.98,1.83,2.0,1.2,2.43,2.62,1.62,0.96,1.79,0.99,2.1,0.56,2.34,1.9,1.8,1.73,2.06,1.33,2.4,1.99,1.14
11-9111.00,Medical and Health Services Managers,dependability|leadership_orientation|attention_to_detail|integrity|cooperation|adaptability|cautiousness|stress_tolerance|social_orientation|self_control,initiative|self_confidence|leadership_orientation|adaptability|stress_tolerance|self_control|social_orientation|achievement_orientation|cooperation|intellectual_curiosity,8.0,4.0,0.0,0.0,9.0,0.0,0.0,0.0,1.0,0.0,0.0,10.0,3.0,0.0,0.0,2.0,6.0,0.0,7.0,5.0,0.0,2.14,2.3,2.6,2.28,2.43,2.93,1.83,0.99,2.14,1.52,2.55,2.04,2.74,1.16,1.97,2.01,2.18,1.49,2.22,2.24,1.64
11-9121.00,Natural Sciences Managers,intellectual_curiosity|leadership_orientation|dependability|innovation|achievement_orientation|attention_to_detail|integrity|perseverance|adaptability|cooperation,initiative|leadership_orientation|innovation|perseverance|adaptability|achievement_orientation|cooperation|intellectual_curiosity|integrity|attention_to_detail,6.0,5.0,10.0,0.0,7.0,0.0,0.0,0.0,1.0,3.0,9.0,8.0,2.0,0.0,4.0,0.0,0.0,0.0,0.0,0.0,0.0,2.35,2.09,2.22,1.63,2.07,2.62,0.86,0.34,2.03,2.51,2.17,2.72,2.71,0.84,2.15,1.98,1.7,0.96,1.65,1.8,1.87
11-9121.01,Clinical Research Coordinators,attention_to_detail|dependability|integrity|cautiousness|cooperation|intellectual_curiosity|achievement_orientation|adaptability|perseverance|stress_tolerance,adaptability|perseverance|achievement_orientation|cooperation|intellectual_curiosity|cautiousness|integrity|attention_to_detail|dependability,3.0,1.0,8.0,6.0,4.0,9.0,0.0,0.0,0.0,0.0,7.0,5.0,0.0,0.0,2.0,0.0,0.0,0.0,0.0,0.0,0.0,2.11,2.09,2.77,2.35,2.34,2.65,1.77,1.12,1.53,1.23,2.4,2.12,1.78,1.04,2.01,1.57,1.7,1.75,1.79,1.99,1.58
11-9131.00,Postmasters and Mail Superintendents,leadership_orientation|dependability|integrity|attention_to_detail|self_control|cooperation|cautiousness|achievement_orientation|perseverance|self_confidence,leadership_orientation|integrity|attention_to_detail|dependability,0.0,0.0,3.0,0.0,0.0,4.0,0.0,0.0,0.0,0.0,2.0,0.0,1.0,0.0,0.0,0.0,0.0,0.0,0.0,0.0,0.0,1.77,1.0,2.14,1.79,1.84,2.65,1.07,0.7,1.41,0.26,2.28,0.33,2.87,1.1,1.64,1.63,1.98,1.07,1.52,1.27,0.6
11-9141.00,"Property, Real Estate, and Community Association Managers",dependability|leadership_orientation|attention_to_detail|integrity|social_orientation|self_confidence|cooperation|initiative|stress_tolerance|achievement_orientation,leadership_orientation|social_orientation|integrity|attention_to_detail|dependability,0.0,0.0,4.0,0.0,0.0,5.0,0.0,0.0,0.0,0.0,3.0,0.0,1.0,0.0,0.0,0.0,0.0,0.0,2.0,0.0,0.0,1.77,1.48,2.31,1.63,1.84,2.65,1.0,0.47,1.82,0.87,2.1,0.87,2.34,1.01,1.74,1.94,1.77,1.0,2.01,1.8,1.2
11-9151.00,Social and Community Service Managers,dependability|leadership_orientation|cooperation|social_orientation|empathy|integrity|sincerity|optimism|achievement_orientation|adaptability,sincerity|optimism|leadership_orientation|adaptability|empathy|self_control|social_orientation|achievement_orientation|cooperation|integrity,8.0,4.0,0.0,0.0,9.0,0.0,5.0,0.0,0.0,0.0,10.0,0.0,3.0,2.0,0.0,0.0,6.0,1.0,7.0,0.0,0.0,2.11,2.09,1.71,1.41,2.43,2.65,2.33,1.19,1.93,1.33,2.32,1.32,2.61,2.18,1.97,1.76,2.06,2.2,2.38,1.99,1.51
11-9161.00,Emergency Management Directors,stress_tolerance|dependability|integrity|adaptability|leadership_orientation|self_control|attention_to_detail|cautiousness|cooperation|initiative,tolerance_for_ambiguity|initiative|self_confidence|leadership_orientation|adaptability|perseverance|stress_tolerance|self_control|social_orientation|achievement_orientation,10.0,5.0,0.0,0.0,0.0,0.0,0.0,0.0,2.0,0.0,0.0,0.0,4.0,0.0,6.0,3.0,8.0,0.0,9.0,7.0,1.0,2.17,2.74,2.5,2.47,2.43,2.93,1.54,0.55,2.34,1.72,2.93,2.16,2.68,1.01,2.34,2.32,2.63,1.81,2.13,3.0,2.08
11-9171.00,Funeral Home Managers,dependability|empathy|cooperation|sincerity|integrity|self_control|attention_to_detail|leadership_orientation|social_orientation|stress_tolerance,humility|sincerity|leadership_orientation|perseverance|empathy|stress_tolerance|self_control|social_orientation|cooperation|cautiousness,0.0,0.0,0.0,10.0,9.0,0.0,5.0,1.0,0.0,0.0,0.0,0.0,3.0,0.0,4.0,0.0,7.0,2.0,8.0,6.0,0.0,1.66,1.6,2.37,2.06,2.55,2.65,2.64,2.05,1.72,0.77,2.51,0.53,2.31,0.87,2.01,1.66,2.42,2.53,2.24,2.21,1.14
11-9179.01,Fitness and Wellness Coordinators,dependability|social_orientation|cooperation|leadership_orientation|optimism|initiative|achievement_orientation|self_confidence|adaptability|perseverance,optimism|leadership_orientation|social_orientation|cooperation|dependability,0.0,0.0,0.0,0.0,4.0,5.0,0.0,0.0,0.0,0.0,0.0,0.0,2.0,1.0,0.0,0.0,0.0,0.0,3.0,0.0,0.0,1.83,1.79,1.76,0.79,2.3,2.5,1.59,0.87,1.93,1.47,1.73,0.94,2.25,2.02,1.77,1.8,1.7,1.39,2.33,1.46,0.89
11-9179.02,Spa Managers,dependability|social_orientation|leadership_orientation|cooperation|achievement_orientation|attention_to_detail|self_control|optimism|initiative|integrity,leadership_orientation|social_orientation|cooperation|dependability,0.0,0.0,0.0,0.0,3.0,4.0,0.0,0.0,0.0,0.0,0.0,0.0,1.0,0.0,0.0,0.0,0.0,0.0,2.0,0.0,0.0,1.98,1.68,1.97,1.09,2.22,2.53,1.59,0.99,1.79,1.23,1.79,0.76,2.34,1.9,1.67,1.7,1.95,1.44,2.38,1.58,1.1
11-9199.01,Regulatory Affairs Managers,attention_to_detail|dependability|integrity|cautiousness|leadership_orientation|intellectual_curiosity|achievement_orientation|perseverance|self_control|initiative,leadership_orientation|achievement_orientation|intellectual_curiosity|cautiousness|integrity|attention_to_detail|dependability,2.0,0.0,6.0,4.0,0.0,7.0,0.0,0.0,0.0,0.0,5.0,3.0,1.0,0.0,0.0,0.0,0.0,0.0,0.0,0.0,0.0,2.17,1.75,3.0,2.74,1.63,2.93,0.45,0.67,1.82,0.87,2.93,2.24,2.31,0.69,1.97,1.73,1.84,1.26,1.18,1.8,1.31
11-9199.08,Loss Prevention Managers,dependability|integrity|cautiousness|attention_to_detail|leadership_orientation|self_control|stress_tolerance|perseverance|achievement_orientation|initiative,leadership_orientation|perseverance|stress_tolerance|self_control|achievement_orientation|cautiousness|integrity|attention_to_detail|dependability,5.0,0.0,8.0,6.0,0.0,9.0,0.0,0.0,0.0,0.0,7.0,0.0,1.0,0.0,2.0,0.0,4.0,0.0,0.0,3.0,0.0,2.04,1.54,2.74,2.74,0.75,2.93,0.35,-0.32,1.82,0.75,2.93,1.17,2.49,0.32,2.15,1.76,2.42,0.44,1.09,2.24,1.16
13-1011.00,"Agents and Business Managers of Artists, Performers, and Athletes",social_orientation|self_confidence|perseverance|leadership_orientation|dependability|achievement_orientation|adaptability|initiative|integrity|attention_to_detail,initiative|self_confidence|leadership_orientation|perseverance|adaptability|social_orientation|achievement_orientation|integrity|attention_to_detail|dependability,7.0,5.0,9.0,0.0,0.0,10.0,0.0,0.0,1.0,0.0,8.0,0.0,3.0,0.0,4.0,2.0,0.0,0.0,6.0,0.0,0.0,2.21,2.09,2.02,-0.06,1.7,2.25,1.48,-0.8,2.07,1.39,2.06,1.17,2.25,1.74,2.3,2.32,1.8,0.57,2.54,1.83,1.76
13-1021.00,"Buyers and Purchasing Agents, Farm Products",dependability|attention_to_detail|integrity|self_confidence|achievement_orientation|perseverance|social_orientation|cautiousness|initiative|tolerance_for_ambiguity,integrity|attention_to_detail|dependability,0.0,0.0,2.0,0.0,0.0,3.0,0.0,0.0,0.0,0.0,1.0,0.0,0.0,0.0,0.0,0.0,0.0,0.0,0.0,0.0,0.0,1.69,1.26,2.22,1.56,1.08,2.41,0.47,0.7,1.44,0.67,2.03,0.84,1.29,0.66,1.64,1.94,1.34,1.02,1.58,1.16,1.35
13-1022.00,"Wholesale and Retail Buyers, Except Farm Products",attention_to_detail|dependability|self_confidence|achievement_orientation|social_orientation|integrity|perseverance|adaptability|initiative|cautiousness,attention_to_detail|dependability,0.0,0.0,1.0,0.0,0.0,2.0,0.0,0.0,0.0,0.0,0.0,0.0,0.0,0.0,0.0,0.0,0.0,0.0,0.0,0.0,0.0,1.86,1.72,2.28,1.5,1.31,2.14,0.64,-0.25,1.53,1.28,1.79,1.23,1.37,0.76,1.77,1.98,1.31,0.86,1.83,1.38,1.24
13-1023.00,"Purchasing Agents, Except Wholesale, Retail, and Farm Products",dependability|attention_to_detail|integrity|self_confidence|achievement_orientation|perseverance|cooperation|initiative|cautiousness|intellectual_curiosity,self_confidence|integrity|attention_to_detail|dependability,0.0,0.0,3.0,0.0,0.0,4.0,0.0,0.0,0.0,0.0,2.0,0.0,0.0,0.0,0.0,1.0,0.0,0.0,0.0,0.0,0.0,1.77,1.35,2.37,1.56,1.63,2.59,0.62,0.5,1.59,0.82,2.28,1.41,1.26,0.52,1.74,2.01,1.31,0.86,1.4,1.32,1.1
13-1031.00,"Claims Adjusters, Examiners, and Investigators",attention_to_detail|dependability|integrity|cautiousness|perseverance|stress_tolerance|self_control|achievement_orientation|self_confidence|initiative,cautiousness|integrity|attention_to_detail|dependability,0.0,0.0,3.0,1.0,0.0,4.0,0.0,0.0,0.0,0.0,2.0,0.0,0.0,0.0,0.0,0.0,0.0,0.0,0.0,0.0,0.0,1.71,1.26,2.67,2.35,1.38,2.53,1.17,0.53,1.38,0.02,2.51,1.35,0.66,0.38,1.8,1.66,1.8,0.96,1.33,1.8,1.31
13-1032.00,"Insurance Appraisers, Auto Damage",attention_to_detail|integrity|dependability|cautiousness|self_confidence|self_control|perseverance|stress_tolerance|achievement_orientation|social_orientation,cautiousness|integrity|attention_to_detail|dependability,0.0,0.0,3.0,1.0,0.0,4.0,0.0,0.0,0.0,0.0,2.0,0.0,0.0,0.0,0.0,0.0,0.0,0.0,0.0,0.0,0.0,1.3,0.86,2.53,2.03,1.2,2.06,0.3,0.67,0.49,-0.12,2.13,0.76,0.43,0.01,1.4,1.54,1.5,0.76,1.24,1.38,0.74
13-1041.00,Compliance Officers,integrity|dependability|attention_to_detail|cautiousness|self_control|perseverance|stress_tolerance|cooperation|sincerity|self_confidence,cautiousness|integrity|attention_to_detail|dependability,0.0,0.0,3.0,1.0,0.0,4.0,0.0,0.0,0.0,0.0,2.0,0.0,0.0,0.0,0.0,0.0,0.0,0.0,0.0,0.0,0.0,1.09,0.5,2.57,2.24,1.41,2.59,0.62,0.64,0.65,-0.59,2.93,0.87,0.98,0.38,1.46,1.21,1.84,1.28,1.09,1.43,0.44
13-1041.04,Government Property Inspectors and Investigators,integrity|attention_to_detail|dependability|cautiousness|perseverance|achievement_orientation|self_confidence|self_control|stress_tolerance|initiative,cautiousness|integrity|attention_to_detail|dependability,0.0,0.0,3.0,1.0,0.0,4.0,0.0,0.0,0.0,0.0,2.0,0.0,0.0,0.0,0.0,0.0,0.0,0.0,0.0,0.0,0.0,1.47,0.97,2.74,2.1,0.75,2.59,0.16,0.42,1.15,-0.16,2.93,1.14,0.98,0.24,1.55,1.35,1.31,0.25,0.77,1.22,-0.27
13-1041.06,Coroners,attention_to_detail|integrity|dependability|stress_tolerance|cautiousness|self_control|intellectual_curiosity|perseverance|leadership_orientation|achievement_orientation,stress_tolerance|self_control|intellectual_curiosity|cautiousness|integrity|attention_to_detail|dependability,0.0,0.0,6.0,4.0,0.0,7.0,0.0,0.0,0.0,0.0,5.0,3.0,0.0,0.0,0.0,0.0,2.0,0.0,0.0,1.0,0.0,1.74,1.08,3.0,2.54,1.14,2.74,0.93,0.93,1.21,-0.22,2.93,2.04,1.89,0.18,1.97,1.73,2.38,1.39,0.29,2.59,1.51
13-1041.07,Regulatory Affairs Specialists,attention_to_detail|dependability|cautiousness|integrity|intellectual_curiosity|achievement_orientation|cooperation|perseverance|initiative|self_confidence,intellectual_curiosity|cautiousness|integrity|attention_to_detail|dependability,0.0,0.0,4.0,2.0,0.0,5.0,0.0,0.0,0.0,0.0,3.0,1.0,0.0,0.0,0.0,0.0,0.0,0.0,0.0,0.0,0.0,1.8,1.22,3.0,2.62,1.67,2.65,0.34,0.61,1.44,0.24,2.55,2.2,0.88,0.28,1.61,1.44,1.37,0.98,0.88,1.43,0.4
13-1041.08,Customs Brokers,integrity|attention_to_detail|dependability|cautiousness|perseverance|achievement_orientation|cooperation|self_confidence|stress_tolerance|initiative,cautiousness|integrity|attention_to_detail|dependability,0.0,0.0,3.0,1.0,0.0,4.0,0.0,0.0,0.0,0.0,2.0,0.0,0.0,0.0,0.0,0.0,0.0,0.0,0.0,0.0,0.0,1.66,1.38,2.67,2.39,1.63,2.65,0.28,0.47,1.47,-0.1,2.72,1.41,0.71,0.45,1.77,1.6,1.22,1.07,1.2,1.55,1.1
13-1051.00,Cost Estimators,attention_to_detail|dependability|integrity|cautiousness|perseverance|self_confidence|achievement_orientation|stress_tolerance|intellectual_curiosity|initiative,cautiousness|integrity|attention_to_detail|dependability,0.0,0.0,3.0,1.0,0.0,4.0,0.0,0.0,0.0,0.0,2.0,0.0,0.0,0.0,0.0,0.0,0.0,0.0,0.0,0.0,0.0,1.6,1.26,2.77,2.06,1.26,2.59,-0.08,0.34,1.38,0.94,2.17,1.44,0.98,0.06,1.83,1.73,1.22,0.53,1.2,1.49,0.41
13-1071.00,Human Resources Specialists,dependability|integrity|cooperation|attention_to_detail|social_orientation|empathy|self_control|sincerity|initiative|cautiousness,social_orientation|cooperation|integrity|attention_to_detail|dependability,0.0,0.0,4.0,0.0,2.0,5.0,0.0,0.0,0.0,0.0,3.0,0.0,0.0,0.0,0.0,0.0,0.0,0.0,1.0,0.0,0.0,1.4,1.41,2.28,1.56,2.3,2.59,1.92,1.15,1.62,0.89,2.43,1.23,1.11,1.42,1.34,1.44,1.8,1.66,2.26,1.43,0.99
13-1074.00,Farm Labor Contractors,leadership_orientation|dependability|stress_tolerance|attention_to_detail|integrity|self_control|cooperation|perseverance|social_orientation|self_confidence,leadership_orientation|dependability,0.0,0.0,0.0,0.0,0.0,2.0,0.0,0.0,0.0,0.0,0.0,0.0,1.0,0.0,0.0,0.0,0.0,0.0,0.0,0.0,0.0,0.99,1.08,1.55,0.57,1.44,2.3,1.19,1.15,1.26,0.04,1.51,0.15,2.46,1.01,1.4,1.29,1.5,1.02,1.38,1.58,0.14
13-1075.00,Labor Relations Specialists,integrity|self_control|dependability|social_orientation|stress_tolerance|attention_to_detail|perseverance|self_confidence|cooperation|empathy,self_confidence|perseverance|stress_tolerance|self_control|social_orientation|integrity|attention_to_detail|dependability,0.0,0.0,7.0,0.0,0.0,8.0,0.0,0.0,0.0,0.0,6.0,0.0,0.0,0.0,2.0,1.0,4.0,0.0,5.0,3.0,0.0,1.66,1.61,2.14,1.44,1.84,2.41,1.83,0.47,1.5,0.65,2.43,1.17,1.72,0.71,2.08,2.05,2.42,1.09,2.22,2.21,1.53
13-1081.00,Logisticians,dependability|attention_to_detail|cooperation|integrity|achievement_orientation|leadership_orientation|cautiousness|perseverance|stress_tolerance|initiative,achievement_orientation|cooperation|integrity|attention_to_detail|dependability,1.0,0.0,4.0,0.0,2.0,5.0,0.0,0.0,0.0,0.0,3.0,0.0,0.0,0.0,0.0,0.0,0.0,0.0,0.0,0.0,0.0,2.01,1.75,2.57,1.86,2.1,2.65,1.0,0.75,1.75,1.3,2.1,1.35,1.95,0.93,1.8,1.63,1.7,1.02,1.52,1.8,1.29
13-1081.01,Logistics Engineers,attention_to_detail|dependability|innovation|intellectual_curiosity|achievement_orientation|adaptability|cautiousness|integrity|perseverance|initiative,innovation|achievement_orientation|intellectual_curiosity|attention_to_detail|dependability,2.0,0.0,4.0,0.0,0.0,5.0,0.0,0.0,0.0,1.0,0.0,3.0,0.0,0.0,0.0,0.0,0.0,0.0,0.0,0.0,0.0,2.01,1.98,2.57,1.82,1.06,2.47,0.12,0.24,1.66,2.3,1.76,2.16,1.16,0.36,1.74,1.57,0.85,0.53,0.59,1.14,1.6
13-1081.02,Logistics Analysts,attention_to_detail|dependability|cautiousness|achievement_orientation|integrity|intellectual_curiosity|adaptability|perseverance|stress_tolerance|innovation,attention_to_detail|dependability,0.0,0.0,1.0,0.0,0.0,2.0,0.0,0.0,0.0,0.0,0.0,0.0,0.0,0.0,0.0,0.0,0.0,0.0,0.0,0.0,0.0,1.74,1.61,2.57,1.82,0.9,2.47,0.1,0.34,1.18,1.2,1.73,1.64,0.69,0.24,1.46,1.07,1.14,0.5,0.54,1.24,1.14
13-1082.00,Project Management Specialists,dependability|leadership_orientation|attention_to_detail|perseverance|cooperation|achievement_orientation|stress_tolerance|integrity|social_orientation|adaptability,self_confidence|leadership_orientation|perseverance|adaptability|stress_tolerance|self_control|social_orientation|achievement_orientation|cooperation|integrity,8.0,4.0,0.0,0.0,9.0,0.0,0.0,0.0,0.0,0.0,10.0,0.0,2.0,0.0,3.0,1.0,6.0,0.0,7.0,5.0,0.0,2.21,2.09,2.53,1.82,2.3,2.74,1.22,0.53,2.0,1.47,2.17,1.44,2.55,1.23,2.3,2.09,2.06,1.07,2.11,2.21,1.78
13-1111.00,Management Analysts,attention_to_detail|integrity|achievement_orientation|innovation|intellectual_curiosity|dependability|adaptability|initiative|social_orientation|tolerance_for_ambiguity,initiative|innovation|adaptability|achievement_orientation|intellectual_curiosity|integrity|attention_to_detail|dependability,4.0,3.0,7.0,0.0,0.0,8.0,0.0,0.0,1.0,2.0,6.0,5.0,0.0,0.0,0.0,0.0,0.0,0.0,0.0,0.0,0.0,2.28,2.05,2.6,1.53,1.63,2.2,1.0,0.61,2.03,2.24,2.32,2.2,1.78,0.66,1.8,1.8,1.5,1.05,1.83,1.64,1.81
13-1121.00,"Meeting, Convention, and Event Planners",dependability|attention_to_detail|social_orientation|adaptability|cooperation|stress_tolerance|self_control|achievement_orientation|initiative|leadership_orientation,adaptability|stress_tolerance|self_control|social_orientation|achievement_orientation|cooperation|attention_to_detail|dependability,5.0,1.0,7.0,0.0,6.0,8.0,0.0,0.0,0.0,0.0,0.0,0.0,0.0,0.0,0.0,0.0,3.0,0.0,4.0,2.0,0.0,2.04,2.3,2.74,1.56,2.3,2.93,1.38,0.5,2.0,1.2,1.76,1.11,1.95,1.78,1.8,1.8,2.06,1.07,2.33,2.1,1.26
13-1131.00,Fundraisers,social_orientation|achievement_orientation|optimism|dependability|integrity|cooperation|perseverance|initiative|leadership_orientation|sincerity,initiative|optimism|sincerity|leadership_orientation|perseverance|empathy|social_orientation|achievement_orientation|cooperation|integrity,8.0,0.0,0.0,0.0,9.0,0.0,6.0,0.0,1.0,0.0,10.0,0.0,4.0,2.0,5.0,0.0,0.0,3.0,7.0,0.0,0.0,2.79,1.68,1.71,0.13,2.34,2.41,2.01,0.34,2.18,1.25,2.36,1.17,2.16,2.49,2.19,1.7,1.7,2.03,2.81,1.52,1.47
13-1141.00,"Compensation, Benefits, and Job Analysis Specialists",attention_to_detail|dependability|integrity|cautiousness|achievement_orientation|intellectual_curiosity|cooperation|self_control|social_orientation|adaptability,integrity|attention_to_detail|dependability,0.0,0.0,2.0,0.0,0.0,3.0,0.0,0.0,0.0,0.0,1.0,0.0,0.0,0.0,0.0,0.0,0.0,0.0,0.0,0.0,0.0,1.77,1.26,2.77,1.93,1.63,2.47,0.86,0.5,1.15,0.75,2.1,1.64,0.9,0.43,1.0,1.26,1.37,1.02,1.27,0.95,0.85
13-1151.00,Training and Development Specialists,dependability|social_orientation|innovation|cooperation|adaptability|intellectual_curiosity|achievement_orientation|initiative|attention_to_detail|optimism,innovation|adaptability|social_orientation|achievement_orientation|cooperation|intellectual_curiosity|dependability,4.0,2.0,0.0,0.0,5.0,7.0,0.0,0.0,0.0,1.0,0.0,6.0,0.0,0.0,0.0,0.0,0.0,0.0,3.0,0.0,0.0,2.04,2.26,1.92,0.69,2.3,2.39,1.89,1.06,1.93,2.3,1.7,2.16,1.81,1.9,1.67,1.76,1.7,1.55,2.36,1.24,1.33
13-1161.00,Market Research Analysts and Marketing Specialists,attention_to_detail|intellectual_curiosity|achievement_orientation|dependability|innovation|adaptability|tolerance_for_ambiguity|perseverance|social_orientation|initiative,achievement_orientation|intellectual_curiosity|attention_to_detail,1.0,0.0,3.0,0.0,0.0,0.0,0.0,0.0,0.0,0.0,0.0,2.0,0.0,0.0,0.0,0.0,0.0,0.0,0.0,0.0,0.0,2.01,1.83,2.31,0.92,1.38,1.98,0.84,0.22,1.53,1.94,1.48,2.16,0.93,0.56,1.64,1.32,1.03,0.72,1.56,1.09,1.64
13-1161.01,Search Marketing Strategists,attention_to_detail|innovation|adaptability|achievement_orientation|intellectual_curiosity|dependability|initiative|tolerance_for_ambiguity|perseverance|self_confidence,innovation|adaptability|achievement_orientation|intellectual_curiosity|attention_to_detail|dependability,3.0,2.0,5.0,0.0,0.0,6.0,0.0,0.0,0.0,1.0,0.0,4.0,0.0,0.0,0.0,0.0,0.0,0.0,0.0,0.0,0.0,2.14,2.26,2.37,0.67,1.57,2.01,0.28,-0.32,1.96,2.27,1.45,2.12,1.06,0.64,1.74,1.7,0.75,0.58,1.21,1.24,1.78
13-1199.04,Business Continuity Planners,dependability|attention_to_detail|cautiousness|adaptability|integrity|stress_tolerance|intellectual_curiosity|achievement_orientation|perseverance|initiative,initiative|leadership_orientation|adaptability|perseverance|stress_tolerance|achievement_orientation|intellectual_curiosity|cautiousness|integrity|attention_to_detail,6.0,3.0,10.0,8.0,0.0,0.0,0.0,0.0,1.0,0.0,9.0,7.0,2.0,0.0,4.0,0.0,0.0,0.0,0.0,5.0,0.0,2.14,2.42,2.77,2.74,1.63,2.93,0.47,0.5,2.03,1.6,2.32,2.2,2.01,0.54,2.12,1.7,1.8,0.82,1.13,2.21,1.91
13-1199.06,Online Merchants,dependability|attention_to_detail|achievement_orientation|integrity|initiative|adaptability|perseverance|self_confidence|innovation|self_control,attention_to_detail|dependability,0.0,0.0,1.0,0.0,0.0,2.0,0.0,0.0,0.0,0.0,0.0,0.0,0.0,0.0,0.0,0.0,0.0,0.0,0.0,0.0,0.0,1.98,1.79,2.22,0.79,0.95,2.41,0.82,-0.2,1.79,1.39,1.96,1.02,0.88,1.04,1.77,1.57,1.19,0.9,0.88,1.14,1.16
13-1199.07,Security Management Specialists,cautiousness|dependability|integrity|attention_to_detail|stress_tolerance|achievement_orientation|intellectual_curiosity|perseverance|initiative|leadership_orientation,stress_tolerance|achievement_orientation|cautiousness|integrity|attention_to_detail|dependability,2.0,0.0,5.0,3.0,0.0,6.0,0.0,0.0,0.0,0.0,4.0,0.0,0.0,0.0,0.0,0.0,0.0,0.0,0.0,1.0,0.0,2.04,1.58,2.57,3.0,1.14,2.93,0.37,-0.12,1.93,1.36,2.93,1.97,1.89,0.38,1.97,1.76,1.77,0.76,1.02,2.17,1.53
13-2011.00,Accountants and Auditors,attention_to_detail|integrity|dependability|cautiousness|intellectual_curiosity|achievement_orientation|perseverance|self_confidence|stress_tolerance|self_control,intellectual_curiosity|cautiousness|integrity|attention_to_detail|dependability,0.0,0.0,4.0,2.0,0.0,5.0,0.0,0.0,0.0,0.0,3.0,1.0,0.0,0.0,0.0,0.0,0.0,0.0,0.0,0.0,0.0,1.83,0.62,3.0,2.54,0.73,2.65,0.25,0.47,1.0,0.51,2.93,2.01,0.83,-0.06,1.77,1.44,1.37,1.28,0.5,1.38,-0.15
13-2022.00,Appraisers of Personal and Business Property,attention_to_detail|integrity|cautiousness|dependability|self_confidence|achievement_orientation|perseverance|sincerity|tolerance_for_ambiguity|self_control,cautiousness|integrity|attention_to_detail,0.0,0.0,3.0,1.0,0.0,0.0,0.0,0.0,0.0,0.0,2.0,0.0,0.0,0.0,0.0,0.0,0.0,0.0,0.0,0.0,0.0,1.66,0.71,2.77,2.06,-0.11,1.9,-0.29,0.15,0.16,0.53,2.4,1.02,0.27,-0.04,1.46,1.76,1.22,1.39,0.47,0.2,1.35
13-2023.00,Appraisers and Assessors of Real Estate,attention_to_detail|integrity|dependability|cautiousness|self_confidence|achievement_orientation|perseverance|intellectual_curiosity|self_control|tolerance_for_ambiguity,cautiousness|integrity|attention_to_detail|dependability,0.0,0.0,3.0,1.0,0.0,4.0,0.0,0.0,0.0,0.0,2.0,0.0,0.0,0.0,0.0,0.0,0.0,0.0,0.0,0.0,0.0,1.69,0.71,2.7,2.06,0.47,2.19,0.08,0.47,0.83,0.37,2.55,1.35,0.41,0.13,1.64,1.8,1.31,1.02,1.02,0.97,1.18
13-2031.00,Budget Analysts,attention_to_detail|dependability|integrity|cautiousness|intellectual_curiosity|achievement_orientation|self_confidence|perseverance|self_control|stress_tolerance,intellectual_curiosity|cautiousness|integrity|attention_to_detail|dependability,0.0,0.0,4.0,2.0,0.0,5.0,0.0,0.0,0.0,0.0,3.0,1.0,0.0,0.0,0.0,0.0,0.0,0.0,0.0,0.0,0.0,1.77,0.91,3.0,2.17,1.08,2.65,-0.02,0.4,1.26,0.79,2.36,2.01,0.88,0.09,1.43,1.44,1.43,0.63,0.52,1.38,0.56
13-2041.00,Credit Analysts,attention_to_detail|dependability|cautiousness|integrity|intellectual_curiosity|achievement_orientation|perseverance|self_confidence|self_control|stress_tolerance,intellectual_curiosity|cautiousness|integrity|attention_to_detail|dependability,0.0,0.0,4.0,2.0,0.0,5.0,0.0,0.0,0.0,0.0,3.0,1.0,0.0,0.0,0.0,0.0,0.0,0.0,0.0,0.0,0.0,1.77,0.62,3.0,2.47,0.87,2.62,0.3,0.12,0.97,0.67,2.47,2.08,0.21,-0.3,1.74,1.44,1.4,0.6,0.65,1.27,0.29
13-2051.00,Financial and Investment Analysts,attention_to_detail|integrity|dependability|intellectual_curiosity|achievement_orientation|cautiousness|tolerance_for_ambiguity|perseverance|stress_tolerance|self_confidence,achievement_orientation|intellectual_curiosity|cautiousness|integrity|attention_to_detail|dependability,1.0,0.0,5.0,3.0,0.0,6.0,0.0,0.0,0.0,0.0,4.0,2.0,0.0,0.0,0.0,0.0,0.0,0.0,0.0,0.0,0.0,2.24,1.48,3.0,2.03,1.0,2.59,0.58,-0.35,1.5,1.39,2.8,2.5,1.0,0.32,1.8,1.7,1.53,0.63,1.43,1.8,1.83
13-2052.00,Personal Financial Advisors,attention_to_detail|integrity|dependability|cautiousness|intellectual_curiosity|social_orientation|achievement_orientation|perseverance|initiative|self_confidence,initiative|perseverance|social_orientation|achievement_orientation|intellectual_curiosity|cautiousness|integrity|attention_to_detail|dependability,4.0,0.0,8.0,6.0,0.0,9.0,0.0,0.0,1.0,0.0,7.0,5.0,0.0,0.0,2.0,0.0,0.0,0.0,3.0,0.0,0.0,2.28,1.51,3.0,2.35,1.84,2.65,1.65,0.45,2.11,1.3,2.93,2.33,1.67,1.29,2.23,1.98,1.84,1.78,2.31,1.7,1.51
13-2053.00,Insurance Underwriters,cautiousness|attention_to_detail|dependability|integrity|achievement_orientation|self_confidence|intellectual_curiosity|perseverance|self_control|stress_tolerance,cautiousness|integrity|attention_to_detail|dependability,0.0,0.0,3.0,1.0,0.0,4.0,0.0,0.0,0.0,0.0,2.0,0.0,0.0,0.0,0.0,0.0,0.0,0.0,0.0,0.0,0.0,1.77,0.64,2.67,2.74,0.62,2.47,0.2,-0.16,0.61,0.02,2.21,1.38,0.02,-0.32,1.37,1.47,1.25,0.62,0.18,1.24,0.91
13-2054.00,Financial Risk Specialists,intellectual_curiosity|attention_to_detail|integrity|cautiousness|dependability|achievement_orientation|tolerance_for_ambiguity|stress_tolerance|self_control|perseverance,achievement_orientation|intellectual_curiosity|cautiousness|integrity|attention_to_detail|dependability,1.0,0.0,5.0,3.0,0.0,6.0,0.0,0.0,0.0,0.0,4.0,2.0,0.0,0.0,0.0,0.0,0.0,0.0,0.0,0.0,0.0,2.14,1.58,3.0,2.62,0.95,2.47,-0.05,-0.65,1.35,1.28,2.84,3.0,0.81,-0.3,1.7,1.38,1.73,0.57,0.52,1.76,1.95
13-2061.00,Financial Examiners,attention_to_detail|integrity|cautiousness|dependability|intellectual_curiosity|achievement_orientation|perseverance|stress_tolerance|self_control|self_confidence,perseverance|achievement_orientation|intellectual_curiosity|cautiousness|integrity|attention_to_detail|dependability,2.0,0.0,6.0,4.0,0.0,7.0,0.0,0.0,0.0,0.0,5.0,3.0,0.0,0.0,1.0,0.0,0.0,0.0,0.0,0.0,0.0,2.04,1.05,3.0,2.74,1.06,2.65,0.28,0.22,1.5,0.56,2.93,2.28,1.7,-0.13,2.01,1.7,1.73,1.36,1.2,1.8,0.97
13-2071.00,Credit Counselors,dependability|attention_to_detail|integrity|empathy|sincerity|social_orientation|cooperation|cautiousness|self_control|perseverance,sincerity|empathy|self_control|social_orientation|cooperation|cautiousness|integrity|attention_to_detail|dependability,0.0,0.0,8.0,6.0,5.0,9.0,2.0,0.0,0.0,0.0,7.0,0.0,0.0,0.0,0.0,0.0,3.0,1.0,4.0,0.0,0.0,1.71,1.22,2.63,2.06,2.18,2.65,2.43,1.52,1.53,0.7,2.55,1.35,1.03,1.63,1.97,1.66,2.06,2.24,2.22,1.8,1.18
13-2072.00,Loan Officers,integrity|dependability|attention_to_detail|cautiousness|social_orientation|achievement_orientation|initiative|perseverance|cooperation|self_confidence,social_orientation|cautiousness|integrity|attention_to_detail|dependability,0.0,0.0,4.0,2.0,0.0,5.0,0.0,0.0,0.0,0.0,3.0,0.0,0.0,0.0,0.0,0.0,0.0,0.0,1.0,0.0,0.0,1.98,1.11,2.44,2.28,1.77,2.65,1.48,0.17,1.82,0.7,2.89,1.23,1.21,1.07,1.8,1.76,1.7,1.31,2.24,1.55,1.14
13-2081.00,"Tax Examiners and Collectors, and Revenue Agents",attention_to_detail|dependability|integrity|cautiousness|self_control|perseverance|stress_tolerance|achievement_orientation|social_orientation|self_confidence,cautiousness|integrity|attention_to_detail|dependability,0.0,0.0,3.0,1.0,0.0,4.0,0.0,0.0,0.0,0.0,2.0,0.0,0.0,0.0,0.0,0.0,0.0,0.0,0.0,0.0,0.0,1.37,0.59,2.77,2.32,1.06,2.65,0.75,0.67,0.72,-0.43,2.55,0.94,0.16,0.26,1.8,1.29,1.87,0.78,1.33,1.38,0.08
13-2082.00,Tax Preparers,attention_to_detail|dependability|cautiousness|integrity|achievement_orientation|cooperation|self_control|social_orientation|stress_tolerance|self_confidence,cautiousness|integrity|attention_to_detail|dependability,0.0,0.0,3.0,1.0,0.0,4.0,0.0,0.0,0.0,0.0,2.0,0.0,0.0,0.0,0.0,0.0,0.0,0.0,0.0,0.0,0.0,1.6,0.89,3.0,2.24,1.41,2.65,0.77,0.72,0.85,0.02,2.21,1.11,0.12,0.4,1.2,1.26,1.4,1.05,1.33,1.27,0.64
13-2099.01,Financial Quantitative Analysts,attention_to_detail|dependability|intellectual_curiosity|cautiousness|achievement_orientation|integrity|tolerance_for_ambiguity|innovation|stress_tolerance|perseverance,achievement_orientation|intellectual_curiosity|cautiousness|integrity|attention_to_detail|dependability,1.0,0.0,5.0,3.0,0.0,6.0,0.0,0.0,0.0,0.0,4.0,2.0,0.0,0.0,0.0,0.0,0.0,0.0,0.0,0.0,0.0,2.24,1.38,3.0,2.32,0.9,2.41,0.05,-0.47,1.02,1.92,2.24,2.33,0.23,-0.11,1.77,1.13,1.34,0.24,0.22,1.8,1.95
13-2099.04,"Fraud Examiners, Investigators and Analysts",attention_to_detail|integrity|dependability|cautiousness|intellectual_curiosity|perseverance|achievement_orientation|self_control|stress_tolerance|self_confidence,perseverance|stress_tolerance|self_control|achievement_orientation|intellectual_curiosity|cautiousness|integrity|attention_to_detail|dependability,4.0,0.0,8.0,6.0,0.0,9.0,0.0,0.0,0.0,0.0,7.0,5.0,0.0,0.0,1.0,0.0,3.0,0.0,0.0,2.0,0.0,2.14,1.54,3.0,2.58,0.9,2.65,0.47,0.27,1.93,1.25,2.93,2.2,1.39,-0.04,2.19,1.94,2.14,0.24,1.09,2.06,1.7
15-1211.00,Computer Systems Analysts,attention_to_detail|intellectual_curiosity|innovation|dependability|adaptability|integrity|perseverance|tolerance_for_ambiguity|cautiousness|initiative,innovation|intellectual_curiosity|attention_to_detail|dependability,0.0,0.0,3.0,0.0,0.0,4.0,0.0,0.0,0.0,1.0,0.0,2.0,0.0,0.0,0.0,0.0,0.0,0.0,0.0,0.0,0.0,1.6,1.86,2.57,1.72,1.6,2.16,0.64,0.53,1.62,2.3,1.76,2.33,0.64,0.18,1.74,1.44,1.14,0.76,0.9,1.58,1.72
15-1211.01,Health Informatics Specialists,attention_to_detail|dependability|integrity|intellectual_curiosity|cautiousness|innovation|adaptability|cooperation|achievement_orientation|initiative,innovation|adaptability|cooperation|intellectual_curiosity|cautiousness|integrity|attention_to_detail|dependability,0.0,2.0,7.0,5.0,3.0,8.0,0.0,0.0,0.0,1.0,6.0,4.0,0.0,0.0,0.0,0.0,0.0,0.0,0.0,0.0,0.0,1.95,2.26,2.77,2.35,2.26,2.59,1.38,0.75,1.72,2.27,2.51,2.41,1.29,0.82,1.61,1.57,1.56,1.41,1.65,1.64,1.6
15-1212.00,Information Security Analysts,attention_to_detail|integrity|cautiousness|dependability|intellectual_curiosity|innovation|perseverance|adaptability|achievement_orientation|initiative,initiative|innovation|perseverance|adaptability|achievement_orientation|intellectual_curiosity|cautiousness|integrity|attention_to_detail|dependability,5.0,4.0,9.0,7.0,0.0,10.0,0.0,0.0,1.0,2.0,8.0,6.0,0.0,0.0,3.0,0.0,0.0,0.0,0.0,0.0,0.0,2.04,2.09,3.0,2.78,1.08,2.65,0.32,0.15,2.03,2.36,2.93,2.37,1.16,-0.01,2.15,1.38,1.7,0.82,0.56,1.96,1.66
15-1221.00,Computer and Information Research Scientists,intellectual_curiosity|innovation|attention_to_detail|adaptability|achievement_orientation|dependability|perseverance|initiative|tolerance_for_ambiguity|integrity,innovation|adaptability|perseverance|achievement_orientation|intellectual_curiosity|attention_to_detail|dependability,4.0,2.0,6.0,0.0,0.0,7.0,0.0,0.0,0.0,1.0,0.0,5.0,0.0,0.0,3.0,0.0,0.0,0.0,0.0,0.0,0.0,2.24,2.3,2.5,1.44,0.92,2.14,0.3,0.5,2.0,2.83,1.89,3.0,1.03,0.38,2.01,1.63,1.03,0.63,0.61,0.97,1.95
15-1231.00,Computer Network Support Specialists,attention_to_detail|dependability|integrity|cautiousness|intellectual_curiosity|adaptability|perseverance|stress_tolerance|achievement_orientation|initiative,intellectual_curiosity|cautiousness|integrity|attention_to_detail|dependability,0.0,0.0,4.0,2.0,0.0,5.0,0.0,0.0,0.0,0.0,3.0,1.0,0.0,0.0,0.0,0.0,0.0,0.0,0.0,0.0,0.0,1.58,1.94,2.7,2.06,1.44,2.62,0.25,0.24,1.44,1.25,2.28,2.01,-0.05,0.49,1.74,1.24,1.11,0.4,0.54,1.61,1.33
15-1232.00,Computer User Support Specialists,dependability|attention_to_detail|cooperation|perseverance|intellectual_curiosity|social_orientation|adaptability|stress_tolerance|integrity|cautiousness,attention_to_detail|dependability,0.0,0.0,1.0,0.0,0.0,2.0,0.0,0.0,0.0,0.0,0.0,0.0,0.0,0.0,0.0,0.0,0.0,0.0,0.0,0.0,0.0,1.37,1.65,2.34,1.5,1.99,2.41,1.12,0.99,1.26,0.97,1.54,1.75,0.25,1.23,1.77,1.13,1.5,1.09,1.74,1.61,1.22
15-1241.00,Computer Network Architects,attention_to_detail|dependability|intellectual_curiosity|innovation|cautiousness|integrity|achievement_orientation|adaptability|perseverance|self_confidence,innovation|achievement_orientation|intellectual_curiosity|cautiousness|integrity|attention_to_detail|dependability,2.0,0.0,6.0,4.0,0.0,7.0,0.0,0.0,0.0,1.0,5.0,3.0,0.0,0.0,0.0,0.0,0.0,0.0,0.0,0.0,0.0,2.04,1.98,2.74,2.35,1.38,2.65,0.21,0.22,1.59,2.36,2.32,2.37,1.06,0.24,1.87,1.63,0.97,0.63,0.81,1.61,1.62
15-1241.01,Telecommunications Engineering Specialists,attention_to_detail|dependability|intellectual_curiosity|cautiousness|adaptability|innovation|achievement_orientation|cooperation|perseverance|integrity,adaptability|innovation|intellectual_curiosity|cautiousness|attention_to_detail|dependability,0.0,1.0,5.0,4.0,0.0,6.0,0.0,0.0,0.0,2.0,0.0,3.0,0.0,0.0,0.0,0.0,0.0,0.0,0.0,0.0,0.0,1.98,2.02,2.6,2.03,1.84,2.59,0.37,0.42,1.5,2.0,1.73,2.24,1.34,0.43,1.74,1.57,1.19,0.7,1.02,1.43,1.24
15-1242.00,Database Administrators,attention_to_detail|dependability|cautiousness|integrity|intellectual_curiosity|achievement_orientation|adaptability|perseverance|initiative|tolerance_for_ambiguity,intellectual_curiosity|cautiousness|integrity|attention_to_detail|dependability,0.0,0.0,4.0,2.0,0.0,5.0,0.0,0.0,0.0,0.0,3.0,1.0,0.0,0.0,0.0,0.0,0.0,0.0,0.0,0.0,0.0,1.77,1.72,3.0,2.47,1.2,2.65,-0.01,0.34,1.47,1.23,2.32,2.2,0.9,0.11,1.67,1.15,1.14,0.53,0.27,1.19,1.31
15-1243.00,Database Architects,attention_to_detail|dependability|intellectual_curiosity|achievement_orientation|cautiousness|innovation|integrity|adaptability|perseverance|tolerance_for_ambiguity,innovation|achievement_orientation|intellectual_curiosity|cautiousness|attention_to_detail|dependability,2.0,0.0,5.0,4.0,0.0,6.0,0.0,0.0,0.0,1.0,0.0,3.0,0.0,0.0,0.0,0.0,0.0,0.0,0.0,0.0,0.0,2.11,1.72,3.0,2.06,1.31,2.53,0.07,0.24,1.41,2.03,1.89,2.37,0.78,0.02,1.64,1.54,0.77,0.21,0.5,1.07,1.58
15-1243.01,Data Warehousing Specialists,attention_to_detail|dependability|intellectual_curiosity|cautiousness|integrity|achievement_orientation|innovation|perseverance|tolerance_for_ambiguity|initiative,intellectual_curiosity|cautiousness|integrity|attention_to_detail|dependability,0.0,0.0,4.0,2.0,0.0,5.0,0.0,0.0,0.0,0.0,3.0,1.0,0.0,0.0,0.0,0.0,0.0,0.0,0.0,0.0,0.0,1.98,1.29,3.0,2.06,0.64,2.62,0.04,0.15,1.44,1.58,2.06,2.16,-0.05,-0.01,1.55,1.05,0.66,0.16,0.04,1.0,1.49
15-1244.00,Network and Computer Systems Administrators,attention_to_detail|dependability|cautiousness|integrity|intellectual_curiosity|adaptability|perseverance|achievement_orientation|initiative|stress_tolerance,intellectual_curiosity|cautiousness|integrity|attention_to_detail|dependability,0.0,0.0,4.0,2.0,0.0,5.0,0.0,0.0,0.0,0.0,3.0,1.0,0.0,0.0,0.0,0.0,0.0,0.0,0.0,0.0,0.0,1.74,1.94,2.67,2.35,1.17,2.65,0.13,0.22,1.62,1.3,2.32,2.2,0.54,0.32,1.77,1.26,1.43,0.58,0.34,1.58,1.31
15-1251.00,Computer Programmers,attention_to_detail|dependability|intellectual_curiosity|innovation|cautiousness|achievement_orientation|perseverance|tolerance_for_ambiguity|adaptability|initiative,intellectual_curiosity|attention_to_detail|dependability,0.0,0.0,2.0,0.0,0.0,3.0,0.0,0.0,0.0,0.0,0.0,1.0,0.0,0.0,0.0,0.0,0.0,0.0,0.0,0.0,0.0,1.74,1.38,3.0,1.82,0.71,2.36,0.12,0.5,1.18,1.94,1.18,2.2,-0.47,0.07,1.67,0.92,0.19,0.25,0.02,1.09,1.51
15-1252.00,Software Developers,attention_to_detail|innovation|dependability|intellectual_curiosity|achievement_orientation|adaptability|integrity|perseverance|cautiousness|tolerance_for_ambiguity,innovation|adaptability|achievement_orientation|intellectual_curiosity|attention_to_detail|dependability,3.0,2.0,5.0,0.0,0.0,6.0,0.0,0.0,0.0,1.0,0.0,4.0,0.0,0.0,0.0,0.0,0.0,0.0,0.0,0.0,0.0,2.14,2.09,2.67,1.76,1.2,2.41,0.41,0.56,1.59,2.51,1.79,2.33,1.13,0.49,1.77,1.47,0.7,0.67,0.86,1.27,1.72
15-1253.00,Software Quality Assurance Analysts and Testers,attention_to_detail|dependability|cautiousness|intellectual_curiosity|achievement_orientation|perseverance|integrity|adaptability|innovation|cooperation,intellectual_curiosity|cautiousness|attention_to_detail|dependability,0.0,0.0,3.0,2.0,0.0,4.0,0.0,0.0,0.0,0.0,0.0,1.0,0.0,0.0,0.0,0.0,0.0,0.0,0.0,0.0,0.0,1.77,1.61,3.0,2.32,1.2,2.39,0.15,0.7,1.15,1.3,1.76,2.04,-0.22,0.22,1.77,0.97,1.05,0.69,0.36,1.09,1.06
15-1254.00,Web Developers,attention_to_detail|innovation|dependability|intellectual_curiosity|adaptability|achievement_orientation|perseverance|initiative|cautiousness|integrity,innovation|adaptability|intellectual_curiosity|attention_to_detail|dependability,0.0,2.0,4.0,0.0,0.0,5.0,0.0,0.0,0.0,1.0,0.0,3.0,0.0,0.0,0.0,0.0,0.0,0.0,0.0,0.0,0.0,1.98,2.05,2.57,1.56,0.85,2.19,0.18,0.22,1.62,2.3,1.54,2.08,-0.02,0.22,1.64,1.18,0.63,0.24,0.5,1.09,1.41
15-1255.00,Web and Digital Interface Designers,attention_to_detail|innovation|adaptability|intellectual_curiosity|dependability|cooperation|achievement_orientation|perseverance|tolerance_for_ambiguity|initiative,innovation|adaptability|intellectual_curiosity|attention_to_detail|dependability,0.0,2.0,4.0,0.0,0.0,5.0,0.0,0.0,0.0,1.0,0.0,3.0,0.0,0.0,0.0,0.0,0.0,0.0,0.0,0.0,0.0,1.71,2.3,2.57,0.77,1.88,2.03,0.84,0.32,1.5,2.51,0.89,2.08,0.64,0.59,1.61,1.41,0.85,0.72,1.11,1.16,1.56
15-1255.01,Video Game Designers,innovation|intellectual_curiosity|adaptability|achievement_orientation|dependability|cooperation|self_confidence|tolerance_for_ambiguity|attention_to_detail|initiative,innovation|adaptability|achievement_orientation|intellectual_curiosity|dependability,3.0,2.0,0.0,0.0,0.0,5.0,0.0,0.0,0.0,1.0,0.0,4.0,0.0,0.0,0.0,0.0,0.0,0.0,0.0,0.0,0.0,2.14,2.3,1.92,-0.37,1.99,2.0,0.64,0.27,1.89,3.0,0.74,2.33,1.67,0.79,1.87,1.98,1.0,0.62,1.43,1.43,1.95
15-1299.01,Web Administrators,attention_to_detail|dependability|cautiousness|intellectual_curiosity|integrity|adaptability|perseverance|achievement_orientation|innovation|stress_tolerance,intellectual_curiosity|cautiousness|attention_to_detail|dependability,0.0,0.0,3.0,2.0,0.0,4.0,0.0,0.0,0.0,0.0,0.0,1.0,0.0,0.0,0.0,0.0,0.0,0.0,0.0,0.0,0.0,1.71,1.83,2.57,2.32,0.95,2.53,0.23,0.32,1.53,1.63,1.92,2.12,0.54,0.15,1.77,1.32,0.8,0.3,0.43,1.55,1.47
15-1299.02,Geographic Information Systems Technologists and Technicians,attention_to_detail|dependability|intellectual_curiosity|innovation|achievement_orientation|adaptability|integrity|cautiousness|perseverance|cooperation,intellectual_curiosity|attention_to_detail|dependability,0.0,0.0,2.0,0.0,0.0,3.0,0.0,0.0,0.0,0.0,0.0,1.0,0.0,0.0,0.0,0.0,0.0,0.0,0.0,0.0,0.0,1.6,1.58,2.67,1.56,1.26,2.25,0.18,0.42,1.02,1.8,1.57,2.08,0.32,0.24,1.4,0.99,0.57,0.57,0.7,0.88,1.18
15-1299.03,Document Management Specialists,attention_to_detail|dependability|integrity|cautiousness|intellectual_curiosity|achievement_orientation|cooperation|perseverance|adaptability|initiative,cautiousness|integrity|attention_to_detail|dependability,0.0,0.0,3.0,1.0,0.0,4.0,0.0,0.0,0.0,0.0,2.0,0.0,0.0,0.0,0.0,0.0,0.0,0.0,0.0,0.0,0.0,1.5,1.22,2.77,2.06,1.44,2.65,0.1,0.42,1.21,0.89,2.36,1.93,0.41,0.06,1.23,0.99,0.75,0.62,0.5,1.04,1.04
15-1299.04,Penetration Testers,integrity|attention_to_detail|dependability|innovation|adaptability|intellectual_curiosity|perseverance|achievement_orientation|cautiousness|initiative,initiative|innovation|adaptability|perseverance|achievement_orientation|intellectual_curiosity|cautiousness|integrity|attention_to_detail|dependability,5.0,3.0,9.0,7.0,0.0,10.0,0.0,0.0,1.0,2.0,8.0,6.0,0.0,0.0,4.0,0.0,0.0,0.0,0.0,0.0,0.0,2.08,2.3,2.77,2.06,0.37,2.65,-0.38,-0.85,2.03,2.58,2.93,2.28,0.0,-0.24,2.15,0.62,1.63,-0.03,-0.59,1.27,1.93
15-1299.05,Information Security Engineers,attention_to_detail|integrity|cautiousness|dependability|intellectual_curiosity|innovation|stress_tolerance|perseverance|achievement_orientation|adaptability,innovation|perseverance|adaptability|stress_tolerance|achievement_orientation|intellectual_curiosity|cautiousness|integrity|attention_to_detail|dependability,5.0,3.0,9.0,7.0,0.0,10.0,0.0,0.0,0.0,1.0,8.0,6.0,0.0,0.0,2.0,0.0,0.0,0.0,0.0,4.0,0.0,2.08,2.05,3.0,2.86,0.73,2.65,0.01,0.19,1.89,2.36,2.93,2.41,1.0,-0.06,2.12,1.7,1.7,0.62,0.04,2.21,1.76
15-1299.06,Digital Forensics Analysts,attention_to_detail|integrity|cautiousness|dependability|intellectual_curiosity|perseverance|achievement_orientation|innovation|stress_tolerance|adaptability,perseverance|achievement_orientation|intellectual_curiosity|cautiousness|integrity|attention_to_detail|dependability,2.0,0.0,6.0,4.0,0.0,7.0,0.0,0.0,0.0,0.0,5.0,3.0,0.0,0.0,1.0,0.0,0.0,0.0,0.0,0.0,0.0,2.08,1.86,3.0,2.78,0.8,2.65,-0.09,0.12,1.72,1.97,2.93,2.37,0.02,-0.13,2.12,1.41,1.84,0.72,-0.16,1.96,1.76
15-1299.07,Blockchain Engineers,attention_to_detail|integrity|intellectual_curiosity|dependability|innovation|cautiousness|adaptability|achievement_orientation|perseverance|tolerance_for_ambiguity,innovation|adaptability|achievement_orientation|intellectual_curiosity|cautiousness|integrity|attention_to_detail|dependability,3.0,2.0,7.0,5.0,0.0,8.0,0.0,0.0,0.0,1.0,6.0,4.0,0.0,0.0,0.0,0.0,0.0,0.0,0.0,0.0,0.0,2.11,2.38,2.99,2.43,0.85,2.47,-0.06,0.1,1.82,2.45,2.93,2.67,-0.07,0.01,1.94,1.35,0.75,0.47,0.07,1.35,1.91
15-1299.08,Computer Systems Engineers/Architects,dependability|attention_to_detail|innovation|intellectual_curiosity|adaptability|cautiousness|integrity|achievement_orientation|perseverance|initiative,innovation|adaptability|achievement_orientation|intellectual_curiosity|cautiousness|integrity|attention_to_detail|dependability,3.0,2.0,7.0,5.0,0.0,8.0,0.0,0.0,0.0,1.0,6.0,4.0,0.0,0.0,0.0,0.0,0.0,0.0,0.0,0.0,0.0,2.08,2.34,2.57,2.28,1.35,2.59,0.5,0.53,1.86,2.48,2.13,2.37,1.45,0.47,1.9,1.7,1.14,0.74,0.97,1.61,1.76
15-1299.09,Information Technology Project Managers,dependability|leadership_orientation|attention_to_detail|adaptability|cooperation|achievement_orientation|perseverance|integrity|self_confidence|initiative,initiative|self_confidence|leadership_orientation|adaptability|perseverance|stress_tolerance|achievement_orientation|cooperation|intellectual_curiosity|integrity,7.0,4.0,0.0,0.0,8.0,0.0,0.0,0.0,1.0,0.0,10.0,9.0,3.0,0.0,5.0,2.0,0.0,0.0,0.0,6.0,0.0,2.24,2.3,2.34,1.99,2.26,2.93,1.0,0.61,2.07,1.58,2.21,2.01,2.58,1.1,2.23,2.16,1.8,0.96,1.92,2.06,1.74
15-2011.00,Actuaries,attention_to_detail|cautiousness|dependability|intellectual_curiosity|integrity|achievement_orientation|perseverance|self_confidence|innovation|stress_tolerance,achievement_orientation|intellectual_curiosity|cautiousness|integrity|attention_to_detail|dependability,1.0,0.0,5.0,3.0,0.0,6.0,0.0,0.0,0.0,0.0,4.0,2.0,0.0,0.0,0.0,0.0,0.0,0.0,0.0,0.0,0.0,2.14,0.94,3.0,2.66,0.95,2.65,0.02,0.5,0.95,1.41,2.36,2.58,1.13,-0.17,1.64,1.44,0.92,0.65,0.52,1.22,0.68
15-2021.00,Mathematicians,intellectual_curiosity|attention_to_detail|innovation|achievement_orientation|perseverance|dependability|tolerance_for_ambiguity|cautiousness|integrity|initiative,innovation|perseverance|achievement_orientation|intellectual_curiosity|attention_to_detail,3.0,0.0,5.0,0.0,0.0,0.0,0.0,0.0,0.0,1.0,0.0,4.0,0.0,0.0,2.0,0.0,0.0,0.0,0.0,0.0,0.0,2.14,1.26,3.0,1.82,0.55,1.98,-0.03,0.34,1.47,2.51,1.7,3.0,-0.09,0.15,2.08,1.32,0.44,0.23,0.04,0.86,1.97
15-2031.00,Operations Research Analysts,intellectual_curiosity|attention_to_detail|achievement_orientation|dependability|innovation|cautiousness|integrity|tolerance_for_ambiguity|adaptability|self_confidence,innovation|achievement_orientation|intellectual_curiosity|cautiousness|integrity|attention_to_detail|dependability,2.0,0.0,6.0,4.0,0.0,7.0,0.0,0.0,0.0,1.0,5.0,3.0,0.0,0.0,0.0,0.0,0.0,0.0,0.0,0.0,0.0,2.17,1.72,2.57,2.06,1.06,2.16,0.25,0.56,1.38,2.15,2.06,2.63,1.0,0.3,1.58,1.6,0.97,0.57,0.79,1.24,1.81
15-2041.00,Statisticians,attention_to_detail|intellectual_curiosity|dependability|achievement_orientation|integrity|cautiousness|innovation|perseverance|tolerance_for_ambiguity|adaptability,achievement_orientation|intellectual_curiosity|cautiousness|integrity|attention_to_detail|dependability,1.0,0.0,5.0,3.0,0.0,6.0,0.0,0.0,0.0,0.0,4.0,2.0,0.0,0.0,0.0,0.0,0.0,0.0,0.0,0.0,0.0,2.14,1.05,3.0,2.06,0.75,2.41,0.02,0.45,0.87,1.89,2.1,2.67,0.23,0.01,1.58,0.97,0.42,0.28,-0.12,1.0,1.45
15-2041.01,Biostatisticians,intellectual_curiosity|attention_to_detail|dependability|achievement_orientation|integrity|cautiousness|innovation|tolerance_for_ambiguity|perseverance|initiative,innovation|achievement_orientation|intellectual_curiosity|cautiousness|integrity|attention_to_detail|dependability,2.0,0.0,6.0,4.0,0.0,7.0,0.0,0.0,0.0,1.0,5.0,3.0,0.0,0.0,0.0,0.0,0.0,0.0,0.0,0.0,0.0,2.17,1.38,3.0,2.06,1.23,2.59,0.12,0.7,1.41,2.03,2.1,3.0,0.66,0.24,1.7,1.41,0.59,0.32,0.47,1.38,1.7
15-2051.00,Data Scientists,intellectual_curiosity|attention_to_detail|innovation|dependability|achievement_orientation|integrity|tolerance_for_ambiguity|adaptability|perseverance|initiative,innovation|achievement_orientation|intellectual_curiosity|integrity|attention_to_detail|dependability,2.0,0.0,5.0,0.0,0.0,6.0,0.0,0.0,0.0,1.0,4.0,3.0,0.0,0.0,0.0,0.0,0.0,0.0,0.0,0.0,0.0,2.14,1.86,2.99,1.38,0.71,2.36,0.13,0.58,1.53,2.42,2.1,3.0,0.36,0.43,1.83,1.44,0.75,0.32,0.31,1.14,1.97
15-2051.01,Business Intelligence Analysts,attention_to_detail|integrity|dependability|achievement_orientation|tolerance_for_ambiguity|intellectual_curiosity|cautiousness|adaptability|perseverance|innovation,achievement_orientation|integrity|attention_to_detail|dependability,1.0,0.0,3.0,0.0,0.0,4.0,0.0,0.0,0.0,0.0,2.0,0.0,0.0,0.0,0.0,0.0,0.0,0.0,0.0,0.0,0.0,2.08,1.51,2.77,1.59,0.27,2.19,0.16,0.37,1.38,1.47,2.32,1.64,0.38,-0.14,1.49,1.38,1.22,0.63,0.72,1.22,1.87
15-2051.02,Clinical Data Managers,attention_to_detail|dependability|integrity|cautiousness|intellectual_curiosity|achievement_orientation|perseverance|cooperation|adaptability|stress_tolerance,intellectual_curiosity|cautiousness|integrity|attention_to_detail|dependability,0.0,0.0,4.0,2.0,0.0,5.0,0.0,0.0,0.0,0.0,3.0,1.0,0.0,0.0,0.0,0.0,0.0,0.0,0.0,0.0,0.0,1.92,1.44,3.0,2.39,1.57,2.65,0.25,0.58,1.35,1.2,2.47,2.12,1.26,0.22,1.64,1.18,1.19,0.78,0.68,1.43,1.2
15-2099.01,Bioinformatics Technicians,attention_to_detail|intellectual_curiosity|dependability|adaptability|innovation|cautiousness|achievement_orientation|integrity|perseverance|tolerance_for_ambiguity,adaptability|innovation|intellectual_curiosity|cautiousness|attention_to_detail|dependability,0.0,1.0,5.0,4.0,0.0,6.0,0.0,0.0,0.0,2.0,0.0,3.0,0.0,0.0,0.0,0.0,0.0,0.0,0.0,0.0,0.0,1.92,2.25,2.88,2.06,1.41,2.36,-0.02,0.45,1.15,2.12,1.76,2.54,-0.24,0.13,1.64,0.94,0.48,0.4,0.27,1.09,1.62
17-1011.00,"Architects, Except Landscape and Naval",attention_to_detail|dependability|innovation|intellectual_curiosity|achievement_orientation|cautiousness|integrity|self_confidence|perseverance|social_orientation,innovation|achievement_orientation|intellectual_curiosity|attention_to_detail|dependability,2.0,0.0,4.0,0.0,0.0,5.0,0.0,0.0,0.0,1.0,0.0,3.0,0.0,0.0,0.0,0.0,0.0,0.0,0.0,0.0,0.0,2.14,1.44,2.7,1.86,1.44,2.56,0.79,0.45,1.5,2.51,1.79,2.16,1.53,0.69,1.67,1.76,1.22,1.0,1.58,1.43,1.51
17-1012.00,Landscape Architects,innovation|attention_to_detail|dependability|intellectual_curiosity|achievement_orientation|perseverance|cooperation|adaptability|self_confidence|integrity,innovation|attention_to_detail|dependability,0.0,0.0,2.0,0.0,0.0,3.0,0.0,0.0,0.0,1.0,0.0,0.0,0.0,0.0,0.0,0.0,0.0,0.0,0.0,0.0,0.0,1.8,1.72,2.31,1.38,1.77,2.22,0.86,0.64,1.59,2.45,1.63,1.86,1.34,0.74,1.77,1.7,1.31,0.9,1.61,1.14,1.39
17-1021.00,Cartographers and Photogrammetrists,attention_to_detail|dependability|intellectual_curiosity|cautiousness|integrity|achievement_orientation|innovation|perseverance|adaptability|tolerance_for_ambiguity,intellectual_curiosity|cautiousness|attention_to_detail|dependability,0.0,0.0,3.0,2.0,0.0,4.0,0.0,0.0,0.0,0.0,0.0,1.0,0.0,0.0,0.0,0.0,0.0,0.0,0.0,0.0,0.0,1.63,1.19,3.0,2.03,0.71,2.19,-0.13,-0.14,0.87,1.41,1.7,2.12,0.14,-0.1,1.31,1.02,0.46,0.12,-0.09,0.68,1.08
17-1022.00,Surveyors,attention_to_detail|dependability|cautiousness|integrity|perseverance|achievement_orientation|self_confidence|intellectual_curiosity|leadership_orientation|stress_tolerance,cautiousness|integrity|attention_to_detail|dependability,0.0,0.0,3.0,1.0,0.0,4.0,0.0,0.0,0.0,0.0,2.0,0.0,0.0,0.0,0.0,0.0,0.0,0.0,0.0,0.0,0.0,1.6,0.48,3.0,2.24,0.59,2.56,-0.02,-0.18,0.78,0.44,2.1,1.44,1.13,-0.14,1.77,1.5,0.9,0.69,0.22,0.97,-0.52
17-1022.01,Geodetic Surveyors,attention_to_detail|dependability|intellectual_curiosity|integrity|perseverance|cautiousness|achievement_orientation|self_confidence|leadership_orientation|innovation,attention_to_detail|dependability,0.0,0.0,1.0,0.0,0.0,2.0,0.0,0.0,0.0,0.0,0.0,0.0,0.0,0.0,0.0,0.0,0.0,0.0,0.0,0.0,0.0,1.45,0.23,3.0,1.5,0.04,2.65,-0.14,-0.1,0.43,0.97,1.79,1.93,1.24,-0.32,1.58,1.24,0.46,0.21,0.07,0.8,0.43
17-2011.00,Aerospace Engineers,attention_to_detail|dependability|innovation|cautiousness|intellectual_curiosity|achievement_orientation|integrity|perseverance|adaptability|self_confidence,innovation|achievement_orientation|intellectual_curiosity|cautiousness|integrity|attention_to_detail|dependability,2.0,0.0,6.0,4.0,0.0,7.0,0.0,0.0,0.0,1.0,5.0,3.0,0.0,0.0,0.0,0.0,0.0,0.0,0.0,0.0,0.0,2.14,1.79,2.88,2.39,1.08,2.65,0.15,0.34,1.59,2.51,2.1,2.2,1.48,0.18,1.83,1.7,1.19,0.69,0.41,1.27,1.56
17-2021.00,Agricultural Engineers,attention_to_detail|innovation|dependability|intellectual_curiosity|cautiousness|integrity|achievement_orientation|adaptability|self_confidence|perseverance,innovation|intellectual_curiosity|attention_to_detail|dependability,0.0,0.0,3.0,0.0,0.0,4.0,0.0,0.0,0.0,1.0,0.0,2.0,0.0,0.0,0.0,0.0,0.0,0.0,0.0,0.0,0.0,1.95,1.83,2.5,1.99,1.6,2.36,0.45,0.53,1.53,2.36,1.99,2.2,1.53,0.69,1.7,1.73,1.16,0.96,1.11,0.97,1.26
17-2031.00,Bioengineers and Biomedical Engineers,intellectual_curiosity|attention_to_detail|innovation|dependability|cautiousness|adaptability|integrity|achievement_orientation|cooperation|perseverance,innovation|adaptability|achievement_orientation|intellectual_curiosity|cautiousness|integrity|attention_to_detail|dependability,3.0,2.0,7.0,5.0,0.0,8.0,0.0,0.0,0.0,1.0,6.0,4.0,0.0,0.0,0.0,0.0,0.0,0.0,0.0,0.0,0.0,2.14,2.25,2.67,2.43,1.84,2.47,0.52,0.72,1.5,2.51,2.21,3.0,1.29,0.49,1.74,1.54,1.28,0.88,0.97,1.27,1.49
17-2041.00,Chemical Engineers,attention_to_detail|cautiousness|dependability|innovation|intellectual_curiosity|achievement_orientation|integrity|adaptability|stress_tolerance|perseverance,innovation|achievement_orientation|intellectual_curiosity|cautiousness|integrity|attention_to_detail|dependability,2.0,0.0,6.0,4.0,0.0,7.0,0.0,0.0,0.0,1.0,5.0,3.0,0.0,0.0,0.0,0.0,0.0,0.0,0.0,0.0,0.0,2.14,1.83,2.67,2.62,1.2,2.59,0.08,0.1,1.44,2.42,2.1,2.37,1.21,0.24,1.61,1.57,1.31,0.62,0.47,1.7,1.43
17-2051.00,Civil Engineers,dependability|attention_to_detail|cautiousness|integrity|intellectual_curiosity|achievement_orientation|leadership_orientation|innovation|adaptability|perseverance,leadership_orientation|achievement_orientation|intellectual_curiosity|cautiousness|integrity|attention_to_detail|dependability,2.0,0.0,6.0,4.0,0.0,7.0,0.0,0.0,0.0,0.0,5.0,3.0,1.0,0.0,0.0,0.0,0.0,0.0,0.0,0.0,0.0,2.08,1.86,2.57,2.39,1.44,2.65,0.41,0.42,1.59,1.97,2.21,2.16,2.01,0.61,1.77,1.76,1.31,0.78,0.86,1.43,1.33
17-2051.01,Transportation Engineers,attention_to_detail|dependability|cautiousness|integrity|intellectual_curiosity|achievement_orientation|innovation|perseverance|adaptability|self_confidence,cautiousness|integrity|attention_to_detail|dependability,0.0,0.0,3.0,1.0,0.0,4.0,0.0,0.0,0.0,0.0,2.0,0.0,0.0,0.0,0.0,0.0,0.0,0.0,0.0,0.0,0.0,1.95,1.54,2.67,2.35,1.31,2.59,0.35,0.4,1.29,1.86,2.1,1.97,1.06,0.32,1.74,1.47,1.16,0.62,0.72,1.4,1.01
17-2061.00,Computer Hardware Engineers,attention_to_detail|innovation|dependability|intellectual_curiosity|achievement_orientation|adaptability|cautiousness|integrity|perseverance|tolerance_for_ambiguity,innovation|adaptability|achievement_orientation|intellectual_curiosity|attention_to_detail|dependability,3.0,2.0,5.0,0.0,0.0,6.0,0.0,0.0,0.0,1.0,0.0,4.0,0.0,0.0,0.0,0.0,0.0,0.0,0.0,0.0,0.0,2.14,2.0,2.67,1.79,0.98,2.36,0.25,0.03,1.47,2.51,1.76,2.33,1.03,0.18,1.64,1.41,0.7,0.5,0.47,1.16,1.49
17-2071.00,Electrical Engineers,attention_to_detail|dependability|innovation|cautiousness|intellectual_curiosity|achievement_orientation|integrity|perseverance|self_confidence|adaptability,innovation|achievement_orientation|intellectual_curiosity|cautiousness|attention_to_detail|dependability,2.0,0.0,5.0,4.0,0.0,6.0,0.0,0.0,0.0,1.0,0.0,3.0,0.0,0.0,0.0,0.0,0.0,0.0,0.0,0.0,0.0,2.11,1.54,2.74,2.28,1.17,2.59,0.39,0.37,1.44,2.3,1.96,2.2,1.29,0.38,1.67,1.6,1.14,0.65,0.86,1.16,1.1
17-2072.00,"Electronics Engineers, Except Computer",attention_to_detail|innovation|dependability|intellectual_curiosity|cautiousness|integrity|achievement_orientation|perseverance|self_confidence|adaptability,innovation|achievement_orientation|intellectual_curiosity|cautiousness|integrity|attention_to_detail|dependability,2.0,0.0,6.0,4.0,0.0,7.0,0.0,0.0,0.0,1.0,5.0,3.0,0.0,0.0,0.0,0.0,0.0,0.0,0.0,0.0,0.0,2.04,1.54,2.7,2.28,0.9,2.41,0.21,0.29,1.21,2.45,2.1,2.33,1.0,0.16,1.67,1.57,0.97,0.57,0.59,1.16,1.29
17-2072.01,Radio Frequency Identification Device Specialists,attention_to_detail|innovation|dependability|intellectual_curiosity|achievement_orientation|cautiousness|adaptability|integrity|perseverance|initiative,innovation|achievement_orientation|intellectual_curiosity|attention_to_detail|dependability,2.0,0.0,4.0,0.0,0.0,5.0,0.0,0.0,0.0,1.0,0.0,3.0,0.0,0.0,0.0,0.0,0.0,0.0,0.0,0.0,0.0,2.01,1.83,2.53,1.93,0.75,2.22,0.05,0.32,1.59,2.24,1.76,2.2,0.66,0.04,1.67,1.41,0.59,0.27,0.45,1.02,1.43
17-2081.00,Environmental Engineers,attention_to_detail|dependability|cautiousness|innovation|intellectual_curiosity|integrity|achievement_orientation|cooperation|adaptability|perseverance,innovation|achievement_orientation|intellectual_curiosity|cautiousness|integrity|attention_to_detail|dependability,2.0,0.0,6.0,4.0,0.0,7.0,0.0,0.0,0.0,1.0,5.0,3.0,0.0,0.0,0.0,0.0,0.0,0.0,0.0,0.0,0.0,2.04,1.83,2.63,2.43,1.84,2.5,0.6,0.64,1.66,2.3,2.21,2.24,1.48,0.59,1.77,1.7,1.25,1.11,1.38,1.35,1.49
17-2111.00,"Health and Safety Engineers, Except Mining Safety Engineers and Inspectors",cautiousness|attention_to_detail|dependability|integrity|intellectual_curiosity|achievement_orientation|stress_tolerance|perseverance|adaptability|cooperation,achievement_orientation|intellectual_curiosity|cautiousness|integrity|attention_to_detail|dependability,1.0,0.0,5.0,3.0,0.0,6.0,0.0,0.0,0.0,0.0,4.0,2.0,0.0,0.0,0.0,0.0,0.0,0.0,0.0,0.0,0.0,2.04,1.86,2.67,2.74,1.84,2.62,0.88,0.72,1.79,1.6,2.36,2.2,1.56,0.74,1.97,1.76,1.77,1.39,1.15,1.99,1.35
17-2111.02,Fire-Prevention and Protection Engineers,attention_to_detail|cautiousness|dependability|integrity|intellectual_curiosity|innovation|achievement_orientation|perseverance|adaptability|self_confidence,innovation|achievement_orientation|intellectual_curiosity|cautiousness|integrity|attention_to_detail|dependability,2.0,0.0,6.0,4.0,0.0,7.0,0.0,0.0,0.0,1.0,5.0,3.0,0.0,0.0,0.0,0.0,0.0,0.0,0.0,0.0,0.0,2.01,1.83,2.77,2.74,1.63,2.65,0.35,0.53,1.69,2.09,2.36,2.2,1.7,0.07,1.97,1.73,1.53,1.16,0.97,1.58,1.37
17-2112.00,Industrial Engineers,attention_to_detail|dependability|intellectual_curiosity|innovation|achievement_orientation|integrity|cautiousness|adaptability|perseverance|initiative,innovation|achievement_orientation|intellectual_curiosity|attention_to_detail|dependability,2.0,0.0,4.0,0.0,0.0,5.0,0.0,0.0,0.0,1.0,0.0,3.0,0.0,0.0,0.0,0.0,0.0,0.0,0.0,0.0,0.0,2.11,1.75,2.63,1.89,1.41,2.36,0.43,0.45,1.66,2.15,1.96,2.2,1.45,0.49,1.7,1.66,1.19,0.72,1.09,1.19,1.31
17-2112.01,Human Factors Engineers and Ergonomists,attention_to_detail|intellectual_curiosity|innovation|dependability|achievement_orientation|adaptability|cooperation|cautiousness|integrity|perseverance,innovation|intellectual_curiosity|attention_to_detail|dependability,0.0,0.0,3.0,0.0,0.0,4.0,0.0,0.0,0.0,1.0,0.0,2.0,0.0,0.0,0.0,0.0,0.0,0.0,0.0,0.0,0.0,1.95,1.94,2.63,1.79,1.84,2.19,1.54,0.84,1.59,2.36,1.79,2.37,0.98,0.52,1.7,1.41,1.31,1.21,1.15,1.14,1.62
17-2112.02,Validation Engineers,attention_to_detail|dependability|cautiousness|intellectual_curiosity|integrity|achievement_orientation|perseverance|cooperation|initiative|adaptability,achievement_orientation|intellectual_curiosity|cautiousness|integrity|attention_to_detail|dependability,1.0,0.0,5.0,3.0,0.0,6.0,0.0,0.0,0.0,0.0,4.0,2.0,0.0,0.0,0.0,0.0,0.0,0.0,0.0,0.0,0.0,2.11,1.44,3.0,2.47,1.5,2.65,0.12,0.64,1.47,1.33,2.13,2.2,1.06,0.26,1.7,1.44,1.19,0.74,0.68,1.22,0.6
17-2112.03,Manufacturing Engineers,attention_to_detail|innovation|dependability|intellectual_curiosity|adaptability|achievement_orientation|perseverance|initiative|cautiousness|integrity,innovation|adaptability|intellectual_curiosity|attention_to_detail|dependability,0.0,2.0,4.0,0.0,0.0,5.0,0.0,0.0,0.0,1.0,0.0,3.0,0.0,0.0,0.0,0.0,0.0,0.0,0.0,0.0,0.0,1.98,2.05,2.53,1.76,1.38,2.36,0.1,0.4,1.82,2.36,1.73,2.16,1.31,0.64,1.9,1.5,1.11,0.63,0.68,1.32,1.16
17-2121.00,Marine Engineers and Naval Architects,attention_to_detail|dependability|cautiousness|innovation|intellectual_curiosity|achievement_orientation|integrity|adaptability|perseverance|leadership_orientation,innovation|achievement_orientation|intellectual_curiosity|cautiousness|integrity|attention_to_detail|dependability,2.0,0.0,6.0,4.0,0.0,7.0,0.0,0.0,0.0,1.0,5.0,3.0,0.0,0.0,0.0,0.0,0.0,0.0,0.0,0.0,0.0,2.14,1.83,2.7,2.35,1.31,2.65,0.23,0.4,1.56,2.3,2.1,2.2,1.67,0.52,1.77,1.66,1.31,0.72,0.65,1.43,1.39
17-2131.00,Materials Engineers,attention_to_detail|innovation|intellectual_curiosity|dependability|cautiousness|achievement_orientation|integrity|perseverance|adaptability|initiative,innovation|achievement_orientation|intellectual_curiosity|cautiousness|attention_to_detail|dependability,2.0,0.0,5.0,4.0,0.0,6.0,0.0,0.0,0.0,1.0,0.0,3.0,0.0,0.0,0.0,0.0,0.0,0.0,0.0,0.0,0.0,2.11,1.72,2.7,2.28,1.26,2.41,0.13,0.27,1.5,2.48,1.99,2.41,1.37,0.43,1.77,1.47,1.03,0.58,0.61,1.04,1.31
17-2141.00,Mechanical Engineers,attention_to_detail|dependability|innovation|cautiousness|intellectual_curiosity|achievement_orientation|integrity|perseverance|self_confidence|initiative,innovation|intellectual_curiosity|cautiousness|attention_to_detail|dependability,0.0,0.0,4.0,3.0,0.0,5.0,0.0,0.0,0.0,1.0,0.0,2.0,0.0,0.0,0.0,0.0,0.0,0.0,0.0,0.0,0.0,1.98,1.29,2.74,2.28,1.03,2.47,0.21,0.5,1.44,2.39,1.89,2.2,1.06,0.24,1.67,1.5,1.0,0.58,0.61,1.27,1.24
17-2141.01,Fuel Cell Engineers,attention_to_detail|intellectual_curiosity|innovation|dependability|cautiousness|achievement_orientation|integrity|adaptability|perseverance|self_confidence,innovation|achievement_orientation|intellectual_curiosity|cautiousness|attention_to_detail|dependability,2.0,0.0,5.0,4.0,0.0,6.0,0.0,0.0,0.0,1.0,0.0,3.0,0.0,0.0,0.0,0.0,0.0,0.0,0.0,0.0,0.0,2.14,1.8,2.7,2.35,1.26,2.47,-0.01,0.29,1.53,2.51,1.99,2.54,1.26,0.18,1.77,1.63,1.0,0.32,0.59,1.16,1.58
17-2141.02,Automotive Engineers,attention_to_detail|innovation|dependability|intellectual_curiosity|adaptability|achievement_orientation|integrity|cautiousness|perseverance|self_confidence,innovation|adaptability|achievement_orientation|intellectual_curiosity|attention_to_detail|dependability,3.0,2.0,5.0,0.0,0.0,6.0,0.0,0.0,0.0,1.0,0.0,4.0,0.0,0.0,0.0,0.0,0.0,0.0,0.0,0.0,0.0,2.14,2.26,2.63,1.89,1.08,2.47,0.07,0.47,1.44,2.51,1.99,2.37,1.48,0.24,1.61,1.54,1.08,0.62,0.59,1.24,1.41
17-2151.00,"Mining and Geological Engineers, Including Mining Safety Engineers",dependability|cautiousness|attention_to_detail|integrity|perseverance|achievement_orientation|intellectual_curiosity|stress_tolerance|leadership_orientation|innovation,perseverance|achievement_orientation|intellectual_curiosity|cautiousness|integrity|attention_to_detail|dependability,2.0,0.0,6.0,4.0,0.0,7.0,0.0,0.0,0.0,0.0,5.0,3.0,0.0,0.0,1.0,0.0,0.0,0.0,0.0,0.0,0.0,2.04,1.83,2.57,2.62,1.35,2.65,0.37,0.45,1.62,1.83,2.21,2.04,1.95,0.38,2.15,1.73,1.66,0.8,0.56,1.99,1.62
17-2161.00,Nuclear Engineers,attention_to_detail|dependability|integrity|cautiousness|intellectual_curiosity|self_control|stress_tolerance|achievement_orientation|perseverance|innovation,perseverance|stress_tolerance|self_control|achievement_orientation|intellectual_curiosity|cautiousness|integrity|attention_to_detail|dependability,4.0,0.0,8.0,6.0,0.0,9.0,0.0,0.0,0.0,0.0,7.0,5.0,0.0,0.0,1.0,0.0,3.0,0.0,0.0,2.0,0.0,2.21,1.48,3.0,2.74,1.44,3.0,0.12,0.64,1.38,1.97,2.93,2.58,1.58,0.13,2.12,1.73,2.5,1.19,0.29,2.39,1.37
17-2171.00,Petroleum Engineers,attention_to_detail|cautiousness|dependability|intellectual_curiosity|innovation|achievement_orientation|perseverance|integrity|stress_tolerance|adaptability,innovation|perseverance|achievement_orientation|intellectual_curiosity|cautiousness|integrity|attention_to_detail|dependability,3.0,0.0,7.0,5.0,0.0,8.0,0.0,0.0,0.0,1.0,6.0,4.0,0.0,0.0,2.0,0.0,0.0,0.0,0.0,0.0,0.0,2.14,1.79,2.57,2.5,1.08,2.47,0.13,0.17,1.66,2.18,2.03,2.2,1.42,0.47,2.12,1.73,1.31,0.57,0.75,1.8,1.49
17-2199.03,"Energy Engineers, Except Wind and Solar",attention_to_detail|dependability|innovation|intellectual_curiosity|achievement_orientation|integrity|cautiousness|adaptability|perseverance|self_confidence,innovation|achievement_orientation|intellectual_curiosity|cautiousness|integrity|attention_to_detail|dependability,2.0,0.0,6.0,4.0,0.0,7.0,0.0,0.0,0.0,1.0,5.0,3.0,0.0,0.0,0.0,0.0,0.0,0.0,0.0,0.0,0.0,2.17,1.79,2.57,2.03,1.23,2.39,0.2,0.53,1.59,2.27,2.06,2.24,1.34,0.49,1.64,1.6,0.9,0.86,0.77,1.11,1.22
17-2199.05,Mechatronics Engineers,attention_to_detail|innovation|dependability|intellectual_curiosity|cautiousness|achievement_orientation|integrity|adaptability|perseverance|self_confidence,innovation|achievement_orientation|intellectual_curiosity|cautiousness|attention_to_detail|dependability,2.0,0.0,5.0,4.0,0.0,6.0,0.0,0.0,0.0,1.0,0.0,3.0,0.0,0.0,0.0,0.0,0.0,0.0,0.0,0.0,0.0,2.04,1.86,2.63,2.24,0.98,2.39,-0.01,0.37,1.53,2.51,1.92,2.37,1.06,0.2,1.64,1.6,0.7,0.25,0.47,0.97,1.49
17-2199.06,Microsystems Engineers,attention_to_detail|innovation|dependability|intellectual_curiosity|cautiousness|achievement_orientation|integrity|adaptability|perseverance|tolerance_for_ambiguity,innovation|achievement_orientation|intellectual_curiosity|cautiousness|attention_to_detail|dependability,2.0,0.0,5.0,4.0,0.0,6.0,0.0,0.0,0.0,1.0,0.0,3.0,0.0,0.0,0.0,0.0,0.0,0.0,0.0,0.0,0.0,2.14,1.86,3.0,2.28,0.95,2.39,-0.02,0.24,1.18,2.51,1.92,2.37,0.81,0.15,1.67,1.35,0.61,0.3,0.5,1.09,1.56
17-2199.07,Photonics Engineers,attention_to_detail|innovation|intellectual_curiosity|dependability|achievement_orientation|cautiousness|adaptability|integrity|tolerance_for_ambiguity|perseverance,innovation|achievement_orientation|intellectual_curiosity|cautiousness|attention_to_detail|dependability,2.0,0.0,5.0,4.0,0.0,6.0,0.0,0.0,0.0,1.0,0.0,3.0,0.0,0.0,0.0,0.0,0.0,0.0,0.0,0.0,0.0,2.14,1.98,2.77,2.14,0.85,2.25,-0.03,0.24,1.44,2.45,1.76,2.45,0.73,0.32,1.61,1.35,0.61,0.47,0.47,1.0,1.7
17-2199.08,Robotics Engineers,attention_to_detail|innovation|dependability|intellectual_curiosity|cautiousness|achievement_orientation|adaptability|integrity|perseverance|tolerance_for_ambiguity,innovation|adaptability|achievement_orientation|intellectual_curiosity|cautiousness|attention_to_detail|dependability,3.0,2.0,6.0,5.0,0.0,7.0,0.0,0.0,0.0,1.0,0.0,4.0,0.0,0.0,0.0,0.0,0.0,0.0,0.0,0.0,0.0,2.08,2.05,2.74,2.28,0.87,2.41,0.02,0.03,1.38,2.55,1.92,2.37,1.16,0.22,1.9,1.41,0.66,0.18,0.11,1.02,1.53
17-2199.09,Nanosystems Engineers,intellectual_curiosity|attention_to_detail|innovation|dependability|cautiousness|adaptability|achievement_orientation|perseverance|integrity|tolerance_for_ambiguity,innovation|adaptability|perseverance|achievement_orientation|intellectual_curiosity|cautiousness|integrity|attention_to_detail|dependability,4.0,2.0,8.0,6.0,0.0,9.0,0.0,0.0,0.0,1.0,7.0,5.0,0.0,0.0,3.0,0.0,0.0,0.0,0.0,0.0,0.0,2.24,2.3,3.0,2.35,1.08,2.41,0.23,0.5,1.86,2.77,2.03,3.0,1.45,0.47,2.08,1.57,1.0,0.58,0.84,1.07,1.93
17-3011.00,Architectural and Civil Drafters,attention_to_detail|dependability|cautiousness|achievement_orientation|integrity|intellectual_curiosity|perseverance|innovation|adaptability|self_confidence,attention_to_detail|dependability,0.0,0.0,1.0,0.0,0.0,2.0,0.0,0.0,0.0,0.0,0.0,0.0,0.0,0.0,0.0,0.0,0.0,0.0,0.0,0.0,0.0,1.6,1.02,2.77,1.99,0.71,2.25,-0.02,0.03,0.63,1.1,1.34,1.23,0.23,0.06,1.18,1.02,0.61,0.17,0.07,0.86,0.22
17-3012.00,Electrical and Electronics Drafters,attention_to_detail|dependability|cautiousness|achievement_orientation|integrity|intellectual_curiosity|cooperation|perseverance|self_confidence|stress_tolerance,cautiousness|attention_to_detail|dependability,0.0,0.0,2.0,1.0,0.0,3.0,0.0,0.0,0.0,0.0,0.0,0.0,0.0,0.0,0.0,0.0,0.0,0.0,0.0,0.0,0.0,1.52,0.83,2.67,2.14,1.17,2.3,0.02,-0.01,0.17,0.75,1.4,1.23,-0.4,-0.07,1.02,0.87,0.55,0.22,0.25,0.86,-0.38
17-3013.00,Mechanical Drafters,attention_to_detail|dependability|cautiousness|achievement_orientation|intellectual_curiosity|perseverance|innovation|adaptability|self_confidence|integrity,attention_to_detail|dependability,0.0,0.0,1.0,0.0,0.0,2.0,0.0,0.0,0.0,0.0,0.0,0.0,0.0,0.0,0.0,0.0,0.0,0.0,0.0,0.0,0.0,1.55,0.97,3.0,1.82,0.85,2.16,-0.03,-0.01,0.49,1.1,0.91,1.26,0.1,-0.09,1.12,0.97,0.39,0.14,0.2,0.58,-0.19
17-3021.00,Aerospace Engineering and Operations Technologists and Technicians,attention_to_detail|dependability|cautiousness|integrity|intellectual_curiosity|perseverance|adaptability|self_control|stress_tolerance|cooperation,cautiousness|integrity|attention_to_detail|dependability,0.0,0.0,3.0,1.0,0.0,4.0,0.0,0.0,0.0,0.0,2.0,0.0,0.0,0.0,0.0,0.0,0.0,0.0,0.0,0.0,0.0,0.4,1.68,2.77,2.58,1.28,2.65,-0.05,0.32,0.92,1.25,2.1,1.86,0.14,0.18,1.8,1.15,1.56,0.55,0.31,1.55,0.64
17-3022.00,Civil Engineering Technologists and Technicians,attention_to_detail|dependability|cautiousness|integrity|achievement_orientation|perseverance|intellectual_curiosity|cooperation|stress_tolerance|self_confidence,attention_to_detail|dependability,0.0,0.0,1.0,0.0,0.0,2.0,0.0,0.0,0.0,0.0,0.0,0.0,0.0,0.0,0.0,0.0,0.0,0.0,0.0,0.0,0.0,1.63,0.94,2.67,1.93,1.26,2.39,0.01,0.29,0.8,0.82,1.76,1.38,0.34,0.09,1.43,0.99,0.61,0.53,0.41,1.07,0.41
17-3023.00,Electrical and Electronic Engineering Technologists and Technicians,attention_to_detail|dependability|cautiousness|intellectual_curiosity|perseverance|integrity|achievement_orientation|innovation|adaptability|cooperation,cautiousness|attention_to_detail|dependability,0.0,0.0,2.0,1.0,0.0,3.0,0.0,0.0,0.0,0.0,0.0,0.0,0.0,0.0,0.0,0.0,0.0,0.0,0.0,0.0,0.0,1.66,1.38,2.77,2.06,1.2,2.47,-0.01,0.12,1.02,1.52,1.7,1.89,0.23,0.34,1.7,1.02,1.08,0.44,0.36,1.07,0.85
17-3024.00,Electro-Mechanical and Mechatronics Technologists and Technicians,attention_to_detail|dependability|cautiousness|intellectual_curiosity|achievement_orientation|perseverance|integrity|adaptability|stress_tolerance|innovation,cautiousness|attention_to_detail|dependability,0.0,0.0,2.0,1.0,0.0,3.0,0.0,0.0,0.0,0.0,0.0,0.0,0.0,0.0,0.0,0.0,0.0,0.0,0.0,0.0,0.0,1.66,1.51,2.67,2.03,0.68,2.47,-0.12,0.12,0.92,1.25,1.57,1.93,-0.22,0.07,1.61,1.05,0.85,0.18,-0.23,1.29,0.54
17-3024.01,Robotics Technicians,attention_to_detail|dependability|cautiousness|intellectual_curiosity|achievement_orientation|adaptability|perseverance|integrity|innovation|stress_tolerance,attention_to_detail|dependability,0.0,0.0,1.0,0.0,0.0,2.0,0.0,0.0,0.0,0.0,0.0,0.0,0.0,0.0,0.0,0.0,0.0,0.0,0.0,0.0,0.0,1.69,1.68,2.57,1.99,0.95,2.39,-0.06,-0.08,1.05,1.49,1.57,1.82,0.23,0.34,1.67,1.13,0.92,0.37,0.07,1.16,1.01
17-3025.00,Environmental Engineering Technologists and Technicians,attention_to_detail|dependability|cautiousness|integrity|intellectual_curiosity|perseverance|achievement_orientation|cooperation|stress_tolerance|self_control,cautiousness|attention_to_detail|dependability,0.0,0.0,2.0,1.0,0.0,3.0,0.0,0.0,0.0,0.0,0.0,0.0,0.0,0.0,0.0,0.0,0.0,0.0,0.0,0.0,0.0,1.6,1.26,2.67,2.17,1.47,2.5,0.04,0.45,0.9,1.1,1.99,1.82,0.12,0.24,1.64,0.94,1.28,0.63,0.18,1.35,1.1
17-3026.00,Industrial Engineering Technologists and Technicians,attention_to_detail|dependability|cautiousness|achievement_orientation|integrity|perseverance|intellectual_curiosity|adaptability|innovation|cooperation,attention_to_detail|dependability,0.0,0.0,1.0,0.0,0.0,2.0,0.0,0.0,0.0,0.0,0.0,0.0,0.0,0.0,0.0,0.0,0.0,0.0,0.0,0.0,0.0,1.69,1.22,2.67,1.76,1.08,2.19,0.08,0.32,0.95,1.15,1.54,1.41,0.32,0.16,1.43,0.8,0.92,0.5,0.45,1.02,0.43
17-3026.01,Nanotechnology Engineering Technologists and Technicians,attention_to_detail|dependability|cautiousness|intellectual_curiosity|integrity|adaptability|achievement_orientation|innovation|perseverance|tolerance_for_ambiguity,adaptability|intellectual_curiosity|cautiousness|integrity|attention_to_detail|dependability,0.0,1.0,5.0,3.0,0.0,6.0,0.0,0.0,0.0,0.0,4.0,2.0,0.0,0.0,0.0,0.0,0.0,0.0,0.0,0.0,0.0,1.95,2.05,3.0,2.62,1.26,2.65,-0.05,0.56,0.95,1.72,2.1,2.12,0.12,0.32,1.64,0.92,1.28,0.57,-0.07,1.14,1.31
17-3027.00,Mechanical Engineering Technologists and Technicians,attention_to_detail|dependability|cautiousness|innovation|intellectual_curiosity|integrity|achievement_orientation|perseverance|adaptability|cooperation,attention_to_detail|dependability,0.0,0.0,1.0,0.0,0.0,2.0,0.0,0.0,0.0,0.0,0.0,0.0,0.0,0.0,0.0,0.0,0.0,0.0,0.0,0.0,0.0,1.69,1.35,2.67,1.96,1.23,2.47,-0.01,0.19,1.05,1.94,1.7,1.93,0.27,0.34,1.67,1.13,0.97,0.57,0.5,1.02,1.06
17-3027.01,Automotive Engineering Technicians,attention_to_detail|dependability|cautiousness|intellectual_curiosity|innovation|integrity|perseverance|adaptability|achievement_orientation|stress_tolerance,attention_to_detail|dependability,0.0,0.0,1.0,0.0,0.0,2.0,0.0,0.0,0.0,0.0,0.0,0.0,0.0,0.0,0.0,0.0,0.0,0.0,0.0,0.0,0.0,1.6,1.65,2.57,1.93,0.87,2.47,-0.05,0.1,1.07,1.77,1.7,1.86,0.02,0.09,1.67,0.92,0.61,0.41,0.16,1.09,1.06
17-3028.00,Calibration Technologists and Technicians,attention_to_detail|dependability|cautiousness|intellectual_curiosity|integrity|achievement_orientation|perseverance|adaptability|innovation|self_control,cautiousness|attention_to_detail|dependability,0.0,0.0,2.0,1.0,0.0,3.0,0.0,0.0,0.0,0.0,0.0,0.0,0.0,0.0,0.0,0.0,0.0,0.0,0.0,0.0,0.0,1.77,1.41,3.0,2.47,0.78,2.65,-0.18,0.15,0.74,1.17,1.79,1.93,-0.19,0.09,1.58,0.89,0.97,0.38,-0.18,0.95,0.6
17-3029.01,Non-Destructive Testing Specialists,attention_to_detail|dependability|cautiousness|integrity|achievement_orientation|perseverance|stress_tolerance|intellectual_curiosity|self_control|adaptability,cautiousness|integrity|attention_to_detail|dependability,0.0,0.0,3.0,1.0,0.0,4.0,0.0,0.0,0.0,0.0,2.0,0.0,0.0,0.0,0.0,0.0,0.0,0.0,0.0,0.0,0.0,1.71,1.22,3.0,2.62,0.9,2.65,-0.36,0.24,0.74,0.37,2.32,1.35,0.61,-0.18,1.58,1.15,1.25,0.65,-0.16,1.58,0.52
17-3029.08,Photonics Technicians,attention_to_detail|dependability|cautiousness|intellectual_curiosity|integrity|perseverance|achievement_orientation|adaptability|cooperation|innovation,cautiousness|attention_to_detail|dependability,0.0,0.0,2.0,1.0,0.0,3.0,0.0,0.0,0.0,0.0,0.0,0.0,0.0,0.0,0.0,0.0,0.0,0.0,0.0,0.0,0.0,1.52,1.29,2.67,2.03,1.23,2.53,-0.16,0.22,0.8,1.04,1.63,1.89,0.02,0.15,1.58,0.87,0.95,0.28,-0.09,1.04,0.47
17-3031.00,Surveying and Mapping Technicians,attention_to_detail|dependability|cautiousness|integrity|achievement_orientation|intellectual_curiosity|perseverance|self_confidence|cooperation|adaptability,attention_to_detail|dependability,0.0,0.0,1.0,0.0,0.0,2.0,0.0,0.0,0.0,0.0,0.0,0.0,0.0,0.0,0.0,0.0,0.0,0.0,0.0,0.0,0.0,1.42,0.76,2.74,1.69,0.87,2.27,-0.13,-0.08,0.65,0.65,1.57,1.38,-0.38,-0.1,1.07,0.87,0.55,0.1,0.04,0.76,0.35
19-1011.00,Animal Scientists,intellectual_curiosity|innovation|attention_to_detail|dependability|achievement_orientation|integrity|perseverance|initiative|cautiousness|self_confidence,innovation|achievement_orientation|intellectual_curiosity|attention_to_detail|dependability,2.0,0.0,4.0,0.0,0.0,5.0,0.0,0.0,0.0,1.0,0.0,3.0,0.0,0.0,0.0,0.0,0.0,0.0,0.0,0.0,0.0,2.11,1.29,2.31,1.44,1.14,2.27,0.34,0.7,1.56,2.33,1.76,2.54,0.98,0.34,1.7,1.41,0.61,0.82,0.81,0.9,1.35
19-1012.00,Food Scientists and Technologists,attention_to_detail|intellectual_curiosity|dependability|innovation|cautiousness|integrity|achievement_orientation|adaptability|perseverance|initiative,innovation|achievement_orientation|intellectual_curiosity|cautiousness|integrity|attention_to_detail|dependability,2.0,0.0,6.0,4.0,0.0,7.0,0.0,0.0,0.0,1.0,5.0,3.0,0.0,0.0,0.0,0.0,0.0,0.0,0.0,0.0,0.0,2.04,1.86,2.7,2.28,1.38,2.41,0.12,0.53,1.5,2.39,2.17,2.58,1.03,0.3,1.58,1.41,0.97,0.67,0.95,1.11,1.26
19-1013.00,Soil and Plant Scientists,intellectual_curiosity|attention_to_detail|innovation|dependability|adaptability|integrity|perseverance|achievement_orientation|cautiousness|tolerance_for_ambiguity,innovation|intellectual_curiosity|attention_to_detail,0.0,0.0,3.0,0.0,0.0,0.0,0.0,0.0,0.0,1.0,0.0,2.0,0.0,0.0,0.0,0.0,0.0,0.0,0.0,0.0,0.0,1.6,1.79,2.57,1.59,0.53,1.83,0.05,0.7,1.07,2.48,1.7,2.67,1.0,0.09,1.67,1.24,0.68,0.8,1.04,0.95,1.45
19-1021.00,Biochemists and Biophysicists,intellectual_curiosity|attention_to_detail|innovation|dependability|integrity|achievement_orientation|initiative|cautiousness|adaptability|perseverance,innovation|achievement_orientation|intellectual_curiosity|integrity|attention_to_detail|dependability,2.0,0.0,5.0,0.0,0.0,6.0,0.0,0.0,0.0,1.0,4.0,3.0,0.0,0.0,0.0,0.0,0.0,0.0,0.0,0.0,0.0,2.14,1.79,3.0,1.82,1.2,2.36,0.27,0.72,1.82,2.61,2.21,3.0,1.24,0.56,1.58,1.24,0.59,0.84,0.7,1.32,1.26
19-1022.00,Microbiologists,intellectual_curiosity|attention_to_detail|dependability|cautiousness|innovation|achievement_orientation|integrity|perseverance|initiative|stress_tolerance,innovation|achievement_orientation|intellectual_curiosity|cautiousness|integrity|attention_to_detail|dependability,2.0,0.0,6.0,4.0,0.0,7.0,0.0,0.0,0.0,1.0,5.0,3.0,0.0,0.0,0.0,0.0,0.0,0.0,0.0,0.0,0.0,2.14,1.35,3.0,2.39,1.17,2.65,-0.01,0.75,1.41,2.27,2.1,3.0,1.08,0.22,1.67,1.29,0.77,0.6,0.16,1.4,1.35
19-1023.00,Zoologists and Wildlife Biologists,intellectual_curiosity|dependability|attention_to_detail|innovation|integrity|perseverance|achievement_orientation|cooperation|adaptability|initiative,innovation|intellectual_curiosity|integrity|attention_to_detail|dependability,0.0,0.0,4.0,0.0,0.0,5.0,0.0,0.0,0.0,1.0,3.0,2.0,0.0,0.0,0.0,0.0,0.0,0.0,0.0,0.0,0.0,1.92,1.79,2.19,1.5,1.84,2.3,0.79,1.06,1.75,2.15,2.1,2.63,1.24,0.71,1.94,1.26,1.31,1.09,1.43,1.29,1.66
19-1029.01,Bioinformatics Scientists,intellectual_curiosity|attention_to_detail|innovation|adaptability|dependability|achievement_orientation|integrity|perseverance|tolerance_for_ambiguity|initiative,innovation|adaptability|achievement_orientation|intellectual_curiosity|attention_to_detail|dependability,3.0,2.0,5.0,0.0,0.0,6.0,0.0,0.0,0.0,1.0,0.0,4.0,0.0,0.0,0.0,0.0,0.0,0.0,0.0,0.0,0.0,2.14,2.3,2.77,1.47,0.98,2.19,0.16,0.58,1.69,2.61,1.96,3.0,0.81,0.24,1.94,1.26,0.42,0.47,0.54,1.11,1.93
19-1029.02,Molecular and Cellular Biologists,intellectual_curiosity|attention_to_detail|dependability|innovation|cautiousness|achievement_orientation|integrity|perseverance|adaptability|initiative,innovation|achievement_orientation|intellectual_curiosity|cautiousness|integrity|attention_to_detail|dependability,2.0,0.0,6.0,4.0,0.0,7.0,0.0,0.0,0.0,1.0,5.0,3.0,0.0,0.0,0.0,0.0,0.0,0.0,0.0,0.0,0.0,2.14,1.94,3.0,2.28,1.17,2.59,0.15,0.72,1.75,2.36,2.1,3.0,1.58,0.59,1.97,1.47,0.95,0.76,0.65,1.49,1.62
19-1029.03,Geneticists,intellectual_curiosity|attention_to_detail|innovation|dependability|integrity|achievement_orientation|cautiousness|adaptability|perseverance|tolerance_for_ambiguity,innovation|achievement_orientation|intellectual_curiosity|cautiousness|integrity|attention_to_detail|dependability,2.0,0.0,6.0,4.0,0.0,7.0,0.0,0.0,0.0,1.0,5.0,3.0,0.0,0.0,0.0,0.0,0.0,0.0,0.0,0.0,0.0,2.24,1.94,3.0,2.14,1.7,2.36,0.39,0.72,1.79,2.51,2.32,3.0,1.45,0.45,1.94,1.41,1.14,0.88,1.09,1.29,1.89
19-1029.04,Biologists,intellectual_curiosity|attention_to_detail|innovation|dependability|integrity|achievement_orientation|cooperation|perseverance|cautiousness|tolerance_for_ambiguity,innovation|intellectual_curiosity|integrity|attention_to_detail|dependability,0.0,0.0,4.0,0.0,0.0,5.0,0.0,0.0,0.0,1.0,3.0,2.0,0.0,0.0,0.0,0.0,0.0,0.0,0.0,0.0,0.0,1.95,1.29,2.53,1.5,1.7,2.08,0.43,0.75,1.41,2.3,2.03,3.0,1.29,0.43,1.58,1.24,0.75,0.92,1.29,0.95,1.41
19-1031.00,Conservation Scientists,dependability|attention_to_detail|integrity|cautiousness|innovation|intellectual_curiosity|perseverance|cooperation|adaptability|leadership_orientation,innovation|intellectual_curiosity|cautiousness|integrity|attention_to_detail|dependability,0.0,0.0,5.0,3.0,0.0,6.0,0.0,0.0,0.0,1.0,4.0,2.0,0.0,0.0,0.0,0.0,0.0,0.0,0.0,0.0,0.0,1.63,1.75,2.25,2.1,1.77,2.27,0.64,1.03,1.56,2.09,2.24,2.08,1.64,0.79,1.94,1.44,1.53,1.46,1.24,1.27,1.26
19-1031.02,Range Managers,dependability|integrity|attention_to_detail|intellectual_curiosity|leadership_orientation|perseverance|initiative|cooperation|cautiousness|achievement_orientation,integrity|dependability,0.0,0.0,0.0,0.0,0.0,2.0,0.0,0.0,0.0,0.0,1.0,0.0,0.0,0.0,0.0,0.0,0.0,0.0,0.0,0.0,0.0,1.74,1.72,1.94,1.76,1.77,2.3,0.79,0.84,1.79,1.52,2.13,1.89,1.84,0.74,1.83,1.6,1.5,1.11,1.06,1.14,1.39
19-1031.03,Park Naturalists,dependability|social_orientation|intellectual_curiosity|optimism|initiative|integrity|self_control|cooperation|innovation|achievement_orientation,social_orientation|intellectual_curiosity|dependability,0.0,0.0,0.0,0.0,0.0,3.0,0.0,0.0,0.0,0.0,0.0,2.0,0.0,0.0,0.0,0.0,0.0,0.0,1.0,0.0,0.0,1.52,0.6,1.44,0.08,1.63,2.47,0.86,1.12,1.75,1.55,1.73,2.01,0.83,1.86,0.57,0.75,1.7,0.96,2.31,1.24,0.49
19-1032.00,Foresters,dependability|leadership_orientation|integrity|cautiousness|attention_to_detail|perseverance|achievement_orientation|cooperation|adaptability|initiative,leadership_orientation|cautiousness|integrity|attention_to_detail|dependability,0.0,0.0,4.0,2.0,0.0,5.0,0.0,0.0,0.0,0.0,3.0,0.0,1.0,0.0,0.0,0.0,0.0,0.0,0.0,0.0,0.0,1.8,1.72,2.02,2.03,1.74,2.36,0.45,0.5,1.69,1.41,2.1,1.68,2.16,0.64,1.9,1.5,1.25,0.98,0.95,1.32,1.24
19-1041.00,Epidemiologists,attention_to_detail|intellectual_curiosity|dependability|integrity|cautiousness|adaptability|achievement_orientation|cooperation|tolerance_for_ambiguity|perseverance,adaptability|achievement_orientation|cooperation|intellectual_curiosity|cautiousness|integrity|attention_to_detail|dependability,2.0,1.0,7.0,5.0,3.0,8.0,0.0,0.0,0.0,0.0,6.0,4.0,0.0,0.0,0.0,0.0,0.0,0.0,0.0,0.0,0.0,2.14,2.21,2.7,2.28,2.14,2.59,1.3,1.09,1.79,1.8,2.47,2.67,1.5,0.59,1.9,1.5,1.8,1.6,1.45,1.8,1.95
19-1042.00,"Medical Scientists, Except Epidemiologists",intellectual_curiosity|attention_to_detail|dependability|cautiousness|innovation|integrity|achievement_orientation|perseverance|initiative|adaptability,innovation|perseverance|achievement_orientation|intellectual_curiosity|cautiousness|integrity|attention_to_detail|dependability,3.0,0.0,7.0,5.0,0.0,8.0,0.0,0.0,0.0,1.0,6.0,4.0,0.0,0.0,2.0,0.0,0.0,0.0,0.0,0.0,0.0,2.24,1.79,3.0,2.54,1.26,2.65,0.6,0.72,1.79,2.36,2.36,3.0,1.26,0.64,2.12,1.38,1.56,1.23,0.75,1.73,1.58
19-2011.00,Astronomers,intellectual_curiosity|innovation|attention_to_detail|achievement_orientation|perseverance|dependability|integrity|tolerance_for_ambiguity|self_confidence|initiative,innovation|perseverance|achievement_orientation|intellectual_curiosity|integrity|attention_to_detail|dependability,3.0,0.0,6.0,0.0,0.0,7.0,0.0,0.0,0.0,1.0,5.0,4.0,0.0,0.0,2.0,0.0,0.0,0.0,0.0,0.0,0.0,2.21,1.65,2.5,1.38,1.47,2.14,0.52,0.7,1.75,2.55,2.06,3.0,1.26,0.64,2.15,1.83,1.0,0.88,1.27,1.14,1.99
19-2012.00,Physicists,intellectual_curiosity|innovation|attention_to_detail|achievement_orientation|dependability|integrity|tolerance_for_ambiguity|perseverance|self_confidence|initiative,innovation|achievement_orientation|intellectual_curiosity|integrity|attention_to_detail|dependability,2.0,0.0,5.0,0.0,0.0,6.0,0.0,0.0,0.0,1.0,4.0,3.0,0.0,0.0,0.0,0.0,0.0,0.0,0.0,0.0,0.0,2.17,1.35,2.53,1.5,0.68,2.14,0.04,0.24,1.53,2.61,2.1,3.0,0.64,0.13,1.87,1.6,0.57,0.53,0.45,0.95,1.91
19-2021.00,Atmospheric and Space Scientists,attention_to_detail|dependability|intellectual_curiosity|achievement_orientation|tolerance_for_ambiguity|adaptability|innovation|integrity|cautiousness|perseverance,tolerance_for_ambiguity|achievement_orientation|intellectual_curiosity|attention_to_detail|dependability,2.0,0.0,4.0,0.0,0.0,5.0,0.0,0.0,0.0,0.0,0.0,3.0,0.0,0.0,0.0,0.0,0.0,0.0,0.0,0.0,1.0,2.14,1.98,2.67,1.79,0.87,2.47,0.16,0.32,1.1,1.97,1.92,2.45,0.73,0.28,1.74,1.5,1.22,0.7,0.63,1.52,2.01
19-2031.00,Chemists,intellectual_curiosity|attention_to_detail|dependability|innovation|cautiousness|achievement_orientation|integrity|perseverance|adaptability|tolerance_for_ambiguity,innovation|achievement_orientation|intellectual_curiosity|cautiousness|integrity|attention_to_detail|dependability,2.0,0.0,6.0,4.0,0.0,7.0,0.0,0.0,0.0,1.0,5.0,3.0,0.0,0.0,0.0,0.0,0.0,0.0,0.0,0.0,0.0,2.14,1.51,3.0,2.35,1.08,2.53,-0.02,0.29,1.41,2.39,2.1,3.0,0.73,0.34,1.61,1.07,0.95,0.52,0.16,1.22,1.43
19-2032.00,Materials Scientists,intellectual_curiosity|attention_to_detail|innovation|dependability|achievement_orientation|cautiousness|integrity|perseverance|adaptability|tolerance_for_ambiguity,innovation|achievement_orientation|intellectual_curiosity|attention_to_detail|dependability,2.0,0.0,4.0,0.0,0.0,5.0,0.0,0.0,0.0,1.0,0.0,3.0,0.0,0.0,0.0,0.0,0.0,0.0,0.0,0.0,0.0,2.14,1.65,2.67,1.99,1.03,2.19,-0.02,0.5,1.5,2.48,1.86,3.0,0.83,0.4,1.77,1.41,0.57,0.6,0.41,1.09,1.6
19-2041.00,"Environmental Scientists and Specialists, Including Health",attention_to_detail|dependability|integrity|intellectual_curiosity|cautiousness|innovation|achievement_orientation|adaptability|cooperation|perseverance,innovation|achievement_orientation|intellectual_curiosity|cautiousness|integrity|attention_to_detail|dependability,2.0,0.0,6.0,4.0,0.0,7.0,0.0,0.0,0.0,1.0,5.0,3.0,0.0,0.0,0.0,0.0,0.0,0.0,0.0,0.0,0.0,2.01,1.94,2.67,2.1,1.74,2.47,0.82,0.58,1.59,2.03,2.43,2.41,1.34,0.59,1.67,1.44,1.34,1.33,1.38,1.32,1.56
19-2042.00,"Geoscientists, Except Hydrologists and Geographers",intellectual_curiosity|attention_to_detail|innovation|dependability|achievement_orientation|tolerance_for_ambiguity|integrity|cautiousness|perseverance|self_confidence,innovation|achievement_orientation|intellectual_curiosity|attention_to_detail|dependability,2.0,0.0,4.0,0.0,0.0,5.0,0.0,0.0,0.0,1.0,0.0,3.0,0.0,0.0,0.0,0.0,0.0,0.0,0.0,0.0,0.0,2.04,1.51,2.63,1.69,0.75,2.16,-0.02,0.56,1.41,2.27,1.79,2.72,0.9,0.26,1.67,1.6,0.73,0.62,0.36,1.16,1.83
19-2043.00,Hydrologists,attention_to_detail|intellectual_curiosity|dependability|integrity|innovation|cautiousness|achievement_orientation|perseverance|tolerance_for_ambiguity|adaptability,innovation|intellectual_curiosity|integrity|attention_to_detail|dependability,0.0,0.0,4.0,0.0,0.0,5.0,0.0,0.0,0.0,1.0,3.0,2.0,0.0,0.0,0.0,0.0,0.0,0.0,0.0,0.0,0.0,1.98,1.48,2.63,1.99,1.31,2.39,0.2,0.45,1.44,2.03,2.1,2.58,1.11,0.26,1.64,1.41,0.92,0.74,0.43,0.97,1.6
19-2099.01,Remote Sensing Scientists and Technologists,attention_to_detail|innovation|intellectual_curiosity|dependability|achievement_orientation|integrity|adaptability|tolerance_for_ambiguity|cautiousness|perseverance,innovation|achievement_orientation|intellectual_curiosity|attention_to_detail|dependability,2.0,0.0,4.0,0.0,0.0,5.0,0.0,0.0,0.0,1.0,0.0,3.0,0.0,0.0,0.0,0.0,0.0,0.0,0.0,0.0,0.0,2.01,1.9,2.67,1.76,1.11,2.25,-0.03,0.34,1.59,2.51,1.96,2.41,1.0,0.24,1.61,1.07,0.77,0.49,0.31,1.16,1.89
19-3011.00,Economists,intellectual_curiosity|attention_to_detail|achievement_orientation|dependability|integrity|innovation|tolerance_for_ambiguity|cautiousness|self_confidence|perseverance,achievement_orientation|intellectual_curiosity|integrity|attention_to_detail|dependability,1.0,0.0,4.0,0.0,0.0,5.0,0.0,0.0,0.0,0.0,3.0,2.0,0.0,0.0,0.0,0.0,0.0,0.0,0.0,0.0,0.0,2.17,1.44,2.53,1.76,0.87,2.14,0.35,-0.23,1.53,1.89,2.13,3.0,1.24,0.22,1.58,1.7,1.19,0.53,0.59,1.35,1.89
19-3022.00,Survey Researchers,attention_to_detail|dependability|intellectual_curiosity|integrity|cooperation|achievement_orientation|innovation|tolerance_for_ambiguity|initiative|perseverance,intellectual_curiosity|attention_to_detail|dependability,0.0,0.0,2.0,0.0,0.0,3.0,0.0,0.0,0.0,0.0,0.0,1.0,0.0,0.0,0.0,0.0,0.0,0.0,0.0,0.0,0.0,1.8,1.38,2.63,1.32,1.84,2.39,0.88,0.58,1.53,1.66,1.89,2.28,1.29,0.59,1.43,1.18,1.0,0.9,1.38,1.07,1.58
19-3032.00,Industrial-Organizational Psychologists,intellectual_curiosity|attention_to_detail|achievement_orientation|innovation|integrity|adaptability|dependability|cooperation|self_confidence|initiative,initiative|self_confidence|innovation|adaptability|achievement_orientation|cooperation|intellectual_curiosity|integrity|attention_to_detail|dependability,5.0,4.0,9.0,0.0,6.0,10.0,0.0,0.0,1.0,3.0,8.0,7.0,0.0,0.0,0.0,2.0,0.0,0.0,0.0,0.0,0.0,2.45,2.3,2.6,1.38,2.18,2.3,1.89,1.12,2.03,2.39,2.36,2.67,1.81,0.93,1.77,2.05,1.87,1.63,1.92,1.46,1.97
19-3033.00,Clinical and Counseling Psychologists,empathy|sincerity|integrity|attention_to_detail|cooperation|self_control|dependability|stress_tolerance|intellectual_curiosity|social_orientation,sincerity|empathy|stress_tolerance|self_control|social_orientation|achievement_orientation|cooperation|intellectual_curiosity|integrity|attention_to_detail,6.0,0.0,10.0,0.0,7.0,0.0,2.0,0.0,0.0,0.0,9.0,8.0,0.0,0.0,0.0,0.0,4.0,1.0,5.0,3.0,0.0,2.04,1.98,2.6,1.99,2.55,2.5,3.0,1.49,1.5,1.4,2.68,2.41,0.98,1.56,1.97,1.66,2.55,2.89,2.36,2.47,1.85
19-3034.00,School Psychologists,empathy|cooperation|dependability|attention_to_detail|sincerity|integrity|social_orientation|self_control|stress_tolerance|intellectual_curiosity,sincerity|optimism|adaptability|empathy|stress_tolerance|self_control|social_orientation|achievement_orientation|cooperation|intellectual_curiosity,8.0,3.0,0.0,0.0,9.0,0.0,4.0,0.0,0.0,0.0,0.0,10.0,0.0,2.0,0.0,0.0,6.0,1.0,7.0,5.0,0.0,2.04,2.13,2.57,1.82,2.69,2.65,2.97,1.35,1.79,1.36,2.47,2.2,1.26,2.18,1.97,1.66,2.26,2.53,2.33,2.24,1.6
19-3039.02,Neuropsychologists,intellectual_curiosity|attention_to_detail|integrity|cautiousness|empathy|dependability|achievement_orientation|cooperation|sincerity|stress_tolerance,sincerity|empathy|stress_tolerance|achievement_orientation|cooperation|intellectual_curiosity|cautiousness|integrity|attention_to_detail|dependability,4.0,0.0,9.0,7.0,5.0,10.0,2.0,0.0,0.0,0.0,8.0,6.0,0.0,0.0,0.0,0.0,0.0,1.0,0.0,3.0,0.0,2.14,1.58,3.0,2.28,2.1,2.25,2.27,1.19,1.5,1.25,2.51,3.0,0.83,0.52,1.94,1.38,1.34,2.03,1.54,2.03,1.74
19-3039.03,Clinical Neuropsychologists,intellectual_curiosity|attention_to_detail|integrity|cautiousness|dependability|empathy|cooperation|stress_tolerance|sincerity|achievement_orientation,sincerity|perseverance|empathy|stress_tolerance|self_control|achievement_orientation|cooperation|intellectual_curiosity|cautiousness|integrity,6.0,0.0,0.0,9.0,7.0,0.0,3.0,0.0,0.0,0.0,10.0,8.0,0.0,0.0,2.0,0.0,5.0,1.0,0.0,4.0,0.0,2.14,1.72,3.0,2.5,2.38,2.5,2.47,1.19,1.47,1.28,2.55,3.0,0.78,0.74,2.04,1.57,2.1,2.17,1.99,2.24,1.76
19-3041.00,Sociologists,intellectual_curiosity|innovation|achievement_orientation|integrity|dependability|tolerance_for_ambiguity|cooperation|adaptability|attention_to_detail|empathy,innovation|achievement_orientation|intellectual_curiosity|integrity,2.0,0.0,0.0,0.0,0.0,0.0,0.0,0.0,0.0,1.0,4.0,3.0,0.0,0.0,0.0,0.0,0.0,0.0,0.0,0.0,0.0,2.04,1.75,1.71,0.87,1.84,1.98,1.65,1.12,1.56,2.15,2.03,2.9,0.9,0.47,1.64,1.32,1.14,1.44,1.65,0.93,1.93
19-3051.00,Urban and Regional Planners,dependability|cooperation|integrity|intellectual_curiosity|attention_to_detail|adaptability|achievement_orientation|innovation|social_orientation|cautiousness,adaptability|innovation|achievement_orientation|cooperation|intellectual_curiosity|integrity|attention_to_detail|dependability,3.0,1.0,7.0,0.0,4.0,8.0,0.0,0.0,0.0,2.0,6.0,5.0,0.0,0.0,0.0,0.0,0.0,0.0,0.0,0.0,0.0,2.01,2.05,2.16,1.79,2.18,2.47,1.22,0.96,1.75,2.0,2.17,2.16,1.67,0.98,1.77,1.66,1.73,1.23,1.92,1.49,1.78
19-3091.00,Anthropologists and Archeologists,intellectual_curiosity|innovation|attention_to_detail|adaptability|achievement_orientation|tolerance_for_ambiguity|dependability|integrity|cooperation|social_orientation,innovation|adaptability|achievement_orientation|intellectual_curiosity|attention_to_detail,3.0,2.0,5.0,0.0,0.0,0.0,0.0,0.0,0.0,1.0,0.0,4.0,0.0,0.0,0.0,0.0,0.0,0.0,0.0,0.0,0.0,2.04,2.09,2.14,1.32,1.84,1.98,1.54,1.22,1.69,2.33,1.92,3.0,1.03,0.79,1.67,1.29,1.19,1.39,1.7,1.02,1.99
19-3092.00,Geographers,intellectual_curiosity|attention_to_detail|innovation|dependability|adaptability|achievement_orientation|tolerance_for_ambiguity|perseverance|integrity|initiative,innovation|intellectual_curiosity|attention_to_detail|dependability,0.0,0.0,3.0,0.0,0.0,4.0,0.0,0.0,0.0,1.0,0.0,2.0,0.0,0.0,0.0,0.0,0.0,0.0,0.0,0.0,0.0,1.74,1.75,2.28,1.14,0.8,2.06,0.18,0.37,1.41,2.24,1.48,2.45,0.54,0.26,1.64,1.15,0.57,0.65,0.52,0.68,1.72
19-3093.00,Historians,intellectual_curiosity|attention_to_detail|integrity|dependability|achievement_orientation|tolerance_for_ambiguity|perseverance|cautiousness|initiative|innovation,intellectual_curiosity|integrity|attention_to_detail|dependability,0.0,0.0,3.0,0.0,0.0,4.0,0.0,0.0,0.0,0.0,2.0,1.0,0.0,0.0,0.0,0.0,0.0,0.0,0.0,0.0,0.0,1.95,0.73,2.53,1.41,0.92,2.06,0.48,0.5,1.29,1.25,2.1,3.0,0.29,0.24,1.7,0.99,0.63,0.84,0.61,0.49,1.89
19-3094.00,Political Scientists,intellectual_curiosity|integrity|attention_to_detail|achievement_orientation|tolerance_for_ambiguity|dependability|innovation|adaptability|self_confidence|perseverance,tolerance_for_ambiguity|achievement_orientation|intellectual_curiosity|integrity|attention_to_detail,2.0,0.0,5.0,0.0,0.0,0.0,0.0,0.0,0.0,0.0,4.0,3.0,0.0,0.0,0.0,0.0,0.0,0.0,0.0,0.0,1.0,2.14,1.86,2.19,0.79,0.71,1.93,0.6,0.03,1.53,1.89,2.32,3.0,0.98,0.28,1.58,1.66,1.14,0.92,1.15,1.02,2.03
19-3099.01,Transportation Planners,attention_to_detail|dependability|intellectual_curiosity|achievement_orientation|cooperation|innovation|integrity|cautiousness|adaptability|tolerance_for_ambiguity,intellectual_curiosity|attention_to_detail|dependability,0.0,0.0,2.0,0.0,0.0,3.0,0.0,0.0,0.0,0.0,0.0,1.0,0.0,0.0,0.0,0.0,0.0,0.0,0.0,0.0,0.0,1.92,1.68,2.6,1.72,1.84,2.3,0.91,0.61,1.5,1.83,1.73,2.04,1.29,0.52,1.49,1.21,1.31,1.02,1.4,0.97,1.64
19-4012.00,Agricultural Technicians,dependability|attention_to_detail|perseverance|integrity|achievement_orientation|cautiousness|cooperation|initiative|intellectual_curiosity|adaptability,attention_to_detail|dependability,0.0,0.0,1.0,0.0,0.0,2.0,0.0,0.0,0.0,0.0,0.0,0.0,0.0,0.0,0.0,0.0,0.0,0.0,0.0,0.0,0.0,1.6,1.11,2.02,1.32,1.26,2.3,0.1,0.64,1.18,1.07,1.66,1.17,0.71,0.82,1.7,0.94,0.97,0.63,0.13,1.0,0.97
19-4012.01,Precision Agriculture Technicians,attention_to_detail|innovation|dependability|intellectual_curiosity|cautiousness|achievement_orientation|integrity|adaptability|perseverance|initiative,innovation|intellectual_curiosity|attention_to_detail|dependability,0.0,0.0,3.0,0.0,0.0,4.0,0.0,0.0,0.0,1.0,0.0,2.0,0.0,0.0,0.0,0.0,0.0,0.0,0.0,0.0,0.0,1.83,1.79,2.67,1.96,0.92,2.19,0.01,0.17,1.56,2.27,1.82,2.16,0.32,0.28,1.67,1.21,0.53,0.53,0.27,0.88,1.22
19-4013.00,Food Science Technicians,attention_to_detail|dependability|cautiousness|integrity|achievement_orientation|cooperation|perseverance|intellectual_curiosity|adaptability|stress_tolerance,cautiousness|attention_to_detail|dependability,0.0,0.0,2.0,1.0,0.0,3.0,0.0,0.0,0.0,0.0,0.0,0.0,0.0,0.0,0.0,0.0,0.0,0.0,0.0,0.0,0.0,1.35,1.11,2.77,2.06,1.26,2.47,0.05,0.7,0.78,0.56,1.82,1.17,0.64,0.28,1.18,0.67,0.9,0.6,0.11,0.93,0.02
19-4021.00,Biological Technicians,attention_to_detail|dependability|cautiousness|intellectual_curiosity|integrity|cooperation|achievement_orientation|perseverance|adaptability|stress_tolerance,cautiousness|attention_to_detail|dependability,0.0,0.0,2.0,1.0,0.0,3.0,0.0,0.0,0.0,0.0,0.0,0.0,0.0,0.0,0.0,0.0,0.0,0.0,0.0,0.0,0.0,1.58,1.19,2.74,2.1,1.81,2.56,0.01,0.47,0.97,1.04,1.89,1.93,-0.26,0.22,1.52,0.82,1.03,0.55,0.13,1.11,1.01
19-4031.00,Chemical Technicians,attention_to_detail|dependability|cautiousness|integrity|achievement_orientation|intellectual_curiosity|perseverance|cooperation|adaptability|self_control,cautiousness|attention_to_detail|dependability,0.0,0.0,2.0,1.0,0.0,3.0,0.0,0.0,0.0,0.0,0.0,0.0,0.0,0.0,0.0,0.0,0.0,0.0,0.0,0.0,0.0,1.74,1.22,2.74,2.43,1.41,2.65,0.05,0.61,1.02,0.94,1.89,1.68,-0.05,0.32,1.61,0.92,1.14,0.58,0.27,1.09,0.99
19-4042.00,"Environmental Science and Protection Technicians, Including Health",attention_to_detail|dependability|cautiousness|integrity|intellectual_curiosity|adaptability|stress_tolerance|perseverance|achievement_orientation|cooperation,cautiousness|integrity|attention_to_detail|dependability,0.0,0.0,3.0,1.0,0.0,4.0,0.0,0.0,0.0,0.0,2.0,0.0,0.0,0.0,0.0,0.0,0.0,0.0,0.0,0.0,0.0,1.6,1.68,2.7,2.28,1.44,2.59,0.56,0.53,1.07,1.04,2.1,1.86,0.36,0.32,1.61,0.92,1.43,1.07,0.81,1.67,1.12
19-4043.00,"Geological Technicians, Except Hydrologic Technicians",attention_to_detail|dependability|intellectual_curiosity|integrity|perseverance|cautiousness|adaptability|achievement_orientation|cooperation|tolerance_for_ambiguity,attention_to_detail|dependability,0.0,0.0,1.0,0.0,0.0,2.0,0.0,0.0,0.0,0.0,0.0,0.0,0.0,0.0,0.0,0.0,0.0,0.0,0.0,0.0,0.0,1.18,1.22,2.57,1.26,1.06,2.14,-0.1,0.24,0.85,0.44,1.7,1.93,0.08,0.04,1.43,0.62,0.55,0.38,-0.25,0.29,1.01
19-4044.00,Hydrologic Technicians,attention_to_detail|dependability|cautiousness|intellectual_curiosity|integrity|achievement_orientation|adaptability|perseverance|cooperation|initiative,cautiousness|attention_to_detail|dependability,0.0,0.0,2.0,1.0,0.0,3.0,0.0,0.0,0.0,0.0,0.0,0.0,0.0,0.0,0.0,0.0,0.0,0.0,0.0,0.0,0.0,1.58,1.58,2.57,2.03,1.47,2.47,0.23,0.4,1.35,1.23,1.89,1.97,0.14,0.2,1.52,0.99,0.8,0.76,0.25,0.93,1.16
19-4051.00,Nuclear Technicians,attention_to_detail|dependability|cautiousness|self_control|integrity|stress_tolerance|perseverance|cooperation|intellectual_curiosity|achievement_orientation,perseverance|stress_tolerance|self_control|cooperation|cautiousness|integrity|attention_to_detail|dependability,0.0,0.0,7.0,5.0,4.0,8.0,0.0,0.0,0.0,0.0,6.0,0.0,0.0,0.0,1.0,0.0,3.0,0.0,0.0,2.0,0.0,1.83,1.14,3.0,2.86,2.07,2.93,0.08,0.67,0.51,0.04,2.55,1.93,0.06,-0.16,2.15,1.21,2.63,1.26,-0.05,2.47,-0.21
19-4051.02,Nuclear Monitoring Technicians,attention_to_detail|dependability|cautiousness|stress_tolerance|integrity|self_control|cooperation|sincerity|perseverance|achievement_orientation,stress_tolerance|self_control|cautiousness|integrity|attention_to_detail|dependability,0.0,0.0,5.0,3.0,0.0,6.0,0.0,0.0,0.0,0.0,4.0,0.0,0.0,0.0,0.0,0.0,2.0,0.0,0.0,1.0,0.0,1.63,1.11,3.0,2.86,1.99,2.93,0.25,0.78,0.72,-0.34,2.55,1.61,0.41,-0.2,1.67,1.29,2.42,1.78,0.47,2.6,-0.23
19-4061.00,Social Science Research Assistants,attention_to_detail|dependability|intellectual_curiosity|integrity|achievement_orientation|perseverance|cautiousness|cooperation|adaptability|innovation,intellectual_curiosity|attention_to_detail|dependability,0.0,0.0,2.0,0.0,0.0,3.0,0.0,0.0,0.0,0.0,0.0,1.0,0.0,0.0,0.0,0.0,0.0,0.0,0.0,0.0,0.0,1.77,1.26,2.57,1.63,1.5,2.3,0.37,0.56,1.15,1.25,1.96,2.2,-0.05,0.32,1.64,0.85,0.61,0.63,0.61,1.0,1.2
19-4071.00,Forest and Conservation Technicians,dependability|cooperation|integrity|perseverance|attention_to_detail|cautiousness|leadership_orientation|adaptability|stress_tolerance|achievement_orientation,dependability,0.0,0.0,0.0,0.0,0.0,1.0,0.0,0.0,0.0,0.0,0.0,0.0,0.0,0.0,0.0,0.0,0.0,0.0,0.0,0.0,0.0,1.32,1.54,1.76,1.59,1.81,2.39,0.62,0.5,1.32,0.89,1.79,0.87,1.56,0.79,1.77,1.02,1.25,0.78,0.86,1.46,0.95
19-4092.00,Forensic Science Technicians,attention_to_detail|integrity|dependability|cautiousness|self_control|stress_tolerance|intellectual_curiosity|perseverance|achievement_orientation|adaptability,stress_tolerance|self_control|intellectual_curiosity|cautiousness|integrity|attention_to_detail|dependability,0.0,0.0,6.0,4.0,0.0,7.0,0.0,0.0,0.0,0.0,5.0,3.0,0.0,0.0,0.0,0.0,2.0,0.0,0.0,1.0,0.0,1.69,1.58,3.0,2.62,1.17,2.65,0.25,0.47,1.15,1.02,2.93,2.16,0.45,0.15,1.97,1.47,2.3,1.49,0.38,2.21,1.49
19-4099.01,Quality Control Analysts,attention_to_detail|dependability|cautiousness|integrity|achievement_orientation|perseverance|intellectual_curiosity|self_control|cooperation|stress_tolerance,cautiousness|integrity|attention_to_detail|dependability,0.0,0.0,3.0,1.0,0.0,4.0,0.0,0.0,0.0,0.0,2.0,0.0,0.0,0.0,0.0,0.0,0.0,0.0,0.0,0.0,0.0,1.74,1.08,3.0,2.58,1.28,2.65,-0.06,0.64,0.9,0.63,2.17,1.57,0.21,0.07,1.58,1.02,1.37,0.84,0.09,1.11,0.1
19-4099.03,Remote Sensing Technicians,attention_to_detail|dependability|intellectual_curiosity|integrity|adaptability|achievement_orientation|cautiousness|tolerance_for_ambiguity|innovation|perseverance,attention_to_detail|dependability,0.0,0.0,1.0,0.0,0.0,2.0,0.0,0.0,0.0,0.0,0.0,0.0,0.0,0.0,0.0,0.0,0.0,0.0,0.0,0.0,0.0,1.58,1.75,2.67,1.56,0.92,2.25,-0.08,0.15,0.9,1.41,1.76,1.93,0.21,0.2,1.28,1.05,0.61,0.41,0.11,1.0,1.47
19-5011.00,Occupational Health and Safety Specialists,cautiousness|attention_to_detail|dependability|integrity|intellectual_curiosity|stress_tolerance|perseverance|cooperation|achievement_orientation|self_control,intellectual_curiosity|cautiousness|integrity|attention_to_detail|dependability,0.0,0.0,4.0,2.0,0.0,5.0,0.0,0.0,0.0,0.0,3.0,1.0,0.0,0.0,0.0,0.0,0.0,0.0,0.0,0.0,0.0,1.86,1.75,2.67,2.74,1.88,2.65,1.27,0.78,1.59,1.07,2.43,2.12,1.5,0.66,1.97,1.66,1.77,1.39,1.13,1.99,1.37
19-5012.00,Occupational Health and Safety Technicians,cautiousness|dependability|attention_to_detail|integrity|stress_tolerance|cooperation|perseverance|self_control|achievement_orientation|sincerity,cautiousness|integrity|attention_to_detail|dependability,0.0,0.0,3.0,1.0,0.0,4.0,0.0,0.0,0.0,0.0,2.0,0.0,0.0,0.0,0.0,0.0,0.0,0.0,0.0,0.0,0.0,1.63,1.0,2.63,2.66,1.88,2.65,1.12,0.7,1.5,0.84,2.43,1.57,1.21,0.61,1.77,1.5,1.77,1.58,1.13,1.99,1.19
21-1011.00,Substance Abuse and Behavioral Disorder Counselors,empathy|sincerity|dependability|integrity|social_orientation|cooperation|optimism|self_control|stress_tolerance|attention_to_detail,sincerity|optimism|adaptability|empathy|stress_tolerance|self_control|social_orientation|cooperation|integrity|attention_to_detail,0.0,3.0,10.0,0.0,8.0,0.0,4.0,0.0,0.0,0.0,9.0,0.0,0.0,2.0,0.0,0.0,6.0,1.0,7.0,5.0,0.0,1.58,2.09,2.11,1.38,2.3,2.65,3.0,1.56,1.75,1.1,2.36,1.05,0.88,2.27,1.97,1.57,2.26,2.89,2.33,2.21,1.24
21-1012.00,"Educational, Guidance, and Career Counselors and Advisors",empathy|cooperation|dependability|optimism|social_orientation|sincerity|integrity|self_control|stress_tolerance|attention_to_detail,optimism|sincerity|empathy|self_control|social_orientation|cooperation|integrity|dependability,0.0,0.0,0.0,0.0,6.0,8.0,3.0,0.0,0.0,0.0,7.0,0.0,0.0,1.0,0.0,0.0,4.0,2.0,5.0,0.0,0.0,1.69,1.83,1.92,1.11,2.64,2.56,3.0,1.42,1.56,1.3,2.24,1.64,1.24,2.49,1.9,1.66,2.14,2.27,2.42,1.99,1.49
21-1013.00,Marriage and Family Therapists,empathy|sincerity|cooperation|integrity|dependability|self_control|social_orientation|stress_tolerance|adaptability|intellectual_curiosity,sincerity|adaptability|empathy|stress_tolerance|self_control|social_orientation|cooperation|integrity|dependability,0.0,2.0,0.0,0.0,7.0,9.0,3.0,0.0,0.0,0.0,8.0,0.0,0.0,0.0,0.0,0.0,5.0,1.0,6.0,4.0,0.0,1.45,2.05,1.57,1.32,2.73,2.53,3.0,1.7,1.29,1.36,2.72,1.97,0.54,1.82,1.9,1.47,2.46,2.89,2.4,2.13,1.72
21-1014.00,Mental Health Counselors,empathy|cooperation|sincerity|dependability|stress_tolerance|self_control|social_orientation|optimism|integrity|attention_to_detail,sincerity|optimism|adaptability|empathy|stress_tolerance|self_control|social_orientation|cooperation|integrity|attention_to_detail,0.0,3.0,10.0,0.0,8.0,0.0,4.0,0.0,0.0,0.0,9.0,0.0,0.0,2.0,0.0,0.0,6.0,1.0,7.0,5.0,0.0,1.42,2.05,2.14,1.79,2.96,2.71,3.0,1.7,1.53,1.3,2.17,1.82,0.64,2.27,1.77,1.57,2.46,2.89,2.38,2.55,1.83
21-1015.00,Rehabilitation Counselors,empathy|cooperation|dependability|optimism|sincerity|social_orientation|integrity|attention_to_detail|achievement_orientation|perseverance,optimism|sincerity|empathy|social_orientation|cooperation|integrity|attention_to_detail|dependability,0.0,0.0,7.0,0.0,5.0,8.0,3.0,0.0,0.0,0.0,6.0,0.0,0.0,1.0,0.0,0.0,0.0,2.0,4.0,0.0,0.0,1.98,1.22,2.08,1.26,2.6,2.59,3.0,1.49,1.79,1.3,2.17,0.56,1.21,2.44,1.94,1.66,1.5,2.42,2.33,1.67,1.18
21-1021.00,"Child, Family, and School Social Workers",empathy|cooperation|sincerity|dependability|integrity|social_orientation|stress_tolerance|optimism|self_control|adaptability,sincerity|optimism|adaptability|empathy|stress_tolerance|self_control|social_orientation|cooperation|integrity|dependability,0.0,3.0,0.0,0.0,8.0,10.0,4.0,0.0,0.0,0.0,9.0,0.0,0.0,2.0,0.0,0.0,6.0,1.0,7.0,5.0,0.0,1.42,2.13,1.92,1.35,3.0,2.83,3.0,1.49,1.89,1.3,2.47,1.11,1.0,2.31,1.83,1.54,2.22,2.89,2.38,2.32,1.56
21-1022.00,Healthcare Social Workers,empathy|cooperation|sincerity|dependability|social_orientation|stress_tolerance|integrity|optimism|self_control|adaptability,sincerity|optimism|adaptability|empathy|stress_tolerance|self_control|social_orientation|cooperation|integrity|attention_to_detail,0.0,3.0,10.0,0.0,8.0,0.0,4.0,0.0,0.0,0.0,9.0,0.0,0.0,2.0,0.0,0.0,6.0,1.0,7.0,5.0,0.0,1.89,2.21,2.11,1.72,3.0,2.65,3.0,1.49,1.89,1.41,2.32,1.64,1.61,2.31,1.87,1.6,2.22,2.89,2.47,2.36,1.64
21-1023.00,Mental Health and Substance Abuse Social Workers,empathy|cooperation|sincerity|dependability|social_orientation|stress_tolerance|optimism|self_control|integrity|adaptability,sincerity|optimism|adaptability|empathy|stress_tolerance|self_control|social_orientation|cooperation|integrity|dependability,0.0,3.0,0.0,0.0,8.0,10.0,4.0,0.0,0.0,0.0,9.0,0.0,0.0,2.0,0.0,0.0,6.0,1.0,7.0,5.0,0.0,1.6,2.0,2.0,1.35,2.91,2.68,3.0,1.42,1.82,1.23,2.1,1.68,1.24,2.49,1.58,1.38,2.14,2.89,2.58,2.51,1.62
21-1091.00,Health Education Specialists,dependability|empathy|social_orientation|cooperation|sincerity|integrity|intellectual_curiosity|attention_to_detail|achievement_orientation|adaptability,sincerity|optimism|adaptability|empathy|social_orientation|achievement_orientation|cooperation|intellectual_curiosity|integrity|attention_to_detail,6.0,3.0,10.0,0.0,7.0,0.0,4.0,0.0,0.0,0.0,9.0,8.0,0.0,2.0,0.0,0.0,0.0,1.0,5.0,0.0,0.0,2.04,2.02,2.05,1.44,2.3,2.47,2.4,1.28,1.93,1.89,2.13,2.08,1.98,2.02,1.77,1.76,1.7,2.2,2.31,1.67,1.39
21-1092.00,Probation Officers and Correctional Treatment Specialists,integrity|dependability|self_control|stress_tolerance|social_orientation|attention_to_detail|empathy|adaptability|perseverance|sincerity,adaptability|empathy|stress_tolerance|self_control|social_orientation|integrity|attention_to_detail|dependability,0.0,1.0,7.0,0.0,0.0,8.0,2.0,0.0,0.0,0.0,6.0,0.0,0.0,0.0,0.0,0.0,4.0,0.0,5.0,3.0,0.0,1.45,2.02,2.14,1.93,1.74,2.65,2.1,1.19,1.82,0.51,2.93,0.89,1.61,1.32,1.97,1.63,2.55,1.94,2.2,2.47,1.26
21-1093.00,Social and Human Service Assistants,empathy|cooperation|dependability|social_orientation|sincerity|optimism|integrity|self_control|stress_tolerance|attention_to_detail,sincerity|optimism|empathy|social_orientation|cooperation|integrity|dependability,0.0,0.0,0.0,0.0,5.0,7.0,3.0,0.0,0.0,0.0,6.0,0.0,0.0,2.0,0.0,0.0,0.0,1.0,4.0,0.0,0.0,0.93,1.51,1.86,1.38,2.6,2.59,3.0,1.45,1.47,0.84,2.17,0.81,0.61,2.22,1.64,1.18,1.95,2.31,2.33,1.89,1.16
21-1094.00,Community Health Workers,empathy|cooperation|dependability|optimism|social_orientation|sincerity|integrity|self_control|perseverance|initiative,optimism|sincerity|empathy|social_orientation|cooperation|integrity|dependability,0.0,0.0,0.0,0.0,5.0,7.0,3.0,0.0,0.0,0.0,6.0,0.0,0.0,1.0,0.0,0.0,0.0,2.0,4.0,0.0,0.0,1.42,1.61,1.53,1.26,2.6,2.5,3.0,1.49,1.75,1.1,2.1,0.79,1.45,2.49,1.83,1.57,1.91,2.42,2.47,1.52,1.2
21-2011.00,Clergy,empathy|cooperation|dependability|integrity|sincerity|humility|social_orientation|optimism|leadership_orientation|self_control,humility|sincerity|optimism|leadership_orientation|perseverance|empathy|self_control|social_orientation|cooperation|integrity,0.0,0.0,0.0,0.0,9.0,0.0,6.0,1.0,0.0,0.0,10.0,0.0,4.0,3.0,5.0,0.0,7.0,2.0,8.0,0.0,0.0,1.58,1.17,1.19,1.2,3.0,2.93,3.0,2.62,1.96,1.12,2.93,1.75,2.28,2.49,2.12,1.98,2.18,2.89,2.54,1.99,1.49
21-2021.00,"Directors, Religious Activities and Education",integrity|empathy|dependability|sincerity|social_orientation|cooperation|leadership_orientation|optimism|adaptability|self_control,sincerity|optimism|leadership_orientation|adaptability|empathy|social_orientation|cooperation|integrity|dependability,0.0,4.0,0.0,0.0,7.0,9.0,5.0,0.0,0.0,0.0,8.0,0.0,3.0,2.0,0.0,0.0,0.0,1.0,6.0,0.0,0.0,1.95,2.05,1.71,1.2,2.43,2.62,2.68,1.7,1.96,1.49,2.8,1.68,2.4,2.4,1.97,1.87,1.98,2.53,2.49,1.93,1.41
23-1011.00,Lawyers,integrity|attention_to_detail|dependability|intellectual_curiosity|achievement_orientation|cautiousness|stress_tolerance|perseverance|self_control|self_confidence,self_confidence|perseverance|stress_tolerance|self_control|achievement_orientation|intellectual_curiosity|cautiousness|integrity|attention_to_detail|dependability,5.0,0.0,9.0,7.0,0.0,10.0,0.0,0.0,0.0,0.0,8.0,6.0,0.0,0.0,2.0,1.0,4.0,0.0,0.0,3.0,0.0,2.28,1.32,2.63,2.28,1.08,2.59,0.91,-0.4,1.89,1.3,2.93,2.33,1.98,0.82,2.26,2.16,2.18,1.09,1.65,2.28,1.6
23-1012.00,Judicial Law Clerks,attention_to_detail|integrity|dependability|intellectual_curiosity|cautiousness|achievement_orientation|self_control|perseverance|stress_tolerance|cooperation,achievement_orientation|intellectual_curiosity|cautiousness|integrity|attention_to_detail|dependability,1.0,0.0,5.0,3.0,0.0,6.0,0.0,0.0,0.0,0.0,4.0,2.0,0.0,0.0,0.0,0.0,0.0,0.0,0.0,0.0,0.0,2.14,1.02,3.0,2.35,1.57,2.65,0.48,0.78,1.26,0.6,2.93,2.37,-0.11,0.3,1.8,1.5,1.87,1.39,0.89,1.58,1.22
23-1021.00,"Administrative Law Judges, Adjudicators, and Hearing Officers",integrity|attention_to_detail|dependability|self_control|cautiousness|leadership_orientation|intellectual_curiosity|self_confidence|achievement_orientation|stress_tolerance,self_confidence|leadership_orientation|self_control|intellectual_curiosity|cautiousness|integrity|attention_to_detail|dependability,0.0,0.0,7.0,5.0,0.0,8.0,0.0,0.0,0.0,0.0,6.0,4.0,2.0,0.0,0.0,1.0,3.0,0.0,0.0,0.0,0.0,1.95,0.71,2.7,2.39,0.73,2.65,0.79,0.45,0.57,-0.5,2.93,2.08,2.1,0.2,1.77,2.01,2.59,1.44,0.99,1.8,1.29
23-1022.00,"Arbitrators, Mediators, and Conciliators",integrity|cooperation|self_control|dependability|empathy|social_orientation|cautiousness|attention_to_detail|sincerity|stress_tolerance,sincerity|empathy|stress_tolerance|self_control|social_orientation|cooperation|cautiousness|integrity|attention_to_detail|dependability,0.0,0.0,9.0,7.0,6.0,10.0,2.0,0.0,0.0,0.0,8.0,0.0,0.0,0.0,0.0,0.0,4.0,1.0,5.0,3.0,0.0,1.27,1.98,2.14,2.21,2.7,2.47,2.4,1.56,1.29,0.94,2.93,1.32,0.86,1.32,1.97,1.9,2.63,2.1,2.29,2.06,1.76
23-1023.00,"Judges, Magistrate Judges, and Magistrates",dependability|integrity|attention_to_detail|self_control|leadership_orientation|intellectual_curiosity|cautiousness|stress_tolerance|self_confidence|perseverance,self_confidence|leadership_orientation|stress_tolerance|self_control|intellectual_curiosity|cautiousness|integrity|attention_to_detail|dependability,0.0,0.0,8.0,6.0,0.0,9.0,0.0,0.0,0.0,0.0,7.0,5.0,2.0,0.0,0.0,1.0,4.0,0.0,0.0,3.0,0.0,1.74,0.44,2.91,2.28,0.57,2.93,0.67,0.5,0.65,0.13,2.93,2.33,2.4,0.32,1.97,2.16,2.63,1.39,1.27,2.21,1.1
23-2011.00,Paralegals and Legal Assistants,attention_to_detail|dependability|integrity|cautiousness|intellectual_curiosity|cooperation|perseverance|achievement_orientation|stress_tolerance|self_control,cautiousness|integrity|attention_to_detail|dependability,0.0,0.0,3.0,1.0,0.0,4.0,0.0,0.0,0.0,0.0,2.0,0.0,0.0,0.0,0.0,0.0,0.0,0.0,0.0,0.0,0.0,1.77,0.97,2.77,2.06,1.88,2.65,0.84,0.53,1.32,0.63,2.43,1.93,0.02,0.4,1.8,1.1,1.5,1.0,0.9,1.61,0.58
23-2093.00,"Title Examiners, Abstractors, and Searchers",attention_to_detail|dependability|cautiousness|integrity|perseverance|achievement_orientation|stress_tolerance|cooperation|self_confidence|intellectual_curiosity,cautiousness|integrity|attention_to_detail|dependability,0.0,0.0,3.0,1.0,0.0,4.0,0.0,0.0,0.0,0.0,2.0,0.0,0.0,0.0,0.0,0.0,0.0,0.0,0.0,0.0,0.0,1.01,-0.28,3.0,2.43,0.92,2.56,-0.17,0.27,0.35,-0.47,2.17,0.81,-0.41,-0.16,1.1,0.89,0.8,0.5,-0.12,0.97,-0.05
25-1011.00,"Business Teachers, Postsecondary",intellectual_curiosity|dependability|social_orientation|achievement_orientation|integrity|cooperation|attention_to_detail|initiative|innovation|leadership_orientation,social_orientation|achievement_orientation|cooperation|intellectual_curiosity|integrity|dependability,2.0,0.0,0.0,0.0,3.0,6.0,0.0,0.0,0.0,0.0,5.0,4.0,0.0,0.0,0.0,0.0,0.0,0.0,1.0,0.0,0.0,2.14,1.48,1.84,0.72,2.03,2.39,1.48,0.81,1.75,1.72,2.06,2.54,1.7,1.42,1.61,1.66,1.56,1.39,2.26,1.29,1.47
25-1021.00,"Computer Science Teachers, Postsecondary",intellectual_curiosity|dependability|innovation|achievement_orientation|attention_to_detail|integrity|cooperation|social_orientation|adaptability|perseverance,innovation|achievement_orientation|intellectual_curiosity|integrity|attention_to_detail|dependability,2.0,0.0,5.0,0.0,0.0,6.0,0.0,0.0,0.0,1.0,4.0,3.0,0.0,0.0,0.0,0.0,0.0,0.0,0.0,0.0,0.0,2.08,1.75,2.08,0.9,1.99,2.41,1.32,0.7,1.56,2.33,2.06,2.63,1.24,0.95,1.64,1.32,1.63,1.28,1.97,1.27,1.47
25-1022.00,"Mathematical Science Teachers, Postsecondary",intellectual_curiosity|dependability|attention_to_detail|achievement_orientation|social_orientation|integrity|cooperation|innovation|perseverance|self_confidence,achievement_orientation|intellectual_curiosity|attention_to_detail|dependability,1.0,0.0,3.0,0.0,0.0,4.0,0.0,0.0,0.0,0.0,0.0,2.0,0.0,0.0,0.0,0.0,0.0,0.0,0.0,0.0,0.0,2.14,1.22,2.31,1.17,1.77,2.62,1.22,0.4,1.35,1.55,1.82,2.67,1.39,0.84,1.55,1.41,1.37,1.11,1.86,1.4,1.22
25-1031.00,"Architecture Teachers, Postsecondary",intellectual_curiosity|innovation|dependability|social_orientation|achievement_orientation|cooperation|attention_to_detail|integrity|perseverance|self_confidence,innovation|social_orientation|achievement_orientation|cooperation|intellectual_curiosity|dependability,3.0,0.0,0.0,0.0,4.0,6.0,0.0,0.0,0.0,1.0,0.0,5.0,0.0,0.0,0.0,0.0,0.0,0.0,2.0,0.0,0.0,2.04,1.54,1.92,0.79,2.03,2.36,1.54,0.53,1.56,2.36,1.7,2.58,1.48,1.23,1.64,1.57,1.34,1.33,2.11,1.32,1.51
25-1032.00,"Engineering Teachers, Postsecondary",intellectual_curiosity|innovation|dependability|integrity|achievement_orientation|attention_to_detail|social_orientation|cooperation|initiative|self_confidence,innovation|achievement_orientation|intellectual_curiosity|integrity|attention_to_detail|dependability,2.0,0.0,5.0,0.0,0.0,6.0,0.0,0.0,0.0,1.0,4.0,3.0,0.0,0.0,0.0,0.0,0.0,0.0,0.0,0.0,0.0,2.14,1.68,2.02,1.32,1.74,2.3,1.17,0.56,1.72,2.48,2.21,2.72,1.39,0.95,1.64,1.7,1.47,1.23,1.95,1.43,1.53
25-1041.00,"Agricultural Sciences Teachers, Postsecondary",intellectual_curiosity|dependability|social_orientation|innovation|achievement_orientation|cooperation|integrity|attention_to_detail|adaptability|leadership_orientation,innovation|social_orientation|achievement_orientation|cooperation|intellectual_curiosity|integrity|dependability,3.0,0.0,0.0,0.0,4.0,7.0,0.0,0.0,0.0,1.0,6.0,5.0,0.0,0.0,0.0,0.0,0.0,0.0,2.0,0.0,0.0,2.14,1.79,1.97,1.0,2.1,2.27,1.46,0.67,1.56,2.15,2.03,2.72,1.64,1.16,1.61,1.57,1.25,1.28,2.22,1.38,1.39
25-1042.00,"Biological Science Teachers, Postsecondary",intellectual_curiosity|dependability|integrity|achievement_orientation|social_orientation|innovation|attention_to_detail|cooperation|initiative|empathy,innovation|social_orientation|achievement_orientation|intellectual_curiosity|integrity|attention_to_detail|dependability,3.0,0.0,6.0,0.0,0.0,7.0,0.0,0.0,0.0,1.0,5.0,4.0,0.0,0.0,0.0,0.0,0.0,0.0,2.0,0.0,0.0,2.14,1.65,2.05,0.84,1.88,2.36,1.71,0.78,1.75,2.12,2.17,2.72,1.53,1.39,1.58,1.47,1.56,1.16,2.13,1.43,1.33
25-1043.00,"Forestry and Conservation Science Teachers, Postsecondary",intellectual_curiosity|dependability|innovation|social_orientation|achievement_orientation|integrity|cooperation|attention_to_detail|perseverance|adaptability,innovation|social_orientation|achievement_orientation|intellectual_curiosity|integrity|dependability,3.0,0.0,0.0,0.0,0.0,6.0,0.0,0.0,0.0,1.0,5.0,4.0,0.0,0.0,0.0,0.0,0.0,0.0,2.0,0.0,0.0,2.04,1.54,1.84,0.72,1.99,2.3,1.32,0.56,1.53,2.09,2.03,2.72,1.5,0.95,1.61,1.24,1.31,1.39,2.06,1.19,1.47
25-1051.00,"Atmospheric, Earth, Marine, and Space Sciences Teachers, Postsecondary",intellectual_curiosity|dependability|achievement_orientation|cooperation|innovation|social_orientation|integrity|attention_to_detail|adaptability|perseverance,innovation|social_orientation|achievement_orientation|cooperation|intellectual_curiosity|dependability,3.0,0.0,0.0,0.0,4.0,6.0,0.0,0.0,0.0,1.0,0.0,5.0,0.0,0.0,0.0,0.0,0.0,0.0,2.0,0.0,0.0,2.14,1.61,1.86,1.14,2.14,2.3,1.25,0.45,1.53,2.09,1.99,2.72,1.56,1.04,1.58,1.41,1.19,1.28,2.04,1.29,1.51
25-1052.00,"Chemistry Teachers, Postsecondary",intellectual_curiosity|attention_to_detail|dependability|cautiousness|integrity|achievement_orientation|social_orientation|innovation|stress_tolerance|initiative,social_orientation|achievement_orientation|intellectual_curiosity|cautiousness|integrity|attention_to_detail|dependability,2.0,0.0,6.0,4.0,0.0,7.0,0.0,0.0,0.0,0.0,5.0,3.0,0.0,0.0,0.0,0.0,0.0,0.0,1.0,0.0,0.0,2.14,1.41,2.57,2.32,0.92,2.56,1.35,-0.34,1.56,1.8,2.17,2.72,1.42,1.07,1.4,0.97,0.97,0.62,2.06,1.61,1.39
25-1053.00,"Environmental Science Teachers, Postsecondary",intellectual_curiosity|dependability|innovation|achievement_orientation|social_orientation|integrity|attention_to_detail|cooperation|adaptability|initiative,innovation|social_orientation|achievement_orientation|intellectual_curiosity|integrity|attention_to_detail|dependability,3.0,0.0,6.0,0.0,0.0,7.0,0.0,0.0,0.0,1.0,5.0,4.0,0.0,0.0,0.0,0.0,0.0,0.0,2.0,0.0,0.0,2.14,1.72,2.05,0.82,1.92,2.39,1.43,0.58,1.69,2.3,2.06,3.0,1.45,1.19,1.58,1.57,1.25,1.23,2.06,1.43,1.56
25-1054.00,"Physics Teachers, Postsecondary",intellectual_curiosity|dependability|achievement_orientation|integrity|innovation|attention_to_detail|cooperation|social_orientation|perseverance|self_confidence,innovation|achievement_orientation|intellectual_curiosity|integrity|attention_to_detail|dependability,2.0,0.0,5.0,0.0,0.0,6.0,0.0,0.0,0.0,1.0,4.0,3.0,0.0,0.0,0.0,0.0,0.0,0.0,0.0,0.0,0.0,2.14,1.44,2.02,1.06,1.88,2.33,1.22,0.32,1.44,2.06,2.1,2.72,1.29,1.04,1.64,1.6,1.4,1.05,1.81,1.52,1.45
25-1061.00,"Anthropology and Archeology Teachers, Postsecondary",intellectual_curiosity|innovation|dependability|achievement_orientation|social_orientation|integrity|initiative|cooperation|attention_to_detail|tolerance_for_ambiguity,innovation|social_orientation|achievement_orientation|intellectual_curiosity|integrity|dependability,3.0,0.0,0.0,0.0,0.0,6.0,0.0,0.0,0.0,1.0,5.0,4.0,0.0,0.0,0.0,0.0,0.0,0.0,2.0,0.0,0.0,2.14,1.61,1.86,0.64,1.88,2.25,1.46,0.84,1.89,2.36,2.06,2.72,1.56,0.84,1.67,1.47,1.34,1.26,2.11,1.27,1.72
25-1062.00,"Area, Ethnic, and Cultural Studies Teachers, Postsecondary",intellectual_curiosity|dependability|innovation|social_orientation|achievement_orientation|empathy|cooperation|integrity|initiative|tolerance_for_ambiguity,innovation|empathy|social_orientation|achievement_orientation|cooperation|intellectual_curiosity|integrity|dependability,4.0,0.0,0.0,0.0,5.0,8.0,2.0,0.0,0.0,1.0,7.0,6.0,0.0,0.0,0.0,0.0,0.0,0.0,3.0,0.0,0.0,2.11,1.72,1.76,0.9,2.1,2.36,2.1,1.06,1.89,2.3,2.06,2.72,1.7,1.39,1.58,1.57,1.66,1.6,2.26,1.32,1.81
25-1063.00,"Economics Teachers, Postsecondary",intellectual_curiosity|dependability|achievement_orientation|social_orientation|integrity|attention_to_detail|innovation|initiative|self_confidence|perseverance,social_orientation|achievement_orientation|intellectual_curiosity|dependability,2.0,0.0,0.0,0.0,0.0,4.0,0.0,0.0,0.0,0.0,0.0,3.0,0.0,0.0,0.0,0.0,0.0,0.0,1.0,0.0,0.0,2.14,1.44,1.92,0.72,1.5,2.33,1.3,0.4,1.66,1.74,1.99,2.72,1.53,0.84,1.61,1.66,1.43,1.07,2.06,1.49,1.58
25-1064.00,"Geography Teachers, Postsecondary",intellectual_curiosity|dependability|social_orientation|achievement_orientation|innovation|integrity|cooperation|attention_to_detail|initiative|perseverance,social_orientation|achievement_orientation|intellectual_curiosity|dependability,2.0,0.0,0.0,0.0,0.0,4.0,0.0,0.0,0.0,0.0,0.0,3.0,0.0,0.0,0.0,0.0,0.0,0.0,1.0,0.0,0.0,2.04,1.44,1.86,0.64,1.88,2.27,1.48,0.64,1.72,1.97,1.89,2.72,1.26,1.16,1.58,1.54,1.37,1.21,2.06,1.24,1.49
25-1065.00,"Political Science Teachers, Postsecondary",intellectual_curiosity|dependability|social_orientation|integrity|achievement_orientation|cooperation|innovation|attention_to_detail|self_confidence|tolerance_for_ambiguity,social_orientation|achievement_orientation|intellectual_curiosity|integrity|dependability,2.0,0.0,0.0,0.0,0.0,5.0,0.0,0.0,0.0,0.0,4.0,3.0,0.0,0.0,0.0,0.0,0.0,0.0,1.0,0.0,0.0,2.11,1.51,1.76,0.59,1.99,2.33,1.68,0.84,1.66,1.89,2.24,3.0,1.61,1.01,1.58,1.7,1.63,1.41,2.24,1.4,1.68
25-1066.00,"Psychology Teachers, Postsecondary",intellectual_curiosity|dependability|integrity|social_orientation|empathy|achievement_orientation|innovation|cooperation|initiative|attention_to_detail,innovation|empathy|social_orientation|achievement_orientation|cooperation|intellectual_curiosity|integrity|dependability,4.0,0.0,0.0,0.0,5.0,8.0,2.0,0.0,0.0,1.0,7.0,6.0,0.0,0.0,0.0,0.0,0.0,0.0,3.0,0.0,0.0,2.14,1.65,1.79,0.69,2.03,2.33,2.23,0.96,1.93,2.06,2.28,3.0,1.78,1.42,1.58,1.66,1.77,1.72,2.26,1.43,1.51
25-1067.00,"Sociology Teachers, Postsecondary",intellectual_curiosity|dependability|social_orientation|achievement_orientation|integrity|empathy|innovation|cooperation|self_control|attention_to_detail,innovation|empathy|social_orientation|achievement_orientation|intellectual_curiosity|integrity|dependability,4.0,0.0,0.0,0.0,0.0,7.0,2.0,0.0,0.0,1.0,6.0,5.0,0.0,0.0,0.0,0.0,0.0,0.0,3.0,0.0,0.0,2.04,1.51,1.76,0.59,1.88,2.27,2.01,0.9,1.75,2.0,2.03,2.72,1.45,1.39,1.61,1.57,1.77,1.66,2.24,1.46,1.64
25-1071.00,"Health Specialties Teachers, Postsecondary",intellectual_curiosity|dependability|attention_to_detail|integrity|achievement_orientation|social_orientation|cooperation|empathy|innovation|self_control,empathy|social_orientation|achievement_orientation|cooperation|intellectual_curiosity|integrity|attention_to_detail|dependability,3.0,0.0,7.0,0.0,4.0,8.0,1.0,0.0,0.0,0.0,6.0,5.0,0.0,0.0,0.0,0.0,0.0,0.0,2.0,0.0,0.0,2.14,1.83,2.25,1.09,2.03,2.33,2.01,0.78,1.82,1.92,2.17,2.72,1.72,1.36,1.77,1.6,1.84,1.52,2.08,1.52,1.53
25-1072.00,"Nursing Instructors and Teachers, Postsecondary",dependability|attention_to_detail|cooperation|empathy|social_orientation|cautiousness|integrity|intellectual_curiosity|achievement_orientation|self_control,optimism|sincerity|leadership_orientation|empathy|stress_tolerance|self_control|social_orientation|achievement_orientation|cooperation|intellectual_curiosity,8.0,0.0,0.0,0.0,9.0,0.0,4.0,0.0,0.0,0.0,0.0,10.0,3.0,1.0,0.0,0.0,6.0,2.0,7.0,5.0,0.0,2.14,1.83,2.47,2.28,2.43,2.65,2.33,1.12,1.79,1.44,2.21,2.2,2.07,2.1,1.77,1.66,2.14,2.07,2.33,2.13,1.22
25-1081.00,"Education Teachers, Postsecondary",intellectual_curiosity|dependability|innovation|social_orientation|cooperation|integrity|achievement_orientation|empathy|attention_to_detail|initiative,innovation|empathy|social_orientation|achievement_orientation|cooperation|intellectual_curiosity|integrity|dependability,4.0,0.0,0.0,0.0,5.0,8.0,2.0,0.0,0.0,1.0,7.0,6.0,0.0,0.0,0.0,0.0,0.0,0.0,3.0,0.0,0.0,2.14,1.68,1.89,0.74,2.22,2.39,2.01,0.84,1.86,2.3,2.21,2.67,1.56,1.46,1.61,1.66,1.5,1.72,2.26,1.8,1.62
25-1082.00,"Library Science Teachers, Postsecondary",intellectual_curiosity|dependability|social_orientation|cooperation|integrity|achievement_orientation|attention_to_detail|empathy|perseverance|initiative,social_orientation|cooperation|intellectual_curiosity|dependability,0.0,0.0,0.0,0.0,2.0,4.0,0.0,0.0,0.0,0.0,0.0,3.0,0.0,0.0,0.0,0.0,0.0,0.0,1.0,0.0,0.0,1.98,1.48,1.97,0.74,2.03,2.3,1.68,0.9,1.59,1.58,1.99,2.72,1.26,1.01,1.61,1.32,1.14,1.31,2.24,1.07,1.33
25-1111.00,"Criminal Justice and Law Enforcement Teachers, Postsecondary",dependability|intellectual_curiosity|integrity|social_orientation|achievement_orientation|cooperation|attention_to_detail|leadership_orientation|self_control|self_confidence,social_orientation|achievement_orientation|cooperation|intellectual_curiosity|integrity|dependability,2.0,0.0,0.0,0.0,3.0,6.0,0.0,0.0,0.0,0.0,5.0,4.0,0.0,0.0,0.0,0.0,0.0,0.0,1.0,0.0,0.0,2.04,1.48,1.94,0.79,2.03,2.41,1.43,0.75,1.5,1.33,2.36,2.37,1.64,0.9,1.4,1.54,1.6,1.46,2.24,1.29,1.49
25-1112.00,"Law Teachers, Postsecondary",intellectual_curiosity|dependability|integrity|social_orientation|achievement_orientation|cooperation|leadership_orientation|attention_to_detail|initiative|self_confidence,social_orientation|achievement_orientation|intellectual_curiosity|integrity|dependability,2.0,0.0,0.0,0.0,0.0,5.0,0.0,0.0,0.0,0.0,4.0,3.0,0.0,0.0,0.0,0.0,0.0,0.0,1.0,0.0,0.0,2.14,1.51,1.94,1.44,1.99,2.36,1.54,0.42,1.79,1.47,2.32,2.67,1.95,0.95,1.64,1.76,1.7,1.39,2.15,1.58,1.6
25-1113.00,"Social Work Teachers, Postsecondary",social_orientation|dependability|empathy|intellectual_curiosity|cooperation|integrity|achievement_orientation|optimism|sincerity|leadership_orientation,empathy|social_orientation|achievement_orientation|cooperation|intellectual_curiosity|integrity|dependability,3.0,0.0,0.0,0.0,4.0,7.0,1.0,0.0,0.0,0.0,6.0,5.0,0.0,0.0,0.0,0.0,0.0,0.0,2.0,0.0,0.0,2.04,1.48,1.62,0.64,2.22,2.36,2.3,1.22,1.86,1.74,2.1,2.28,1.95,1.98,1.58,1.63,1.91,1.97,2.4,1.55,1.45
25-1121.00,"Art, Drama, and Music Teachers, Postsecondary",innovation|social_orientation|dependability|intellectual_curiosity|empathy|cooperation|achievement_orientation|optimism|initiative|integrity,innovation|empathy|social_orientation|cooperation|intellectual_curiosity|dependability,0.0,0.0,0.0,0.0,4.0,6.0,2.0,0.0,0.0,1.0,0.0,5.0,0.0,0.0,0.0,0.0,0.0,0.0,3.0,0.0,0.0,1.92,1.61,1.4,-0.26,2.07,2.22,2.07,0.56,1.72,2.51,1.7,2.2,1.5,1.9,1.67,1.66,1.43,1.66,2.26,1.29,1.6
25-1122.00,"Communications Teachers, Postsecondary",intellectual_curiosity|social_orientation|dependability|cooperation|empathy|achievement_orientation|integrity|innovation|adaptability|self_confidence,empathy|social_orientation|achievement_orientation|cooperation|intellectual_curiosity|integrity|dependability,3.0,0.0,0.0,0.0,4.0,7.0,1.0,0.0,0.0,0.0,6.0,5.0,0.0,0.0,0.0,0.0,0.0,0.0,2.0,0.0,0.0,2.04,1.79,1.67,0.39,2.1,2.3,2.07,0.87,1.56,1.89,2.03,2.45,1.61,1.6,1.64,1.7,1.66,1.6,2.33,1.38,1.43
25-1123.00,"English Language and Literature Teachers, Postsecondary",intellectual_curiosity|dependability|social_orientation|innovation|achievement_orientation|empathy|cooperation|attention_to_detail|integrity|perseverance,innovation|empathy|social_orientation|achievement_orientation|intellectual_curiosity|dependability,4.0,0.0,0.0,0.0,0.0,6.0,2.0,0.0,0.0,1.0,0.0,5.0,0.0,0.0,0.0,0.0,0.0,0.0,3.0,0.0,0.0,2.04,1.48,1.84,0.64,1.92,2.3,2.04,0.93,1.56,2.12,1.82,2.45,1.21,1.56,1.61,1.6,1.53,1.6,2.2,1.4,1.43
25-1124.00,"Foreign Language and Literature Teachers, Postsecondary",intellectual_curiosity|dependability|social_orientation|cooperation|achievement_orientation|attention_to_detail|empathy|initiative|integrity|adaptability,social_orientation|achievement_orientation|cooperation|intellectual_curiosity|attention_to_detail|dependability,2.0,0.0,5.0,0.0,3.0,6.0,0.0,0.0,0.0,0.0,0.0,4.0,0.0,0.0,0.0,0.0,0.0,0.0,1.0,0.0,0.0,2.04,1.72,2.02,0.57,2.07,2.39,1.95,0.96,1.75,1.69,1.73,2.67,1.26,1.67,1.64,1.63,1.63,1.55,2.29,1.52,1.51
25-1125.00,"History Teachers, Postsecondary",intellectual_curiosity|dependability|social_orientation|integrity|achievement_orientation|cooperation|attention_to_detail|initiative|perseverance|innovation,social_orientation|achievement_orientation|intellectual_curiosity|integrity|dependability,2.0,0.0,0.0,0.0,0.0,5.0,0.0,0.0,0.0,0.0,4.0,3.0,0.0,0.0,0.0,0.0,0.0,0.0,1.0,0.0,0.0,2.01,1.41,1.79,0.57,1.84,2.27,1.48,0.81,1.75,1.55,2.03,2.63,1.26,1.04,1.64,1.5,1.31,1.36,2.11,1.43,1.43
25-1126.00,"Philosophy and Religion Teachers, Postsecondary",intellectual_curiosity|integrity|dependability|social_orientation|innovation|achievement_orientation|cooperation|sincerity|tolerance_for_ambiguity|empathy,innovation|social_orientation|achievement_orientation|cooperation|intellectual_curiosity|integrity|dependability,3.0,0.0,0.0,0.0,4.0,7.0,0.0,0.0,0.0,1.0,6.0,5.0,0.0,0.0,0.0,0.0,0.0,0.0,2.0,0.0,0.0,2.08,1.51,1.62,0.67,2.07,2.22,1.83,0.9,1.56,2.12,2.4,3.0,1.39,0.76,1.58,1.44,1.47,1.84,2.13,1.24,1.83
25-1192.00,"Family and Consumer Sciences Teachers, Postsecondary",dependability|intellectual_curiosity|cooperation|social_orientation|empathy|achievement_orientation|integrity|attention_to_detail|adaptability|sincerity,empathy|social_orientation|achievement_orientation|cooperation|intellectual_curiosity|integrity|dependability,3.0,0.0,0.0,0.0,4.0,7.0,1.0,0.0,0.0,0.0,6.0,5.0,0.0,0.0,0.0,0.0,0.0,0.0,2.0,0.0,0.0,2.04,1.68,1.94,0.79,2.26,2.36,2.2,0.99,1.56,1.52,2.03,2.33,1.45,1.63,1.58,1.41,1.63,1.66,2.26,1.46,1.26
25-1193.00,"Recreation and Fitness Studies Teachers, Postsecondary",dependability|intellectual_curiosity|social_orientation|achievement_orientation|cooperation|empathy|optimism|leadership_orientation|initiative|self_confidence,social_orientation|intellectual_curiosity|dependability,0.0,0.0,0.0,0.0,0.0,3.0,0.0,0.0,0.0,0.0,0.0,2.0,0.0,0.0,0.0,0.0,0.0,0.0,1.0,0.0,0.0,1.98,1.51,1.51,0.59,1.92,2.3,1.74,0.67,1.66,1.58,1.66,2.24,1.67,1.71,1.46,1.66,1.4,1.44,2.24,1.27,1.24
25-1194.00,"Career/Technical Education Teachers, Postsecondary",dependability|cooperation|social_orientation|empathy|achievement_orientation|attention_to_detail|integrity|adaptability|stress_tolerance|self_control,empathy|social_orientation|achievement_orientation|cooperation|dependability,3.0,0.0,0.0,0.0,4.0,5.0,1.0,0.0,0.0,0.0,0.0,0.0,0.0,0.0,0.0,0.0,0.0,0.0,2.0,0.0,0.0,2.01,1.72,2.0,1.44,2.22,2.65,2.04,0.93,1.44,1.39,1.73,1.51,1.53,1.6,1.67,1.6,1.7,1.6,2.15,1.7,0.93
25-2011.00,"Preschool Teachers, Except Special Education",cooperation|dependability|empathy|optimism|social_orientation|sincerity|integrity|self_control|stress_tolerance|adaptability,optimism|sincerity|empathy|self_control|social_orientation|cooperation|integrity|dependability,0.0,0.0,0.0,0.0,6.0,8.0,3.0,0.0,0.0,0.0,7.0,0.0,0.0,1.0,0.0,0.0,4.0,2.0,5.0,0.0,0.0,1.2,1.9,1.49,1.0,2.82,2.65,2.57,1.78,1.44,1.3,2.21,0.87,1.34,2.53,1.58,1.41,2.14,2.35,2.49,1.93,1.2
25-2012.00,"Kindergarten Teachers, Except Special Education",optimism|cooperation|dependability|empathy|social_orientation|sincerity|integrity|self_control|stress_tolerance|perseverance,optimism|sincerity|empathy|stress_tolerance|self_control|social_orientation|cooperation|integrity|dependability,0.0,0.0,0.0,0.0,7.0,9.0,3.0,0.0,0.0,0.0,8.0,0.0,0.0,1.0,0.0,0.0,5.0,2.0,6.0,4.0,0.0,1.6,1.79,1.69,1.26,2.69,2.65,2.61,1.35,1.35,1.33,2.28,0.87,1.34,2.77,1.83,1.57,2.14,2.42,2.49,2.03,1.39
25-2021.00,"Elementary School Teachers, Except Special Education",dependability|cooperation|empathy|optimism|integrity|social_orientation|sincerity|self_control|perseverance|stress_tolerance,optimism|sincerity|perseverance|adaptability|empathy|stress_tolerance|self_control|social_orientation|cooperation|integrity,0.0,4.0,0.0,0.0,9.0,0.0,5.0,0.0,0.0,0.0,10.0,0.0,0.0,1.0,3.0,0.0,7.0,2.0,8.0,6.0,0.0,1.98,2.05,1.81,1.26,2.55,2.65,2.54,1.49,1.53,1.36,2.51,1.48,1.67,2.53,2.12,1.76,2.14,2.31,2.49,2.06,1.37
25-2022.00,"Middle School Teachers, Except Special and Career/Technical Education",dependability|integrity|social_orientation|cooperation|empathy|optimism|perseverance|self_control|stress_tolerance|adaptability,optimism|sincerity|perseverance|adaptability|empathy|stress_tolerance|self_control|social_orientation|cooperation|integrity,0.0,4.0,0.0,0.0,9.0,0.0,5.0,0.0,0.0,0.0,10.0,0.0,0.0,1.0,3.0,0.0,7.0,2.0,8.0,6.0,0.0,1.95,2.05,1.81,1.26,2.3,2.65,2.27,1.19,1.56,1.3,2.36,1.71,1.58,2.22,2.19,1.63,2.18,2.0,2.33,2.1,1.51
25-2023.00,"Career/Technical Education Teachers, Middle School",dependability|social_orientation|cooperation|empathy|optimism|self_control|integrity|stress_tolerance|sincerity|achievement_orientation,optimism|empathy|stress_tolerance|self_control|social_orientation|cooperation|integrity|dependability,0.0,0.0,0.0,0.0,6.0,8.0,2.0,0.0,0.0,0.0,7.0,0.0,0.0,1.0,0.0,0.0,4.0,0.0,5.0,3.0,0.0,1.92,1.83,1.71,1.14,2.22,2.56,2.14,1.12,1.5,1.36,2.1,1.54,1.64,2.14,1.77,1.6,2.14,1.94,2.24,2.06,1.51
25-2031.00,"Secondary School Teachers, Except Special and Career/Technical Education",dependability|optimism|social_orientation|cooperation|empathy|integrity|self_control|perseverance|stress_tolerance|adaptability,optimism|sincerity|perseverance|adaptability|empathy|stress_tolerance|self_control|social_orientation|achievement_orientation|cooperation,9.0,4.0,0.0,0.0,10.0,0.0,5.0,0.0,0.0,0.0,0.0,0.0,0.0,1.0,3.0,0.0,7.0,2.0,8.0,6.0,0.0,2.01,2.05,1.76,0.9,2.3,2.65,2.27,1.12,1.53,1.3,2.24,1.64,1.61,2.4,2.08,1.66,2.14,2.0,2.33,2.06,1.56
25-2032.00,"Career/Technical Education Teachers, Secondary School",dependability|cooperation|social_orientation|optimism|integrity|empathy|stress_tolerance|self_control|achievement_orientation|sincerity,optimism|empathy|stress_tolerance|social_orientation|cooperation|integrity|dependability,0.0,0.0,0.0,0.0,5.0,7.0,2.0,0.0,0.0,0.0,6.0,0.0,0.0,1.0,0.0,0.0,0.0,0.0,4.0,3.0,0.0,1.95,1.79,1.81,1.26,2.26,2.65,2.14,1.06,1.53,1.55,2.21,1.57,1.75,2.22,1.77,1.66,1.98,1.87,2.26,2.03,1.39
25-2051.00,"Special Education Teachers, Preschool",empathy|cooperation|dependability|optimism|self_control|sincerity|social_orientation|integrity|adaptability|stress_tolerance,optimism|sincerity|adaptability|perseverance|empathy|stress_tolerance|self_control|social_orientation|cooperation|integrity,0.0,3.0,0.0,0.0,9.0,0.0,5.0,0.0,0.0,0.0,10.0,0.0,0.0,1.0,4.0,0.0,7.0,2.0,8.0,6.0,0.0,1.58,2.3,2.05,1.82,3.0,2.93,3.0,1.63,1.72,1.58,2.32,1.54,1.21,2.58,2.12,1.57,2.46,2.42,2.4,2.13,1.45
25-2055.00,"Special Education Teachers, Kindergarten",empathy|cooperation|dependability|optimism|sincerity|self_control|social_orientation|perseverance|integrity|stress_tolerance,optimism|sincerity|perseverance|adaptability|empathy|stress_tolerance|self_control|social_orientation|cooperation|integrity,0.0,4.0,0.0,0.0,9.0,0.0,5.0,0.0,0.0,0.0,10.0,0.0,0.0,1.0,3.0,0.0,7.0,2.0,8.0,6.0,0.0,1.83,2.21,2.16,1.72,2.82,2.65,3.0,1.56,1.72,1.58,2.24,1.41,1.24,2.58,2.26,1.57,2.42,2.46,2.33,2.24,1.64
25-2056.00,"Special Education Teachers, Elementary School",empathy|dependability|cooperation|sincerity|self_control|optimism|integrity|social_orientation|stress_tolerance|attention_to_detail,sincerity|optimism|adaptability|perseverance|empathy|stress_tolerance|self_control|social_orientation|cooperation|integrity,0.0,3.0,0.0,0.0,9.0,0.0,5.0,0.0,0.0,0.0,10.0,0.0,0.0,2.0,4.0,0.0,7.0,1.0,8.0,6.0,0.0,1.95,2.17,2.19,1.38,2.73,2.93,3.0,1.49,1.72,1.36,2.28,1.57,1.39,2.4,2.12,1.7,2.5,2.53,2.26,2.21,1.64
25-2057.00,"Special Education Teachers, Middle School",empathy|cooperation|dependability|attention_to_detail|self_control|integrity|optimism|sincerity|social_orientation|stress_tolerance,optimism|sincerity|perseverance|adaptability|empathy|stress_tolerance|self_control|social_orientation|cooperation|integrity,0.0,4.0,0.0,0.0,9.0,0.0,5.0,0.0,0.0,0.0,10.0,0.0,0.0,1.0,3.0,0.0,7.0,2.0,8.0,6.0,0.0,1.98,2.13,2.41,1.56,2.69,2.65,3.0,1.49,1.53,1.44,2.36,1.61,1.42,2.35,2.15,1.63,2.38,2.31,2.29,2.28,1.56
25-2058.00,"Special Education Teachers, Secondary School",empathy|cooperation|dependability|optimism|self_control|social_orientation|sincerity|integrity|adaptability|stress_tolerance,optimism|sincerity|adaptability|perseverance|empathy|stress_tolerance|self_control|social_orientation|cooperation|integrity,0.0,3.0,0.0,0.0,9.0,0.0,5.0,0.0,0.0,0.0,10.0,0.0,0.0,1.0,4.0,0.0,7.0,2.0,8.0,6.0,0.0,1.95,2.21,2.08,1.56,2.82,2.65,2.97,1.63,1.72,1.6,2.28,1.68,1.48,2.35,2.12,1.63,2.34,2.31,2.33,2.21,1.62
25-2059.01,Adapted Physical Education Specialists,empathy|dependability|optimism|cooperation|social_orientation|sincerity|adaptability|self_control|integrity|perseverance,optimism|sincerity|adaptability|perseverance|empathy|self_control|social_orientation|cooperation|integrity|dependability,0.0,3.0,0.0,0.0,8.0,10.0,5.0,0.0,0.0,0.0,9.0,0.0,0.0,1.0,4.0,0.0,6.0,2.0,7.0,0.0,0.0,1.74,2.21,1.76,1.38,2.43,2.65,2.93,1.28,1.26,1.39,2.1,1.11,1.53,2.53,2.08,1.57,2.14,2.24,2.26,1.8,1.39
25-3011.00,"Adult Basic Education, Adult Secondary Education, and English as a Second Language Instructors",optimism|dependability|empathy|cooperation|social_orientation|adaptability|sincerity|achievement_orientation|self_control|attention_to_detail,optimism|sincerity|adaptability|empathy|social_orientation|cooperation|dependability,0.0,3.0,0.0,0.0,6.0,7.0,4.0,0.0,0.0,0.0,0.0,0.0,0.0,1.0,0.0,0.0,0.0,2.0,5.0,0.0,0.0,1.95,2.09,1.84,0.77,2.34,2.44,2.37,1.22,1.44,1.33,1.79,1.68,1.5,2.49,1.8,1.6,1.95,2.0,2.26,1.58,1.58
25-3021.00,Self-Enrichment Teachers,social_orientation|optimism|cooperation|empathy|dependability|adaptability|sincerity|self_confidence|innovation|perseverance,optimism|empathy|social_orientation|cooperation|dependability,0.0,0.0,0.0,0.0,4.0,5.0,2.0,0.0,0.0,0.0,0.0,0.0,0.0,1.0,0.0,0.0,0.0,0.0,3.0,0.0,0.0,1.35,1.72,1.34,0.52,2.26,2.06,2.17,1.12,1.53,1.63,1.54,1.54,1.5,2.27,1.61,1.66,1.5,1.72,2.31,0.8,1.24
25-3031.00,"Substitute Teachers, Short-Term",dependability|cooperation|social_orientation|empathy|optimism|adaptability|self_control|stress_tolerance|integrity|sincerity,optimism|adaptability|empathy|stress_tolerance|self_control|social_orientation|cooperation|dependability,0.0,2.0,0.0,0.0,7.0,8.0,3.0,0.0,0.0,0.0,0.0,0.0,0.0,1.0,0.0,0.0,5.0,0.0,6.0,4.0,0.0,0.77,2.17,1.55,0.9,2.38,2.65,2.2,1.19,1.07,0.44,1.79,0.47,1.16,2.18,1.43,1.38,2.14,1.69,2.24,2.03,1.53
25-3041.00,Tutors,dependability|cooperation|optimism|empathy|social_orientation|integrity|sincerity|self_control|attention_to_detail|perseverance,optimism|empathy|social_orientation|cooperation|dependability,0.0,0.0,0.0,0.0,4.0,5.0,2.0,0.0,0.0,0.0,0.0,0.0,0.0,1.0,0.0,0.0,0.0,0.0,3.0,0.0,0.0,1.71,1.58,1.81,0.69,2.47,2.56,2.27,1.22,1.5,1.3,1.99,1.54,0.76,2.44,1.77,1.66,1.91,1.97,2.26,1.27,0.93
25-4011.00,Archivists,attention_to_detail|dependability|integrity|intellectual_curiosity|cautiousness|cooperation|perseverance|achievement_orientation|initiative|innovation,intellectual_curiosity|cautiousness|integrity|attention_to_detail|dependability,0.0,0.0,4.0,2.0,0.0,5.0,0.0,0.0,0.0,0.0,3.0,1.0,0.0,0.0,0.0,0.0,0.0,0.0,0.0,0.0,0.0,1.5,0.83,2.88,2.06,1.84,2.65,0.6,0.7,1.41,1.25,2.36,2.33,1.21,0.2,1.61,0.89,0.8,1.19,0.86,0.62,1.16
25-4012.00,Curators,dependability|attention_to_detail|intellectual_curiosity|innovation|integrity|achievement_orientation|leadership_orientation|cautiousness|cooperation|initiative,innovation|achievement_orientation|intellectual_curiosity|integrity|attention_to_detail|dependability,2.0,0.0,5.0,0.0,0.0,6.0,0.0,0.0,0.0,1.0,4.0,3.0,0.0,0.0,0.0,0.0,0.0,0.0,0.0,0.0,0.0,2.04,1.68,2.47,1.86,1.84,2.56,0.98,0.84,1.82,2.06,2.06,2.41,1.95,0.95,1.61,1.63,1.5,1.39,1.7,1.11,1.41
25-4013.00,Museum Technicians and Conservators,attention_to_detail|cautiousness|dependability|integrity|intellectual_curiosity|cooperation|perseverance|achievement_orientation|innovation|self_control,cautiousness|integrity|attention_to_detail|dependability,0.0,0.0,3.0,1.0,0.0,4.0,0.0,0.0,0.0,0.0,2.0,0.0,0.0,0.0,0.0,0.0,0.0,0.0,0.0,0.0,0.0,1.52,1.17,2.74,2.62,1.77,2.62,0.35,0.7,1.18,1.25,2.06,1.97,0.69,0.43,1.61,0.99,1.19,0.7,0.81,1.0,1.18
25-4022.00,Librarians and Media Collections Specialists,attention_to_detail|cooperation|intellectual_curiosity|dependability|social_orientation|empathy|initiative|sincerity|adaptability|achievement_orientation,cooperation|intellectual_curiosity|attention_to_detail,0.0,0.0,3.0,0.0,1.0,0.0,0.0,0.0,0.0,0.0,0.0,2.0,0.0,0.0,0.0,0.0,0.0,0.0,0.0,0.0,0.0,1.3,1.35,2.37,0.57,2.3,1.95,1.57,1.22,1.5,0.82,0.89,2.2,1.21,1.07,1.07,1.15,0.85,1.44,1.81,0.78,1.1
25-4031.00,Library Technicians,cooperation|attention_to_detail|dependability|social_orientation|integrity|empathy|sincerity|humility|self_control|optimism,cooperation|attention_to_detail|dependability,0.0,0.0,2.0,0.0,1.0,3.0,0.0,0.0,0.0,0.0,0.0,0.0,0.0,0.0,0.0,0.0,0.0,0.0,0.0,0.0,0.0,0.66,0.76,2.28,0.9,2.3,2.19,1.38,1.19,0.78,0.24,1.4,0.79,0.29,0.98,0.86,0.58,1.19,1.23,1.74,0.7,0.22
25-9021.00,Farm and Home Management Educators,dependability|social_orientation|cooperation|leadership_orientation|intellectual_curiosity|integrity|sincerity|achievement_orientation|initiative|empathy,sincerity|leadership_orientation|social_orientation|achievement_orientation|cooperation|intellectual_curiosity|integrity|dependability,4.0,0.0,0.0,0.0,5.0,8.0,0.0,0.0,0.0,0.0,7.0,6.0,2.0,0.0,0.0,0.0,0.0,1.0,3.0,0.0,0.0,2.01,1.83,1.81,1.35,2.3,2.53,1.92,1.35,1.96,1.8,2.06,2.12,2.19,1.9,1.74,1.76,1.7,2.03,2.38,1.52,1.26
25-9031.00,Instructional Coordinators,innovation|dependability|cooperation|intellectual_curiosity|adaptability|achievement_orientation|leadership_orientation|empathy|social_orientation|self_control,leadership_orientation|innovation|adaptability|empathy|achievement_orientation|cooperation|intellectual_curiosity|dependability,5.0,3.0,0.0,0.0,6.0,8.0,4.0,0.0,0.0,2.0,0.0,7.0,1.0,0.0,0.0,0.0,0.0,0.0,0.0,0.0,0.0,2.14,2.3,1.86,1.32,2.34,2.41,2.1,1.15,1.44,2.45,1.6,2.33,2.1,0.69,1.23,1.76,1.91,1.09,1.92,1.58,0.72
25-9042.00,"Teaching Assistants, Preschool, Elementary, Middle, and Secondary School, Except Special Education",dependability|optimism|cooperation|social_orientation|empathy|integrity|self_control|stress_tolerance|perseverance|sincerity,optimism|empathy|self_control|social_orientation|cooperation|integrity|dependability,0.0,0.0,0.0,0.0,5.0,7.0,2.0,0.0,0.0,0.0,6.0,0.0,0.0,1.0,0.0,0.0,3.0,0.0,4.0,0.0,0.0,0.7,1.38,1.53,1.5,2.43,2.65,2.2,1.19,1.15,0.87,2.1,0.92,0.27,2.49,1.58,1.1,2.1,1.55,2.31,1.67,0.81
25-9043.00,"Teaching Assistants, Special Education",cooperation|dependability|empathy|optimism|social_orientation|self_control|integrity|stress_tolerance|perseverance|sincerity,optimism|empathy|stress_tolerance|self_control|social_orientation|cooperation|integrity|dependability,0.0,0.0,0.0,0.0,6.0,8.0,2.0,0.0,0.0,0.0,7.0,0.0,0.0,1.0,0.0,0.0,4.0,0.0,5.0,3.0,0.0,0.86,1.61,1.81,1.5,2.69,2.65,2.57,1.35,1.41,1.12,2.1,0.56,0.23,2.49,1.97,0.89,2.18,1.97,2.33,2.03,1.29
25-9044.00,"Teaching Assistants, Postsecondary",dependability|optimism|cooperation|social_orientation|empathy|intellectual_curiosity|integrity|self_control|perseverance|sincerity,optimism|empathy|social_orientation|cooperation|intellectual_curiosity|integrity|dependability,0.0,0.0,0.0,0.0,4.0,7.0,2.0,0.0,0.0,0.0,6.0,5.0,0.0,1.0,0.0,0.0,0.0,0.0,3.0,0.0,0.0,1.25,1.41,1.53,0.79,2.26,2.53,2.17,1.19,1.44,1.1,2.06,2.08,0.64,2.27,1.61,1.15,1.8,1.55,2.24,1.49,1.1
27-1011.00,Art Directors,innovation|leadership_orientation|adaptability|self_confidence|dependability|achievement_orientation|attention_to_detail|social_orientation|initiative|intellectual_curiosity,self_confidence|leadership_orientation|innovation|adaptability|achievement_orientation|dependability,5.0,4.0,0.0,0.0,0.0,6.0,0.0,0.0,0.0,3.0,0.0,0.0,2.0,0.0,0.0,1.0,0.0,0.0,0.0,0.0,0.0,2.01,2.26,1.94,-0.16,1.7,2.08,1.0,-0.43,1.86,2.73,1.23,1.82,2.28,1.26,1.67,2.16,1.37,0.96,1.88,1.61,1.76
27-1012.00,Craft Artists,innovation|attention_to_detail|initiative|perseverance|achievement_orientation|adaptability|tolerance_for_ambiguity|intellectual_curiosity|optimism|dependability,innovation|attention_to_detail,0.0,0.0,2.0,0.0,0.0,0.0,0.0,0.0,0.0,1.0,0.0,0.0,0.0,0.0,0.0,0.0,0.0,0.0,0.0,0.0,0.0,1.66,1.29,2.28,0.43,0.09,0.95,0.47,-0.01,1.72,2.51,0.78,1.0,0.23,0.98,1.67,0.54,0.66,0.17,0.9,0.15,1.16
27-1013.00,"Fine Artists, Including Painters, Sculptors, and Illustrators",innovation|tolerance_for_ambiguity|achievement_orientation|intellectual_curiosity|initiative|perseverance|integrity|self_confidence|attention_to_detail|adaptability,innovation,0.0,0.0,0.0,0.0,0.0,0.0,0.0,0.0,0.0,1.0,0.0,0.0,0.0,0.0,0.0,0.0,0.0,0.0,0.0,0.0,0.0,1.86,1.29,1.3,-0.62,0.37,0.98,0.37,-0.5,1.72,3.0,1.51,1.86,-0.26,0.84,1.67,1.32,0.26,0.4,0.22,0.44,1.97
27-1014.00,Special Effects Artists and Animators,innovation|attention_to_detail|intellectual_curiosity|achievement_orientation|adaptability|dependability|perseverance|self_confidence|tolerance_for_ambiguity|initiative,innovation|intellectual_curiosity|attention_to_detail,0.0,0.0,3.0,0.0,0.0,0.0,0.0,0.0,0.0,1.0,0.0,2.0,0.0,0.0,0.0,0.0,0.0,0.0,0.0,0.0,0.0,1.95,1.9,2.34,-0.63,0.95,1.71,0.21,-0.28,1.44,2.86,0.64,2.01,0.59,0.74,1.7,1.66,0.66,0.09,0.13,1.19,1.64
27-1021.00,Commercial and Industrial Designers,innovation|attention_to_detail|intellectual_curiosity|achievement_orientation|adaptability|dependability|self_confidence|initiative|perseverance|tolerance_for_ambiguity,innovation|achievement_orientation|intellectual_curiosity|attention_to_detail,2.0,0.0,4.0,0.0,0.0,0.0,0.0,0.0,0.0,1.0,0.0,3.0,0.0,0.0,0.0,0.0,0.0,0.0,0.0,0.0,0.0,2.04,1.94,2.28,0.69,1.35,1.88,0.64,-0.27,1.56,2.8,1.1,2.08,1.03,0.61,1.52,1.76,1.22,0.69,1.15,0.97,1.49
27-1022.00,Fashion Designers,innovation|adaptability|attention_to_detail|achievement_orientation|self_confidence|initiative|social_orientation|dependability|tolerance_for_ambiguity|intellectual_curiosity,innovation|adaptability|achievement_orientation|attention_to_detail,3.0,2.0,4.0,0.0,0.0,0.0,0.0,0.0,0.0,1.0,0.0,0.0,0.0,0.0,0.0,0.0,0.0,0.0,0.0,0.0,0.0,2.01,2.21,2.11,-0.28,1.35,1.69,0.64,-0.81,1.79,2.64,0.68,1.64,1.34,1.29,1.64,1.8,1.03,0.69,1.74,1.32,1.66
27-1023.00,Floral Designers,attention_to_detail|dependability|innovation|social_orientation|cooperation|optimism|adaptability|empathy|sincerity|initiative,attention_to_detail|dependability,0.0,0.0,1.0,0.0,0.0,2.0,0.0,0.0,0.0,0.0,0.0,0.0,0.0,0.0,0.0,0.0,0.0,0.0,0.0,0.0,0.0,1.09,1.35,2.14,0.67,1.84,2.06,1.35,0.64,1.32,1.97,1.01,0.76,0.64,1.39,0.97,0.99,1.08,1.33,1.97,1.11,0.93
27-1024.00,Graphic Designers,innovation|attention_to_detail|dependability|achievement_orientation|adaptability|intellectual_curiosity|tolerance_for_ambiguity|perseverance|self_confidence|initiative,innovation|attention_to_detail,0.0,0.0,2.0,0.0,0.0,0.0,0.0,0.0,0.0,1.0,0.0,0.0,0.0,0.0,0.0,0.0,0.0,0.0,0.0,0.0,0.0,1.69,1.65,2.41,0.5,1.14,1.71,0.52,0.03,1.18,2.51,0.7,1.44,0.32,0.66,1.26,1.24,0.7,0.65,0.88,0.72,1.33
27-1025.00,Interior Designers,attention_to_detail|innovation|dependability|cooperation|adaptability|self_confidence|perseverance|social_orientation|achievement_orientation|intellectual_curiosity,innovation|attention_to_detail|dependability,0.0,0.0,2.0,0.0,0.0,3.0,0.0,0.0,0.0,1.0,0.0,0.0,0.0,0.0,0.0,0.0,0.0,0.0,0.0,0.0,0.0,1.71,1.86,2.47,1.38,1.88,2.14,1.1,0.56,1.53,2.42,1.51,1.54,1.39,0.9,1.74,1.76,1.31,1.11,1.74,1.29,1.26
27-1026.00,Merchandise Displayers and Window Trimmers,innovation|attention_to_detail|dependability|cooperation|adaptability|initiative|achievement_orientation|self_confidence|social_orientation|tolerance_for_ambiguity,innovation|attention_to_detail|dependability,0.0,0.0,2.0,0.0,0.0,3.0,0.0,0.0,0.0,1.0,0.0,0.0,0.0,0.0,0.0,0.0,0.0,0.0,0.0,0.0,0.0,1.23,1.65,2.14,0.5,1.67,2.03,0.41,-0.28,1.44,2.33,0.68,0.76,0.9,1.07,1.02,1.21,0.7,0.38,1.13,0.84,1.08
27-1027.00,Set and Exhibit Designers,innovation|attention_to_detail|adaptability|achievement_orientation|dependability|initiative|self_confidence|perseverance|intellectual_curiosity|cooperation,innovation|adaptability|attention_to_detail,0.0,2.0,3.0,0.0,0.0,0.0,0.0,0.0,0.0,1.0,0.0,0.0,0.0,0.0,0.0,0.0,0.0,0.0,0.0,0.0,0.0,1.95,2.17,2.41,0.69,1.44,1.9,0.48,-0.43,1.79,2.7,0.76,1.54,1.29,0.26,1.64,1.76,1.03,0.65,1.43,1.43,1.22
27-2011.00,Actors,adaptability|self_confidence|innovation|social_orientation|cooperation|optimism|stress_tolerance|perseverance|tolerance_for_ambiguity|achievement_orientation,self_confidence|optimism|adaptability|innovation|perseverance|stress_tolerance|social_orientation|cooperation,0.0,3.0,0.0,0.0,8.0,0.0,0.0,0.0,0.0,4.0,0.0,0.0,0.0,2.0,5.0,1.0,0.0,0.0,7.0,6.0,0.0,1.71,2.6,1.7,-0.7,2.3,1.42,1.57,-1.42,1.53,2.33,0.08,1.23,-0.43,2.25,2.04,2.48,1.37,-0.11,2.31,2.06,1.78
27-2012.00,Producers and Directors,innovation|leadership_orientation|self_confidence|adaptability|achievement_orientation|social_orientation|dependability|stress_tolerance|intellectual_curiosity|perseverance,initiative|self_confidence|leadership_orientation|innovation|adaptability|perseverance|stress_tolerance|social_orientation|achievement_orientation|cooperation,9.0,5.0,0.0,0.0,10.0,0.0,0.0,0.0,1.0,4.0,0.0,0.0,3.0,0.0,6.0,2.0,0.0,0.0,8.0,7.0,0.0,2.28,2.3,2.0,-0.58,2.14,2.25,1.3,-0.85,2.14,2.7,1.57,2.16,2.61,1.36,2.15,2.32,1.91,0.92,2.26,2.21,1.91
27-2012.03,Media Programming Directors,dependability|leadership_orientation|innovation|adaptability|social_orientation|stress_tolerance|achievement_orientation|attention_to_detail|self_confidence|initiative,self_confidence|leadership_orientation|innovation|adaptability|stress_tolerance|social_orientation|achievement_orientation|attention_to_detail|dependability,7.0,4.0,8.0,0.0,0.0,9.0,0.0,0.0,0.0,3.0,0.0,0.0,2.0,0.0,0.0,1.0,0.0,0.0,6.0,5.0,0.0,2.04,2.13,2.02,1.03,1.88,2.56,0.98,-0.15,1.89,2.36,1.82,1.61,2.46,1.32,1.67,2.01,1.7,1.0,2.08,2.06,1.49
27-2012.04,Talent Directors,social_orientation|cooperation|adaptability|dependability|self_confidence|initiative|attention_to_detail|leadership_orientation|perseverance|stress_tolerance,adaptability|social_orientation|cooperation,0.0,1.0,0.0,0.0,3.0,0.0,0.0,0.0,0.0,0.0,0.0,0.0,0.0,0.0,0.0,0.0,0.0,0.0,2.0,0.0,0.0,1.45,2.02,1.67,-0.23,2.07,1.98,1.59,-0.38,1.79,1.58,1.6,1.08,1.64,1.39,1.61,1.83,1.5,0.94,2.42,1.61,1.49
27-2012.05,Media Technical Directors/Managers,dependability|leadership_orientation|attention_to_detail|stress_tolerance|cooperation|adaptability|achievement_orientation|self_confidence|initiative|self_control,leadership_orientation|adaptability|stress_tolerance|cooperation|attention_to_detail|dependability,0.0,2.0,5.0,0.0,4.0,6.0,0.0,0.0,0.0,0.0,0.0,0.0,1.0,0.0,0.0,0.0,0.0,0.0,0.0,3.0,0.0,1.77,2.02,2.22,1.26,2.07,2.47,0.75,-0.06,1.75,1.52,1.54,1.2,2.37,0.9,1.4,1.76,1.73,0.7,1.38,2.1,1.51
27-2021.00,Athletes and Sports Competitors,achievement_orientation|perseverance|self_confidence|stress_tolerance|self_control|dependability|optimism|adaptability|initiative|social_orientation,self_confidence|optimism|perseverance|stress_tolerance|self_control|achievement_orientation|dependability,6.0,0.0,0.0,0.0,0.0,7.0,0.0,0.0,0.0,0.0,0.0,0.0,0.0,2.0,3.0,1.0,5.0,0.0,0.0,4.0,0.0,2.83,1.83,1.25,-0.69,0.95,2.3,0.47,-0.74,1.72,0.87,1.45,0.47,1.31,2.27,2.67,2.56,2.38,0.72,1.65,2.47,1.1
27-2022.00,Coaches and Scouts,leadership_orientation|dependability|achievement_orientation|social_orientation|self_confidence|cooperation|stress_tolerance|perseverance|self_control|initiative,initiative|self_confidence|leadership_orientation|perseverance|stress_tolerance|self_control|social_orientation|achievement_orientation|cooperation|dependability,8.0,0.0,0.0,0.0,9.0,10.0,0.0,0.0,1.0,0.0,0.0,0.0,3.0,0.0,4.0,2.0,6.0,0.0,7.0,5.0,0.0,2.42,1.61,1.26,-0.35,2.3,2.56,1.54,0.85,2.03,1.6,1.51,1.11,2.71,1.78,2.19,2.36,2.14,1.72,2.4,2.21,1.31
27-2023.00,"Umpires, Referees, and Other Sports Officials",integrity|self_control|dependability|stress_tolerance|self_confidence|attention_to_detail|cautiousness|leadership_orientation|perseverance|sincerity,self_confidence|stress_tolerance|self_control|integrity|attention_to_detail|dependability,0.0,0.0,5.0,0.0,0.0,6.0,0.0,0.0,0.0,0.0,4.0,0.0,0.0,0.0,0.0,1.0,3.0,0.0,0.0,2.0,0.0,1.16,1.35,2.08,1.99,0.53,2.59,0.54,0.29,0.51,-0.63,2.89,0.39,1.92,0.69,1.77,2.36,2.63,1.41,0.9,2.43,0.12
27-2031.00,Dancers,perseverance|achievement_orientation|adaptability|self_confidence|optimism|social_orientation|stress_tolerance|dependability|cooperation|innovation,perseverance|adaptability|achievement_orientation,3.0,2.0,0.0,0.0,0.0,0.0,0.0,0.0,0.0,0.0,0.0,0.0,0.0,0.0,1.0,0.0,0.0,0.0,0.0,0.0,0.0,2.14,2.02,1.14,-0.58,1.63,1.85,0.58,-0.73,1.13,1.36,0.41,0.89,-0.05,1.94,2.26,1.94,1.31,0.46,1.9,1.86,1.1
27-2032.00,Choreographers,innovation|adaptability|leadership_orientation|social_orientation|perseverance|self_confidence|cooperation|achievement_orientation|optimism|intellectual_curiosity,self_confidence|leadership_orientation|innovation|adaptability|perseverance|social_orientation|achievement_orientation|cooperation,7.0,4.0,0.0,0.0,8.0,0.0,0.0,0.0,0.0,3.0,0.0,0.0,2.0,0.0,5.0,1.0,0.0,0.0,6.0,0.0,0.0,2.04,2.34,1.1,-0.6,2.07,1.76,1.43,-0.49,1.86,2.89,0.68,1.89,2.34,1.9,2.15,2.12,1.43,1.0,2.2,1.64,1.72
27-2041.00,Music Directors and Composers,innovation|leadership_orientation|self_confidence|intellectual_curiosity|social_orientation|achievement_orientation|adaptability|dependability|attention_to_detail|initiative,self_confidence|leadership_orientation|innovation|adaptability|social_orientation|achievement_orientation|intellectual_curiosity|attention_to_detail|dependability,6.0,4.0,8.0,0.0,0.0,9.0,0.0,0.0,0.0,3.0,0.0,7.0,2.0,0.0,0.0,1.0,0.0,0.0,5.0,0.0,0.0,2.14,2.09,2.05,-0.26,1.92,2.08,1.1,-0.01,1.96,2.86,1.5,2.2,2.43,1.74,1.8,2.24,1.56,1.07,2.17,1.8,1.78
27-2042.00,Musicians and Singers,self_confidence|social_orientation|innovation|perseverance|achievement_orientation|optimism|stress_tolerance|initiative|dependability|adaptability,self_confidence|innovation|perseverance|social_orientation|achievement_orientation,5.0,0.0,0.0,0.0,0.0,0.0,0.0,0.0,0.0,2.0,0.0,0.0,0.0,0.0,3.0,1.0,0.0,0.0,4.0,0.0,0.0,2.04,1.68,1.3,-0.43,1.5,1.72,0.84,-0.68,1.75,2.21,0.72,1.48,0.02,1.9,2.19,2.36,1.47,0.82,2.22,1.8,1.24
27-2091.00,"Disc Jockeys, Except Radio",social_orientation|dependability|optimism|cooperation|self_confidence|adaptability|innovation|leadership_orientation|stress_tolerance|attention_to_detail,optimism|social_orientation|dependability,0.0,0.0,0.0,0.0,0.0,3.0,0.0,0.0,0.0,0.0,0.0,0.0,0.0,1.0,0.0,0.0,0.0,0.0,2.0,0.0,0.0,0.78,1.79,1.47,-0.38,1.84,2.44,0.95,-0.74,1.38,1.69,0.7,0.69,1.53,2.22,0.93,1.8,1.31,0.9,2.47,1.49,1.04
27-3011.00,Broadcast Announcers and Radio Disc Jockeys,social_orientation|self_confidence|dependability|optimism|self_control|adaptability|stress_tolerance|initiative|attention_to_detail|cooperation,self_confidence|social_orientation|dependability,0.0,0.0,0.0,0.0,0.0,3.0,0.0,0.0,0.0,0.0,0.0,0.0,0.0,0.0,0.0,1.0,0.0,0.0,2.0,0.0,0.0,1.37,1.86,1.6,-0.38,1.57,2.16,0.88,-0.85,1.69,1.23,1.51,0.94,1.11,1.94,1.15,2.28,1.91,0.98,2.33,1.8,1.24
27-3023.00,"News Analysts, Reporters, and Journalists",integrity|intellectual_curiosity|adaptability|social_orientation|dependability|achievement_orientation|initiative|innovation|stress_tolerance|self_confidence,initiative|adaptability|innovation|social_orientation|achievement_orientation|intellectual_curiosity|integrity|dependability,5.0,2.0,0.0,0.0,0.0,8.0,0.0,0.0,1.0,3.0,7.0,6.0,0.0,0.0,0.0,0.0,0.0,0.0,4.0,0.0,0.0,2.04,2.26,1.97,0.0,0.75,2.19,1.14,-0.68,2.03,2.0,2.51,2.28,1.11,0.76,1.94,1.98,1.73,1.16,2.26,1.99,1.83
27-3031.00,Public Relations Specialists,social_orientation|cooperation|dependability|self_confidence|innovation|optimism|integrity|adaptability|initiative|achievement_orientation,self_confidence|optimism|innovation|adaptability|social_orientation|cooperation|integrity|dependability,0.0,4.0,0.0,0.0,6.0,8.0,0.0,0.0,0.0,3.0,7.0,0.0,0.0,2.0,0.0,1.0,0.0,0.0,5.0,0.0,0.0,1.95,2.05,1.8,0.19,2.43,2.3,1.71,-0.38,2.0,2.12,2.1,1.54,1.53,2.1,1.77,2.24,1.91,0.98,2.58,1.8,1.51
27-3041.00,Editors,attention_to_detail|dependability|leadership_orientation|intellectual_curiosity|achievement_orientation|integrity|innovation|initiative|self_confidence|stress_tolerance,leadership_orientation|achievement_orientation|intellectual_curiosity|attention_to_detail|dependability,2.0,0.0,4.0,0.0,0.0,5.0,0.0,0.0,0.0,0.0,0.0,3.0,1.0,0.0,0.0,0.0,0.0,0.0,0.0,0.0,0.0,2.01,1.61,3.0,1.63,1.63,2.65,0.82,0.22,1.82,1.86,1.89,2.12,2.13,0.71,1.55,1.8,1.43,0.9,1.38,1.8,1.39
27-3042.00,Technical Writers,attention_to_detail|dependability|intellectual_curiosity|achievement_orientation|cautiousness|cooperation|perseverance|tolerance_for_ambiguity|adaptability|innovation,intellectual_curiosity|attention_to_detail|dependability,0.0,0.0,2.0,0.0,0.0,3.0,0.0,0.0,0.0,0.0,0.0,1.0,0.0,0.0,0.0,0.0,0.0,0.0,0.0,0.0,0.0,1.52,1.19,2.77,1.45,1.38,2.25,0.41,0.56,1.05,1.17,1.08,2.04,-0.34,0.22,1.23,0.92,0.66,0.69,0.65,0.8,1.22
27-3043.00,Writers and Authors,innovation|achievement_orientation|intellectual_curiosity|dependability|initiative|adaptability|tolerance_for_ambiguity|self_confidence|perseverance|attention_to_detail,innovation,0.0,0.0,0.0,0.0,0.0,0.0,0.0,0.0,0.0,1.0,0.0,0.0,0.0,0.0,0.0,0.0,0.0,0.0,0.0,0.0,0.0,1.95,1.75,1.53,-0.37,1.03,1.83,1.07,-0.4,1.79,2.85,0.8,1.89,0.71,1.13,1.61,1.7,0.82,0.84,1.36,1.09,1.72
27-3043.05,"Poets, Lyricists and Creative Writers",innovation|intellectual_curiosity|tolerance_for_ambiguity|achievement_orientation|initiative|self_confidence|perseverance|dependability|attention_to_detail|empathy,tolerance_for_ambiguity|innovation|achievement_orientation|intellectual_curiosity,3.0,0.0,0.0,0.0,0.0,0.0,0.0,0.0,0.0,2.0,0.0,4.0,0.0,0.0,0.0,0.0,0.0,0.0,0.0,0.0,1.0,2.01,0.71,1.01,-0.64,0.34,1.07,0.95,-0.34,1.82,3.0,0.56,2.24,-0.41,0.76,1.23,1.32,-0.17,0.8,0.25,0.68,2.08
27-3091.00,Interpreters and Translators,integrity|dependability|attention_to_detail|intellectual_curiosity|cautiousness|self_control|sincerity|tolerance_for_ambiguity|adaptability|achievement_orientation,intellectual_curiosity|integrity|attention_to_detail|dependability,0.0,0.0,3.0,0.0,0.0,4.0,0.0,0.0,0.0,0.0,2.0,1.0,0.0,0.0,0.0,0.0,0.0,0.0,0.0,0.0,0.0,1.52,1.58,2.63,1.99,1.47,2.65,1.25,0.87,0.74,0.63,2.76,2.01,-0.63,0.45,1.46,1.18,1.77,1.72,1.38,1.46,1.6
27-3092.00,Court Reporters and Simultaneous Captioners,attention_to_detail|dependability|integrity|self_control|cautiousness|stress_tolerance|perseverance|achievement_orientation|self_confidence|cooperation,self_control|cautiousness|integrity|attention_to_detail|dependability,0.0,0.0,4.0,2.0,0.0,5.0,0.0,0.0,0.0,0.0,3.0,0.0,0.0,0.0,0.0,0.0,1.0,0.0,0.0,0.0,0.0,1.66,0.53,3.0,2.06,0.64,2.65,-0.09,0.32,0.05,-0.5,2.55,0.24,-0.56,-0.09,1.8,1.02,2.14,0.36,-0.14,1.89,-0.48
27-4011.00,Audio and Video Technicians,dependability|attention_to_detail|stress_tolerance|adaptability|cautiousness|perseverance|cooperation|self_control|intellectual_curiosity|self_confidence,attention_to_detail|dependability,0.0,0.0,1.0,0.0,0.0,2.0,0.0,0.0,0.0,0.0,0.0,0.0,0.0,0.0,0.0,0.0,0.0,0.0,0.0,0.0,0.0,1.14,1.61,2.37,1.5,1.31,2.47,0.15,0.29,1.1,1.17,0.98,1.23,1.08,0.76,1.31,1.18,1.31,0.52,0.86,1.76,1.14
27-4012.00,Broadcast Technicians,dependability|attention_to_detail|cautiousness|integrity|adaptability|stress_tolerance|perseverance|self_control|achievement_orientation|intellectual_curiosity,attention_to_detail|dependability,0.0,0.0,1.0,0.0,0.0,2.0,0.0,0.0,0.0,0.0,0.0,0.0,0.0,0.0,0.0,0.0,0.0,0.0,0.0,0.0,0.0,1.27,1.65,2.47,1.82,1.0,2.56,-0.12,-0.18,0.85,1.04,1.7,1.17,-0.21,0.13,1.31,0.99,1.31,0.18,0.07,1.64,0.83
27-4014.00,Sound Engineering Technicians,attention_to_detail|dependability|innovation|adaptability|achievement_orientation|stress_tolerance|perseverance|intellectual_curiosity|cooperation|cautiousness,attention_to_detail|dependability,0.0,0.0,1.0,0.0,0.0,2.0,0.0,0.0,0.0,0.0,0.0,0.0,0.0,0.0,0.0,0.0,0.0,0.0,0.0,0.0,0.0,1.63,1.65,2.57,1.41,1.47,2.41,0.25,0.22,1.18,1.69,0.78,1.54,-0.19,0.38,1.58,1.35,1.31,0.53,0.99,1.61,1.12
27-4015.00,Lighting Technicians,dependability|attention_to_detail|cautiousness|adaptability|stress_tolerance|cooperation|achievement_orientation|self_control|self_confidence|integrity,cautiousness|attention_to_detail|dependability,0.0,0.0,2.0,1.0,0.0,3.0,0.0,0.0,0.0,0.0,0.0,0.0,0.0,0.0,0.0,0.0,0.0,0.0,0.0,0.0,0.0,1.23,1.68,2.28,2.21,1.44,2.36,-0.06,0.1,0.95,0.94,1.13,0.87,0.0,0.32,1.12,1.21,1.22,0.23,0.63,1.55,0.56
27-4021.00,Photographers,innovation|attention_to_detail|dependability|adaptability|perseverance|initiative|integrity|achievement_orientation|self_confidence|tolerance_for_ambiguity,innovation|attention_to_detail,0.0,0.0,2.0,0.0,0.0,0.0,0.0,0.0,0.0,1.0,0.0,0.0,0.0,0.0,0.0,0.0,0.0,0.0,0.0,0.0,0.0,1.52,1.65,2.05,0.84,0.92,1.93,0.54,-0.04,1.59,2.36,1.54,1.17,0.41,0.76,1.64,1.5,0.92,0.76,0.9,1.32,1.33
27-4031.00,"Camera Operators, Television, Video, and Film",dependability|attention_to_detail|innovation|adaptability|achievement_orientation|cooperation|stress_tolerance|self_confidence|perseverance|self_control,attention_to_detail|dependability,0.0,0.0,1.0,0.0,0.0,2.0,0.0,0.0,0.0,0.0,0.0,0.0,0.0,0.0,0.0,0.0,0.0,0.0,0.0,0.0,0.0,1.55,1.79,2.05,0.9,1.47,2.08,0.07,-0.27,1.02,1.83,0.7,0.97,0.29,0.71,1.31,1.32,1.31,0.32,0.84,1.46,1.22
27-4032.00,Film and Video Editors,attention_to_detail|innovation|dependability|achievement_orientation|adaptability|intellectual_curiosity|perseverance|integrity|cooperation|tolerance_for_ambiguity,innovation|achievement_orientation|attention_to_detail|dependability,2.0,0.0,3.0,0.0,0.0,4.0,0.0,0.0,0.0,1.0,0.0,0.0,0.0,0.0,0.0,0.0,0.0,0.0,0.0,0.0,0.0,2.04,1.72,2.57,0.79,1.53,2.22,0.2,-0.06,1.18,2.39,1.54,1.68,0.16,0.43,1.67,1.41,1.43,0.32,0.72,1.49,1.49
29-1011.00,Chiropractors,attention_to_detail|dependability|cooperation|cautiousness|empathy|integrity|self_control|sincerity|social_orientation|intellectual_curiosity,empathy|cooperation|cautiousness|integrity|attention_to_detail|dependability,0.0,0.0,5.0,3.0,2.0,6.0,1.0,0.0,0.0,0.0,4.0,0.0,0.0,0.0,0.0,0.0,0.0,0.0,0.0,0.0,0.0,1.74,1.05,2.5,2.24,2.34,2.39,2.17,1.03,1.32,1.25,2.1,1.82,0.9,1.63,1.74,1.73,1.95,1.9,1.88,1.58,1.37
29-1021.00,"Dentists, General",attention_to_detail|dependability|cautiousness|integrity|self_control|empathy|achievement_orientation|stress_tolerance|cooperation|intellectual_curiosity,empathy|stress_tolerance|self_control|achievement_orientation|cautiousness|integrity|attention_to_detail|dependability,4.0,0.0,7.0,5.0,0.0,8.0,1.0,0.0,0.0,0.0,6.0,0.0,0.0,0.0,0.0,0.0,3.0,0.0,0.0,2.0,0.0,2.04,1.02,3.0,2.39,1.99,2.65,2.07,0.67,1.35,1.23,2.28,1.97,1.21,1.32,1.77,1.73,2.26,1.66,1.72,2.03,0.99
29-1022.00,Oral and Maxillofacial Surgeons,attention_to_detail|dependability|cautiousness|stress_tolerance|self_control|intellectual_curiosity|achievement_orientation|self_confidence|perseverance|integrity,self_confidence|perseverance|stress_tolerance|self_control|achievement_orientation|cooperation|intellectual_curiosity|cautiousness|integrity|attention_to_detail,5.0,0.0,10.0,8.0,6.0,0.0,0.0,0.0,0.0,0.0,9.0,7.0,0.0,0.0,2.0,1.0,4.0,0.0,0.0,3.0,0.0,2.24,1.65,3.0,2.62,2.14,2.93,1.22,0.37,1.29,1.41,2.17,2.37,1.67,0.93,2.19,2.24,2.5,1.33,1.33,2.55,1.49
29-1023.00,Orthodontists,attention_to_detail|dependability|cautiousness|achievement_orientation|integrity|intellectual_curiosity|social_orientation|perseverance|cooperation|self_confidence,achievement_orientation|intellectual_curiosity|cautiousness|integrity|attention_to_detail|dependability,1.0,0.0,5.0,3.0,0.0,6.0,0.0,0.0,0.0,0.0,4.0,2.0,0.0,0.0,0.0,0.0,0.0,0.0,0.0,0.0,0.0,2.08,1.02,3.0,2.43,1.74,2.5,1.54,0.72,1.21,1.52,2.06,2.04,1.0,1.42,1.77,1.73,1.73,1.55,1.79,1.7,0.87
29-1024.00,Prosthodontists,attention_to_detail|dependability|cautiousness|integrity|achievement_orientation|empathy|intellectual_curiosity|cooperation|self_control|perseverance,empathy|self_control|achievement_orientation|cooperation|intellectual_curiosity|cautiousness|integrity|attention_to_detail|dependability,3.0,0.0,8.0,6.0,4.0,9.0,1.0,0.0,0.0,0.0,7.0,5.0,0.0,0.0,0.0,0.0,2.0,0.0,0.0,0.0,0.0,2.17,1.14,3.0,2.5,2.07,2.53,2.14,0.72,1.21,1.72,2.21,2.12,1.0,1.23,1.87,1.63,2.02,1.78,1.61,1.8,1.24
29-1031.00,Dietitians and Nutritionists,attention_to_detail|dependability|cooperation|empathy|integrity|social_orientation|sincerity|intellectual_curiosity|achievement_orientation|cautiousness,sincerity|empathy|social_orientation|cooperation|intellectual_curiosity|integrity|attention_to_detail|dependability,0.0,0.0,7.0,0.0,4.0,8.0,2.0,0.0,0.0,0.0,6.0,5.0,0.0,0.0,0.0,0.0,0.0,1.0,3.0,0.0,0.0,1.92,1.68,2.7,1.76,2.3,2.41,2.27,1.28,1.23,1.3,2.17,2.01,1.13,1.63,1.64,1.5,1.7,2.03,2.06,1.61,1.18
29-1041.00,Optometrists,attention_to_detail|dependability|cautiousness|integrity|intellectual_curiosity|cooperation|empathy|achievement_orientation|sincerity|social_orientation,intellectual_curiosity|cautiousness|integrity|attention_to_detail|dependability,0.0,0.0,4.0,2.0,0.0,5.0,0.0,0.0,0.0,0.0,3.0,1.0,0.0,0.0,0.0,0.0,0.0,0.0,0.0,0.0,0.0,1.83,1.02,3.0,2.28,1.92,2.47,1.89,0.99,1.13,1.17,2.21,2.08,0.76,1.16,1.49,1.63,1.73,1.81,1.74,1.61,1.08
29-1051.00,Pharmacists,attention_to_detail|dependability|integrity|cautiousness|cooperation|intellectual_curiosity|self_control|empathy|stress_tolerance|achievement_orientation,empathy|stress_tolerance|self_control|achievement_orientation|cooperation|intellectual_curiosity|cautiousness|integrity|attention_to_detail|dependability,4.0,0.0,9.0,7.0,5.0,10.0,1.0,0.0,0.0,0.0,8.0,6.0,0.0,0.0,0.0,0.0,3.0,0.0,0.0,2.0,0.0,2.04,1.35,3.0,2.86,2.3,2.93,2.1,1.15,1.38,0.97,2.93,2.2,1.08,0.98,1.77,1.63,2.14,1.94,1.58,2.06,0.33
29-1071.00,Physician Assistants,attention_to_detail|dependability|integrity|cooperation|cautiousness|self_control|stress_tolerance|empathy|intellectual_curiosity|social_orientation,perseverance|empathy|stress_tolerance|self_control|social_orientation|achievement_orientation|cooperation|intellectual_curiosity|cautiousness|integrity,6.0,0.0,0.0,9.0,7.0,0.0,2.0,0.0,0.0,0.0,10.0,8.0,0.0,0.0,1.0,0.0,4.0,0.0,5.0,3.0,0.0,2.08,1.98,3.0,2.47,2.47,2.87,2.27,0.58,1.62,1.25,2.84,2.2,0.47,1.16,2.15,1.21,2.42,1.55,2.2,2.36,1.49
29-1071.01,Anesthesiologist Assistants,attention_to_detail|stress_tolerance|dependability|cautiousness|self_control|cooperation|integrity|adaptability|perseverance|achievement_orientation,adaptability|perseverance|empathy|stress_tolerance|self_control|achievement_orientation|cooperation|cautiousness|integrity|attention_to_detail,6.0,1.0,10.0,8.0,7.0,0.0,3.0,0.0,0.0,0.0,9.0,0.0,0.0,0.0,2.0,0.0,5.0,0.0,0.0,4.0,0.0,2.04,2.13,3.0,2.74,2.43,2.93,2.04,0.72,1.21,0.0,2.4,1.97,0.19,0.79,2.08,1.63,2.63,1.39,1.02,3.0,1.45
29-1081.00,Podiatrists,attention_to_detail|cautiousness|dependability|integrity|achievement_orientation|intellectual_curiosity|empathy|perseverance|self_control|cooperation,achievement_orientation|cautiousness|integrity|attention_to_detail|dependability,1.0,0.0,4.0,2.0,0.0,5.0,0.0,0.0,0.0,0.0,3.0,0.0,0.0,0.0,0.0,0.0,0.0,0.0,0.0,0.0,0.0,2.04,0.97,2.7,2.47,1.74,2.39,1.89,0.96,1.35,1.36,2.1,1.97,1.03,1.04,1.77,1.7,1.77,1.63,1.54,1.61,1.16
29-1122.00,Occupational Therapists,empathy|cooperation|attention_to_detail|dependability|social_orientation|adaptability|sincerity|integrity|optimism|intellectual_curiosity,sincerity|optimism|adaptability|perseverance|empathy|social_orientation|cooperation|intellectual_curiosity|integrity|attention_to_detail,0.0,3.0,10.0,0.0,7.0,0.0,5.0,0.0,0.0,0.0,9.0,8.0,0.0,2.0,4.0,0.0,0.0,1.0,6.0,0.0,0.0,1.92,2.21,2.57,1.03,2.69,2.47,3.0,1.42,1.0,1.49,2.1,2.01,1.03,2.06,2.01,1.6,1.98,2.1,2.29,1.96,1.39
29-1122.01,"Low Vision Therapists, Orientation and Mobility Specialists, and Vision Rehabilitation Therapists",empathy|dependability|cooperation|optimism|sincerity|social_orientation|attention_to_detail|integrity|perseverance|self_control,optimism|sincerity|perseverance|empathy|social_orientation|cooperation|integrity|attention_to_detail|dependability,0.0,0.0,8.0,0.0,6.0,9.0,4.0,0.0,0.0,0.0,7.0,0.0,0.0,1.0,3.0,0.0,0.0,2.0,5.0,0.0,0.0,1.66,1.79,2.16,1.69,2.55,2.65,3.0,1.28,1.32,1.44,2.1,1.48,0.73,2.31,2.04,1.54,1.91,2.17,2.17,1.73,1.31
29-1123.00,Physical Therapists,empathy|cooperation|attention_to_detail|dependability|optimism|social_orientation|cautiousness|integrity|sincerity|perseverance,optimism|sincerity|perseverance|empathy|self_control|social_orientation|cooperation|cautiousness|integrity|attention_to_detail,0.0,0.0,10.0,8.0,7.0,0.0,4.0,0.0,0.0,0.0,9.0,0.0,0.0,1.0,3.0,0.0,5.0,2.0,6.0,0.0,0.0,1.92,1.86,2.53,2.21,2.64,2.53,2.82,1.35,1.53,1.3,2.21,1.97,1.03,2.27,2.08,1.7,2.06,2.1,2.24,1.99,1.22
29-1124.00,Radiation Therapists,empathy|cooperation|attention_to_detail|dependability|cautiousness|integrity|self_control|stress_tolerance|sincerity|optimism,sincerity|empathy|stress_tolerance|self_control|cooperation|cautiousness|integrity|attention_to_detail|dependability,0.0,0.0,8.0,6.0,5.0,9.0,2.0,0.0,0.0,0.0,7.0,0.0,0.0,0.0,0.0,0.0,4.0,1.0,0.0,3.0,0.0,1.69,1.17,3.0,2.74,3.0,2.83,3.0,1.15,0.9,0.0,2.4,1.35,0.64,1.86,0.66,1.57,2.38,2.07,1.65,2.24,-0.63
29-1125.00,Recreational Therapists,empathy|cooperation|optimism|social_orientation|dependability|sincerity|integrity|self_control|adaptability|perseverance,optimism|sincerity|empathy|self_control|social_orientation|cooperation|integrity|dependability,0.0,0.0,0.0,0.0,6.0,8.0,3.0,0.0,0.0,0.0,7.0,0.0,0.0,1.0,0.0,0.0,4.0,2.0,5.0,0.0,0.0,1.45,1.94,1.62,1.14,2.69,2.33,3.0,1.49,1.47,1.6,2.06,1.11,1.56,2.53,1.64,1.54,2.06,2.2,2.47,1.52,1.26
29-1126.00,Respiratory Therapists,attention_to_detail|dependability|stress_tolerance|cooperation|self_control|empathy|cautiousness|integrity|adaptability|perseverance,adaptability|perseverance|empathy|stress_tolerance|self_control|cooperation|cautiousness|integrity|attention_to_detail|dependability,0.0,1.0,9.0,7.0,6.0,10.0,3.0,0.0,0.0,0.0,8.0,0.0,0.0,0.0,2.0,0.0,5.0,0.0,0.0,4.0,0.0,1.74,2.05,3.0,2.28,2.47,2.93,2.4,1.12,1.53,0.97,2.24,1.71,1.29,1.56,2.01,1.6,2.42,1.94,1.92,2.51,1.24
29-1127.00,Speech-Language Pathologists,empathy|attention_to_detail|cooperation|dependability|social_orientation|optimism|sincerity|integrity|self_control|cautiousness,optimism|sincerity|empathy|self_control|social_orientation|cooperation|cautiousness|integrity|attention_to_detail|dependability,0.0,0.0,9.0,7.0,6.0,10.0,3.0,0.0,0.0,0.0,8.0,0.0,0.0,1.0,0.0,0.0,4.0,2.0,5.0,0.0,0.0,1.95,1.83,2.67,2.03,2.6,2.5,3.0,1.22,1.44,1.41,2.1,1.97,0.73,2.22,1.87,1.57,2.06,2.2,2.36,1.61,1.39
29-1128.00,Exercise Physiologists,dependability|cooperation|attention_to_detail|social_orientation|achievement_orientation|intellectual_curiosity|empathy|perseverance|adaptability|integrity,social_orientation|cooperation|attention_to_detail|dependability,0.0,0.0,3.0,0.0,2.0,4.0,0.0,0.0,0.0,0.0,0.0,0.0,0.0,0.0,0.0,0.0,0.0,0.0,1.0,0.0,0.0,1.95,1.75,2.19,1.41,2.22,2.33,1.86,0.96,1.44,1.33,1.73,1.93,1.34,1.63,1.77,1.66,1.5,1.58,2.06,1.55,0.95
29-1129.01,Art Therapists,empathy|cooperation|sincerity|innovation|social_orientation|dependability|integrity|optimism|self_control|adaptability,sincerity|optimism|innovation|adaptability|empathy|self_control|social_orientation|cooperation|integrity|dependability,0.0,4.0,0.0,0.0,8.0,10.0,5.0,0.0,0.0,3.0,9.0,0.0,0.0,2.0,0.0,0.0,6.0,1.0,7.0,0.0,0.0,1.55,2.09,1.89,1.09,2.69,2.3,3.0,1.28,1.5,2.36,2.28,1.97,0.88,2.22,1.7,1.5,2.14,2.53,2.33,1.73,1.7
29-1129.02,Music Therapists,empathy|cooperation|optimism|sincerity|social_orientation|dependability|innovation|adaptability|integrity|self_control,optimism|sincerity|innovation|adaptability|empathy|self_control|social_orientation|cooperation|integrity|dependability,0.0,4.0,0.0,0.0,8.0,10.0,5.0,0.0,0.0,3.0,9.0,0.0,0.0,1.0,0.0,0.0,6.0,2.0,7.0,0.0,0.0,1.66,2.26,1.94,1.09,2.64,2.3,3.0,1.56,1.5,2.27,2.1,1.97,0.93,2.49,1.9,1.63,2.06,2.42,2.36,1.55,1.49
29-1131.00,Veterinarians,attention_to_detail|dependability|intellectual_curiosity|cautiousness|integrity|stress_tolerance|self_control|perseverance|empathy|achievement_orientation,perseverance|empathy|stress_tolerance|self_control|achievement_orientation|intellectual_curiosity|cautiousness|integrity|attention_to_detail|dependability,5.0,0.0,9.0,7.0,0.0,10.0,2.0,0.0,0.0,0.0,8.0,6.0,0.0,0.0,1.0,0.0,4.0,0.0,0.0,3.0,0.0,2.01,1.9,2.67,2.28,1.99,2.56,2.1,1.15,1.53,1.49,2.28,2.28,1.53,1.36,2.15,1.7,2.26,1.94,1.77,2.28,1.51
29-1141.00,Registered Nurses,attention_to_detail|dependability|cooperation|integrity|cautiousness|empathy|adaptability|social_orientation|stress_tolerance|sincerity,sincerity|adaptability|perseverance|empathy|stress_tolerance|self_control|social_orientation|cooperation|cautiousness|integrity,0.0,2.0,0.0,9.0,8.0,0.0,4.0,0.0,0.0,0.0,10.0,0.0,0.0,0.0,3.0,0.0,6.0,1.0,7.0,5.0,0.0,1.2,2.25,3.0,2.32,2.64,2.93,2.27,1.28,1.32,1.2,2.55,1.41,1.48,1.56,2.08,1.66,2.14,2.14,2.24,2.21,1.41
29-1141.01,Acute Care Nurses,attention_to_detail|stress_tolerance|dependability|cooperation|self_control|cautiousness|integrity|perseverance|empathy|adaptability,sincerity|perseverance|adaptability|empathy|stress_tolerance|self_control|cooperation|cautiousness|integrity|attention_to_detail,0.0,3.0,10.0,8.0,7.0,0.0,4.0,0.0,0.0,0.0,9.0,0.0,0.0,0.0,2.0,0.0,6.0,1.0,0.0,5.0,0.0,1.98,2.26,3.0,2.5,2.69,2.93,2.37,0.9,1.69,1.1,2.47,1.89,1.39,1.36,2.46,1.94,2.63,2.0,1.95,3.0,1.74
29-1141.02,Advanced Practice Psychiatric Nurses,attention_to_detail|empathy|dependability|integrity|stress_tolerance|self_control|sincerity|cooperation|cautiousness|social_orientation,sincerity|adaptability|perseverance|empathy|stress_tolerance|self_control|social_orientation|cooperation|intellectual_curiosity|cautiousness,0.0,2.0,0.0,10.0,8.0,0.0,4.0,0.0,0.0,0.0,0.0,9.0,0.0,0.0,3.0,0.0,6.0,1.0,7.0,5.0,0.0,1.95,2.09,2.99,2.35,2.38,2.87,2.97,1.22,1.93,1.36,2.68,2.24,1.48,1.9,2.01,1.98,2.55,2.53,2.31,2.55,1.76
29-1141.03,Critical Care Nurses,attention_to_detail|stress_tolerance|dependability|cooperation|self_control|cautiousness|empathy|adaptability|integrity|perseverance,sincerity|adaptability|perseverance|empathy|stress_tolerance|self_control|achievement_orientation|cooperation|intellectual_curiosity|cautiousness,7.0,2.0,0.0,10.0,8.0,0.0,4.0,0.0,0.0,0.0,0.0,9.0,0.0,0.0,3.0,0.0,6.0,1.0,0.0,5.0,0.0,2.01,2.51,3.0,2.62,2.69,2.93,2.54,1.06,1.82,0.92,2.51,2.01,1.58,1.1,2.34,1.9,2.63,2.03,1.43,3.0,1.62
29-1141.04,Clinical Nurse Specialists,attention_to_detail|dependability|cooperation|empathy|cautiousness|stress_tolerance|leadership_orientation|integrity|self_control|social_orientation,initiative|sincerity|optimism|leadership_orientation|adaptability|perseverance|empathy|stress_tolerance|self_control|social_orientation,0.0,5.0,0.0,0.0,0.0,0.0,7.0,0.0,1.0,0.0,0.0,0.0,4.0,3.0,6.0,0.0,9.0,2.0,10.0,8.0,0.0,2.04,2.17,3.0,2.58,2.69,2.93,2.61,1.12,2.07,1.47,2.43,2.2,2.46,2.14,2.08,1.87,2.42,2.17,2.29,2.55,1.53
29-1151.00,Nurse Anesthetists,attention_to_detail|stress_tolerance|dependability|cautiousness|self_control|integrity|cooperation|adaptability|perseverance|achievement_orientation,self_confidence|sincerity|adaptability|perseverance|empathy|stress_tolerance|self_control|achievement_orientation|cooperation|intellectual_curiosity,8.0,3.0,0.0,0.0,9.0,0.0,5.0,0.0,0.0,0.0,0.0,10.0,0.0,0.0,4.0,1.0,7.0,2.0,0.0,6.0,0.0,2.14,2.26,3.0,2.74,2.43,2.93,2.14,1.12,1.66,0.72,2.55,2.04,1.39,1.1,2.19,2.05,2.63,2.07,1.11,3.0,1.66
29-1161.00,Nurse Midwives,empathy|attention_to_detail|dependability|cautiousness|cooperation|stress_tolerance|integrity|self_control|sincerity|social_orientation,sincerity|perseverance|adaptability|empathy|stress_tolerance|self_control|social_orientation|cooperation|cautiousness|integrity,0.0,3.0,0.0,9.0,8.0,0.0,4.0,0.0,0.0,0.0,10.0,0.0,0.0,0.0,2.0,0.0,6.0,1.0,7.0,5.0,0.0,1.98,2.05,3.0,2.62,2.6,2.93,3.0,1.28,1.69,1.17,2.51,1.89,1.84,1.9,2.12,1.73,2.5,2.38,2.26,2.55,1.53
29-1171.00,Nurse Practitioners,attention_to_detail|dependability|integrity|empathy|cooperation|cautiousness|self_control|stress_tolerance|adaptability|social_orientation,sincerity|adaptability|perseverance|empathy|stress_tolerance|self_control|social_orientation|achievement_orientation|cooperation|intellectual_curiosity,8.0,2.0,0.0,0.0,9.0,0.0,4.0,0.0,0.0,0.0,0.0,10.0,0.0,0.0,3.0,0.0,6.0,1.0,7.0,5.0,0.0,2.08,2.3,3.0,2.58,2.6,2.93,2.61,1.06,1.93,1.33,2.93,2.16,1.48,1.82,2.19,1.73,2.5,2.14,2.24,2.47,1.43
29-1181.00,Audiologists,attention_to_detail|dependability|empathy|cooperation|social_orientation|cautiousness|integrity|intellectual_curiosity|sincerity|self_control,sincerity|empathy|social_orientation|cooperation|intellectual_curiosity|cautiousness|integrity|attention_to_detail|dependability,0.0,0.0,8.0,6.0,4.0,9.0,2.0,0.0,0.0,0.0,7.0,5.0,0.0,0.0,0.0,0.0,0.0,1.0,3.0,0.0,0.0,1.83,1.68,2.7,2.17,2.3,2.56,2.47,1.19,1.32,1.33,2.1,2.08,0.9,1.56,1.74,1.47,1.95,2.0,2.2,1.43,1.12
29-1211.00,Anesthesiologists,attention_to_detail|stress_tolerance|dependability|cautiousness|integrity|self_control|intellectual_curiosity|cooperation|perseverance|adaptability,self_confidence|perseverance|adaptability|stress_tolerance|self_control|achievement_orientation|cooperation|intellectual_curiosity|cautiousness|integrity,6.0,3.0,0.0,9.0,7.0,0.0,0.0,0.0,0.0,0.0,10.0,8.0,0.0,0.0,2.0,1.0,5.0,0.0,0.0,4.0,0.0,2.14,2.17,3.0,2.82,2.22,2.93,1.62,0.61,1.29,0.97,2.72,2.41,1.64,0.69,2.19,2.16,2.63,1.55,1.31,3.0,1.78
29-1212.00,Cardiologists,attention_to_detail|dependability|stress_tolerance|intellectual_curiosity|cautiousness|self_control|integrity|achievement_orientation|perseverance|cooperation,perseverance|adaptability|stress_tolerance|self_control|achievement_orientation|cooperation|intellectual_curiosity|cautiousness|integrity|attention_to_detail,5.0,2.0,10.0,8.0,6.0,0.0,0.0,0.0,0.0,0.0,9.0,7.0,0.0,0.0,1.0,0.0,4.0,0.0,0.0,3.0,0.0,2.42,2.13,3.0,2.62,2.22,2.93,1.95,0.5,1.72,1.63,2.55,2.63,1.7,0.98,2.42,1.9,2.59,1.72,1.7,2.67,1.64
29-1213.00,Dermatologists,attention_to_detail|dependability|cautiousness|intellectual_curiosity|integrity|achievement_orientation|self_control|cooperation|empathy|perseverance,self_control|achievement_orientation|intellectual_curiosity|cautiousness|integrity|attention_to_detail|dependability,2.0,0.0,6.0,4.0,0.0,7.0,0.0,0.0,0.0,0.0,5.0,3.0,0.0,0.0,0.0,0.0,1.0,0.0,0.0,0.0,0.0,2.11,1.11,2.99,2.47,1.95,2.53,1.92,0.99,1.26,1.28,2.32,2.41,1.08,1.04,1.8,1.7,2.02,1.6,1.52,1.61,1.29
29-1214.00,Emergency Medicine Physicians,attention_to_detail|stress_tolerance|self_control|dependability|integrity|cautiousness|adaptability|cooperation|perseverance|self_confidence,initiative|self_confidence|leadership_orientation|adaptability|perseverance|stress_tolerance|self_control|achievement_orientation|cooperation|intellectual_curiosity,8.0,4.0,0.0,0.0,9.0,0.0,0.0,0.0,1.0,0.0,0.0,10.0,3.0,0.0,5.0,2.0,7.0,0.0,0.0,6.0,0.0,2.14,2.56,3.0,2.58,2.51,2.93,1.98,-0.89,2.1,1.1,2.8,2.2,2.43,0.52,2.46,2.44,3.0,1.75,1.43,3.0,1.56
29-1215.00,Family Medicine Physicians,attention_to_detail|dependability|integrity|cooperation|empathy|cautiousness|self_control|stress_tolerance|sincerity|intellectual_curiosity,sincerity|leadership_orientation|perseverance|empathy|stress_tolerance|self_control|social_orientation|achievement_orientation|cooperation|intellectual_curiosity,8.0,0.0,0.0,0.0,9.0,0.0,4.0,0.0,0.0,0.0,0.0,10.0,2.0,0.0,3.0,0.0,6.0,1.0,7.0,5.0,0.0,2.04,1.98,3.0,2.47,2.64,2.9,2.57,1.28,1.89,1.33,2.89,2.24,2.1,1.6,2.15,1.66,2.46,2.27,2.24,2.36,1.47
29-1216.00,General Internal Medicine Physicians,attention_to_detail|dependability|integrity|cautiousness|intellectual_curiosity|cooperation|self_control|empathy|stress_tolerance|perseverance,sincerity|perseverance|adaptability|empathy|stress_tolerance|self_control|social_orientation|achievement_orientation|cooperation|intellectual_curiosity,8.0,3.0,0.0,0.0,9.0,0.0,4.0,0.0,0.0,0.0,0.0,10.0,0.0,0.0,2.0,0.0,6.0,1.0,7.0,5.0,0.0,2.14,2.05,3.0,2.62,2.51,2.93,2.43,1.15,1.66,1.41,2.93,2.58,1.61,1.32,2.15,1.94,2.46,2.07,2.01,2.39,1.74
29-1217.00,Neurologists,attention_to_detail|intellectual_curiosity|dependability|cautiousness|self_control|empathy|integrity|stress_tolerance|perseverance|achievement_orientation,perseverance|empathy|stress_tolerance|self_control|achievement_orientation|intellectual_curiosity|cautiousness|integrity|attention_to_detail|dependability,5.0,0.0,9.0,7.0,0.0,10.0,2.0,0.0,0.0,0.0,8.0,6.0,0.0,0.0,1.0,0.0,4.0,0.0,0.0,3.0,0.0,2.08,1.68,3.0,2.62,1.95,2.65,2.27,1.19,1.53,1.41,2.24,2.95,1.18,0.82,2.15,1.7,2.46,1.94,1.72,2.24,1.64
29-1218.00,Obstetricians and Gynecologists,attention_to_detail|dependability|integrity|cautiousness|empathy|stress_tolerance|self_control|cooperation|intellectual_curiosity|perseverance,self_confidence|sincerity|leadership_orientation|perseverance|adaptability|empathy|stress_tolerance|self_control|achievement_orientation|cooperation,9.0,5.0,0.0,0.0,10.0,0.0,6.0,0.0,0.0,0.0,0.0,0.0,3.0,0.0,4.0,1.0,8.0,2.0,0.0,7.0,0.0,2.24,2.09,3.0,2.58,2.47,2.9,2.54,1.12,1.66,1.33,2.76,2.33,2.19,1.36,2.26,2.01,2.5,2.1,1.88,2.51,1.49
29-1221.00,"Pediatricians, General",dependability|attention_to_detail|empathy|cooperation|cautiousness|integrity|optimism|social_orientation|self_control|stress_tolerance,optimism|sincerity|perseverance|empathy|stress_tolerance|self_control|social_orientation|achievement_orientation|cooperation|intellectual_curiosity,8.0,0.0,0.0,0.0,9.0,0.0,4.0,0.0,0.0,0.0,0.0,10.0,0.0,1.0,3.0,0.0,6.0,2.0,7.0,5.0,0.0,2.04,1.98,2.88,2.58,2.69,2.93,2.79,1.12,1.56,1.36,2.47,2.2,1.61,2.27,2.08,1.7,2.26,2.14,2.26,2.24,1.45
29-1222.00,"Physicians, Pathologists",intellectual_curiosity|attention_to_detail|dependability|integrity|cautiousness|achievement_orientation|stress_tolerance|self_control|perseverance|tolerance_for_ambiguity,achievement_orientation|intellectual_curiosity|cautiousness|integrity|attention_to_detail|dependability,1.0,0.0,5.0,3.0,0.0,6.0,0.0,0.0,0.0,0.0,4.0,2.0,0.0,0.0,0.0,0.0,0.0,0.0,0.0,0.0,0.0,2.17,1.08,3.0,2.62,1.53,2.93,0.69,0.53,1.05,1.55,2.84,3.0,1.06,0.22,1.83,1.38,1.87,1.21,0.7,1.99,1.66
29-1223.00,Psychiatrists,empathy|integrity|dependability|self_control|attention_to_detail|sincerity|stress_tolerance|intellectual_curiosity|cooperation|social_orientation,sincerity|empathy|stress_tolerance|self_control|social_orientation|cooperation|intellectual_curiosity|cautiousness|integrity|attention_to_detail,0.0,0.0,10.0,8.0,6.0,0.0,2.0,0.0,0.0,0.0,9.0,7.0,0.0,0.0,0.0,0.0,4.0,1.0,5.0,3.0,0.0,1.98,1.83,2.57,2.14,2.47,2.87,3.0,1.22,1.5,1.39,2.93,2.5,1.21,1.16,1.97,1.73,2.59,2.53,2.31,2.51,1.85
29-1224.00,Radiologists,attention_to_detail|dependability|cautiousness|intellectual_curiosity|integrity|achievement_orientation|cooperation|self_control|stress_tolerance|perseverance,self_control|achievement_orientation|cooperation|intellectual_curiosity|cautiousness|integrity|attention_to_detail|dependability,2.0,0.0,7.0,5.0,3.0,8.0,0.0,0.0,0.0,0.0,6.0,4.0,0.0,0.0,0.0,0.0,1.0,0.0,0.0,0.0,0.0,2.08,1.38,3.0,2.66,2.07,2.71,1.17,0.64,1.18,1.28,2.24,2.28,0.95,0.71,1.77,1.54,2.06,1.49,1.02,1.96,1.6
29-1229.01,Allergists and Immunologists,intellectual_curiosity|attention_to_detail|dependability|cautiousness|cooperation|integrity|achievement_orientation|empathy|self_control|sincerity,empathy|self_control|achievement_orientation|cooperation|intellectual_curiosity|cautiousness|integrity|attention_to_detail|dependability,3.0,0.0,8.0,6.0,4.0,9.0,1.0,0.0,0.0,0.0,7.0,5.0,0.0,0.0,0.0,0.0,2.0,0.0,0.0,0.0,0.0,2.14,1.58,3.0,2.5,2.34,2.9,2.1,1.12,1.41,1.36,2.32,3.0,0.95,0.98,1.7,1.63,2.1,1.9,1.65,1.83,1.41
29-1229.02,Hospitalists,attention_to_detail|dependability|stress_tolerance|integrity|cooperation|cautiousness|empathy|self_control|leadership_orientation|adaptability,leadership_orientation|adaptability|perseverance|empathy|stress_tolerance|self_control|social_orientation|achievement_orientation|cooperation|intellectual_curiosity,8.0,2.0,0.0,0.0,9.0,0.0,4.0,0.0,0.0,0.0,0.0,10.0,1.0,0.0,3.0,0.0,6.0,0.0,7.0,5.0,0.0,2.11,2.21,3.0,2.5,2.55,2.93,2.27,1.12,1.89,1.2,2.84,2.08,2.22,1.36,2.12,1.9,2.26,1.87,2.01,2.88,1.45
29-1229.03,Urologists,attention_to_detail|cautiousness|integrity|intellectual_curiosity|dependability|self_control|achievement_orientation|perseverance|cooperation|innovation,perseverance|self_control|achievement_orientation|cooperation|intellectual_curiosity|cautiousness|integrity|attention_to_detail|dependability,3.0,0.0,8.0,6.0,4.0,9.0,0.0,0.0,0.0,0.0,7.0,5.0,0.0,0.0,1.0,0.0,2.0,0.0,0.0,0.0,0.0,2.11,0.89,3.0,2.62,2.03,2.3,1.71,0.81,1.26,1.8,2.43,2.41,0.76,0.98,2.08,1.44,2.3,1.05,1.47,1.7,0.93
29-1229.04,Physical Medicine and Rehabilitation Physicians,attention_to_detail|dependability|cautiousness|empathy|cooperation|integrity|self_control|intellectual_curiosity|perseverance|achievement_orientation,sincerity|perseverance|adaptability|empathy|stress_tolerance|self_control|social_orientation|achievement_orientation|cooperation|intellectual_curiosity,8.0,3.0,0.0,0.0,9.0,0.0,4.0,0.0,0.0,0.0,0.0,10.0,0.0,0.0,2.0,0.0,6.0,1.0,7.0,5.0,0.0,2.14,2.09,2.7,2.5,2.47,2.53,2.47,1.22,1.53,1.39,2.36,2.33,1.7,1.46,2.23,1.76,2.34,2.0,2.13,2.13,1.62
29-1229.05,Preventive Medicine Physicians,attention_to_detail|intellectual_curiosity|dependability|integrity|leadership_orientation|cooperation|cautiousness|self_control|achievement_orientation|adaptability,sincerity|leadership_orientation|adaptability|innovation|self_control|social_orientation|achievement_orientation|cooperation|intellectual_curiosity|cautiousness,7.0,3.0,0.0,10.0,8.0,0.0,0.0,0.0,0.0,4.0,0.0,9.0,2.0,0.0,0.0,0.0,5.0,1.0,6.0,0.0,0.0,2.17,2.13,2.67,2.32,2.38,2.56,1.71,1.03,1.96,2.03,2.47,2.63,2.43,1.07,1.97,1.83,2.18,2.07,2.11,1.99,1.62
29-1229.06,Sports Medicine Physicians,attention_to_detail|dependability|stress_tolerance|integrity|cooperation|self_control|empathy|cautiousness|intellectual_curiosity|perseverance,sincerity|perseverance|adaptability|empathy|stress_tolerance|self_control|social_orientation|achievement_orientation|cooperation|intellectual_curiosity,8.0,3.0,0.0,0.0,9.0,0.0,4.0,0.0,0.0,0.0,0.0,10.0,0.0,0.0,2.0,0.0,6.0,1.0,7.0,5.0,0.0,2.04,2.05,2.67,2.1,2.3,2.65,2.23,0.61,1.56,1.39,2.32,2.08,1.92,1.36,2.08,1.66,2.26,2.0,2.06,2.39,1.43
29-1241.00,"Ophthalmologists, Except Pediatric",attention_to_detail|dependability|cautiousness|integrity|self_control|intellectual_curiosity|achievement_orientation|perseverance|stress_tolerance|cooperation,perseverance|stress_tolerance|self_control|achievement_orientation|cooperation|intellectual_curiosity|cautiousness|integrity|attention_to_detail|dependability,4.0,0.0,9.0,7.0,5.0,10.0,0.0,0.0,0.0,0.0,8.0,6.0,0.0,0.0,1.0,0.0,3.0,0.0,0.0,2.0,0.0,2.21,1.19,3.0,2.62,2.03,2.87,1.77,0.81,1.23,1.47,2.32,2.24,1.31,0.93,2.08,1.87,2.26,1.81,1.56,2.06,1.14
29-1242.00,"Orthopedic Surgeons, Except Pediatric",attention_to_detail|dependability|cautiousness|stress_tolerance|self_control|perseverance|achievement_orientation|intellectual_curiosity|self_confidence|leadership_orientation,self_confidence|leadership_orientation|perseverance|stress_tolerance|self_control|achievement_orientation|intellectual_curiosity|cautiousness|integrity|attention_to_detail,6.0,0.0,10.0,8.0,0.0,0.0,0.0,0.0,0.0,0.0,9.0,7.0,2.0,0.0,3.0,1.0,5.0,0.0,0.0,4.0,0.0,2.45,1.32,3.0,2.62,1.92,2.93,1.22,0.1,1.53,1.63,2.24,2.45,2.31,0.84,2.46,2.36,2.5,1.55,1.47,2.55,1.39
29-1243.00,Pediatric Surgeons,attention_to_detail|stress_tolerance|dependability|self_control|cautiousness|intellectual_curiosity|perseverance|cooperation|achievement_orientation|self_confidence,self_confidence|sincerity|leadership_orientation|perseverance|adaptability|stress_tolerance|self_control|achievement_orientation|cooperation|intellectual_curiosity,8.0,5.0,0.0,0.0,9.0,0.0,0.0,0.0,0.0,0.0,0.0,10.0,3.0,0.0,4.0,1.0,7.0,2.0,0.0,6.0,0.0,2.45,2.3,3.0,2.62,2.47,2.93,1.38,0.99,1.89,1.77,2.1,2.58,2.28,1.19,2.54,2.32,2.63,2.03,1.47,3.0,1.74
29-1291.00,Acupuncturists,attention_to_detail|dependability|empathy|cautiousness|integrity|sincerity|cooperation|self_control|intellectual_curiosity|optimism,sincerity|empathy|cooperation|cautiousness|integrity|attention_to_detail|dependability,0.0,0.0,6.0,4.0,3.0,7.0,2.0,0.0,0.0,0.0,5.0,0.0,0.0,0.0,0.0,0.0,0.0,1.0,0.0,0.0,0.0,1.45,1.17,2.57,2.28,2.03,2.36,2.3,1.22,1.1,1.15,2.1,1.75,0.59,1.71,1.49,1.54,1.91,2.07,1.52,1.27,1.33
29-1292.00,Dental Hygienists,attention_to_detail|dependability|cooperation|cautiousness|empathy|social_orientation|integrity|self_control|sincerity|stress_tolerance,empathy|social_orientation|cooperation|cautiousness|integrity|attention_to_detail|dependability,0.0,0.0,6.0,4.0,3.0,7.0,1.0,0.0,0.0,0.0,5.0,0.0,0.0,0.0,0.0,0.0,0.0,0.0,2.0,0.0,0.0,1.42,0.91,2.67,2.32,2.43,2.65,2.17,1.15,1.1,0.58,2.06,0.87,0.36,1.49,1.28,1.38,1.95,1.94,2.06,1.76,0.12
29-1299.01,Naturopathic Physicians,attention_to_detail|intellectual_curiosity|cautiousness|dependability|empathy|cooperation|social_orientation|integrity|sincerity|achievement_orientation,sincerity|adaptability|empathy|self_control|social_orientation|achievement_orientation|cooperation|intellectual_curiosity|cautiousness|integrity,6.0,2.0,0.0,9.0,7.0,0.0,3.0,0.0,0.0,0.0,10.0,8.0,0.0,0.0,0.0,0.0,4.0,1.0,5.0,0.0,0.0,2.08,2.02,2.6,2.39,2.26,2.36,2.33,1.12,1.62,1.86,2.17,2.45,1.13,1.71,1.7,1.66,2.06,2.14,2.2,1.73,1.64
29-1299.02,Orthoptists,attention_to_detail|dependability|cautiousness|cooperation|empathy|intellectual_curiosity|integrity|achievement_orientation|social_orientation|self_control,empathy|cooperation|cautiousness|attention_to_detail|dependability,0.0,0.0,4.0,3.0,2.0,5.0,1.0,0.0,0.0,0.0,0.0,0.0,0.0,0.0,0.0,0.0,0.0,0.0,0.0,0.0,0.0,1.89,1.26,2.67,2.28,2.22,2.39,2.04,1.06,1.13,1.23,1.92,1.97,0.61,1.16,1.67,1.35,1.73,1.72,1.81,1.7,1.24
29-2011.00,Medical and Clinical Laboratory Technologists,attention_to_detail|dependability|cautiousness|integrity|achievement_orientation|intellectual_curiosity|stress_tolerance|cooperation|perseverance|self_control,achievement_orientation|intellectual_curiosity|cautiousness|integrity|attention_to_detail|dependability,1.0,0.0,5.0,3.0,0.0,6.0,0.0,0.0,0.0,0.0,4.0,2.0,0.0,0.0,0.0,0.0,0.0,0.0,0.0,0.0,0.0,2.04,1.11,3.0,2.47,1.63,2.65,0.41,0.45,1.18,1.15,2.21,2.01,0.9,0.54,1.58,1.02,1.37,0.92,0.54,1.67,0.29
29-2011.01,Cytogenetic Technologists,attention_to_detail|dependability|cautiousness|intellectual_curiosity|integrity|achievement_orientation|stress_tolerance|perseverance|cooperation|adaptability,achievement_orientation|intellectual_curiosity|cautiousness|integrity|attention_to_detail|dependability,1.0,0.0,5.0,3.0,0.0,6.0,0.0,0.0,0.0,0.0,4.0,2.0,0.0,0.0,0.0,0.0,0.0,0.0,0.0,0.0,0.0,2.08,1.17,3.0,2.5,1.41,2.65,0.02,0.56,0.8,0.44,2.21,2.24,0.45,0.22,1.67,1.02,1.03,0.53,0.0,1.7,0.43
29-2011.02,Cytotechnologists,attention_to_detail|dependability|cautiousness|integrity|intellectual_curiosity|achievement_orientation|perseverance|stress_tolerance|self_control|cooperation,cautiousness|integrity|attention_to_detail|dependability,0.0,0.0,3.0,1.0,0.0,4.0,0.0,0.0,0.0,0.0,2.0,0.0,0.0,0.0,0.0,0.0,0.0,0.0,0.0,0.0,0.0,1.8,0.73,3.0,2.43,1.44,2.65,0.02,0.56,0.67,-0.35,2.1,1.97,0.04,0.18,1.74,0.89,1.47,0.7,0.02,1.67,0.27
29-2011.04,Histotechnologists,attention_to_detail|dependability|cautiousness|integrity|intellectual_curiosity|achievement_orientation|perseverance|cooperation|stress_tolerance|adaptability,intellectual_curiosity|cautiousness|integrity|attention_to_detail|dependability,0.0,0.0,4.0,2.0,0.0,5.0,0.0,0.0,0.0,0.0,3.0,1.0,0.0,0.0,0.0,0.0,0.0,0.0,0.0,0.0,0.0,1.71,1.29,3.0,2.39,1.5,2.65,0.2,0.61,0.87,0.44,2.06,2.01,0.88,0.22,1.7,0.82,1.22,0.52,0.02,1.46,0.27
29-2012.00,Medical and Clinical Laboratory Technicians,attention_to_detail|dependability|cautiousness|integrity|cooperation|achievement_orientation|stress_tolerance|perseverance|self_control|intellectual_curiosity,cautiousness|integrity|attention_to_detail|dependability,0.0,0.0,3.0,1.0,0.0,4.0,0.0,0.0,0.0,0.0,2.0,0.0,0.0,0.0,0.0,0.0,0.0,0.0,0.0,0.0,0.0,1.6,0.91,3.0,2.54,1.77,2.65,0.41,0.61,0.67,-0.35,2.13,1.17,0.34,0.4,1.46,0.85,1.28,0.84,0.29,1.55,-0.11
29-2012.01,Histology Technicians,attention_to_detail|dependability|cautiousness|integrity|achievement_orientation|perseverance|stress_tolerance|cooperation|intellectual_curiosity|self_control,cautiousness|attention_to_detail|dependability,0.0,0.0,2.0,1.0,0.0,3.0,0.0,0.0,0.0,0.0,0.0,0.0,0.0,0.0,0.0,0.0,0.0,0.0,0.0,0.0,0.0,1.16,0.42,3.0,2.06,1.0,2.65,-0.06,-0.04,0.28,-0.34,1.82,0.94,-0.34,0.01,1.15,0.48,0.75,0.27,-0.21,1.07,-0.55
29-2031.00,Cardiovascular Technologists and Technicians,attention_to_detail|dependability|cooperation|cautiousness|self_control|stress_tolerance|integrity|empathy|sincerity|perseverance,stress_tolerance|self_control|cooperation|cautiousness|integrity|attention_to_detail|dependability,0.0,0.0,6.0,4.0,3.0,7.0,0.0,0.0,0.0,0.0,5.0,0.0,0.0,0.0,0.0,0.0,2.0,0.0,0.0,1.0,0.0,1.23,1.44,2.77,2.35,2.55,2.65,1.95,0.96,0.85,0.15,2.06,1.17,0.47,1.36,1.58,1.21,2.26,1.6,1.56,2.1,0.14
29-2032.00,Diagnostic Medical Sonographers,attention_to_detail|dependability|cautiousness|cooperation|integrity|empathy|stress_tolerance|self_control|sincerity|achievement_orientation,cooperation|cautiousness|integrity|attention_to_detail|dependability,0.0,0.0,4.0,2.0,1.0,5.0,0.0,0.0,0.0,0.0,3.0,0.0,0.0,0.0,0.0,0.0,0.0,0.0,0.0,0.0,0.0,1.52,1.22,2.77,2.28,2.22,2.59,1.95,0.7,0.95,0.63,2.1,1.38,0.36,1.07,1.52,1.29,1.77,1.75,1.45,1.8,1.01
29-2033.00,Nuclear Medicine Technologists,attention_to_detail|cautiousness|dependability|cooperation|integrity|self_control|stress_tolerance|intellectual_curiosity|sincerity|achievement_orientation,stress_tolerance|self_control|cooperation|cautiousness|integrity|attention_to_detail|dependability,0.0,0.0,6.0,4.0,3.0,7.0,0.0,0.0,0.0,0.0,5.0,0.0,0.0,0.0,0.0,0.0,2.0,0.0,0.0,1.0,0.0,1.71,1.41,3.0,2.82,2.34,2.65,1.65,0.67,0.8,0.53,2.24,1.97,0.43,0.93,1.64,1.41,2.06,1.84,1.11,2.03,0.27
29-2034.00,Radiologic Technologists and Technicians,attention_to_detail|dependability|cautiousness|cooperation|empathy|integrity|stress_tolerance|self_control|sincerity|social_orientation,empathy|cooperation|cautiousness|attention_to_detail|dependability,0.0,0.0,4.0,3.0,2.0,5.0,1.0,0.0,0.0,0.0,0.0,0.0,0.0,0.0,0.0,0.0,0.0,0.0,0.0,0.0,0.0,1.3,1.41,2.77,2.39,2.26,2.65,2.07,0.93,0.83,0.35,1.99,1.14,0.32,1.1,1.18,1.15,1.77,1.6,1.56,1.8,0.49
29-2035.00,Magnetic Resonance Imaging Technologists,attention_to_detail|dependability|cautiousness|cooperation|empathy|integrity|stress_tolerance|self_control|sincerity|social_orientation,empathy|cooperation|cautiousness|integrity|attention_to_detail|dependability,0.0,0.0,5.0,3.0,2.0,6.0,1.0,0.0,0.0,0.0,4.0,0.0,0.0,0.0,0.0,0.0,0.0,0.0,0.0,0.0,0.0,1.42,0.97,2.77,2.62,2.47,2.65,2.1,0.72,0.76,0.53,2.1,1.23,0.19,1.1,1.18,1.05,1.8,1.72,1.58,1.83,0.41
29-2036.00,Medical Dosimetrists,attention_to_detail|dependability|cautiousness|integrity|cooperation|intellectual_curiosity|achievement_orientation|stress_tolerance|self_control|adaptability,stress_tolerance|achievement_orientation|cooperation|intellectual_curiosity|cautiousness|integrity|attention_to_detail|dependability,2.0,0.0,7.0,5.0,3.0,8.0,0.0,0.0,0.0,0.0,6.0,4.0,0.0,0.0,0.0,0.0,0.0,0.0,0.0,1.0,0.0,2.14,1.61,3.0,2.74,2.38,2.93,0.86,0.78,1.35,1.49,2.4,2.28,1.11,0.47,1.61,1.38,1.77,1.49,1.09,2.13,0.97
29-2042.00,Emergency Medical Technicians,stress_tolerance|self_control|dependability|integrity|adaptability|perseverance|attention_to_detail|empathy|cooperation|self_confidence,self_confidence|sincerity|adaptability|perseverance|empathy|stress_tolerance|self_control|cooperation|integrity|attention_to_detail,0.0,3.0,10.0,0.0,8.0,0.0,5.0,0.0,0.0,0.0,9.0,0.0,0.0,0.0,4.0,1.0,7.0,2.0,0.0,6.0,0.0,1.37,2.42,2.37,1.32,2.3,2.93,2.3,0.9,1.44,-0.16,2.55,1.23,1.45,1.32,2.38,2.16,3.0,2.03,1.83,3.0,1.51
29-2043.00,Paramedics,stress_tolerance|self_control|dependability|adaptability|integrity|attention_to_detail|perseverance|cooperation|empathy|self_confidence,self_confidence|adaptability|perseverance|empathy|stress_tolerance|self_control|cooperation|integrity|attention_to_detail|dependability,0.0,2.0,9.0,0.0,7.0,10.0,4.0,0.0,0.0,0.0,8.0,0.0,0.0,0.0,3.0,1.0,6.0,0.0,0.0,5.0,0.0,0.8,2.47,2.37,1.76,2.3,2.93,2.27,0.55,0.67,0.7,2.47,1.35,1.7,1.63,2.34,2.01,3.0,1.0,1.54,3.0,1.62
29-2051.00,Dietetic Technicians,attention_to_detail|dependability|cooperation|empathy|social_orientation|sincerity|integrity|cautiousness|self_control|optimism,empathy|cooperation|attention_to_detail|dependability,0.0,0.0,3.0,0.0,2.0,4.0,1.0,0.0,0.0,0.0,0.0,0.0,0.0,0.0,0.0,0.0,0.0,0.0,0.0,0.0,0.0,1.18,1.14,2.6,1.53,2.22,2.47,2.07,1.09,1.18,0.82,1.66,1.05,0.88,1.42,1.1,1.02,1.5,1.66,1.79,1.22,0.66
29-2052.00,Pharmacy Technicians,attention_to_detail|dependability|cautiousness|integrity|cooperation|self_control|stress_tolerance|sincerity|social_orientation|achievement_orientation,cautiousness|integrity|attention_to_detail|dependability,0.0,0.0,3.0,1.0,0.0,4.0,0.0,0.0,0.0,0.0,2.0,0.0,0.0,0.0,0.0,0.0,0.0,0.0,0.0,0.0,0.0,1.12,0.83,3.0,2.54,1.84,2.65,1.1,0.84,0.69,-0.3,2.36,0.65,-0.38,0.87,1.12,0.71,1.47,1.31,1.31,1.43,-0.4
29-2053.00,Psychiatric Technicians,empathy|dependability|stress_tolerance|cooperation|self_control|sincerity|social_orientation|attention_to_detail|optimism|integrity,sincerity|optimism|adaptability|empathy|stress_tolerance|self_control|social_orientation|cooperation|integrity|attention_to_detail,0.0,3.0,10.0,0.0,8.0,0.0,4.0,0.0,0.0,0.0,9.0,0.0,0.0,2.0,0.0,0.0,6.0,1.0,7.0,5.0,0.0,0.91,2.02,2.16,1.69,2.51,2.65,3.0,1.35,1.26,0.6,2.13,0.76,0.88,2.14,1.8,1.32,2.5,2.42,2.22,2.55,1.39
29-2055.00,Surgical Technologists,attention_to_detail|dependability|cautiousness|cooperation|self_control|stress_tolerance|integrity|perseverance|achievement_orientation|adaptability,stress_tolerance|self_control|cooperation|cautiousness|integrity|attention_to_detail|dependability,0.0,0.0,6.0,4.0,3.0,7.0,0.0,0.0,0.0,0.0,5.0,0.0,0.0,0.0,0.0,0.0,2.0,0.0,0.0,1.0,0.0,1.45,1.35,3.0,2.62,2.6,2.65,0.95,1.15,0.67,-0.47,2.21,0.62,-0.45,0.82,1.77,1.1,2.5,1.33,0.88,2.43,-0.5
29-2056.00,Veterinary Technologists and Technicians,attention_to_detail|dependability|cooperation|cautiousness|stress_tolerance|self_control|integrity|perseverance|empathy|achievement_orientation,stress_tolerance|self_control|cooperation|cautiousness|integrity|attention_to_detail|dependability,0.0,0.0,6.0,4.0,3.0,7.0,0.0,0.0,0.0,0.0,5.0,0.0,0.0,0.0,0.0,0.0,2.0,0.0,0.0,1.0,0.0,1.69,1.58,2.67,2.28,2.3,2.56,1.77,0.96,1.5,0.79,2.1,1.38,0.43,1.53,1.77,1.1,2.22,1.66,1.29,2.28,1.01
29-2057.00,Ophthalmic Medical Technicians,attention_to_detail|dependability|cautiousness|stress_tolerance|empathy|social_orientation|self_control|cooperation|sincerity|optimism,cautiousness|attention_to_detail|dependability,0.0,0.0,2.0,1.0,0.0,3.0,0.0,0.0,0.0,0.0,0.0,0.0,0.0,0.0,0.0,0.0,0.0,0.0,0.0,0.0,0.0,0.42,1.17,2.77,2.32,1.63,2.44,1.71,0.84,0.92,0.15,1.23,0.19,-0.09,1.32,1.15,1.1,1.7,1.52,1.7,1.8,0.16
29-2061.00,Licensed Practical and Licensed Vocational Nurses,dependability|attention_to_detail|cooperation|empathy|cautiousness|integrity|social_orientation|sincerity|self_control|stress_tolerance,sincerity|empathy|stress_tolerance|self_control|social_orientation|cooperation|cautiousness|integrity|attention_to_detail|dependability,0.0,0.0,9.0,7.0,6.0,10.0,2.0,0.0,0.0,0.0,8.0,0.0,0.0,0.0,0.0,0.0,4.0,1.0,5.0,3.0,0.0,1.3,1.75,2.77,2.21,2.6,2.93,2.43,1.25,1.26,0.51,2.21,0.89,1.11,1.86,1.97,1.35,2.14,2.14,2.2,2.1,1.08
29-2072.00,Medical Records Specialists,attention_to_detail|dependability|integrity|cautiousness|cooperation|stress_tolerance|self_control|achievement_orientation|adaptability|perseverance,cautiousness|integrity|attention_to_detail|dependability,0.0,0.0,3.0,1.0,0.0,4.0,0.0,0.0,0.0,0.0,2.0,0.0,0.0,0.0,0.0,0.0,0.0,0.0,0.0,0.0,0.0,1.07,0.99,3.0,2.17,1.63,2.65,0.32,0.64,0.59,-0.45,2.32,0.79,-0.54,0.22,0.93,0.34,1.08,0.84,0.18,1.16,0.08
29-2081.00,"Opticians, Dispensing",attention_to_detail|dependability|cautiousness|cooperation|social_orientation|empathy|sincerity|integrity|optimism|self_control,social_orientation|cooperation|cautiousness|attention_to_detail|dependability,0.0,0.0,4.0,3.0,2.0,5.0,0.0,0.0,0.0,0.0,0.0,0.0,0.0,0.0,0.0,0.0,0.0,0.0,1.0,0.0,0.0,1.2,0.97,2.77,2.06,2.03,2.22,1.83,0.7,0.83,0.51,1.6,0.56,0.59,1.32,0.9,1.26,1.31,1.63,2.01,1.0,0.12
29-2091.00,Orthotists and Prosthetists,attention_to_detail|dependability|empathy|cautiousness|cooperation|innovation|integrity|achievement_orientation|sincerity|intellectual_curiosity,innovation|empathy|achievement_orientation|cooperation|cautiousness|integrity|attention_to_detail|dependability,3.0,0.0,7.0,5.0,4.0,8.0,2.0,0.0,0.0,1.0,6.0,0.0,0.0,0.0,0.0,0.0,0.0,0.0,0.0,0.0,0.0,2.01,1.79,2.88,2.28,2.18,2.53,2.3,1.22,1.32,2.12,2.1,1.93,1.13,1.6,1.8,1.66,1.7,1.97,1.81,1.64,1.31
29-2092.00,Hearing Aid Specialists,attention_to_detail|cooperation|dependability|empathy|social_orientation|sincerity|integrity|cautiousness|optimism|intellectual_curiosity,sincerity|empathy|social_orientation|cooperation|integrity|attention_to_detail|dependability,0.0,0.0,6.0,0.0,4.0,7.0,2.0,0.0,0.0,0.0,5.0,0.0,0.0,0.0,0.0,0.0,0.0,1.0,3.0,0.0,0.0,1.52,1.29,2.74,1.99,2.47,2.38,2.33,1.19,1.26,1.23,2.03,1.71,0.69,1.74,1.67,1.63,1.7,2.1,2.2,1.29,0.89
29-2099.01,Neurodiagnostic Technologists,attention_to_detail|dependability|cautiousness|integrity|cooperation|self_control|stress_tolerance|intellectual_curiosity|sincerity|perseverance,cautiousness|integrity|attention_to_detail|dependability,0.0,0.0,3.0,1.0,0.0,4.0,0.0,0.0,0.0,0.0,2.0,0.0,0.0,0.0,0.0,0.0,0.0,0.0,0.0,0.0,0.0,1.55,1.08,2.77,2.35,1.95,2.56,1.48,0.72,0.85,0.6,2.1,1.75,-0.02,0.98,1.61,1.13,1.8,1.63,1.09,1.76,0.7
29-2099.05,Ophthalmic Medical Technologists,attention_to_detail|dependability|cautiousness|cooperation|social_orientation|empathy|stress_tolerance|self_control|sincerity|integrity,cautiousness|attention_to_detail|dependability,0.0,0.0,2.0,1.0,0.0,3.0,0.0,0.0,0.0,0.0,0.0,0.0,0.0,0.0,0.0,0.0,0.0,0.0,0.0,0.0,0.0,0.82,1.14,3.0,2.28,1.92,2.47,1.8,0.9,1.26,0.72,1.54,1.35,1.03,1.32,1.46,1.18,1.66,1.6,1.83,1.73,0.64
29-2099.08,Patient Representatives,empathy|dependability|cooperation|social_orientation|sincerity|integrity|optimism|self_control|attention_to_detail|stress_tolerance,sincerity|optimism|empathy|self_control|social_orientation|cooperation|integrity|attention_to_detail|dependability,0.0,0.0,8.0,0.0,6.0,9.0,3.0,0.0,0.0,0.0,7.0,0.0,0.0,2.0,0.0,0.0,4.0,1.0,5.0,0.0,0.0,1.07,1.72,2.08,1.63,2.51,2.65,2.9,1.56,1.56,0.89,2.21,1.02,1.0,2.18,1.87,1.5,2.14,2.24,2.33,1.99,1.26
29-9021.00,Health Information Technologists and Medical Registrars,attention_to_detail|dependability|integrity|cautiousness|intellectual_curiosity|cooperation|achievement_orientation|adaptability|initiative|stress_tolerance,cautiousness|integrity|attention_to_detail|dependability,0.0,0.0,3.0,1.0,0.0,4.0,0.0,0.0,0.0,0.0,2.0,0.0,0.0,0.0,0.0,0.0,0.0,0.0,0.0,0.0,0.0,1.74,1.65,2.77,2.28,1.92,2.65,0.62,0.78,1.5,1.47,2.51,1.97,1.13,0.4,1.46,1.05,1.19,1.09,1.06,1.49,1.45
29-9091.00,Athletic Trainers,dependability|attention_to_detail|cooperation|stress_tolerance|social_orientation|empathy|self_control|integrity|achievement_orientation|adaptability,empathy|stress_tolerance|self_control|social_orientation|cooperation|integrity|attention_to_detail|dependability,0.0,0.0,7.0,0.0,5.0,8.0,1.0,0.0,0.0,0.0,6.0,0.0,0.0,0.0,0.0,0.0,3.0,0.0,4.0,2.0,0.0,1.89,1.83,2.53,1.66,2.43,2.65,2.17,1.19,1.47,1.17,2.06,1.35,1.34,1.74,1.8,1.7,2.14,1.72,2.2,2.21,1.31
29-9092.00,Genetic Counselors,empathy|attention_to_detail|dependability|cooperation|intellectual_curiosity|sincerity|cautiousness|social_orientation|self_control|integrity,sincerity|empathy|stress_tolerance|self_control|social_orientation|cooperation|intellectual_curiosity|cautiousness|integrity|attention_to_detail,0.0,0.0,10.0,8.0,6.0,0.0,2.0,0.0,0.0,0.0,9.0,7.0,0.0,0.0,0.0,0.0,4.0,1.0,5.0,3.0,0.0,1.98,1.83,3.0,2.32,2.55,2.65,3.0,1.49,1.44,1.23,2.21,2.54,0.88,1.13,1.87,1.6,2.22,2.53,2.24,2.1,1.66
29-9093.00,Surgical Assistants,attention_to_detail|dependability|cautiousness|cooperation|stress_tolerance|self_control|integrity|perseverance|achievement_orientation|adaptability,perseverance|stress_tolerance|self_control|cooperation|cautiousness|integrity|attention_to_detail|dependability,0.0,0.0,7.0,5.0,4.0,8.0,0.0,0.0,0.0,0.0,6.0,0.0,0.0,0.0,1.0,0.0,3.0,0.0,0.0,2.0,0.0,1.63,1.54,3.0,2.74,2.64,2.93,0.82,1.12,0.85,-0.26,2.32,0.84,-0.3,0.93,2.04,1.32,2.5,1.49,0.99,2.55,-0.27
29-9099.01,Midwives,empathy|attention_to_detail|dependability|stress_tolerance|cooperation|self_control|integrity|cautiousness|sincerity|social_orientation,sincerity|optimism|adaptability|perseverance|empathy|stress_tolerance|self_control|social_orientation|cooperation|cautiousness,0.0,3.0,0.0,10.0,9.0,0.0,5.0,0.0,0.0,0.0,0.0,0.0,0.0,2.0,4.0,0.0,7.0,1.0,8.0,6.0,0.0,1.69,2.17,2.99,2.39,2.69,2.93,3.0,1.35,1.66,0.89,2.47,1.68,0.95,2.18,2.15,1.94,2.59,2.38,2.24,2.93,1.51
31-1121.00,Home Health Aides,empathy|cooperation|dependability|attention_to_detail|integrity|optimism|self_control|social_orientation|sincerity|stress_tolerance,optimism|sincerity|empathy|self_control|social_orientation|cooperation|integrity|attention_to_detail|dependability,0.0,0.0,8.0,0.0,6.0,9.0,3.0,0.0,0.0,0.0,7.0,0.0,0.0,1.0,0.0,0.0,4.0,2.0,5.0,0.0,0.0,0.73,1.22,2.37,1.93,2.78,2.65,3.0,1.56,1.35,0.09,2.36,0.07,-0.19,2.35,1.64,0.92,2.26,2.17,2.22,1.99,1.06
31-1122.00,Personal Care Aides,empathy|cooperation|dependability|optimism|integrity|social_orientation|self_control|sincerity|attention_to_detail|stress_tolerance,optimism|sincerity|empathy|self_control|social_orientation|cooperation|integrity|dependability,0.0,0.0,0.0,0.0,6.0,8.0,3.0,0.0,0.0,0.0,7.0,0.0,0.0,1.0,0.0,0.0,4.0,2.0,5.0,0.0,0.0,0.63,0.73,1.97,1.53,2.82,2.65,3.0,1.49,1.26,-0.24,2.24,-0.19,-0.28,2.53,1.83,0.22,2.14,2.1,2.2,1.96,0.74
31-1131.00,Nursing Assistants,empathy|cooperation|dependability|optimism|attention_to_detail|integrity|social_orientation|sincerity|self_control|stress_tolerance,optimism|sincerity|empathy|self_control|social_orientation|cooperation|integrity|attention_to_detail|dependability,0.0,0.0,8.0,0.0,6.0,9.0,3.0,0.0,0.0,0.0,7.0,0.0,0.0,1.0,0.0,0.0,4.0,2.0,5.0,0.0,0.0,0.71,1.22,2.22,1.69,2.78,2.65,2.97,1.63,0.97,-0.08,2.21,0.14,-0.34,2.22,1.77,0.71,2.02,2.1,2.15,1.93,0.25
31-1132.00,Orderlies,dependability|cooperation|empathy|attention_to_detail|stress_tolerance|integrity|self_control|cautiousness|optimism|social_orientation,cooperation|dependability,0.0,0.0,0.0,0.0,1.0,2.0,0.0,0.0,0.0,0.0,0.0,0.0,0.0,0.0,0.0,0.0,0.0,0.0,0.0,0.0,0.0,0.46,0.91,1.67,1.5,2.07,2.62,1.71,1.25,0.53,-0.45,1.54,-0.21,-0.41,1.49,0.97,0.3,1.53,1.36,1.43,1.61,-0.27
31-1133.00,Psychiatric Aides,empathy|dependability|cooperation|stress_tolerance|self_control|sincerity|social_orientation|integrity|optimism|perseverance,sincerity|optimism|empathy|stress_tolerance|self_control|social_orientation|cooperation|integrity|dependability,0.0,0.0,0.0,0.0,7.0,9.0,3.0,0.0,0.0,0.0,8.0,0.0,0.0,2.0,0.0,0.0,5.0,1.0,6.0,4.0,0.0,0.63,1.79,1.79,1.63,2.64,2.65,3.0,1.56,0.92,-0.1,2.21,0.35,0.04,2.14,1.94,1.05,2.63,2.31,2.26,2.63,1.26
31-2011.00,Occupational Therapy Assistants,empathy|dependability|cooperation|attention_to_detail|social_orientation|integrity|optimism|perseverance|self_control|sincerity,optimism|empathy|social_orientation|cooperation|integrity|attention_to_detail|dependability,0.0,0.0,6.0,0.0,4.0,7.0,2.0,0.0,0.0,0.0,5.0,0.0,0.0,1.0,0.0,0.0,0.0,0.0,3.0,0.0,0.0,1.45,1.72,2.31,1.66,2.43,2.59,3.0,1.45,1.21,1.15,2.1,1.05,0.73,2.02,1.94,1.35,1.91,1.9,2.26,1.83,1.12
31-2012.00,Occupational Therapy Aides,empathy|cooperation|dependability|social_orientation|attention_to_detail|integrity|optimism|cautiousness|sincerity|stress_tolerance,empathy|cooperation|dependability,0.0,0.0,0.0,0.0,2.0,3.0,1.0,0.0,0.0,0.0,0.0,0.0,0.0,0.0,0.0,0.0,0.0,0.0,0.0,0.0,0.0,0.7,1.05,1.92,1.56,2.51,2.39,2.54,1.25,0.51,0.0,1.89,0.24,-0.34,1.56,1.12,0.52,0.92,1.55,1.92,1.32,0.29
31-2021.00,Physical Therapist Assistants,cooperation|dependability|empathy|attention_to_detail|social_orientation|integrity|optimism|sincerity|self_control|cautiousness,optimism|empathy|social_orientation|cooperation|integrity|attention_to_detail|dependability,0.0,0.0,6.0,0.0,4.0,7.0,2.0,0.0,0.0,0.0,5.0,0.0,0.0,1.0,0.0,0.0,0.0,0.0,3.0,0.0,0.0,1.42,1.48,2.44,1.76,2.64,2.59,2.57,1.22,1.1,0.97,2.17,1.05,0.64,2.02,1.7,1.21,1.91,1.94,2.22,1.49,0.72
31-2022.00,Physical Therapist Aides,cooperation|dependability|empathy|attention_to_detail|optimism|social_orientation|sincerity|integrity|cautiousness|self_control,empathy|cooperation|dependability,0.0,0.0,0.0,0.0,2.0,3.0,1.0,0.0,0.0,0.0,0.0,0.0,0.0,0.0,0.0,0.0,0.0,0.0,0.0,0.0,0.0,0.68,0.94,2.0,1.5,2.47,2.47,2.23,1.28,0.43,-0.16,1.7,0.12,-0.22,1.94,1.07,0.5,1.47,1.72,1.79,1.19,-0.19
31-9011.00,Massage Therapists,empathy|cooperation|dependability|sincerity|social_orientation|optimism|integrity|self_control|cautiousness|attention_to_detail,sincerity|empathy|cooperation|dependability,0.0,0.0,0.0,0.0,3.0,4.0,2.0,0.0,0.0,0.0,0.0,0.0,0.0,0.0,0.0,0.0,0.0,1.0,0.0,0.0,0.0,0.97,0.97,1.51,1.69,2.43,2.27,2.47,1.22,1.18,1.1,1.89,0.87,0.25,1.9,1.18,1.15,1.77,2.14,1.99,1.29,0.89
31-9091.00,Dental Assistants,attention_to_detail|dependability|cooperation|cautiousness|integrity|empathy|social_orientation|self_control|sincerity|stress_tolerance,cooperation|cautiousness|attention_to_detail|dependability,0.0,0.0,3.0,2.0,1.0,4.0,0.0,0.0,0.0,0.0,0.0,0.0,0.0,0.0,0.0,0.0,0.0,0.0,0.0,0.0,0.0,1.2,0.99,2.67,2.06,2.43,2.5,1.86,1.12,0.92,0.02,1.92,0.49,0.0,1.42,1.18,1.02,1.7,1.69,1.79,1.52,0.14
31-9092.00,Medical Assistants,attention_to_detail|dependability|cooperation|integrity|empathy|cautiousness|social_orientation|self_control|stress_tolerance|sincerity,empathy|social_orientation|cooperation|cautiousness|integrity|attention_to_detail|dependability,0.0,0.0,6.0,4.0,3.0,7.0,1.0,0.0,0.0,0.0,5.0,0.0,0.0,0.0,0.0,0.0,0.0,0.0,2.0,0.0,0.0,1.07,1.29,2.77,2.1,2.47,2.65,2.17,1.15,1.1,0.02,2.21,0.81,0.04,1.67,1.4,1.02,1.98,1.72,2.06,1.76,0.64
31-9093.00,Medical Equipment Preparers,attention_to_detail|dependability|cautiousness|integrity|cooperation|self_control|stress_tolerance|perseverance|achievement_orientation|adaptability,cautiousness|attention_to_detail|dependability,0.0,0.0,2.0,1.0,0.0,3.0,0.0,0.0,0.0,0.0,0.0,0.0,0.0,0.0,0.0,0.0,0.0,0.0,0.0,0.0,0.0,0.89,0.83,2.77,2.39,1.5,2.65,0.3,0.56,0.59,-0.39,1.79,0.45,-0.4,0.32,1.02,0.5,1.19,0.72,0.0,1.11,-0.21
31-9094.00,Medical Transcriptionists,attention_to_detail|dependability|cautiousness|integrity|achievement_orientation|perseverance|stress_tolerance|cooperation|intellectual_curiosity|humility,cautiousness|integrity|attention_to_detail|dependability,0.0,0.0,3.0,1.0,0.0,4.0,0.0,0.0,0.0,0.0,2.0,0.0,0.0,0.0,0.0,0.0,0.0,0.0,0.0,0.0,0.0,1.2,0.59,3.0,2.24,0.85,2.65,0.1,0.72,0.33,-0.47,2.17,0.76,-0.71,0.06,1.15,0.43,0.7,0.33,-0.14,1.04,0.08
31-9095.00,Pharmacy Aides,dependability|attention_to_detail|integrity|cautiousness|cooperation|social_orientation|sincerity|empathy|self_control|stress_tolerance,integrity|attention_to_detail|dependability,0.0,0.0,2.0,0.0,0.0,3.0,0.0,0.0,0.0,0.0,1.0,0.0,0.0,0.0,0.0,0.0,0.0,0.0,0.0,0.0,0.0,0.57,0.71,2.37,1.96,1.88,2.39,1.43,0.84,0.47,-0.32,2.28,-0.07,-0.64,1.16,0.62,0.39,1.28,1.44,1.65,1.19,-0.3
31-9096.00,Veterinary Assistants and Laboratory Animal Caretakers,dependability|attention_to_detail|cooperation|integrity|self_control|cautiousness|stress_tolerance|empathy|perseverance|social_orientation,self_control|cooperation|integrity|attention_to_detail|dependability,0.0,0.0,4.0,0.0,2.0,5.0,0.0,0.0,0.0,0.0,3.0,0.0,0.0,0.0,0.0,0.0,1.0,0.0,0.0,0.0,0.0,1.07,1.26,2.31,1.96,2.3,2.53,1.8,1.12,1.13,-0.06,2.06,0.72,-0.02,1.56,1.67,1.02,2.02,1.6,1.61,1.96,0.91
31-9097.00,Phlebotomists,attention_to_detail|dependability|cautiousness|integrity|stress_tolerance|cooperation|self_control|empathy|sincerity|social_orientation,cautiousness|integrity|attention_to_detail|dependability,0.0,0.0,3.0,1.0,0.0,4.0,0.0,0.0,0.0,0.0,2.0,0.0,0.0,0.0,0.0,0.0,0.0,0.0,0.0,0.0,0.0,0.91,0.89,2.77,2.32,1.95,2.65,1.83,1.03,0.53,-0.37,2.1,0.22,-0.22,1.29,1.26,0.94,1.91,1.55,1.33,1.99,-0.36
31-9099.01,Speech-Language Pathology Assistants,attention_to_detail|dependability|cooperation|empathy|social_orientation|integrity|optimism|sincerity|self_control|perseverance,optimism|empathy|social_orientation|cooperation|integrity|attention_to_detail|dependability,0.0,0.0,6.0,0.0,4.0,7.0,2.0,0.0,0.0,0.0,5.0,0.0,0.0,1.0,0.0,0.0,0.0,0.0,3.0,0.0,0.0,1.16,0.95,2.7,1.53,2.55,2.65,2.54,1.22,0.83,0.87,2.1,1.17,-0.36,2.02,1.67,1.1,1.73,1.87,2.24,1.52,0.97
31-9099.02,Endoscopy Technicians,attention_to_detail|dependability|cooperation|cautiousness|integrity|stress_tolerance|self_control|adaptability|sincerity|achievement_orientation,cooperation|cautiousness|attention_to_detail|dependability,0.0,0.0,3.0,2.0,1.0,4.0,0.0,0.0,0.0,0.0,0.0,0.0,0.0,0.0,0.0,0.0,0.0,0.0,0.0,0.0,0.0,1.18,1.19,2.67,2.39,2.43,2.65,1.02,0.78,0.8,-0.22,1.99,0.87,-0.19,0.93,1.18,0.97,1.77,1.19,1.15,1.8,-0.3
33-1011.00,First-Line Supervisors of Correctional Officers,stress_tolerance|dependability|integrity|self_control|cautiousness|leadership_orientation|attention_to_detail|self_confidence|perseverance|achievement_orientation,self_confidence|leadership_orientation|perseverance|stress_tolerance|self_control|cautiousness|integrity|attention_to_detail|dependability,0.0,0.0,8.0,6.0,0.0,9.0,0.0,0.0,0.0,0.0,7.0,0.0,2.0,0.0,3.0,1.0,5.0,0.0,0.0,4.0,0.0,1.45,1.32,2.19,2.62,1.08,2.93,0.93,0.47,0.97,-0.34,2.93,0.43,2.55,0.74,2.04,2.05,2.63,0.9,1.13,3.0,0.89
33-1012.00,First-Line Supervisors of Police and Detectives,leadership_orientation|dependability|integrity|stress_tolerance|self_control|cautiousness|attention_to_detail|perseverance|adaptability|self_confidence,self_confidence|leadership_orientation|perseverance|adaptability|stress_tolerance|self_control|cooperation|cautiousness|integrity|attention_to_detail,0.0,4.0,10.0,8.0,7.0,0.0,0.0,0.0,0.0,0.0,9.0,0.0,2.0,0.0,3.0,1.0,6.0,0.0,0.0,5.0,0.0,1.8,2.17,2.37,2.39,2.07,2.93,1.54,0.4,1.93,0.58,2.93,1.05,3.0,1.04,2.23,2.09,2.63,1.55,1.7,2.67,1.33
33-1021.00,First-Line Supervisors of Firefighting and Prevention Workers,leadership_orientation|stress_tolerance|dependability|cooperation|self_control|adaptability|integrity|perseverance|self_confidence|initiative,initiative|self_confidence|leadership_orientation|adaptability|perseverance|stress_tolerance|self_control|achievement_orientation|cooperation|integrity,8.0,4.0,0.0,0.0,9.0,0.0,0.0,0.0,1.0,0.0,10.0,0.0,3.0,0.0,5.0,2.0,7.0,0.0,0.0,6.0,0.0,2.01,2.51,2.02,1.82,2.69,2.93,1.48,0.34,2.11,0.94,2.43,1.17,3.0,1.46,2.38,2.36,2.63,1.49,1.92,3.0,1.66
33-1091.00,First-Line Supervisors of Security Workers,dependability|integrity|leadership_orientation|cautiousness|self_control|stress_tolerance|attention_to_detail|perseverance|cooperation|self_confidence,leadership_orientation|stress_tolerance|self_control|cautiousness|integrity|attention_to_detail|dependability,0.0,0.0,6.0,4.0,0.0,7.0,0.0,0.0,0.0,0.0,5.0,0.0,1.0,0.0,0.0,0.0,3.0,0.0,0.0,2.0,0.0,1.55,1.54,2.05,2.47,1.84,2.93,1.25,0.4,1.59,0.07,2.93,0.47,2.52,0.9,1.97,1.76,2.42,1.19,1.52,2.21,1.16
33-2011.00,Firefighters,stress_tolerance|self_control|dependability|cooperation|adaptability|integrity|perseverance|self_confidence|initiative|leadership_orientation,initiative|self_confidence|adaptability|perseverance|stress_tolerance|self_control|cooperation|integrity|dependability,0.0,3.0,0.0,0.0,7.0,9.0,0.0,0.0,1.0,0.0,8.0,0.0,0.0,0.0,4.0,2.0,6.0,0.0,0.0,5.0,0.0,1.83,2.6,1.89,1.09,2.82,2.93,1.38,1.15,2.11,0.46,2.55,0.76,1.92,1.39,2.5,2.32,3.0,1.69,1.33,3.0,1.41
33-2021.00,Fire Inspectors and Investigators,integrity|attention_to_detail|dependability|cautiousness|self_control|stress_tolerance|perseverance|achievement_orientation|intellectual_curiosity|self_confidence,stress_tolerance|self_control|cautiousness|integrity|attention_to_detail|dependability,0.0,0.0,5.0,3.0,0.0,6.0,0.0,0.0,0.0,0.0,4.0,0.0,0.0,0.0,0.0,0.0,2.0,0.0,0.0,1.0,0.0,1.83,1.61,2.77,2.62,1.6,2.65,0.86,0.29,1.62,0.42,2.93,1.71,1.42,0.56,1.94,1.7,2.22,1.41,0.99,2.13,1.26
33-2022.00,Forest Fire Inspectors and Prevention Specialists,dependability|stress_tolerance|self_control|cautiousness|integrity|leadership_orientation|attention_to_detail|adaptability|perseverance|achievement_orientation,leadership_orientation|adaptability|perseverance|stress_tolerance|self_control|cautiousness|integrity|attention_to_detail|dependability,0.0,2.0,8.0,6.0,0.0,9.0,0.0,0.0,0.0,0.0,7.0,0.0,1.0,0.0,3.0,0.0,5.0,0.0,0.0,4.0,0.0,1.89,2.13,2.25,2.43,1.88,2.65,0.73,0.15,1.72,0.56,2.32,0.76,2.28,0.56,2.12,1.8,2.55,0.94,0.9,2.63,1.33
33-3011.00,Bailiffs,integrity|dependability|cautiousness|self_control|stress_tolerance|attention_to_detail|perseverance|self_confidence|adaptability|leadership_orientation,stress_tolerance|self_control|cautiousness|integrity|dependability,0.0,0.0,0.0,3.0,0.0,5.0,0.0,0.0,0.0,0.0,4.0,0.0,0.0,0.0,0.0,0.0,2.0,0.0,0.0,1.0,0.0,0.77,1.08,1.94,2.58,1.03,2.65,0.71,-0.06,0.43,-0.64,2.93,0.07,1.06,0.61,1.7,1.5,2.5,0.84,0.77,2.28,-0.25
33-3012.00,Correctional Officers and Jailers,stress_tolerance|integrity|dependability|self_control|cautiousness|attention_to_detail|perseverance|self_confidence|leadership_orientation|adaptability,perseverance|stress_tolerance|self_control|cautiousness|integrity|attention_to_detail|dependability,0.0,0.0,6.0,4.0,0.0,7.0,0.0,0.0,0.0,0.0,5.0,0.0,0.0,0.0,1.0,0.0,3.0,0.0,0.0,2.0,0.0,0.77,1.02,2.16,2.5,0.53,2.74,0.62,-0.43,0.35,-0.66,2.93,-0.06,1.16,0.45,2.01,1.5,2.59,0.57,0.43,3.0,-0.84
33-3021.00,Detectives and Criminal Investigators,stress_tolerance|dependability|integrity|attention_to_detail|cautiousness|perseverance|self_control|adaptability|intellectual_curiosity|initiative,initiative|perseverance|adaptability|stress_tolerance|self_control|achievement_orientation|intellectual_curiosity|cautiousness|integrity|attention_to_detail,6.0,3.0,10.0,8.0,0.0,0.0,0.0,0.0,1.0,0.0,9.0,7.0,0.0,0.0,2.0,0.0,5.0,0.0,0.0,4.0,0.0,2.01,2.3,2.67,2.47,1.08,2.93,1.07,0.12,2.03,1.2,2.93,2.08,1.67,0.5,2.46,1.98,2.38,0.35,1.31,3.0,1.85
33-3021.02,Police Identification and Records Officers,attention_to_detail|integrity|dependability|self_control|cautiousness|stress_tolerance|perseverance|adaptability|intellectual_curiosity|cooperation,perseverance|stress_tolerance|self_control|cautiousness|integrity|attention_to_detail|dependability,0.0,0.0,6.0,4.0,0.0,7.0,0.0,0.0,0.0,0.0,5.0,0.0,0.0,0.0,1.0,0.0,3.0,0.0,0.0,2.0,0.0,1.15,1.75,3.0,2.62,1.57,2.65,0.54,0.5,1.26,0.89,2.93,1.71,0.69,0.54,2.15,1.5,2.63,1.49,0.65,2.47,1.14
33-3021.06,Intelligence Analysts,integrity|attention_to_detail|dependability|cautiousness|intellectual_curiosity|adaptability|achievement_orientation|perseverance|tolerance_for_ambiguity|initiative,tolerance_for_ambiguity|adaptability|perseverance|achievement_orientation|intellectual_curiosity|cautiousness|integrity|attention_to_detail|dependability,4.0,2.0,8.0,6.0,0.0,9.0,0.0,0.0,0.0,0.0,7.0,5.0,0.0,0.0,3.0,0.0,0.0,0.0,0.0,0.0,1.0,2.14,2.17,2.77,2.5,1.03,2.65,0.28,0.42,1.79,1.58,2.93,2.28,0.78,-0.09,2.12,1.54,1.5,0.32,0.56,1.67,2.08
33-3031.00,Fish and Game Wardens,integrity|dependability|self_control|stress_tolerance|cautiousness|adaptability|perseverance|initiative|attention_to_detail|leadership_orientation,adaptability|perseverance|stress_tolerance|self_control|cautiousness|integrity|dependability,0.0,1.0,0.0,5.0,0.0,7.0,0.0,0.0,0.0,0.0,6.0,0.0,0.0,0.0,2.0,0.0,4.0,0.0,0.0,3.0,0.0,1.55,2.05,1.92,2.21,1.17,2.62,1.12,0.64,1.93,0.67,2.93,0.87,1.75,0.82,2.04,1.7,2.38,1.28,1.04,2.24,1.24
33-3041.00,Parking Enforcement Workers,dependability|attention_to_detail|self_control|integrity|stress_tolerance|cautiousness|self_confidence|perseverance|social_orientation|adaptability,attention_to_detail|dependability,0.0,0.0,1.0,0.0,0.0,2.0,0.0,0.0,0.0,0.0,0.0,0.0,0.0,0.0,0.0,0.0,0.0,0.0,0.0,0.0,0.0,0.32,0.38,2.02,1.11,0.2,2.16,-0.25,-0.56,0.28,-0.66,1.79,-0.3,-0.05,0.36,1.02,1.1,1.84,0.14,0.61,1.46,-0.3
33-3051.00,Police and Sheriff's Patrol Officers,stress_tolerance|dependability|integrity|self_control|cautiousness|adaptability|self_confidence|perseverance|attention_to_detail|leadership_orientation,self_confidence|adaptability|perseverance|stress_tolerance|self_control|cautiousness|integrity|attention_to_detail|dependability,0.0,2.0,8.0,6.0,0.0,9.0,0.0,0.0,0.0,0.0,7.0,0.0,0.0,0.0,3.0,1.0,5.0,0.0,0.0,4.0,0.0,1.66,2.3,2.16,2.32,1.7,2.93,1.54,0.7,1.93,0.02,2.93,0.43,1.98,0.93,2.19,2.2,2.63,1.81,1.4,3.0,1.2
33-3051.04,Customs and Border Protection Officers,integrity|dependability|attention_to_detail|cautiousness|stress_tolerance|self_control|perseverance|self_confidence|adaptability|achievement_orientation,perseverance|stress_tolerance|self_control|cautiousness|integrity|attention_to_detail|dependability,0.0,0.0,6.0,4.0,0.0,7.0,0.0,0.0,0.0,0.0,5.0,0.0,0.0,0.0,1.0,0.0,3.0,0.0,0.0,2.0,0.0,1.71,1.75,2.63,2.58,0.78,2.65,0.64,-0.35,1.02,-0.37,2.93,0.81,1.64,0.45,2.04,1.83,2.5,0.57,1.2,2.55,1.2
33-3052.00,Transit and Railroad Police,dependability|stress_tolerance|integrity|self_control|cautiousness|attention_to_detail|adaptability|perseverance|leadership_orientation|self_confidence,adaptability|stress_tolerance|self_control|cautiousness|integrity|attention_to_detail|dependability,0.0,1.0,6.0,4.0,0.0,7.0,0.0,0.0,0.0,0.0,5.0,0.0,0.0,0.0,0.0,0.0,3.0,0.0,0.0,2.0,0.0,1.27,2.02,2.08,2.43,1.2,2.93,1.43,-0.23,1.5,-0.35,2.89,0.45,1.89,0.74,1.97,1.76,2.55,1.28,1.13,2.93,1.12
33-9011.00,Animal Control Workers,dependability|stress_tolerance|self_control|integrity|attention_to_detail|perseverance|cooperation|empathy|cautiousness|adaptability,stress_tolerance|self_control|integrity|dependability,0.0,0.0,0.0,0.0,0.0,4.0,0.0,0.0,0.0,0.0,3.0,0.0,0.0,0.0,0.0,0.0,2.0,0.0,0.0,1.0,0.0,0.89,1.61,2.0,1.69,1.77,2.41,1.71,0.9,1.26,0.09,2.1,0.45,0.98,0.95,1.94,1.35,2.18,1.44,1.15,2.36,1.26
33-9021.00,Private Detectives and Investigators,integrity|dependability|attention_to_detail|self_control|perseverance|stress_tolerance|achievement_orientation|self_confidence|initiative|intellectual_curiosity,perseverance|stress_tolerance|self_control|achievement_orientation|integrity|attention_to_detail|dependability,4.0,0.0,6.0,0.0,0.0,7.0,0.0,0.0,0.0,0.0,5.0,0.0,0.0,0.0,1.0,0.0,3.0,0.0,0.0,2.0,0.0,2.01,1.79,2.57,1.86,0.06,2.59,0.39,0.2,1.96,1.3,2.89,1.93,0.71,0.15,2.19,1.98,2.34,0.15,0.59,2.13,1.91
33-9031.00,Gambling Surveillance Officers and Gambling Investigators,integrity|attention_to_detail|dependability|cautiousness|self_control|stress_tolerance|perseverance|tolerance_for_ambiguity|self_confidence|adaptability,self_control|cautiousness|integrity|attention_to_detail|dependability,0.0,0.0,4.0,2.0,0.0,5.0,0.0,0.0,0.0,0.0,3.0,0.0,0.0,0.0,0.0,0.0,1.0,0.0,0.0,0.0,0.0,0.89,1.02,2.67,2.54,0.5,2.65,-0.33,-0.5,0.28,-0.57,2.93,0.56,-0.07,-0.34,1.55,1.1,2.22,-0.2,0.97,1.99,1.29
33-9032.00,Security Guards,dependability|integrity|cautiousness|self_control|stress_tolerance|perseverance|attention_to_detail|self_confidence|cooperation|sincerity,stress_tolerance|self_control|cautiousness|integrity|dependability,0.0,0.0,0.0,3.0,0.0,5.0,0.0,0.0,0.0,0.0,4.0,0.0,0.0,0.0,0.0,0.0,2.0,0.0,0.0,1.0,0.0,0.71,0.46,1.79,2.58,1.26,2.93,0.88,-0.59,0.9,-0.69,2.93,-0.12,0.61,0.82,1.9,1.26,2.38,1.14,0.9,2.21,0.45
33-9091.00,Crossing Guards and Flaggers,dependability|cautiousness|cooperation|integrity|attention_to_detail|self_control|stress_tolerance|empathy|optimism|social_orientation,cooperation|cautiousness|dependability,0.0,0.0,0.0,2.0,1.0,3.0,0.0,0.0,0.0,0.0,0.0,0.0,0.0,0.0,0.0,0.0,0.0,0.0,0.0,0.0,0.0,0.2,0.36,1.79,2.62,2.03,2.65,1.54,0.42,0.36,-0.71,1.89,-0.29,1.06,1.36,0.88,1.26,1.73,1.33,1.36,1.55,-0.48
33-9092.00,"Lifeguards, Ski Patrol, and Other Recreational Protective Service Workers",dependability|self_control|stress_tolerance|cooperation|cautiousness|integrity|perseverance|empathy|adaptability|attention_to_detail,stress_tolerance|self_control|cooperation|cautiousness|integrity|dependability,0.0,0.0,0.0,4.0,3.0,6.0,0.0,0.0,0.0,0.0,5.0,0.0,0.0,0.0,0.0,0.0,2.0,0.0,0.0,1.0,0.0,0.8,1.79,1.76,2.24,2.3,2.65,1.8,0.84,1.26,-0.39,2.13,0.33,1.53,1.49,1.97,1.6,2.63,1.55,1.11,2.51,1.04
33-9093.00,Transportation Security Screeners,attention_to_detail|dependability|cautiousness|integrity|self_control|stress_tolerance|cooperation|perseverance|adaptability|self_confidence,stress_tolerance|self_control|cautiousness|integrity|attention_to_detail|dependability,0.0,0.0,5.0,3.0,0.0,6.0,0.0,0.0,0.0,0.0,4.0,0.0,0.0,0.0,0.0,0.0,2.0,0.0,0.0,1.0,0.0,0.73,1.26,2.77,2.62,1.53,2.65,0.91,-0.1,0.38,-0.68,2.55,-0.14,-0.02,0.71,1.4,1.21,2.38,0.84,0.97,2.17,0.72
33-9094.00,School Bus Monitors,dependability|cooperation|integrity|self_control|social_orientation|empathy|cautiousness|stress_tolerance|optimism|attention_to_detail,optimism|empathy|stress_tolerance|self_control|social_orientation|cooperation|cautiousness|integrity|dependability,0.0,0.0,0.0,7.0,6.0,9.0,2.0,0.0,0.0,0.0,8.0,0.0,0.0,1.0,0.0,0.0,4.0,0.0,5.0,3.0,0.0,0.54,0.99,1.74,2.14,2.34,2.65,2.17,1.22,0.67,-0.54,2.32,-0.36,1.31,2.02,1.46,1.05,2.3,1.72,2.2,2.03,0.06
33-9099.02,Retail Loss Prevention Specialists,integrity|dependability|attention_to_detail|cautiousness|self_control|stress_tolerance|perseverance|achievement_orientation|initiative|self_confidence,stress_tolerance|self_control|cautiousness|integrity|attention_to_detail|dependability,0.0,0.0,5.0,3.0,0.0,6.0,0.0,0.0,0.0,0.0,4.0,0.0,0.0,0.0,0.0,0.0,2.0,0.0,0.0,1.0,0.0,1.89,1.51,2.53,2.47,0.5,2.65,-0.37,-0.59,1.82,0.42,2.93,0.92,1.24,-0.14,1.97,1.73,2.38,-0.06,0.45,2.1,0.7
35-1011.00,Chefs and Head Cooks,dependability|leadership_orientation|attention_to_detail|stress_tolerance|innovation|achievement_orientation|self_control|initiative|cooperation|adaptability,leadership_orientation|stress_tolerance|attention_to_detail|dependability,0.0,0.0,3.0,0.0,0.0,4.0,0.0,0.0,0.0,0.0,0.0,0.0,1.0,0.0,0.0,0.0,0.0,0.0,0.0,2.0,0.0,1.95,1.86,2.5,1.47,1.88,2.65,0.67,0.29,1.89,1.97,1.82,1.35,2.58,1.26,1.7,1.8,1.95,0.76,1.7,2.13,1.26
35-1012.00,First-Line Supervisors of Food Preparation and Serving Workers,dependability|leadership_orientation|cooperation|social_orientation|stress_tolerance|attention_to_detail|integrity|self_control|self_confidence|perseverance,leadership_orientation|social_orientation|cooperation|dependability,0.0,0.0,0.0,0.0,3.0,4.0,0.0,0.0,0.0,0.0,0.0,0.0,1.0,0.0,0.0,0.0,0.0,0.0,2.0,0.0,0.0,1.42,1.41,1.97,1.2,2.26,2.56,1.27,0.96,1.5,0.7,1.92,0.35,2.49,1.49,1.58,1.63,1.91,1.0,2.13,1.99,0.66
35-2011.00,"Cooks, Fast Food",dependability|attention_to_detail|stress_tolerance|cooperation|self_control|optimism|perseverance|integrity|cautiousness|achievement_orientation,dependability,0.0,0.0,0.0,0.0,0.0,1.0,0.0,0.0,0.0,0.0,0.0,0.0,0.0,0.0,0.0,0.0,0.0,0.0,0.0,0.0,0.0,0.54,0.48,1.38,0.55,1.14,2.06,0.05,0.12,0.16,-0.68,0.7,-0.2,-0.71,0.98,0.77,0.3,1.05,0.16,0.36,1.29,-0.75
35-2012.00,"Cooks, Institution and Cafeteria",dependability|attention_to_detail|cooperation|cautiousness|stress_tolerance|self_control|integrity|optimism|perseverance|achievement_orientation,attention_to_detail|dependability,0.0,0.0,1.0,0.0,0.0,2.0,0.0,0.0,0.0,0.0,0.0,0.0,0.0,0.0,0.0,0.0,0.0,0.0,0.0,0.0,0.0,0.87,0.76,2.08,1.5,1.57,2.65,0.37,0.56,0.72,-0.06,1.37,0.22,0.83,0.98,0.9,0.52,1.4,0.44,0.45,1.49,-0.34
35-2013.00,"Cooks, Private Household",dependability|attention_to_detail|innovation|integrity|self_control|cooperation|adaptability|stress_tolerance|optimism|initiative,attention_to_detail|dependability,0.0,0.0,1.0,0.0,0.0,2.0,0.0,0.0,0.0,0.0,0.0,0.0,0.0,0.0,0.0,0.0,0.0,0.0,0.0,0.0,0.0,0.8,1.54,2.11,0.72,1.63,2.59,1.0,0.93,1.26,1.86,1.79,1.0,0.69,1.36,0.77,1.21,1.66,1.26,0.81,1.38,0.99
35-2014.00,"Cooks, Restaurant",dependability|attention_to_detail|cooperation|stress_tolerance|perseverance|self_control|adaptability|cautiousness|initiative|achievement_orientation,attention_to_detail|dependability,0.0,0.0,1.0,0.0,0.0,2.0,0.0,0.0,0.0,0.0,0.0,0.0,0.0,0.0,0.0,0.0,0.0,0.0,0.0,0.0,0.0,1.25,1.29,2.02,1.29,1.63,2.41,0.18,0.61,1.26,1.15,1.21,0.43,-0.26,1.01,1.46,0.97,1.31,0.22,0.68,1.55,0.62
35-2015.00,"Cooks, Short Order",dependability|stress_tolerance|attention_to_detail|self_control|cooperation|social_orientation|optimism|adaptability|perseverance|integrity,dependability,0.0,0.0,0.0,0.0,0.0,1.0,0.0,0.0,0.0,0.0,0.0,0.0,0.0,0.0,0.0,0.0,0.0,0.0,0.0,0.0,0.0,0.75,1.11,1.6,0.5,1.28,2.11,0.15,0.4,0.72,-0.08,0.8,-0.02,-0.3,1.16,0.95,0.69,1.47,0.33,1.27,1.8,-0.36
35-2021.00,Food Preparation Workers,dependability|attention_to_detail|cautiousness|cooperation|stress_tolerance|self_control|integrity|perseverance|humility|optimism,dependability,0.0,0.0,0.0,0.0,0.0,1.0,0.0,0.0,0.0,0.0,0.0,0.0,0.0,0.0,0.0,0.0,0.0,0.0,0.0,0.0,0.0,0.49,0.53,1.84,1.2,1.0,2.14,0.02,0.56,0.38,-0.43,0.74,-0.36,-0.52,0.56,0.59,0.07,0.87,0.29,0.13,0.97,-0.46
35-3011.00,Bartenders,social_orientation|dependability|self_control|stress_tolerance|optimism|integrity|cooperation|attention_to_detail|adaptability|empathy,self_control|social_orientation|dependability,0.0,0.0,0.0,0.0,0.0,3.0,0.0,0.0,0.0,0.0,0.0,0.0,0.0,0.0,0.0,0.0,1.0,0.0,2.0,0.0,0.0,0.71,1.54,1.64,1.23,1.84,2.14,1.38,0.67,1.15,1.07,1.89,0.29,1.11,1.94,0.95,1.26,2.02,1.05,2.38,1.96,0.85
35-3023.00,Fast Food and Counter Workers,dependability|cooperation|social_orientation|optimism|attention_to_detail|self_control|stress_tolerance|integrity|empathy|sincerity,dependability,0.0,0.0,0.0,0.0,0.0,1.0,0.0,0.0,0.0,0.0,0.0,0.0,0.0,0.0,0.0,0.0,0.0,0.0,0.0,0.0,0.0,0.38,0.64,1.26,0.04,1.84,2.06,1.17,0.78,0.4,-0.48,1.18,-0.33,-0.32,1.46,0.75,0.34,1.25,0.84,1.74,1.24,-0.5
35-3023.01,Baristas,social_orientation|dependability|cooperation|optimism|attention_to_detail|self_control|empathy|stress_tolerance|sincerity|integrity,social_orientation|cooperation|dependability,0.0,0.0,0.0,0.0,2.0,3.0,0.0,0.0,0.0,0.0,0.0,0.0,0.0,0.0,0.0,0.0,0.0,0.0,1.0,0.0,0.0,0.71,1.17,1.64,0.45,2.07,2.08,1.32,1.12,0.85,0.33,1.18,0.06,-0.19,1.74,0.77,0.69,1.5,1.21,2.2,1.24,0.18
35-3031.00,Waiters and Waitresses,social_orientation|cooperation|dependability|optimism|empathy|self_control|stress_tolerance|attention_to_detail|integrity|adaptability,optimism|social_orientation|cooperation|dependability,0.0,0.0,0.0,0.0,3.0,4.0,0.0,0.0,0.0,0.0,0.0,0.0,0.0,1.0,0.0,0.0,0.0,0.0,2.0,0.0,0.0,0.86,1.35,1.53,0.41,2.38,2.14,1.89,1.28,1.1,0.0,1.51,0.0,0.1,2.02,1.26,1.24,1.77,1.14,2.47,1.67,0.62
35-3041.00,"Food Servers, Nonrestaurant",dependability|cooperation|attention_to_detail|social_orientation|empathy|optimism|sincerity|integrity|stress_tolerance|self_control,cooperation|attention_to_detail|dependability,0.0,0.0,2.0,0.0,1.0,3.0,0.0,0.0,0.0,0.0,0.0,0.0,0.0,0.0,0.0,0.0,0.0,0.0,0.0,0.0,0.0,0.51,0.83,2.02,0.95,2.03,2.16,1.48,0.99,0.61,-0.3,1.34,-0.32,-0.36,1.42,0.84,0.41,1.25,1.39,1.65,1.27,0.0
35-9011.00,Dining Room and Cafeteria Attendants and Bartender Helpers,cooperation|dependability|social_orientation|optimism|attention_to_detail|self_control|stress_tolerance|humility|sincerity|adaptability,cooperation|dependability,0.0,0.0,0.0,0.0,1.0,2.0,0.0,0.0,0.0,0.0,0.0,0.0,0.0,0.0,0.0,0.0,0.0,0.0,0.0,0.0,0.0,0.29,0.62,1.3,0.17,2.14,2.06,0.6,0.84,0.36,-0.35,0.62,-0.33,-0.56,1.36,0.39,0.15,1.08,0.7,1.47,1.02,-0.48
35-9021.00,Dishwashers,dependability|attention_to_detail|cooperation|stress_tolerance|perseverance|self_control|optimism|humility|achievement_orientation|integrity,dependability,0.0,0.0,0.0,0.0,0.0,1.0,0.0,0.0,0.0,0.0,0.0,0.0,0.0,0.0,0.0,0.0,0.0,0.0,0.0,0.0,0.0,0.29,-0.06,1.34,0.15,0.95,2.06,-0.1,0.32,0.01,-0.59,0.17,-0.5,-0.68,0.45,0.75,-0.02,0.55,0.1,-0.25,0.8,-0.52
35-9031.00,"Hosts and Hostesses, Restaurant, Lounge, and Coffee Shop",cooperation|social_orientation|optimism|dependability|empathy|self_control|sincerity|attention_to_detail|stress_tolerance|self_confidence,optimism|social_orientation|cooperation|dependability,0.0,0.0,0.0,0.0,3.0,4.0,0.0,0.0,0.0,0.0,0.0,0.0,0.0,1.0,0.0,0.0,0.0,0.0,2.0,0.0,0.0,0.62,1.14,1.4,0.24,2.51,2.06,1.83,1.12,0.97,-0.47,1.06,-0.32,0.25,2.14,0.55,1.18,1.63,1.55,2.45,1.27,0.41
37-1011.00,First-Line Supervisors of Housekeeping and Janitorial Workers,dependability|leadership_orientation|attention_to_detail|cooperation|integrity|self_control|social_orientation|stress_tolerance|initiative|perseverance,leadership_orientation|dependability,0.0,0.0,0.0,0.0,0.0,2.0,0.0,0.0,0.0,0.0,0.0,0.0,1.0,0.0,0.0,0.0,0.0,0.0,0.0,0.0,0.0,1.3,1.11,2.0,1.38,1.88,2.62,1.25,1.19,1.5,0.51,1.76,0.37,2.46,1.36,1.49,1.26,1.7,1.05,1.65,1.58,0.39
37-1012.00,"First-Line Supervisors of Landscaping, Lawn Service, and Groundskeeping Workers",leadership_orientation|dependability|cooperation|attention_to_detail|perseverance|self_control|achievement_orientation|self_confidence|integrity|social_orientation,leadership_orientation|dependability,0.0,0.0,0.0,0.0,0.0,2.0,0.0,0.0,0.0,0.0,0.0,0.0,1.0,0.0,0.0,0.0,0.0,0.0,0.0,0.0,0.0,1.69,1.38,1.86,1.2,1.88,2.56,0.86,0.7,1.53,0.92,1.66,0.65,2.68,1.13,1.74,1.66,1.7,0.9,1.65,1.49,0.72
37-2011.00,"Janitors and Cleaners, Except Maids and Housekeeping Cleaners",dependability|attention_to_detail|cautiousness|integrity|cooperation|achievement_orientation|stress_tolerance|optimism|perseverance|initiative,dependability,0.0,0.0,0.0,0.0,0.0,1.0,0.0,0.0,0.0,0.0,0.0,0.0,0.0,0.0,0.0,0.0,0.0,0.0,0.0,0.0,0.0,0.6,0.11,1.38,1.09,0.85,2.14,0.07,0.34,0.51,-0.45,0.96,-0.33,-0.47,0.59,0.55,0.12,0.37,0.36,-0.46,0.6,-0.44
37-2012.00,Maids and Housekeeping Cleaners,dependability|attention_to_detail|integrity|cooperation|humility|optimism|perseverance|stress_tolerance|achievement_orientation|empathy,dependability,0.0,0.0,0.0,0.0,0.0,1.0,0.0,0.0,0.0,0.0,0.0,0.0,0.0,0.0,0.0,0.0,0.0,0.0,0.0,0.0,0.0,0.41,0.11,1.74,0.24,1.17,2.14,0.37,0.87,0.35,-0.3,1.18,-0.47,-0.7,0.79,0.73,0.07,0.31,0.23,0.2,0.44,-0.67
37-2021.00,Pest Control Workers,dependability|attention_to_detail|cautiousness|integrity|perseverance|stress_tolerance|self_control|achievement_orientation|cooperation|initiative,cautiousness|attention_to_detail|dependability,0.0,0.0,2.0,1.0,0.0,3.0,0.0,0.0,0.0,0.0,0.0,0.0,0.0,0.0,0.0,0.0,0.0,0.0,0.0,0.0,0.0,0.95,0.46,2.11,2.06,0.92,2.14,0.15,-0.08,0.76,-0.02,1.54,0.43,0.21,0.59,1.52,0.32,1.19,0.57,0.59,1.19,0.37
37-3011.00,Landscaping and Groundskeeping Workers,dependability|attention_to_detail|perseverance|cautiousness|integrity|cooperation|stress_tolerance|achievement_orientation|initiative|adaptability,dependability,0.0,0.0,0.0,0.0,0.0,1.0,0.0,0.0,0.0,0.0,0.0,0.0,0.0,0.0,0.0,0.0,0.0,0.0,0.0,0.0,0.0,0.65,0.57,1.3,1.11,0.78,2.06,-0.1,-0.14,0.65,0.19,0.82,-0.03,-0.3,0.36,1.15,0.43,0.53,0.16,-0.12,0.7,-0.44
37-3012.00,"Pesticide Handlers, Sprayers, and Applicators, Vegetation",cautiousness|dependability|attention_to_detail|integrity|stress_tolerance|perseverance|achievement_orientation|self_control|adaptability|self_confidence,cautiousness|attention_to_detail|dependability,0.0,0.0,2.0,1.0,0.0,3.0,0.0,0.0,0.0,0.0,0.0,0.0,0.0,0.0,0.0,0.0,0.0,0.0,0.0,0.0,0.0,1.03,0.86,2.22,2.58,0.49,2.33,-0.18,-0.14,0.61,0.49,1.73,0.62,-0.19,0.13,1.18,0.64,0.9,0.36,-0.39,1.24,-0.19
37-3013.00,Tree Trimmers and Pruners,cautiousness|dependability|perseverance|stress_tolerance|attention_to_detail|self_confidence|self_control|cooperation|achievement_orientation|integrity,perseverance|cautiousness|dependability,0.0,0.0,0.0,2.0,0.0,3.0,0.0,0.0,0.0,0.0,0.0,0.0,0.0,0.0,1.0,0.0,0.0,0.0,0.0,0.0,0.0,1.12,1.0,1.49,2.5,1.23,2.47,-0.06,-0.12,0.97,0.22,1.03,0.37,0.95,0.52,2.01,1.32,1.31,0.33,0.07,1.83,0.29
39-1013.00,First-Line Supervisors of Gambling Services Workers,dependability|integrity|leadership_orientation|attention_to_detail|self_control|social_orientation|stress_tolerance|cautiousness|cooperation|self_confidence,leadership_orientation|stress_tolerance|self_control|social_orientation|cautiousness|integrity|attention_to_detail|dependability,0.0,0.0,7.0,5.0,0.0,8.0,0.0,0.0,0.0,0.0,6.0,0.0,1.0,0.0,0.0,0.0,3.0,0.0,4.0,2.0,0.0,1.3,1.61,2.19,2.06,1.88,2.59,1.07,0.32,1.26,-0.35,2.47,0.41,2.43,1.26,1.58,1.76,2.14,0.84,2.13,2.1,1.12
39-1014.00,"First-Line Supervisors of Entertainment and Recreation Workers, Except Gambling Services",leadership_orientation|dependability|social_orientation|cooperation|self_control|optimism|empathy|initiative|self_confidence|adaptability,leadership_orientation|social_orientation|cooperation|dependability,0.0,0.0,0.0,0.0,3.0,4.0,0.0,0.0,0.0,0.0,0.0,0.0,1.0,0.0,0.0,0.0,0.0,0.0,2.0,0.0,0.0,1.63,1.65,1.6,1.0,2.22,2.47,1.74,0.87,1.69,1.15,1.57,0.62,2.8,1.9,1.64,1.66,1.91,1.44,2.26,1.49,1.16
39-1022.00,First-Line Supervisors of Personal Service Workers,leadership_orientation|dependability|social_orientation|cooperation|integrity|self_control|optimism|empathy|attention_to_detail|stress_tolerance,leadership_orientation|social_orientation|cooperation|dependability,0.0,0.0,0.0,0.0,3.0,4.0,0.0,0.0,0.0,0.0,0.0,0.0,1.0,0.0,0.0,0.0,0.0,0.0,2.0,0.0,0.0,1.7,1.58,1.75,1.17,2.22,2.47,1.77,1.12,1.53,0.65,1.96,0.51,2.58,1.78,1.7,1.66,1.95,1.44,2.24,1.73,1.1
39-2011.00,Animal Trainers,dependability|perseverance|self_control|attention_to_detail|cooperation|empathy|optimism|adaptability|stress_tolerance|achievement_orientation,perseverance|dependability,0.0,0.0,0.0,0.0,0.0,2.0,0.0,0.0,0.0,0.0,0.0,0.0,0.0,0.0,1.0,0.0,0.0,0.0,0.0,0.0,0.0,1.55,1.58,1.94,1.26,1.84,2.5,1.71,1.06,1.44,0.99,1.54,0.84,0.9,1.67,2.19,1.47,1.95,1.55,1.18,1.58,1.33
39-2021.00,Animal Caretakers,dependability|cooperation|attention_to_detail|sincerity|optimism|integrity|perseverance|cautiousness|self_control|stress_tolerance,dependability,0.0,0.0,0.0,0.0,0.0,1.0,0.0,0.0,0.0,0.0,0.0,0.0,0.0,0.0,0.0,0.0,0.0,0.0,0.0,0.0,0.0,0.75,0.55,1.94,1.53,1.99,2.27,1.07,1.12,1.07,-0.1,1.7,0.43,0.06,1.71,1.61,0.89,1.53,1.72,1.02,1.27,0.6
39-3011.00,Gambling Dealers,attention_to_detail|integrity|dependability|social_orientation|self_control|stress_tolerance|cooperation|optimism|self_confidence|cautiousness,social_orientation|integrity|attention_to_detail|dependability,0.0,0.0,3.0,0.0,0.0,4.0,0.0,0.0,0.0,0.0,2.0,0.0,0.0,0.0,0.0,0.0,0.0,0.0,1.0,0.0,0.0,0.32,0.69,2.37,0.87,1.57,2.3,0.75,0.42,-0.26,-0.69,2.32,-0.29,-0.47,1.39,0.29,1.32,1.98,0.23,2.2,1.8,-0.44
39-3012.00,Gambling and Sports Book Writers and Runners,attention_to_detail|integrity|dependability|stress_tolerance|self_control|social_orientation|cooperation|cautiousness|optimism|self_confidence,integrity|attention_to_detail|dependability,0.0,0.0,2.0,0.0,0.0,3.0,0.0,0.0,0.0,0.0,1.0,0.0,0.0,0.0,0.0,0.0,0.0,0.0,0.0,0.0,0.0,0.22,0.5,2.25,1.23,1.23,2.15,0.18,0.12,-0.19,-0.68,2.21,-0.19,-0.63,0.74,0.31,0.71,1.37,0.33,1.36,1.4,-0.21
39-3021.00,Motion Picture Projectionists,dependability|attention_to_detail|cautiousness|stress_tolerance|achievement_orientation|integrity|self_control|perseverance|self_confidence|intellectual_curiosity,attention_to_detail|dependability,0.0,0.0,1.0,0.0,0.0,2.0,0.0,0.0,0.0,0.0,0.0,0.0,0.0,0.0,0.0,0.0,0.0,0.0,0.0,0.0,0.0,0.71,0.11,2.37,1.69,0.09,2.41,-0.17,-0.28,0.2,-0.48,0.7,0.29,-0.56,-0.14,0.6,0.39,0.63,0.04,-0.37,0.74,-0.38
39-3031.00,"Ushers, Lobby Attendants, and Ticket Takers",cooperation|social_orientation|dependability|optimism|empathy|self_control|sincerity|attention_to_detail|integrity|humility,social_orientation|cooperation|dependability,0.0,0.0,0.0,0.0,2.0,3.0,0.0,0.0,0.0,0.0,0.0,0.0,0.0,0.0,0.0,0.0,0.0,0.0,1.0,0.0,0.0,0.26,0.71,1.26,0.64,2.43,2.06,1.74,1.15,0.59,-0.5,1.26,-0.33,0.16,1.94,0.34,0.64,1.5,1.39,2.15,0.97,0.39
39-3091.00,Amusement and Recreation Attendants,dependability|cooperation|optimism|attention_to_detail|integrity|self_control|cautiousness|social_orientation|stress_tolerance|sincerity,dependability,0.0,0.0,0.0,0.0,0.0,1.0,0.0,0.0,0.0,0.0,0.0,0.0,0.0,0.0,0.0,0.0,0.0,0.0,0.0,0.0,0.0,0.29,0.06,1.36,1.2,1.81,2.11,0.82,0.72,0.23,-0.95,1.31,-0.4,0.38,1.67,0.35,0.71,1.31,0.84,1.11,0.97,-0.17
39-3092.00,Costume Attendants,attention_to_detail|dependability|cooperation|social_orientation|adaptability|stress_tolerance|perseverance|innovation|initiative|empathy,cooperation|attention_to_detail|dependability,0.0,0.0,2.0,0.0,1.0,3.0,0.0,0.0,0.0,0.0,0.0,0.0,0.0,0.0,0.0,0.0,0.0,0.0,0.0,0.0,0.0,0.99,1.61,2.44,0.9,2.1,2.36,1.05,0.72,1.1,1.15,0.76,0.79,0.21,1.01,1.18,0.67,1.05,0.84,1.79,1.43,0.81
39-3093.00,"Locker Room, Coatroom, and Dressing Room Attendants",dependability|cooperation|integrity|attention_to_detail|optimism|self_control|social_orientation|sincerity|empathy|humility,dependability,0.0,0.0,0.0,0.0,0.0,1.0,0.0,0.0,0.0,0.0,0.0,0.0,0.0,0.0,0.0,0.0,0.0,0.0,0.0,0.0,0.0,0.22,0.21,1.4,0.52,1.7,2.01,0.91,0.87,0.19,-0.28,1.48,-0.35,-0.47,1.36,0.2,0.15,1.08,0.96,1.02,0.48,-0.36
39-4011.00,Embalmers,attention_to_detail|dependability|integrity|stress_tolerance|self_control|sincerity|cooperation|cautiousness|perseverance|empathy,stress_tolerance|self_control|integrity|attention_to_detail|dependability,0.0,0.0,4.0,0.0,0.0,5.0,0.0,0.0,0.0,0.0,3.0,0.0,0.0,0.0,0.0,0.0,2.0,0.0,0.0,1.0,0.0,0.91,0.57,2.77,1.47,1.47,2.59,1.4,1.12,0.72,-0.22,2.1,0.29,0.59,0.69,1.4,0.03,2.02,1.63,0.31,2.06,-0.3
39-4012.00,Crematory Operators,attention_to_detail|dependability|integrity|cautiousness|self_control|stress_tolerance|empathy|sincerity|cooperation|perseverance,self_control|cautiousness|integrity|attention_to_detail|dependability,0.0,0.0,4.0,2.0,0.0,5.0,0.0,0.0,0.0,0.0,3.0,0.0,0.0,0.0,0.0,0.0,1.0,0.0,0.0,0.0,0.0,0.43,0.38,2.77,2.14,1.44,2.65,1.98,1.35,0.28,-0.57,2.55,-0.15,-0.45,0.84,1.4,0.6,2.02,1.78,0.36,1.99,-0.63
39-4021.00,Funeral Attendants,dependability|empathy|cooperation|sincerity|self_control|integrity|attention_to_detail|stress_tolerance|humility|social_orientation,sincerity|empathy|stress_tolerance|self_control|cooperation|integrity|attention_to_detail|dependability,0.0,0.0,7.0,0.0,5.0,8.0,2.0,0.0,0.0,0.0,6.0,0.0,0.0,0.0,0.0,0.0,4.0,1.0,0.0,3.0,0.0,0.56,0.94,2.08,1.41,2.43,2.65,2.64,1.82,0.85,-0.56,2.13,-0.06,0.5,0.87,1.02,0.94,2.22,2.38,1.47,2.06,0.72
39-4031.00,"Morticians, Undertakers, and Funeral Arrangers",attention_to_detail|dependability|empathy|integrity|self_control|sincerity|cooperation|social_orientation|stress_tolerance|cautiousness,sincerity|empathy|stress_tolerance|self_control|social_orientation|cooperation|cautiousness|integrity|attention_to_detail|dependability,0.0,0.0,9.0,7.0,6.0,10.0,2.0,0.0,0.0,0.0,8.0,0.0,0.0,0.0,0.0,0.0,4.0,1.0,5.0,3.0,0.0,1.16,1.35,2.67,2.03,2.3,2.65,2.61,1.78,1.47,0.15,2.51,0.51,1.81,0.76,1.67,1.5,2.5,2.31,2.24,2.24,0.97
39-5011.00,Barbers,social_orientation|dependability|cooperation|attention_to_detail|optimism|empathy|sincerity|self_control|self_confidence|cautiousness,social_orientation|dependability,0.0,0.0,0.0,0.0,0.0,2.0,0.0,0.0,0.0,0.0,0.0,0.0,0.0,0.0,0.0,0.0,0.0,0.0,1.0,0.0,0.0,0.78,0.89,1.86,1.0,1.88,2.03,1.43,0.99,0.8,0.97,0.96,0.62,0.61,1.53,0.62,1.13,1.31,1.39,2.26,0.82,-0.07
39-5012.00,"Hairdressers, Hairstylists, and Cosmetologists",social_orientation|dependability|cooperation|attention_to_detail|optimism|empathy|sincerity|innovation|self_control|self_confidence,social_orientation|cooperation|attention_to_detail|dependability,0.0,0.0,3.0,0.0,2.0,4.0,0.0,0.0,0.0,0.0,0.0,0.0,0.0,0.0,0.0,0.0,0.0,0.0,1.0,0.0,0.0,1.12,1.19,2.05,1.0,2.07,2.14,1.92,0.81,1.29,1.47,0.91,0.69,0.57,1.98,0.79,1.32,1.47,1.49,2.4,1.07,0.81
39-5091.00,"Makeup Artists, Theatrical and Performance",attention_to_detail|innovation|dependability|social_orientation|adaptability|cooperation|achievement_orientation|self_confidence|stress_tolerance|perseverance,innovation|attention_to_detail|dependability,0.0,0.0,2.0,0.0,0.0,3.0,0.0,0.0,0.0,1.0,0.0,0.0,0.0,0.0,0.0,0.0,0.0,0.0,0.0,0.0,0.0,1.71,1.86,2.7,0.95,1.84,2.2,1.02,0.08,1.29,2.33,0.68,1.35,0.83,1.36,1.4,1.7,1.31,0.8,1.97,1.46,1.14
39-5092.00,Manicurists and Pedicurists,attention_to_detail|social_orientation|dependability|cooperation|empathy|optimism|self_control|sincerity|cautiousness|self_confidence,social_orientation|attention_to_detail|dependability,0.0,0.0,2.0,0.0,0.0,3.0,0.0,0.0,0.0,0.0,0.0,0.0,0.0,0.0,0.0,0.0,0.0,0.0,1.0,0.0,0.0,0.7,0.66,2.22,1.03,1.88,2.03,1.71,0.78,0.35,0.67,0.87,-0.07,-0.38,1.63,0.68,0.94,1.31,1.14,2.06,0.76,-0.59
39-5093.00,Shampooers,cooperation|empathy|social_orientation|dependability|optimism|sincerity|attention_to_detail|humility|cautiousness|self_control,cooperation,0.0,0.0,0.0,0.0,1.0,0.0,0.0,0.0,0.0,0.0,0.0,0.0,0.0,0.0,0.0,0.0,0.0,0.0,0.0,0.0,0.0,0.43,0.23,1.26,1.0,1.84,1.83,1.83,1.09,0.17,-0.28,0.7,-0.21,-0.59,1.53,0.26,0.43,1.0,1.33,1.83,0.43,-0.4
39-5094.00,Skincare Specialists,social_orientation|attention_to_detail|dependability|empathy|cooperation|optimism|sincerity|cautiousness|integrity|self_confidence,empathy|social_orientation|attention_to_detail|dependability,0.0,0.0,3.0,0.0,0.0,4.0,1.0,0.0,0.0,0.0,0.0,0.0,0.0,0.0,0.0,0.0,0.0,0.0,2.0,0.0,0.0,1.07,0.99,2.22,1.79,1.95,2.2,2.17,1.22,1.0,0.92,1.37,0.79,0.12,1.94,0.84,1.32,1.28,1.9,2.22,1.11,0.64
39-6011.00,Baggage Porters and Bellhops,social_orientation|dependability|cooperation|integrity|optimism|empathy|self_control|sincerity|humility|attention_to_detail,social_orientation|cooperation|dependability,0.0,0.0,0.0,0.0,2.0,3.0,0.0,0.0,0.0,0.0,0.0,0.0,0.0,0.0,0.0,0.0,0.0,0.0,1.0,0.0,0.0,0.62,1.08,1.26,0.45,2.22,2.25,1.54,1.28,1.02,-0.32,1.7,-0.16,-0.36,1.67,0.86,0.71,1.5,1.46,2.29,1.24,-0.05
39-6012.00,Concierges,cooperation|dependability|optimism|social_orientation|empathy|adaptability|sincerity|initiative|stress_tolerance|integrity,optimism|adaptability|empathy|social_orientation|cooperation|dependability,0.0,2.0,0.0,0.0,5.0,6.0,3.0,0.0,0.0,0.0,0.0,0.0,0.0,1.0,0.0,0.0,0.0,0.0,4.0,0.0,0.0,0.8,2.13,1.7,0.79,2.78,2.65,2.27,1.22,1.93,0.99,1.73,0.65,0.14,2.49,1.52,1.66,1.7,1.97,2.47,1.8,1.29
39-7011.00,Tour Guides and Escorts,social_orientation|cooperation|dependability|optimism|adaptability|self_control|sincerity|self_confidence|empathy|integrity,optimism|social_orientation|cooperation|dependability,0.0,0.0,0.0,0.0,3.0,4.0,0.0,0.0,0.0,0.0,0.0,0.0,0.0,1.0,0.0,0.0,0.0,0.0,2.0,0.0,0.0,0.77,1.72,1.49,0.77,2.34,2.11,1.54,0.84,1.26,1.02,1.54,1.35,1.45,2.1,0.9,1.57,1.7,1.6,2.45,1.11,1.14
39-7012.00,Travel Guides,dependability|social_orientation|cooperation|adaptability|self_control|attention_to_detail|stress_tolerance|optimism|perseverance|initiative,adaptability|self_control|social_orientation|cooperation|dependability,0.0,1.0,0.0,0.0,4.0,5.0,0.0,0.0,0.0,0.0,0.0,0.0,0.0,0.0,0.0,0.0,2.0,0.0,3.0,0.0,0.0,1.58,2.42,2.0,1.17,2.43,2.65,1.65,0.93,1.82,1.25,1.7,1.17,1.81,1.94,1.9,1.8,2.18,1.46,2.45,1.99,1.64
39-9011.00,Childcare Workers,empathy|dependability|cooperation|optimism|social_orientation|integrity|self_control|sincerity|stress_tolerance|cautiousness,optimism|sincerity|empathy|self_control|social_orientation|cooperation|integrity|dependability,0.0,0.0,0.0,0.0,6.0,8.0,3.0,0.0,0.0,0.0,7.0,0.0,0.0,1.0,0.0,0.0,4.0,2.0,5.0,0.0,0.0,0.62,1.22,1.69,1.79,2.82,3.0,3.0,1.49,1.26,0.6,2.21,0.29,0.47,2.53,1.4,0.89,2.14,2.07,2.36,1.93,0.74
39-9011.01,Nannies,dependability|cooperation|integrity|optimism|social_orientation|cautiousness|empathy|self_control|attention_to_detail|sincerity,optimism|empathy|self_control|social_orientation|cooperation|cautiousness|integrity|attention_to_detail|dependability,0.0,0.0,8.0,6.0,5.0,9.0,2.0,0.0,0.0,0.0,7.0,0.0,0.0,1.0,0.0,0.0,3.0,0.0,4.0,0.0,0.0,0.54,1.72,2.02,2.28,2.82,2.93,2.27,1.42,1.44,0.46,2.55,0.51,0.76,2.53,1.83,1.35,2.1,1.97,2.36,1.96,0.93
39-9031.00,Exercise Trainers and Group Fitness Instructors,optimism|social_orientation|cooperation|dependability|leadership_orientation|empathy|self_confidence|achievement_orientation|perseverance|adaptability,optimism|social_orientation|cooperation|dependability,0.0,0.0,0.0,0.0,3.0,4.0,0.0,0.0,0.0,0.0,0.0,0.0,0.0,1.0,0.0,0.0,0.0,0.0,2.0,0.0,0.0,1.77,1.75,1.3,0.62,2.3,2.19,1.92,0.87,1.53,1.28,1.63,0.76,1.95,2.53,1.77,1.9,1.7,1.66,2.33,1.35,0.93
39-9032.00,Recreation Workers,cooperation|dependability|social_orientation|leadership_orientation|optimism|sincerity|self_control|integrity|initiative|innovation,social_orientation|cooperation|dependability,0.0,0.0,0.0,0.0,2.0,3.0,0.0,0.0,0.0,0.0,0.0,0.0,0.0,0.0,0.0,0.0,0.0,0.0,1.0,0.0,0.0,0.87,1.29,1.28,0.9,2.43,2.41,1.27,1.22,1.47,1.41,1.6,0.37,1.95,1.78,1.34,1.05,1.7,1.75,2.4,1.11,0.95
39-9041.00,Residential Advisors,dependability|cooperation|empathy|social_orientation|optimism|self_control|integrity|leadership_orientation|sincerity|adaptability,optimism|sincerity|leadership_orientation|adaptability|empathy|self_control|social_orientation|cooperation|integrity|dependability,0.0,4.0,0.0,0.0,8.0,10.0,5.0,0.0,0.0,0.0,9.0,0.0,3.0,1.0,0.0,0.0,6.0,2.0,7.0,0.0,0.0,1.12,2.05,1.55,1.38,2.51,2.65,2.5,1.22,1.79,0.82,2.21,0.53,2.19,2.27,1.61,1.63,2.22,2.1,2.4,1.99,1.31
41-1011.00,First-Line Supervisors of Retail Sales Workers,dependability|leadership_orientation|social_orientation|cooperation|achievement_orientation|attention_to_detail|integrity|optimism|self_control|initiative,leadership_orientation|social_orientation|achievement_orientation|cooperation|dependability,3.0,0.0,0.0,0.0,4.0,5.0,0.0,0.0,0.0,0.0,0.0,0.0,1.0,0.0,0.0,0.0,0.0,0.0,2.0,0.0,0.0,2.01,1.72,1.97,1.09,2.22,2.62,1.54,0.87,1.86,0.87,1.96,0.49,2.43,1.94,1.77,1.7,1.91,1.16,2.29,1.8,0.99
41-1012.00,First-Line Supervisors of Non-Retail Sales Workers,leadership_orientation|dependability|social_orientation|achievement_orientation|cooperation|attention_to_detail|self_confidence|stress_tolerance|initiative|adaptability,leadership_orientation|social_orientation|achievement_orientation|cooperation|dependability,3.0,0.0,0.0,0.0,4.0,5.0,0.0,0.0,0.0,0.0,0.0,0.0,1.0,0.0,0.0,0.0,0.0,0.0,2.0,0.0,0.0,2.24,1.65,1.92,1.03,2.1,2.65,1.22,0.32,1.66,1.04,1.54,0.87,2.96,1.16,1.58,1.76,1.5,1.23,2.31,1.73,1.2
41-2011.00,Cashiers,dependability|integrity|social_orientation|cooperation|attention_to_detail|self_control|optimism|empathy|sincerity|cautiousness,integrity|dependability,0.0,0.0,0.0,0.0,0.0,2.0,0.0,0.0,0.0,0.0,1.0,0.0,0.0,0.0,0.0,0.0,0.0,0.0,0.0,0.0,0.0,0.32,0.59,1.92,1.0,1.92,2.3,1.32,0.84,0.3,-0.47,2.06,-0.27,-0.41,1.46,0.55,0.58,1.5,1.09,1.97,0.97,-0.36
41-2012.00,Gambling Change Persons and Booth Cashiers,integrity|attention_to_detail|dependability|cautiousness|self_control|stress_tolerance|cooperation|social_orientation|self_confidence|optimism,cautiousness|integrity|attention_to_detail|dependability,0.0,0.0,3.0,1.0,0.0,4.0,0.0,0.0,0.0,0.0,2.0,0.0,0.0,0.0,0.0,0.0,0.0,0.0,0.0,0.0,0.0,0.23,-0.17,2.7,2.14,1.26,2.65,0.18,0.5,-0.28,-0.64,2.84,-0.32,-0.54,0.54,0.46,0.56,1.53,0.33,0.9,1.29,-0.73
41-2021.00,Counter and Rental Clerks,social_orientation|dependability|cooperation|attention_to_detail|integrity|optimism|self_control|empathy|sincerity|self_confidence,social_orientation|dependability,0.0,0.0,0.0,0.0,0.0,2.0,0.0,0.0,0.0,0.0,0.0,0.0,0.0,0.0,0.0,0.0,0.0,0.0,1.0,0.0,0.0,0.62,0.83,1.81,0.74,1.95,2.11,1.27,0.7,0.74,-0.22,1.6,-0.1,0.02,1.46,0.53,1.05,1.31,1.16,2.31,1.04,-0.13
41-2022.00,Parts Salespersons,dependability|social_orientation|attention_to_detail|cooperation|integrity|perseverance|self_confidence|empathy|achievement_orientation|optimism,social_orientation|attention_to_detail|dependability,0.0,0.0,2.0,0.0,0.0,3.0,0.0,0.0,0.0,0.0,0.0,0.0,0.0,0.0,0.0,0.0,0.0,0.0,1.0,0.0,0.0,1.2,0.81,2.02,1.14,1.77,2.11,1.22,-0.5,1.13,0.22,1.7,0.74,0.76,1.19,1.55,1.26,1.19,1.07,2.06,1.02,0.64
41-2031.00,Retail Salespersons,social_orientation|optimism|dependability|cooperation|perseverance|empathy|achievement_orientation|self_confidence|initiative|self_control,optimism|social_orientation,0.0,0.0,0.0,0.0,0.0,0.0,0.0,0.0,0.0,0.0,0.0,0.0,0.0,1.0,0.0,0.0,0.0,0.0,2.0,0.0,0.0,1.58,1.17,1.49,0.06,1.88,1.98,1.62,-0.49,1.53,0.44,1.4,0.47,0.81,2.06,1.78,1.57,1.5,1.09,2.6,1.16,0.64
41-3011.00,Advertising Sales Agents,social_orientation|perseverance|achievement_orientation|self_confidence|optimism|dependability|initiative|stress_tolerance|adaptability|innovation,self_confidence|optimism|perseverance|social_orientation|achievement_orientation|dependability,5.0,0.0,0.0,0.0,0.0,6.0,0.0,0.0,0.0,0.0,0.0,0.0,0.0,2.0,3.0,1.0,0.0,0.0,4.0,0.0,0.0,2.35,1.75,1.34,-0.57,1.57,2.06,1.22,-1.22,1.96,1.63,1.21,0.92,1.53,2.1,2.75,2.24,1.6,0.72,2.81,1.76,1.47
41-3021.00,Insurance Sales Agents,social_orientation|dependability|perseverance|achievement_orientation|integrity|self_confidence|attention_to_detail|initiative|optimism|self_control,initiative|self_confidence|perseverance|social_orientation|achievement_orientation|integrity|attention_to_detail|dependability,5.0,0.0,7.0,0.0,0.0,8.0,0.0,0.0,1.0,0.0,6.0,0.0,0.0,0.0,3.0,2.0,0.0,0.0,4.0,0.0,0.0,2.24,1.68,2.08,1.2,1.63,2.56,1.54,-0.59,2.03,1.17,2.21,0.81,1.29,1.98,2.42,2.2,1.7,1.31,2.74,1.58,1.31
41-3031.00,"Securities, Commodities, and Financial Services Sales Agents",integrity|attention_to_detail|dependability|social_orientation|stress_tolerance|self_confidence|achievement_orientation|perseverance|adaptability|intellectual_curiosity,initiative|self_confidence|perseverance|adaptability|stress_tolerance|social_orientation|achievement_orientation|intellectual_curiosity|integrity|attention_to_detail,7.0,4.0,10.0,0.0,0.0,0.0,0.0,0.0,1.0,0.0,9.0,8.0,0.0,0.0,3.0,2.0,0.0,0.0,6.0,5.0,0.0,2.38,2.05,2.67,1.03,0.87,2.56,1.07,-0.8,2.03,1.25,2.89,2.04,1.53,1.29,2.26,2.44,1.98,0.72,2.47,2.47,1.99
41-3041.00,Travel Agents,social_orientation|dependability|attention_to_detail|cooperation|integrity|optimism|adaptability|empathy|initiative|self_confidence,social_orientation|cooperation|attention_to_detail|dependability,0.0,0.0,3.0,0.0,2.0,4.0,0.0,0.0,0.0,0.0,0.0,0.0,0.0,0.0,0.0,0.0,0.0,0.0,1.0,0.0,0.0,1.3,1.58,2.19,0.9,2.03,2.33,1.44,0.45,1.41,0.77,1.79,0.79,0.81,1.63,1.37,1.41,1.37,1.28,2.38,1.27,0.95
41-3091.00,"Sales Representatives of Services, Except Advertising, Insurance, Financial Services, and Travel",perseverance|social_orientation|achievement_orientation|self_confidence|dependability|optimism|initiative|adaptability|self_control|stress_tolerance,self_confidence|perseverance|social_orientation|achievement_orientation|dependability,4.0,0.0,0.0,0.0,0.0,5.0,0.0,0.0,0.0,0.0,0.0,0.0,0.0,0.0,2.0,1.0,0.0,0.0,3.0,0.0,0.0,2.42,1.72,1.44,-0.19,1.6,2.06,1.59,-1.22,1.96,1.25,1.45,1.14,1.48,1.98,3.0,2.2,1.66,1.05,2.81,1.61,1.56
41-4011.00,"Sales Representatives, Wholesale and Manufacturing, Technical and Scientific Products",perseverance|social_orientation|self_confidence|achievement_orientation|dependability|attention_to_detail|initiative|intellectual_curiosity|adaptability|self_control,self_confidence|perseverance|social_orientation|achievement_orientation|attention_to_detail|dependability,4.0,0.0,5.0,0.0,0.0,6.0,0.0,0.0,0.0,0.0,0.0,0.0,0.0,0.0,2.0,1.0,0.0,0.0,3.0,0.0,0.0,2.31,1.79,2.02,0.69,1.53,2.19,1.27,-1.16,1.96,1.39,1.6,1.86,1.53,1.63,3.0,2.36,1.7,0.98,2.81,1.61,1.43
41-4012.00,"Sales Representatives, Wholesale and Manufacturing, Except Technical and Scientific Products",perseverance|social_orientation|self_confidence|achievement_orientation|optimism|dependability|initiative|adaptability|self_control|stress_tolerance,initiative|self_confidence|optimism|perseverance|social_orientation|achievement_orientation|dependability,6.0,0.0,0.0,0.0,0.0,7.0,0.0,0.0,1.0,0.0,0.0,0.0,0.0,3.0,4.0,2.0,0.0,0.0,5.0,0.0,0.0,2.31,1.79,1.3,-0.45,1.47,2.06,1.57,-1.25,2.03,1.25,1.23,0.97,1.45,2.1,3.0,2.4,1.7,0.98,2.81,1.61,1.31
41-9011.00,Demonstrators and Product Promoters,social_orientation|optimism|cooperation|dependability|self_confidence|initiative|perseverance|attention_to_detail|adaptability|achievement_orientation,optimism|social_orientation,0.0,0.0,0.0,0.0,0.0,0.0,0.0,0.0,0.0,0.0,0.0,0.0,0.0,1.0,0.0,0.0,0.0,0.0,2.0,0.0,0.0,1.27,1.29,1.34,-0.44,1.92,1.83,1.19,-0.65,1.69,0.65,1.03,0.49,0.78,2.14,1.4,1.8,1.11,1.07,2.67,0.95,0.66
41-9012.00,Models,self_confidence|social_orientation|dependability|optimism|stress_tolerance|self_control|adaptability|cooperation|attention_to_detail|integrity,self_confidence,0.0,0.0,0.0,0.0,0.0,0.0,0.0,0.0,0.0,0.0,0.0,0.0,0.0,0.0,0.0,1.0,0.0,0.0,0.0,0.0,0.0,0.3,0.94,0.79,-0.75,0.8,1.31,0.28,-1.09,-0.28,0.33,0.51,-0.28,-0.81,1.16,0.39,2.28,1.0,0.05,1.86,1.02,0.41
41-9021.00,Real Estate Brokers,social_orientation|perseverance|dependability|self_confidence|attention_to_detail|integrity|leadership_orientation|achievement_orientation|initiative|self_control,initiative|self_confidence|leadership_orientation|perseverance|social_orientation|achievement_orientation|integrity|attention_to_detail|dependability,6.0,0.0,8.0,0.0,0.0,9.0,0.0,0.0,1.0,0.0,7.0,0.0,3.0,0.0,4.0,2.0,0.0,0.0,5.0,0.0,0.0,2.17,1.68,2.25,0.9,1.84,2.44,1.3,-0.6,2.14,1.28,2.21,1.17,2.19,1.63,2.46,2.28,1.91,1.09,2.54,1.8,1.43
41-9022.00,Real Estate Sales Agents,social_orientation|dependability|achievement_orientation|integrity|perseverance|self_confidence|attention_to_detail|initiative|optimism|stress_tolerance,initiative|self_confidence|perseverance|social_orientation|achievement_orientation|integrity|attention_to_detail|dependability,5.0,0.0,7.0,0.0,0.0,8.0,0.0,0.0,1.0,0.0,6.0,0.0,0.0,0.0,3.0,2.0,0.0,0.0,4.0,0.0,0.0,2.35,1.79,2.14,0.48,1.74,2.44,1.68,-0.55,2.03,0.99,2.32,0.94,1.56,1.86,2.19,2.16,1.7,1.0,2.54,1.83,1.35
41-9031.00,Sales Engineers,dependability|social_orientation|perseverance|achievement_orientation|self_confidence|intellectual_curiosity|innovation|adaptability|initiative|attention_to_detail,initiative|self_confidence|perseverance|innovation|adaptability|social_orientation|achievement_orientation|intellectual_curiosity|dependability,7.0,5.0,0.0,0.0,0.0,9.0,0.0,0.0,1.0,4.0,0.0,8.0,0.0,0.0,3.0,2.0,0.0,0.0,6.0,0.0,0.0,2.24,2.05,1.97,0.67,1.84,2.53,1.35,-0.16,2.03,2.09,1.79,2.16,1.75,1.6,2.42,2.2,1.66,1.0,2.47,1.8,1.51
41-9041.00,Telemarketers,social_orientation|optimism|perseverance|self_control|achievement_orientation|stress_tolerance|dependability|self_confidence|attention_to_detail|integrity,optimism|perseverance|social_orientation,0.0,0.0,0.0,0.0,0.0,0.0,0.0,0.0,0.0,0.0,0.0,0.0,0.0,1.0,2.0,0.0,0.0,0.0,3.0,0.0,0.0,1.89,0.86,1.25,-0.79,0.87,1.78,0.67,-1.21,0.47,-0.48,1.03,-0.4,-0.17,2.18,2.04,1.66,1.91,-0.25,2.67,1.8,-0.03
41-9091.00,"Door-to-Door Sales Workers, News and Street Vendors, and Related Workers",perseverance|achievement_orientation|social_orientation|optimism|self_confidence|initiative|dependability|adaptability|tolerance_for_ambiguity|stress_tolerance,self_confidence|optimism|perseverance|social_orientation|achievement_orientation,5.0,0.0,0.0,0.0,0.0,0.0,0.0,0.0,0.0,0.0,0.0,0.0,0.0,2.0,3.0,1.0,0.0,0.0,4.0,0.0,0.0,2.91,1.75,0.74,-0.7,0.85,1.83,0.71,-1.3,1.96,0.82,0.98,0.12,1.13,2.67,2.93,2.36,0.82,0.88,2.79,1.49,1.53
43-1011.00,First-Line Supervisors of Office and Administrative Support Workers,dependability|leadership_orientation|cooperation|social_orientation|attention_to_detail|self_control|integrity|achievement_orientation|self_confidence|stress_tolerance,leadership_orientation|self_control|social_orientation|cooperation|attention_to_detail|dependability,0.0,0.0,5.0,0.0,4.0,6.0,0.0,0.0,0.0,0.0,0.0,0.0,1.0,0.0,0.0,0.0,2.0,0.0,3.0,0.0,0.0,1.83,1.51,2.08,1.56,2.26,2.65,1.38,1.06,1.53,0.87,1.99,0.74,2.52,1.26,1.67,1.73,2.02,1.33,2.13,1.73,1.08
43-2011.00,"Switchboard Operators, Including Answering Service",dependability|cooperation|social_orientation|attention_to_detail|self_control|integrity|stress_tolerance|optimism|sincerity|empathy,cooperation|dependability,0.0,0.0,0.0,0.0,1.0,2.0,0.0,0.0,0.0,0.0,0.0,0.0,0.0,0.0,0.0,0.0,0.0,0.0,0.0,0.0,0.0,0.27,0.86,1.86,0.32,2.07,2.36,1.19,0.9,0.14,-0.48,1.51,-0.28,-0.66,1.36,0.2,0.52,1.8,1.19,1.92,1.43,-0.25
43-2021.00,Telephone Operators,dependability|cooperation|attention_to_detail|self_control|social_orientation|stress_tolerance|integrity|empathy|optimism|sincerity,cooperation|dependability,0.0,0.0,0.0,0.0,1.0,2.0,0.0,0.0,0.0,0.0,0.0,0.0,0.0,0.0,0.0,0.0,0.0,0.0,0.0,0.0,0.0,0.36,0.91,1.97,0.62,2.22,2.27,1.54,0.96,0.3,-0.71,1.7,-0.26,-0.71,1.39,0.59,0.46,1.84,1.26,1.79,1.76,0.04
43-3011.00,Bill and Account Collectors,dependability|attention_to_detail|self_control|integrity|perseverance|stress_tolerance|social_orientation|self_confidence|achievement_orientation|initiative,perseverance|stress_tolerance|self_control|integrity|attention_to_detail|dependability,0.0,0.0,5.0,0.0,0.0,6.0,0.0,0.0,0.0,0.0,4.0,0.0,0.0,0.0,1.0,0.0,3.0,0.0,0.0,2.0,0.0,1.5,0.94,2.28,0.98,0.49,2.47,0.62,-0.7,1.13,-0.24,2.17,-0.02,0.32,0.45,2.12,1.57,2.26,0.27,1.92,2.1,0.31
43-3021.00,Billing and Posting Clerks,attention_to_detail|dependability|integrity|cautiousness|perseverance|cooperation|achievement_orientation|self_control|stress_tolerance|sincerity,integrity|attention_to_detail|dependability,0.0,0.0,2.0,0.0,0.0,3.0,0.0,0.0,0.0,0.0,1.0,0.0,0.0,0.0,0.0,0.0,0.0,0.0,0.0,0.0,0.0,0.77,0.09,2.74,1.79,0.8,2.47,-0.01,0.17,0.25,-0.37,2.1,-0.09,-0.49,0.02,0.86,0.34,0.75,0.53,0.2,0.66,-0.73
43-3031.00,"Bookkeeping, Accounting, and Auditing Clerks",attention_to_detail|dependability|cautiousness|integrity|achievement_orientation|perseverance|stress_tolerance|self_control|cooperation|sincerity,cautiousness|integrity|attention_to_detail|dependability,0.0,0.0,3.0,1.0,0.0,4.0,0.0,0.0,0.0,0.0,2.0,0.0,0.0,0.0,0.0,0.0,0.0,0.0,0.0,0.0,0.0,1.18,0.11,3.0,2.28,0.55,2.65,-0.1,0.24,0.26,-0.43,2.28,0.24,-0.54,-0.1,0.97,0.41,0.68,0.44,0.0,0.7,-0.92
43-3041.00,Gambling Cage Workers,integrity|attention_to_detail|dependability|cautiousness|self_control|stress_tolerance|social_orientation|cooperation|self_confidence|sincerity,cautiousness|integrity|attention_to_detail|dependability,0.0,0.0,3.0,1.0,0.0,4.0,0.0,0.0,0.0,0.0,2.0,0.0,0.0,0.0,0.0,0.0,0.0,0.0,0.0,0.0,0.0,0.49,0.25,2.77,2.54,1.08,2.65,0.5,0.53,-0.08,-0.68,2.8,-0.33,-0.41,0.64,0.79,0.97,1.87,0.8,1.18,1.55,-0.61
43-3051.00,Payroll and Timekeeping Clerks,attention_to_detail|dependability|integrity|cautiousness|perseverance|cooperation|self_control|achievement_orientation|stress_tolerance|sincerity,cautiousness|integrity|attention_to_detail|dependability,0.0,0.0,3.0,1.0,0.0,4.0,0.0,0.0,0.0,0.0,2.0,0.0,0.0,0.0,0.0,0.0,0.0,0.0,0.0,0.0,0.0,0.85,0.25,3.0,2.24,0.95,2.65,0.2,0.42,0.3,-0.34,2.28,0.2,-0.5,-0.07,0.97,0.41,0.95,0.65,0.25,0.8,-0.92
43-3061.00,Procurement Clerks,dependability|attention_to_detail|integrity|cautiousness|achievement_orientation|cooperation|self_confidence|social_orientation|perseverance|stress_tolerance,integrity|attention_to_detail|dependability,0.0,0.0,2.0,0.0,0.0,3.0,0.0,0.0,0.0,0.0,1.0,0.0,0.0,0.0,0.0,0.0,0.0,0.0,0.0,0.0,0.0,1.18,0.78,2.37,1.79,1.17,2.47,0.32,0.45,0.57,0.11,2.1,0.51,0.08,0.15,0.95,1.1,0.66,0.78,1.09,0.84,0.08
43-3071.00,Tellers,attention_to_detail|integrity|dependability|cautiousness|cooperation|social_orientation|self_control|sincerity|optimism|stress_tolerance,cautiousness|integrity|attention_to_detail|dependability,0.0,0.0,3.0,1.0,0.0,4.0,0.0,0.0,0.0,0.0,2.0,0.0,0.0,0.0,0.0,0.0,0.0,0.0,0.0,0.0,0.0,0.97,0.66,3.0,2.47,1.92,2.65,1.0,0.75,0.57,-0.35,2.72,0.04,-0.32,1.32,0.93,1.26,1.56,1.36,1.74,1.27,-0.86
43-4011.00,Brokerage Clerks,attention_to_detail|dependability|integrity|self_control|social_orientation|achievement_orientation|adaptability|perseverance|sincerity|cautiousness,attention_to_detail|dependability,0.0,0.0,1.0,0.0,0.0,2.0,0.0,0.0,0.0,0.0,0.0,0.0,0.0,0.0,0.0,0.0,0.0,0.0,0.0,0.0,0.0,1.12,1.11,2.67,0.84,0.64,2.65,0.48,0.42,0.43,-0.22,1.99,0.1,-0.34,0.59,1.02,0.5,1.43,0.88,1.18,0.72,-0.21
43-4021.00,Correspondence Clerks,attention_to_detail|dependability|integrity|cooperation|self_control|cautiousness|sincerity|empathy|stress_tolerance|perseverance,attention_to_detail|dependability,0.0,0.0,1.0,0.0,0.0,2.0,0.0,0.0,0.0,0.0,0.0,0.0,0.0,0.0,0.0,0.0,0.0,0.0,0.0,0.0,0.0,0.82,0.46,2.5,1.32,1.57,2.36,1.0,0.72,0.43,-0.3,1.73,0.29,-0.36,0.66,0.93,0.62,1.37,1.09,-0.03,0.97,0.1
43-4031.00,"Court, Municipal, and License Clerks",attention_to_detail|dependability|integrity|cautiousness|cooperation|social_orientation|self_control|stress_tolerance|sincerity|perseverance,cautiousness|integrity|attention_to_detail|dependability,0.0,0.0,3.0,1.0,0.0,4.0,0.0,0.0,0.0,0.0,2.0,0.0,0.0,0.0,0.0,0.0,0.0,0.0,0.0,0.0,0.0,0.89,0.83,2.67,2.03,1.67,2.65,0.79,0.64,0.55,-0.35,2.36,0.26,-0.34,0.59,0.93,0.82,1.5,1.31,1.52,1.32,-0.07
43-4041.00,"Credit Authorizers, Checkers, and Clerks",attention_to_detail|dependability|integrity|cautiousness|self_control|achievement_orientation|social_orientation|perseverance|self_confidence|stress_tolerance,cautiousness|integrity|attention_to_detail|dependability,0.0,0.0,3.0,1.0,0.0,4.0,0.0,0.0,0.0,0.0,2.0,0.0,0.0,0.0,0.0,0.0,0.0,0.0,0.0,0.0,0.0,1.3,0.48,2.67,2.17,0.98,2.38,0.64,0.53,0.76,-0.2,2.21,0.76,-0.07,-0.13,1.1,1.02,1.37,0.76,1.27,1.02,0.39
43-4051.00,Customer Service Representatives,dependability|self_control|cooperation|social_orientation|empathy|optimism|attention_to_detail|stress_tolerance|integrity|sincerity,optimism|empathy|self_control|social_orientation|cooperation|dependability,0.0,0.0,0.0,0.0,5.0,6.0,2.0,0.0,0.0,0.0,0.0,0.0,0.0,1.0,0.0,0.0,3.0,0.0,4.0,0.0,0.0,0.81,1.14,1.86,0.77,2.34,2.41,2.14,1.25,0.55,-0.34,1.7,-0.11,-0.38,2.06,1.34,1.05,2.38,1.6,2.26,1.8,0.27
43-4061.00,"Eligibility Interviewers, Government Programs",attention_to_detail|dependability|integrity|self_control|cooperation|cautiousness|empathy|sincerity|social_orientation|stress_tolerance,integrity|attention_to_detail|dependability,0.0,0.0,2.0,0.0,0.0,3.0,0.0,0.0,0.0,0.0,1.0,0.0,0.0,0.0,0.0,0.0,0.0,0.0,0.0,0.0,0.0,0.87,0.99,2.63,1.76,1.77,2.62,1.71,1.09,0.72,-0.41,2.47,0.37,0.06,0.76,1.1,1.1,1.87,1.55,1.45,1.38,0.08
43-4071.00,File Clerks,attention_to_detail|dependability|integrity|cautiousness|cooperation|perseverance|self_control|humility|achievement_orientation|sincerity,attention_to_detail|dependability,0.0,0.0,1.0,0.0,0.0,2.0,0.0,0.0,0.0,0.0,0.0,0.0,0.0,0.0,0.0,0.0,0.0,0.0,0.0,0.0,0.0,0.28,0.16,2.53,1.17,1.0,2.25,-0.05,0.29,0.25,-0.34,1.66,-0.12,-0.64,0.01,0.4,0.0,0.33,0.28,0.2,0.24,-0.73
43-4081.00,"Hotel, Motel, and Resort Desk Clerks",dependability|cooperation|social_orientation|attention_to_detail|optimism|stress_tolerance|empathy|integrity|self_control|sincerity,social_orientation|cooperation|attention_to_detail|dependability,0.0,0.0,3.0,0.0,2.0,4.0,0.0,0.0,0.0,0.0,0.0,0.0,0.0,0.0,0.0,0.0,0.0,0.0,1.0,0.0,0.0,0.7,1.38,2.02,1.0,2.51,2.53,1.74,1.06,1.1,-0.14,1.73,0.0,0.19,1.9,0.93,1.18,1.73,1.58,2.33,1.8,0.74
43-4111.00,"Interviewers, Except Eligibility and Loan",social_orientation|attention_to_detail|dependability|cooperation|integrity|sincerity|empathy|optimism|self_control|stress_tolerance,social_orientation|cooperation|attention_to_detail|dependability,0.0,0.0,3.0,0.0,2.0,4.0,0.0,0.0,0.0,0.0,0.0,0.0,0.0,0.0,0.0,0.0,0.0,0.0,1.0,0.0,0.0,0.73,0.95,2.19,1.0,2.14,2.16,1.43,0.78,0.72,-0.26,1.73,0.1,0.47,1.42,0.88,0.97,1.37,1.44,2.22,1.02,0.29
43-4121.00,"Library Assistants, Clerical",attention_to_detail|dependability|cooperation|social_orientation|integrity|self_control|sincerity|cautiousness|empathy|humility,cooperation|attention_to_detail|dependability,0.0,0.0,2.0,0.0,1.0,3.0,0.0,0.0,0.0,0.0,0.0,0.0,0.0,0.0,0.0,0.0,0.0,0.0,0.0,0.0,0.0,0.62,0.5,2.41,1.06,2.07,2.25,1.05,0.9,0.67,-0.08,1.37,0.58,-0.13,0.84,0.47,0.44,1.28,1.23,1.58,0.66,-0.27
43-4131.00,Loan Interviewers and Clerks,attention_to_detail|dependability|cautiousness|integrity|social_orientation|self_control|cooperation|achievement_orientation|sincerity|self_confidence,cautiousness|integrity|attention_to_detail|dependability,0.0,0.0,3.0,1.0,0.0,4.0,0.0,0.0,0.0,0.0,2.0,0.0,0.0,0.0,0.0,0.0,0.0,0.0,0.0,0.0,0.0,1.3,0.69,2.84,2.17,1.35,2.65,0.86,0.53,0.65,-0.43,2.17,0.33,0.02,0.56,1.2,1.21,1.43,1.23,1.52,1.02,-0.15
43-4141.00,New Accounts Clerks,dependability|attention_to_detail|cooperation|social_orientation|integrity|self_control|cautiousness|sincerity|empathy|optimism,social_orientation|cooperation|integrity|attention_to_detail|dependability,0.0,0.0,4.0,0.0,2.0,5.0,0.0,0.0,0.0,0.0,3.0,0.0,0.0,0.0,0.0,0.0,0.0,0.0,1.0,0.0,0.0,0.99,1.05,2.44,1.69,2.26,2.65,1.43,0.78,1.07,-0.32,2.24,0.33,0.34,1.39,0.93,1.18,1.7,1.6,2.24,1.07,0.1
43-4151.00,Order Clerks,attention_to_detail|dependability|cooperation|integrity|social_orientation|cautiousness|self_control|sincerity|empathy|optimism,attention_to_detail|dependability,0.0,0.0,1.0,0.0,0.0,2.0,0.0,0.0,0.0,0.0,0.0,0.0,0.0,0.0,0.0,0.0,0.0,0.0,0.0,0.0,0.0,0.71,0.57,2.34,1.23,1.67,2.22,1.1,0.61,0.49,0.11,1.66,-0.12,-0.34,1.04,0.88,0.62,1.16,1.14,1.58,1.0,-0.03
43-4161.00,"Human Resources Assistants, Except Payroll and Timekeeping",dependability|attention_to_detail|integrity|cooperation|social_orientation|self_control|cautiousness|sincerity|empathy|humility,cooperation|integrity|attention_to_detail|dependability,0.0,0.0,3.0,0.0,1.0,4.0,0.0,0.0,0.0,0.0,2.0,0.0,0.0,0.0,0.0,0.0,0.0,0.0,0.0,0.0,0.0,0.71,0.64,2.57,1.35,2.07,2.65,1.17,1.06,0.45,-0.14,2.36,0.29,0.12,0.79,0.68,0.6,1.37,1.28,1.38,0.93,0.06
43-4171.00,Receptionists and Information Clerks,cooperation|dependability|social_orientation|attention_to_detail|empathy|self_control|optimism|sincerity|integrity|humility,social_orientation|cooperation|dependability,0.0,0.0,0.0,0.0,2.0,3.0,0.0,0.0,0.0,0.0,0.0,0.0,0.0,0.0,0.0,0.0,0.0,0.0,1.0,0.0,0.0,0.54,1.14,1.89,0.77,2.47,2.45,1.86,1.22,0.83,-0.24,1.63,-0.06,-0.26,1.82,0.47,1.13,1.84,1.72,2.29,1.19,0.45
43-4181.00,Reservation and Transportation Ticket Agents and Travel Clerks,dependability|cooperation|social_orientation|attention_to_detail|self_control|integrity|stress_tolerance|adaptability|empathy|optimism,social_orientation|cooperation|attention_to_detail|dependability,0.0,0.0,3.0,0.0,2.0,4.0,0.0,0.0,0.0,0.0,0.0,0.0,0.0,0.0,0.0,0.0,0.0,0.0,1.0,0.0,0.0,0.77,1.54,2.16,1.29,2.3,2.59,1.54,0.75,0.95,-0.3,1.76,0.15,-0.09,1.42,0.97,1.05,1.8,1.23,2.22,1.61,0.62
43-5011.00,Cargo and Freight Agents,dependability|attention_to_detail|integrity|adaptability|cooperation|cautiousness|self_control|stress_tolerance|social_orientation|self_confidence,attention_to_detail|dependability,0.0,0.0,1.0,0.0,0.0,2.0,0.0,0.0,0.0,0.0,0.0,0.0,0.0,0.0,0.0,0.0,0.0,0.0,0.0,0.0,0.0,1.16,1.41,2.37,1.32,1.38,2.65,0.35,0.47,1.1,0.07,1.73,0.33,0.52,0.69,1.15,1.18,1.31,0.65,1.27,1.29,0.97
43-5011.01,Freight Forwarders,dependability|attention_to_detail|cautiousness|integrity|perseverance|adaptability|achievement_orientation|cooperation|stress_tolerance|initiative,cautiousness|integrity|attention_to_detail|dependability,0.0,0.0,3.0,1.0,0.0,4.0,0.0,0.0,0.0,0.0,2.0,0.0,0.0,0.0,0.0,0.0,0.0,0.0,0.0,0.0,0.0,1.66,1.75,2.5,2.14,1.63,2.65,0.41,0.29,1.59,0.89,2.1,1.17,1.0,0.66,1.77,1.54,1.37,0.76,1.18,1.61,1.31
43-5021.00,Couriers and Messengers,dependability|attention_to_detail|integrity|cautiousness|social_orientation|cooperation|stress_tolerance|perseverance|adaptability|self_control,dependability,0.0,0.0,0.0,0.0,0.0,1.0,0.0,0.0,0.0,0.0,0.0,0.0,0.0,0.0,0.0,0.0,0.0,0.0,0.0,0.0,0.0,0.31,0.99,1.84,1.38,1.14,2.56,0.56,0.37,0.72,-0.24,1.73,-0.24,-0.43,0.71,1.12,0.56,0.85,0.84,1.18,1.14,-0.21
43-5031.00,Public Safety Telecommunicators,stress_tolerance|self_control|dependability|integrity|attention_to_detail|cautiousness|cooperation|self_confidence|empathy|achievement_orientation,stress_tolerance|self_control|cooperation|cautiousness|integrity|attention_to_detail|dependability,0.0,0.0,6.0,4.0,3.0,7.0,0.0,0.0,0.0,0.0,5.0,0.0,0.0,0.0,0.0,0.0,2.0,0.0,0.0,1.0,0.0,1.55,1.0,2.77,2.58,2.3,2.93,1.71,0.53,0.83,-0.68,2.93,0.76,0.76,0.93,1.31,1.83,3.0,1.55,1.33,3.0,1.14
43-5032.00,"Dispatchers, Except Police, Fire, and Ambulance",dependability|attention_to_detail|stress_tolerance|cooperation|self_control|adaptability|integrity|cautiousness|social_orientation|perseverance,attention_to_detail|dependability,0.0,0.0,1.0,0.0,0.0,2.0,0.0,0.0,0.0,0.0,0.0,0.0,0.0,0.0,0.0,0.0,0.0,0.0,0.0,0.0,0.0,1.14,1.72,2.14,1.53,1.84,2.65,0.82,0.42,0.95,-0.18,1.7,0.1,1.31,1.04,1.34,1.1,1.77,0.76,1.47,1.96,1.12
43-5041.00,"Meter Readers, Utilities",dependability|attention_to_detail|integrity|cautiousness|self_control|perseverance|stress_tolerance|sincerity|cooperation|self_confidence,attention_to_detail|dependability,0.0,0.0,1.0,0.0,0.0,2.0,0.0,0.0,0.0,0.0,0.0,0.0,0.0,0.0,0.0,0.0,0.0,0.0,0.0,0.0,0.0,0.33,0.34,2.05,1.2,0.68,2.27,0.3,0.34,0.36,-0.39,1.73,-0.21,-0.4,0.36,0.79,0.52,0.85,0.72,0.09,0.78,-0.65
43-5051.00,Postal Service Clerks,dependability|attention_to_detail|integrity|cooperation|cautiousness|self_control|social_orientation|stress_tolerance|optimism|perseverance,attention_to_detail|dependability,0.0,0.0,1.0,0.0,0.0,2.0,0.0,0.0,0.0,0.0,0.0,0.0,0.0,0.0,0.0,0.0,0.0,0.0,0.0,0.0,0.0,0.66,0.3,2.41,1.53,1.57,2.46,0.73,0.7,0.11,-0.66,1.99,-0.22,-0.38,0.98,0.79,0.6,1.43,0.78,1.29,1.14,-0.67
43-5052.00,Postal Service Mail Carriers,dependability|attention_to_detail|integrity|perseverance|cooperation|stress_tolerance|self_control|cautiousness|social_orientation|sincerity,integrity|attention_to_detail|dependability,0.0,0.0,2.0,0.0,0.0,3.0,0.0,0.0,0.0,0.0,1.0,0.0,0.0,0.0,0.0,0.0,0.0,0.0,0.0,0.0,0.0,0.78,0.64,2.16,1.29,1.53,2.65,0.71,0.61,0.38,-0.37,2.06,-0.3,-0.32,0.98,1.58,0.6,1.31,1.05,1.22,1.38,-0.23
43-5053.00,"Postal Service Mail Sorters, Processors, and Processing Machine Operators",attention_to_detail|dependability|integrity|stress_tolerance|cautiousness|perseverance|cooperation|adaptability|self_control|achievement_orientation,attention_to_detail|dependability,0.0,0.0,1.0,0.0,0.0,2.0,0.0,0.0,0.0,0.0,0.0,0.0,0.0,0.0,0.0,0.0,0.0,0.0,0.0,0.0,0.0,0.54,0.64,2.41,0.95,0.66,2.27,-0.12,-0.4,0.19,-0.39,1.37,-0.24,-0.54,-0.02,0.84,0.07,0.59,0.07,-0.37,0.97,-0.44
43-5061.00,"Production, Planning, and Expediting Clerks",dependability|attention_to_detail|cooperation|adaptability|integrity|achievement_orientation|cautiousness|perseverance|social_orientation|initiative,attention_to_detail|dependability,0.0,0.0,1.0,0.0,0.0,2.0,0.0,0.0,0.0,0.0,0.0,0.0,0.0,0.0,0.0,0.0,0.0,0.0,0.0,0.0,0.0,1.52,1.61,2.5,1.5,1.77,2.62,0.54,0.42,1.32,0.15,1.54,0.45,1.06,0.61,1.43,0.99,1.0,0.7,1.38,1.11,0.58
43-5071.00,"Shipping, Receiving, and Inventory Clerks",dependability|attention_to_detail|integrity|cautiousness|cooperation|stress_tolerance|perseverance|achievement_orientation|self_control|adaptability,attention_to_detail|dependability,0.0,0.0,1.0,0.0,0.0,2.0,0.0,0.0,0.0,0.0,0.0,0.0,0.0,0.0,0.0,0.0,0.0,0.0,0.0,0.0,0.0,0.84,0.59,2.37,1.47,1.11,2.47,0.01,0.24,0.43,-0.34,1.73,-0.06,-0.19,0.11,0.86,0.35,0.63,0.55,0.34,0.9,-0.38
43-5111.00,"Weighers, Measurers, Checkers, and Samplers, Recordkeeping",attention_to_detail|dependability|cautiousness|integrity|achievement_orientation|cooperation|self_control|stress_tolerance|perseverance|sincerity,attention_to_detail|dependability,0.0,0.0,1.0,0.0,0.0,2.0,0.0,0.0,0.0,0.0,0.0,0.0,0.0,0.0,0.0,0.0,0.0,0.0,0.0,0.0,0.0,0.56,-0.01,2.6,1.93,0.55,2.3,-0.14,-0.04,0.1,-0.71,1.7,-0.23,-0.4,-0.1,0.32,0.17,0.39,0.24,-0.12,0.38,-0.67
43-6011.00,Executive Secretaries and Executive Administrative Assistants,dependability|attention_to_detail|cooperation|social_orientation|integrity|self_control|stress_tolerance|achievement_orientation|perseverance|adaptability,cooperation|attention_to_detail|dependability,0.0,0.0,2.0,0.0,1.0,3.0,0.0,0.0,0.0,0.0,0.0,0.0,0.0,0.0,0.0,0.0,0.0,0.0,0.0,0.0,0.0,1.52,1.48,2.63,1.29,2.14,2.65,1.05,0.84,1.38,0.37,1.89,0.6,0.78,1.23,1.49,1.13,1.63,1.09,1.9,1.61,0.85
43-6012.00,Legal Secretaries and Administrative Assistants,attention_to_detail|dependability|integrity|cooperation|cautiousness|self_control|stress_tolerance|perseverance|achievement_orientation|sincerity,integrity|attention_to_detail|dependability,0.0,0.0,2.0,0.0,0.0,3.0,0.0,0.0,0.0,0.0,1.0,0.0,0.0,0.0,0.0,0.0,0.0,0.0,0.0,0.0,0.0,1.27,0.83,2.77,1.86,1.92,2.65,0.58,0.78,1.05,-0.39,2.4,0.53,-0.5,0.49,1.43,0.64,1.6,1.14,1.04,1.49,0.0
43-6013.00,Medical Secretaries and Administrative Assistants,attention_to_detail|dependability|cooperation|integrity|social_orientation|empathy|cautiousness|optimism|self_control|stress_tolerance,cooperation|attention_to_detail|dependability,0.0,0.0,2.0,0.0,1.0,3.0,0.0,0.0,0.0,0.0,0.0,0.0,0.0,0.0,0.0,0.0,0.0,0.0,0.0,0.0,0.0,0.97,1.19,2.77,1.56,2.1,2.65,1.74,0.87,1.02,-0.04,1.96,0.39,-0.38,1.53,1.12,0.27,1.53,1.49,1.88,1.52,0.56
43-6014.00,"Secretaries and Administrative Assistants, Except Legal, Medical, and Executive",dependability|attention_to_detail|cooperation|social_orientation|integrity|self_control|optimism|cautiousness|sincerity|initiative,cooperation|attention_to_detail|dependability,0.0,0.0,2.0,0.0,1.0,3.0,0.0,0.0,0.0,0.0,0.0,0.0,0.0,0.0,0.0,0.0,0.0,0.0,0.0,0.0,0.0,0.77,1.05,2.34,1.17,2.07,2.59,1.05,0.93,1.05,0.15,1.54,0.15,-0.32,1.23,0.75,0.5,1.43,1.09,1.92,0.95,-0.17
43-9021.00,Data Entry Keyers,attention_to_detail|dependability|cautiousness|integrity|achievement_orientation|perseverance|stress_tolerance|cooperation|self_control|sincerity,attention_to_detail|dependability,0.0,0.0,1.0,0.0,0.0,2.0,0.0,0.0,0.0,0.0,0.0,0.0,0.0,0.0,0.0,0.0,0.0,0.0,0.0,0.0,0.0,0.87,-0.27,2.77,1.79,0.45,2.22,-0.16,-0.2,-0.03,-0.71,1.34,-0.34,-0.63,-0.1,0.57,0.0,0.44,0.08,-0.39,0.49,-0.98
43-9022.00,Word Processors and Typists,attention_to_detail|dependability|integrity|cautiousness|cooperation|achievement_orientation|self_control|stress_tolerance|perseverance|initiative,attention_to_detail|dependability,0.0,0.0,1.0,0.0,0.0,2.0,0.0,0.0,0.0,0.0,0.0,0.0,0.0,0.0,0.0,0.0,0.0,0.0,0.0,0.0,0.0,0.59,0.01,2.77,1.29,0.68,2.36,-0.06,-0.06,0.14,-0.34,1.34,-0.17,-0.61,-0.07,0.44,0.1,0.51,0.11,-0.27,0.49,-0.61
43-9031.00,Desktop Publishers,attention_to_detail|dependability|innovation|cautiousness|achievement_orientation|perseverance|adaptability|stress_tolerance|cooperation|integrity,attention_to_detail|dependability,0.0,0.0,1.0,0.0,0.0,2.0,0.0,0.0,0.0,0.0,0.0,0.0,0.0,0.0,0.0,0.0,0.0,0.0,0.0,0.0,0.0,0.93,0.81,2.77,1.06,0.55,2.22,-0.12,-0.42,0.19,1.1,0.55,0.53,-0.38,-0.07,0.88,0.52,0.39,0.09,-0.14,0.7,-0.07
43-9041.00,Insurance Claims and Policy Processing Clerks,attention_to_detail|dependability|integrity|cautiousness|cooperation|self_control|stress_tolerance|sincerity|perseverance|social_orientation,integrity|attention_to_detail|dependability,0.0,0.0,2.0,0.0,0.0,3.0,0.0,0.0,0.0,0.0,1.0,0.0,0.0,0.0,0.0,0.0,0.0,0.0,0.0,0.0,0.0,0.75,0.55,2.74,1.86,1.41,2.62,0.79,0.64,0.33,-0.52,2.1,0.12,-0.52,0.43,0.9,0.48,1.25,1.05,0.81,1.07,-0.32
43-9051.00,"Mail Clerks and Mail Machine Operators, Except Postal Service",dependability|attention_to_detail|integrity|cautiousness|cooperation|stress_tolerance|self_control|perseverance|achievement_orientation|humility,attention_to_detail|dependability,0.0,0.0,1.0,0.0,0.0,2.0,0.0,0.0,0.0,0.0,0.0,0.0,0.0,0.0,0.0,0.0,0.0,0.0,0.0,0.0,0.0,0.31,0.03,2.11,1.0,0.82,2.16,-0.08,0.18,0.14,-0.54,1.15,-0.29,-0.52,-0.01,0.39,0.09,0.44,0.15,0.0,0.64,-0.48
43-9061.00,"Office Clerks, General",dependability|attention_to_detail|cooperation|integrity|social_orientation|self_control|adaptability|sincerity|cautiousness|initiative,attention_to_detail|dependability,0.0,0.0,1.0,0.0,0.0,2.0,0.0,0.0,0.0,0.0,0.0,0.0,0.0,0.0,0.0,0.0,0.0,0.0,0.0,0.0,0.0,0.7,1.02,2.14,0.95,1.63,2.36,0.82,0.7,0.85,-0.2,1.48,0.09,-0.41,0.74,0.57,0.44,1.03,0.98,1.45,0.74,0.02
43-9071.00,"Office Machine Operators, Except Computer",attention_to_detail|dependability|cautiousness|integrity|achievement_orientation|self_control|cooperation|stress_tolerance|perseverance|adaptability,attention_to_detail|dependability,0.0,0.0,1.0,0.0,0.0,2.0,0.0,0.0,0.0,0.0,0.0,0.0,0.0,0.0,0.0,0.0,0.0,0.0,0.0,0.0,0.0,0.57,0.25,2.25,1.06,0.47,2.08,-0.12,-0.27,0.14,-0.45,0.66,-0.23,-0.63,-0.06,0.39,0.12,0.55,0.08,-0.25,0.46,-0.27
43-9081.00,Proofreaders and Copy Markers,attention_to_detail|dependability|cautiousness|perseverance|achievement_orientation|cooperation|stress_tolerance|integrity|self_control|self_confidence,cautiousness|attention_to_detail|dependability,0.0,0.0,2.0,1.0,0.0,3.0,0.0,0.0,0.0,0.0,0.0,0.0,0.0,0.0,0.0,0.0,0.0,0.0,0.0,0.0,0.0,1.07,-0.01,3.0,2.25,0.82,2.93,-0.14,0.53,0.51,-0.47,0.64,0.43,-0.68,-0.11,1.1,0.54,0.57,0.15,-0.14,0.66,-0.86
43-9111.00,Statistical Assistants,attention_to_detail|dependability|cautiousness|integrity|achievement_orientation|intellectual_curiosity|perseverance|stress_tolerance|self_confidence|cooperation,attention_to_detail|dependability,0.0,0.0,1.0,0.0,0.0,2.0,0.0,0.0,0.0,0.0,0.0,0.0,0.0,0.0,0.0,0.0,0.0,0.0,0.0,0.0,0.0,1.32,0.23,3.0,1.82,0.47,2.44,-0.16,0.1,0.36,-0.34,1.54,1.11,-0.45,-0.1,0.93,0.62,0.44,0.13,-0.16,0.66,0.06
45-1011.00,"First-Line Supervisors of Farming, Fishing, and Forestry Workers",leadership_orientation|dependability|perseverance|cooperation|attention_to_detail|integrity|self_control|self_confidence|achievement_orientation|stress_tolerance,leadership_orientation|perseverance|dependability,0.0,0.0,0.0,0.0,0.0,3.0,0.0,0.0,0.0,0.0,0.0,0.0,1.0,0.0,2.0,0.0,0.0,0.0,0.0,0.0,0.0,1.58,1.05,1.86,1.29,1.88,2.53,0.79,0.87,0.95,-0.12,1.73,0.43,3.0,0.98,2.01,1.6,1.66,0.62,1.38,1.43,1.04
45-2011.00,Agricultural Inspectors,attention_to_detail|dependability|integrity|cautiousness|self_control|perseverance|sincerity|achievement_orientation|stress_tolerance|self_confidence,cautiousness|integrity|attention_to_detail|dependability,0.0,0.0,3.0,1.0,0.0,4.0,0.0,0.0,0.0,0.0,2.0,0.0,0.0,0.0,0.0,0.0,0.0,0.0,0.0,0.0,0.0,1.42,0.91,2.77,2.24,1.08,2.65,0.12,0.22,0.8,-0.32,2.55,1.08,1.21,0.22,1.52,1.24,1.66,1.46,0.77,1.29,-0.03
45-2021.00,Animal Breeders,dependability|attention_to_detail|perseverance|cautiousness|integrity|self_control|achievement_orientation|stress_tolerance|self_confidence|initiative,attention_to_detail|dependability,0.0,0.0,1.0,0.0,0.0,2.0,0.0,0.0,0.0,0.0,0.0,0.0,0.0,0.0,0.0,0.0,0.0,0.0,0.0,0.0,0.0,1.3,0.83,2.19,1.56,0.64,2.44,0.75,0.5,1.02,0.6,1.45,0.89,0.32,0.87,1.7,1.05,1.31,0.7,-0.25,1.11,0.54
45-2041.00,"Graders and Sorters, Agricultural Products",attention_to_detail|dependability|cautiousness|integrity|stress_tolerance|perseverance|cooperation|achievement_orientation|self_control|adaptability,attention_to_detail|dependability,0.0,0.0,1.0,0.0,0.0,2.0,0.0,0.0,0.0,0.0,0.0,0.0,0.0,0.0,0.0,0.0,0.0,0.0,0.0,0.0,0.0,0.27,0.01,2.2,1.11,0.34,2.14,-0.21,-0.42,-0.17,-0.7,0.7,-0.38,-0.64,-0.16,0.35,-0.02,0.21,0.01,-0.18,0.36,-0.65
45-2091.00,Agricultural Equipment Operators,dependability|attention_to_detail|cautiousness|perseverance|stress_tolerance|integrity|achievement_orientation|adaptability|self_confidence|self_control,dependability,0.0,0.0,0.0,0.0,0.0,1.0,0.0,0.0,0.0,0.0,0.0,0.0,0.0,0.0,0.0,0.0,0.0,0.0,0.0,0.0,0.0,1.03,0.89,1.76,1.5,0.45,2.33,-0.13,-0.06,0.74,0.13,1.15,0.62,-0.13,0.34,1.31,0.85,0.75,0.1,-0.23,1.24,0.14
45-2092.00,"Farmworkers and Laborers, Crop, Nursery, and Greenhouse",dependability|perseverance|attention_to_detail|integrity|stress_tolerance|cautiousness|cooperation|adaptability|optimism|initiative,dependability,0.0,0.0,0.0,0.0,0.0,1.0,0.0,0.0,0.0,0.0,0.0,0.0,0.0,0.0,0.0,0.0,0.0,0.0,0.0,0.0,0.0,0.7,0.81,1.57,0.9,0.85,2.3,-0.05,0.61,0.72,-0.2,1.13,0.33,0.23,0.76,1.74,0.41,0.63,0.38,-0.37,1.11,-0.25
45-2093.00,"Farmworkers, Farm, Ranch, and Aquacultural Animals",dependability|stress_tolerance|perseverance|attention_to_detail|integrity|cautiousness|self_control|adaptability|initiative|optimism,dependability,0.0,0.0,0.0,0.0,0.0,1.0,0.0,0.0,0.0,0.0,0.0,0.0,0.0,0.0,0.0,0.0,0.0,0.0,0.0,0.0,0.0,0.73,0.97,1.57,1.26,0.64,2.36,0.67,0.72,0.95,-0.1,1.43,0.35,0.14,0.87,1.77,0.85,1.14,0.63,-0.3,1.86,0.31
45-3031.00,Fishing and Hunting Workers,perseverance|dependability|adaptability|integrity|tolerance_for_ambiguity|cautiousness|self_control|initiative|attention_to_detail|optimism,perseverance,0.0,0.0,0.0,0.0,0.0,0.0,0.0,0.0,0.0,0.0,0.0,0.0,0.0,0.0,1.0,0.0,0.0,0.0,0.0,0.0,0.0,0.39,1.48,0.96,1.14,0.41,1.83,-0.39,-0.67,0.97,0.11,1.29,0.1,0.0,0.76,2.01,0.32,1.14,0.23,-0.75,0.51,1.14
45-4011.00,Forest and Conservation Workers,dependability|perseverance|cooperation|stress_tolerance|integrity|cautiousness|attention_to_detail|self_control|adaptability|achievement_orientation,dependability,0.0,0.0,0.0,0.0,0.0,1.0,0.0,0.0,0.0,0.0,0.0,0.0,0.0,0.0,0.0,0.0,0.0,0.0,0.0,0.0,0.0,0.75,1.11,1.3,1.38,1.63,2.41,-0.01,-0.14,0.43,-0.24,1.51,0.26,0.0,0.06,1.97,0.64,1.25,0.53,0.02,1.61,0.22
45-4021.00,Fallers,cautiousness|dependability|self_control|perseverance|attention_to_detail|stress_tolerance|self_confidence|integrity|adaptability|achievement_orientation,cautiousness|dependability,0.0,0.0,0.0,1.0,0.0,2.0,0.0,0.0,0.0,0.0,0.0,0.0,0.0,0.0,0.0,0.0,0.0,0.0,0.0,0.0,0.0,0.95,0.97,1.69,2.62,-0.15,2.47,-0.23,-0.52,0.19,-0.56,1.08,0.26,-0.52,-0.21,1.8,1.21,1.95,0.04,-0.77,1.58,-0.13
45-4022.00,Logging Equipment Operators,dependability|cautiousness|stress_tolerance|attention_to_detail|perseverance|integrity|self_control|self_confidence|achievement_orientation|adaptability,cautiousness|dependability,0.0,0.0,0.0,1.0,0.0,2.0,0.0,0.0,0.0,0.0,0.0,0.0,0.0,0.0,0.0,0.0,0.0,0.0,0.0,0.0,0.0,1.03,1.02,1.64,2.21,0.3,2.44,-0.17,-0.3,0.36,-0.34,1.15,-0.06,-0.32,-0.06,1.46,1.05,1.14,0.05,-0.39,1.8,-0.15
45-4023.00,Log Graders and Scalers,attention_to_detail|dependability|cautiousness|integrity|perseverance|achievement_orientation|self_confidence|stress_tolerance|self_control|cooperation,attention_to_detail|dependability,0.0,0.0,1.0,0.0,0.0,2.0,0.0,0.0,0.0,0.0,0.0,0.0,0.0,0.0,0.0,0.0,0.0,0.0,0.0,0.0,0.0,0.68,0.12,2.47,1.53,0.18,2.08,-0.16,-0.32,0.06,-0.45,1.51,0.15,-0.41,-0.2,0.79,0.62,0.41,0.15,-0.21,0.6,-0.05
47-1011.00,First-Line Supervisors of Construction Trades and Extraction Workers,leadership_orientation|dependability|cautiousness|perseverance|cooperation|stress_tolerance|attention_to_detail|integrity|achievement_orientation|self_control,leadership_orientation|perseverance|stress_tolerance|cooperation|cautiousness|attention_to_detail|dependability,0.0,0.0,6.0,5.0,4.0,7.0,0.0,0.0,0.0,0.0,0.0,0.0,1.0,0.0,2.0,0.0,0.0,0.0,0.0,3.0,0.0,1.92,1.68,2.02,2.28,2.07,2.65,0.98,0.75,1.75,0.84,1.96,0.84,3.0,1.01,2.08,1.76,1.91,1.0,1.56,2.06,0.99
47-2011.00,Boilermakers,dependability|attention_to_detail|cautiousness|perseverance|stress_tolerance|integrity|achievement_orientation|self_control|cooperation|self_confidence,cautiousness|attention_to_detail|dependability,0.0,0.0,2.0,1.0,0.0,3.0,0.0,0.0,0.0,0.0,0.0,0.0,0.0,0.0,0.0,0.0,0.0,0.0,0.0,0.0,0.0,1.32,0.5,2.5,2.39,1.06,2.56,-0.21,0.0,0.53,0.0,1.37,0.65,-0.05,0.09,1.77,0.87,1.11,0.12,-0.25,1.38,-0.32
47-2021.00,Brickmasons and Blockmasons,dependability|attention_to_detail|cautiousness|perseverance|integrity|achievement_orientation|stress_tolerance|self_control|self_confidence|cooperation,attention_to_detail|dependability,0.0,0.0,1.0,0.0,0.0,2.0,0.0,0.0,0.0,0.0,0.0,0.0,0.0,0.0,0.0,0.0,0.0,0.0,0.0,0.0,0.0,1.14,0.36,2.11,1.56,0.59,2.3,-0.12,-0.28,-0.29,0.04,1.18,-0.21,-0.24,0.13,1.37,0.73,0.75,0.16,-0.16,1.0,-0.77
47-2022.00,Stonemasons,dependability|attention_to_detail|perseverance|cautiousness|achievement_orientation|stress_tolerance|integrity|self_control|self_confidence|cooperation,attention_to_detail|dependability,0.0,0.0,1.0,0.0,0.0,2.0,0.0,0.0,0.0,0.0,0.0,0.0,0.0,0.0,0.0,0.0,0.0,0.0,0.0,0.0,0.0,1.35,0.14,2.16,1.63,0.51,2.3,-0.17,-0.32,-0.02,0.09,0.98,-0.2,-0.3,-0.01,1.64,0.73,0.82,0.12,-0.18,1.02,-0.65
47-2031.00,Carpenters,dependability|attention_to_detail|cautiousness|perseverance|integrity|stress_tolerance|achievement_orientation|self_confidence|adaptability|initiative,attention_to_detail|dependability,0.0,0.0,1.0,0.0,0.0,2.0,0.0,0.0,0.0,0.0,0.0,0.0,0.0,0.0,0.0,0.0,0.0,0.0,0.0,0.0,0.0,1.23,0.91,2.22,1.79,0.73,2.44,0.04,0.15,0.87,0.79,1.34,0.56,0.27,0.4,1.55,1.1,0.85,0.29,0.09,1.27,0.06
47-2041.00,Carpet Installers,attention_to_detail|dependability|perseverance|cautiousness|achievement_orientation|integrity|stress_tolerance|self_confidence|self_control|cooperation,attention_to_detail|dependability,0.0,0.0,1.0,0.0,0.0,2.0,0.0,0.0,0.0,0.0,0.0,0.0,0.0,0.0,0.0,0.0,0.0,0.0,0.0,0.0,0.0,0.87,0.32,2.08,0.95,0.47,2.08,-0.03,-0.32,0.4,-0.08,0.85,-0.22,-0.4,-0.01,1.12,0.69,0.61,0.12,-0.12,0.7,-0.46
47-2042.00,"Floor Layers, Except Carpet, Wood, and Hard Tiles",dependability|attention_to_detail|cautiousness|perseverance|achievement_orientation|integrity|stress_tolerance|self_confidence|self_control|cooperation,attention_to_detail|dependability,0.0,0.0,1.0,0.0,0.0,2.0,0.0,0.0,0.0,0.0,0.0,0.0,0.0,0.0,0.0,0.0,0.0,0.0,0.0,0.0,0.0,0.86,0.3,2.11,1.38,0.39,2.14,-0.18,-0.3,0.01,0.0,0.85,-0.1,-0.34,0.01,1.07,0.52,0.41,0.12,-0.39,0.53,-0.57
47-2043.00,Floor Sanders and Finishers,attention_to_detail|dependability|cautiousness|perseverance|achievement_orientation|stress_tolerance|integrity|self_control|self_confidence|sincerity,attention_to_detail|dependability,0.0,0.0,1.0,0.0,0.0,2.0,0.0,0.0,0.0,0.0,0.0,0.0,0.0,0.0,0.0,0.0,0.0,0.0,0.0,0.0,0.0,0.75,-0.06,2.11,1.38,-0.01,2.06,-0.16,-0.4,0.01,-0.18,0.51,-0.28,-0.59,-0.01,0.95,0.37,0.46,0.06,-0.37,0.53,-0.61
47-2044.00,Tile and Stone Setters,attention_to_detail|dependability|cautiousness|perseverance|achievement_orientation|stress_tolerance|integrity|self_control|self_confidence|adaptability,attention_to_detail|dependability,0.0,0.0,1.0,0.0,0.0,2.0,0.0,0.0,0.0,0.0,0.0,0.0,0.0,0.0,0.0,0.0,0.0,0.0,0.0,0.0,0.0,1.16,0.46,2.34,1.44,0.41,2.11,-0.14,-0.34,0.31,0.26,0.74,-0.03,-0.34,0.01,1.34,0.62,0.7,0.13,-0.34,0.78,-0.75
47-2051.00,Cement Masons and Concrete Finishers,dependability|attention_to_detail|cautiousness|stress_tolerance|perseverance|achievement_orientation|integrity|self_control|cooperation|self_confidence,attention_to_detail|dependability,0.0,0.0,1.0,0.0,0.0,2.0,0.0,0.0,0.0,0.0,0.0,0.0,0.0,0.0,0.0,0.0,0.0,0.0,0.0,0.0,0.0,1.14,0.5,2.02,1.5,0.73,2.3,-0.12,-0.23,0.07,-0.2,0.96,-0.15,0.38,0.09,1.28,0.69,0.85,0.06,-0.21,1.35,-0.46
47-2053.00,Terrazzo Workers and Finishers,dependability|attention_to_detail|cautiousness|perseverance|achievement_orientation|stress_tolerance|self_confidence|adaptability|self_control|integrity,attention_to_detail|dependability,0.0,0.0,1.0,0.0,0.0,2.0,0.0,0.0,0.0,0.0,0.0,0.0,0.0,0.0,0.0,0.0,0.0,0.0,0.0,0.0,0.0,0.87,0.5,2.08,1.44,0.27,2.19,-0.14,-0.3,-0.12,0.09,0.42,-0.12,-0.21,0.01,1.07,0.54,0.46,0.12,-0.18,0.58,-0.42
47-2061.00,Construction Laborers,dependability|perseverance|cautiousness|stress_tolerance|attention_to_detail|cooperation|integrity|self_control|achievement_orientation|adaptability,dependability,0.0,0.0,0.0,0.0,0.0,1.0,0.0,0.0,0.0,0.0,0.0,0.0,0.0,0.0,0.0,0.0,0.0,0.0,0.0,0.0,0.0,0.82,0.71,1.25,1.5,1.2,2.19,-0.03,0.34,0.47,-0.1,0.96,-0.1,-0.22,0.59,1.74,0.58,0.85,0.21,0.13,1.46,-0.23
47-2071.00,"Paving, Surfacing, and Tamping Equipment Operators",dependability|cautiousness|stress_tolerance|attention_to_detail|integrity|perseverance|self_control|achievement_orientation|cooperation|self_confidence,dependability,0.0,0.0,0.0,0.0,0.0,1.0,0.0,0.0,0.0,0.0,0.0,0.0,0.0,0.0,0.0,0.0,0.0,0.0,0.0,0.0,0.0,0.84,0.46,1.2,1.59,0.71,2.27,-0.12,-0.1,0.25,-0.39,0.91,-0.1,-0.13,0.13,0.9,0.64,0.85,0.13,-0.14,1.24,-0.42
47-2072.00,Pile Driver Operators,dependability|cautiousness|attention_to_detail|stress_tolerance|perseverance|integrity|achievement_orientation|self_confidence|self_control|cooperation,cautiousness|dependability,0.0,0.0,0.0,1.0,0.0,2.0,0.0,0.0,0.0,0.0,0.0,0.0,0.0,0.0,0.0,0.0,0.0,0.0,0.0,0.0,0.0,0.7,0.05,1.55,2.14,0.09,2.33,-0.17,-0.28,0.07,-0.5,0.98,-0.2,-0.38,-0.07,1.2,0.67,0.66,0.05,-0.43,1.46,-0.61
47-2073.00,Operating Engineers and Other Construction Equipment Operators,cautiousness|dependability|stress_tolerance|perseverance|integrity|attention_to_detail|self_control|achievement_orientation|self_confidence|cooperation,cautiousness|dependability,0.0,0.0,0.0,1.0,0.0,2.0,0.0,0.0,0.0,0.0,0.0,0.0,0.0,0.0,0.0,0.0,0.0,0.0,0.0,0.0,0.0,1.2,1.02,1.47,2.5,1.03,2.44,-0.17,-0.01,0.74,-0.12,1.54,0.49,0.21,0.32,1.61,1.18,1.31,0.24,0.0,1.8,-0.34
47-2081.00,Drywall and Ceiling Tile Installers,dependability|attention_to_detail|cautiousness|perseverance|stress_tolerance|self_confidence|achievement_orientation|cooperation|integrity|self_control,dependability,0.0,0.0,0.0,0.0,0.0,1.0,0.0,0.0,0.0,0.0,0.0,0.0,0.0,0.0,0.0,0.0,0.0,0.0,0.0,0.0,0.0,0.6,0.14,1.86,1.23,0.57,2.25,-0.16,-0.27,-0.08,-0.08,0.55,-0.24,-0.5,-0.07,1.12,0.69,0.41,0.09,-0.23,0.88,-0.63
47-2082.00,Tapers,attention_to_detail|dependability|cautiousness|achievement_orientation|perseverance|stress_tolerance|integrity|self_confidence|cooperation|sincerity,attention_to_detail,0.0,0.0,1.0,0.0,0.0,0.0,0.0,0.0,0.0,0.0,0.0,0.0,0.0,0.0,0.0,0.0,0.0,0.0,0.0,0.0,0.0,0.84,-0.07,2.25,0.95,0.23,1.98,-0.16,-0.49,-0.26,-0.5,0.39,-0.45,-0.7,-0.2,0.66,0.34,-0.01,0.03,-0.21,0.49,-1.29
47-2111.00,Electricians,dependability|cautiousness|attention_to_detail|integrity|perseverance|stress_tolerance|achievement_orientation|self_control|adaptability|self_confidence,cautiousness|attention_to_detail|dependability,0.0,0.0,2.0,1.0,0.0,3.0,0.0,0.0,0.0,0.0,0.0,0.0,0.0,0.0,0.0,0.0,0.0,0.0,0.0,0.0,0.0,1.35,1.26,2.5,2.5,1.0,2.65,0.08,-0.01,1.0,0.82,1.89,0.94,0.83,0.52,1.77,1.24,1.31,0.65,0.38,1.38,0.0
47-2121.00,Glaziers,dependability|attention_to_detail|cautiousness|stress_tolerance|perseverance|achievement_orientation|self_confidence|self_control|integrity|adaptability,attention_to_detail|dependability,0.0,0.0,1.0,0.0,0.0,2.0,0.0,0.0,0.0,0.0,0.0,0.0,0.0,0.0,0.0,0.0,0.0,0.0,0.0,0.0,0.0,1.01,0.81,2.14,1.96,0.71,2.25,-0.1,-0.08,0.06,0.09,0.91,0.07,-0.22,-0.18,1.07,0.97,0.95,0.21,0.18,1.27,-0.4
47-2131.00,"Insulation Workers, Floor, Ceiling, and Wall",dependability|attention_to_detail|cautiousness|stress_tolerance|integrity|perseverance|achievement_orientation|cooperation|self_control|self_confidence,dependability,0.0,0.0,0.0,0.0,0.0,1.0,0.0,0.0,0.0,0.0,0.0,0.0,0.0,0.0,0.0,0.0,0.0,0.0,0.0,0.0,0.0,0.78,0.08,1.92,1.56,0.73,2.22,-0.1,-0.18,0.14,-0.26,0.94,-0.17,-0.34,0.01,0.88,0.46,0.55,0.1,-0.3,0.97,-0.59
47-2132.00,"Insulation Workers, Mechanical",dependability|attention_to_detail|cautiousness|perseverance|achievement_orientation|integrity|stress_tolerance|cooperation|self_confidence|self_control,dependability,0.0,0.0,0.0,0.0,0.0,1.0,0.0,0.0,0.0,0.0,0.0,0.0,0.0,0.0,0.0,0.0,0.0,0.0,0.0,0.0,0.0,0.8,0.4,1.97,1.5,0.66,2.14,-0.16,-0.27,0.3,-0.06,0.78,0.2,-0.32,-0.01,0.93,0.58,0.57,0.17,-0.18,0.72,-0.52
47-2141.00,"Painters, Construction and Maintenance",dependability|attention_to_detail|cautiousness|perseverance|achievement_orientation|stress_tolerance|integrity|self_control|self_confidence|cooperation,dependability,0.0,0.0,0.0,0.0,0.0,1.0,0.0,0.0,0.0,0.0,0.0,0.0,0.0,0.0,0.0,0.0,0.0,0.0,0.0,0.0,0.0,0.89,0.57,1.89,1.38,0.62,2.14,-0.06,-0.23,0.38,0.28,0.82,0.09,-0.32,0.47,1.07,0.62,0.75,0.25,-0.16,0.88,-0.38
47-2142.00,Paperhangers,attention_to_detail|dependability|cautiousness|perseverance|achievement_orientation|self_confidence|self_control|integrity|stress_tolerance|cooperation,attention_to_detail|dependability,0.0,0.0,1.0,0.0,0.0,2.0,0.0,0.0,0.0,0.0,0.0,0.0,0.0,0.0,0.0,0.0,0.0,0.0,0.0,0.0,0.0,0.78,0.08,2.25,1.11,0.27,2.11,-0.14,-0.36,-0.1,-0.24,0.41,-0.15,-0.34,0.02,0.93,0.5,0.46,0.08,-0.3,0.41,-0.79
47-2151.00,Pipelayers,dependability|attention_to_detail|cautiousness|perseverance|cooperation|integrity|stress_tolerance|achievement_orientation|self_control|self_confidence,dependability,0.0,0.0,0.0,0.0,0.0,1.0,0.0,0.0,0.0,0.0,0.0,0.0,0.0,0.0,0.0,0.0,0.0,0.0,0.0,0.0,0.0,0.89,0.42,1.86,1.5,1.06,2.27,-0.13,-0.14,0.3,-0.39,1.03,0.0,0.23,0.09,1.43,0.69,0.85,0.16,0.13,1.0,-0.4
47-2152.00,"Plumbers, Pipefitters, and Steamfitters",dependability|attention_to_detail|cautiousness|perseverance|integrity|stress_tolerance|achievement_orientation|self_confidence|adaptability|self_control,cautiousness|attention_to_detail|dependability,0.0,0.0,2.0,1.0,0.0,3.0,0.0,0.0,0.0,0.0,0.0,0.0,0.0,0.0,0.0,0.0,0.0,0.0,0.0,0.0,0.0,1.14,0.97,2.19,2.03,0.82,2.56,0.18,0.12,0.8,0.42,1.51,0.51,0.36,0.18,1.77,1.1,0.92,0.4,0.25,1.38,-0.11
47-2161.00,Plasterers and Stucco Masons,dependability|attention_to_detail|cautiousness|perseverance|achievement_orientation|stress_tolerance|cooperation|integrity|self_control|self_confidence,dependability,0.0,0.0,0.0,0.0,0.0,1.0,0.0,0.0,0.0,0.0,0.0,0.0,0.0,0.0,0.0,0.0,0.0,0.0,0.0,0.0,0.0,0.99,0.26,1.86,1.59,0.73,2.11,-0.12,-0.08,0.28,0.19,0.7,-0.17,-0.15,0.16,1.18,0.67,0.68,0.13,-0.05,0.84,-0.48
47-2171.00,Reinforcing Iron and Rebar Workers,dependability|attention_to_detail|cautiousness|stress_tolerance|perseverance|integrity|achievement_orientation|self_control|self_confidence|cooperation,attention_to_detail|dependability,0.0,0.0,1.0,0.0,0.0,2.0,0.0,0.0,0.0,0.0,0.0,0.0,0.0,0.0,0.0,0.0,0.0,0.0,0.0,0.0,0.0,0.84,0.03,2.05,1.76,0.68,2.27,-0.22,-0.25,-0.08,-0.45,1.01,-0.15,-0.38,-0.04,1.26,0.78,0.8,0.06,-0.37,1.27,-0.71
47-2181.00,Roofers,dependability|cautiousness|attention_to_detail|perseverance|stress_tolerance|integrity|self_confidence|achievement_orientation|self_control|cooperation,cautiousness|dependability,0.0,0.0,0.0,1.0,0.0,2.0,0.0,0.0,0.0,0.0,0.0,0.0,0.0,0.0,0.0,0.0,0.0,0.0,0.0,0.0,0.0,0.86,0.5,1.86,2.24,0.62,2.25,-0.05,-0.16,0.47,-0.16,1.08,-0.02,0.27,0.26,1.74,0.92,0.8,0.13,-0.27,1.58,-0.63
47-2211.00,Sheet Metal Workers,dependability|attention_to_detail|cautiousness|perseverance|achievement_orientation|stress_tolerance|integrity|self_confidence|adaptability|self_control,attention_to_detail|dependability,0.0,0.0,1.0,0.0,0.0,2.0,0.0,0.0,0.0,0.0,0.0,0.0,0.0,0.0,0.0,0.0,0.0,0.0,0.0,0.0,0.0,1.3,0.97,2.08,1.63,0.73,2.14,-0.01,0.1,0.74,0.77,1.08,0.51,0.41,0.16,1.52,0.98,0.87,0.2,0.18,1.16,-0.09
47-2221.00,Structural Iron and Steel Workers,dependability|cautiousness|attention_to_detail|stress_tolerance|perseverance|achievement_orientation|integrity|self_confidence|self_control|cooperation,cautiousness|attention_to_detail|dependability,0.0,0.0,2.0,1.0,0.0,3.0,0.0,0.0,0.0,0.0,0.0,0.0,0.0,0.0,0.0,0.0,0.0,0.0,0.0,0.0,0.0,1.25,0.57,2.11,2.21,0.98,2.41,-0.09,-0.08,0.23,-0.28,1.15,-0.05,0.34,0.26,1.77,1.1,1.05,0.16,-0.05,1.86,-0.73
47-2231.00,Solar Photovoltaic Installers,dependability|attention_to_detail|cautiousness|integrity|perseverance|adaptability|achievement_orientation|stress_tolerance|self_confidence|cooperation,cautiousness|attention_to_detail|dependability,0.0,0.0,2.0,1.0,0.0,3.0,0.0,0.0,0.0,0.0,0.0,0.0,0.0,0.0,0.0,0.0,0.0,0.0,0.0,0.0,0.0,1.37,1.38,2.44,2.35,1.23,2.65,-0.02,0.24,0.85,0.75,1.73,0.92,0.32,0.56,1.52,1.26,1.0,0.38,0.16,1.29,0.45
47-3011.00,"Helpers--Brickmasons, Blockmasons, Stonemasons, and Tile and Marble Setters",dependability|attention_to_detail|cooperation|cautiousness|perseverance|stress_tolerance|integrity|humility|self_control|achievement_orientation,dependability,0.0,0.0,0.0,0.0,0.0,1.0,0.0,0.0,0.0,0.0,0.0,0.0,0.0,0.0,0.0,0.0,0.0,0.0,0.0,0.0,0.0,0.57,0.36,1.67,1.44,1.53,2.11,-0.06,0.81,-0.1,-0.24,0.87,-0.22,-0.7,0.3,1.12,0.15,0.68,0.18,-0.21,0.93,-0.75
47-3012.00,Helpers--Carpenters,dependability|attention_to_detail|cooperation|cautiousness|perseverance|humility|integrity|stress_tolerance|self_control|achievement_orientation,dependability,0.0,0.0,0.0,0.0,0.0,1.0,0.0,0.0,0.0,0.0,0.0,0.0,0.0,0.0,0.0,0.0,0.0,0.0,0.0,0.0,0.0,0.59,0.36,1.71,1.38,1.44,2.03,-0.03,0.78,0.06,-0.35,0.78,-0.26,-0.56,0.4,0.9,0.25,0.66,0.23,-0.05,0.66,-0.65
47-3013.00,Helpers--Electricians,dependability|attention_to_detail|cooperation|cautiousness|perseverance|integrity|stress_tolerance|self_control|achievement_orientation|adaptability,dependability,0.0,0.0,0.0,0.0,0.0,1.0,0.0,0.0,0.0,0.0,0.0,0.0,0.0,0.0,0.0,0.0,0.0,0.0,0.0,0.0,0.0,0.57,0.57,1.86,1.56,1.57,2.14,0.05,0.45,0.35,-0.28,1.01,0.14,-0.47,0.3,1.07,0.44,0.75,0.18,0.29,0.93,-0.46
47-3014.00,"Helpers--Painters, Paperhangers, Plasterers, and Stucco Masons",dependability|cooperation|attention_to_detail|cautiousness|humility|integrity|stress_tolerance|self_control|optimism|perseverance,dependability,0.0,0.0,0.0,0.0,0.0,1.0,0.0,0.0,0.0,0.0,0.0,0.0,0.0,0.0,0.0,0.0,0.0,0.0,0.0,0.0,0.0,0.32,0.05,1.38,1.23,1.57,1.98,-0.02,0.87,-0.09,-0.37,0.76,-0.31,-0.75,0.4,0.39,0.15,0.53,0.27,-0.03,0.55,-0.65
47-3015.00,"Helpers--Pipelayers, Plumbers, Pipefitters, and Steamfitters",dependability|attention_to_detail|cooperation|cautiousness|perseverance|stress_tolerance|integrity|achievement_orientation|adaptability|self_control,dependability,0.0,0.0,0.0,0.0,0.0,1.0,0.0,0.0,0.0,0.0,0.0,0.0,0.0,0.0,0.0,0.0,0.0,0.0,0.0,0.0,0.0,0.63,0.57,1.86,1.41,1.7,2.14,-0.05,0.56,0.2,-0.2,1.01,-0.07,-0.63,0.3,1.02,0.39,0.57,0.22,-0.03,1.02,-0.32
47-3016.00,Helpers--Roofers,dependability|attention_to_detail|cautiousness|cooperation|stress_tolerance|integrity|perseverance|self_control|achievement_orientation|optimism,dependability,0.0,0.0,0.0,0.0,0.0,1.0,0.0,0.0,0.0,0.0,0.0,0.0,0.0,0.0,0.0,0.0,0.0,0.0,0.0,0.0,0.0,0.46,0.06,1.57,1.56,1.26,2.11,-0.14,0.32,0.22,-0.48,1.01,-0.3,-0.45,0.38,0.93,0.25,0.7,0.11,-0.25,1.16,-0.48
47-4011.00,Construction and Building Inspectors,attention_to_detail|dependability|cautiousness|integrity|leadership_orientation|perseverance|achievement_orientation|self_confidence|self_control|stress_tolerance,cautiousness|integrity|attention_to_detail|dependability,0.0,0.0,3.0,1.0,0.0,4.0,0.0,0.0,0.0,0.0,2.0,0.0,0.0,0.0,0.0,0.0,0.0,0.0,0.0,0.0,0.0,1.66,1.14,2.7,2.62,1.26,2.65,0.16,0.5,1.15,-0.32,2.55,1.26,1.78,0.02,1.77,1.57,1.5,1.14,0.88,1.49,0.35
47-4021.00,Elevator and Escalator Installers and Repairers,attention_to_detail|dependability|cautiousness|integrity|perseverance|stress_tolerance|achievement_orientation|self_confidence|cooperation|self_control,cautiousness|attention_to_detail|dependability,0.0,0.0,2.0,1.0,0.0,3.0,0.0,0.0,0.0,0.0,0.0,0.0,0.0,0.0,0.0,0.0,0.0,0.0,0.0,0.0,0.0,1.25,0.91,2.74,2.62,1.0,2.65,-0.06,0.17,0.78,0.04,1.89,0.94,-0.13,0.26,1.8,1.21,1.0,0.32,0.07,1.64,0.18
47-4031.00,Fence Erectors,dependability|attention_to_detail|cautiousness|perseverance|achievement_orientation|integrity|cooperation|self_confidence|stress_tolerance|self_control,dependability,0.0,0.0,0.0,0.0,0.0,1.0,0.0,0.0,0.0,0.0,0.0,0.0,0.0,0.0,0.0,0.0,0.0,0.0,0.0,0.0,0.0,0.78,0.16,1.71,1.32,0.68,2.14,-0.05,-0.28,0.28,-0.1,0.74,-0.21,-0.02,0.06,0.95,0.6,0.48,0.23,-0.05,0.58,-0.57
47-4041.00,Hazardous Materials Removal Workers,cautiousness|attention_to_detail|dependability|stress_tolerance|integrity|perseverance|self_control|adaptability|cooperation|self_confidence,stress_tolerance|cautiousness|integrity|attention_to_detail|dependability,0.0,0.0,4.0,2.0,0.0,5.0,0.0,0.0,0.0,0.0,3.0,0.0,0.0,0.0,0.0,0.0,0.0,0.0,0.0,1.0,0.0,0.86,1.26,2.7,2.74,1.15,2.65,-0.16,0.29,0.38,-0.5,2.21,0.37,-0.38,-0.06,1.97,0.92,1.8,0.57,-0.23,2.24,0.18
47-4051.00,Highway Maintenance Workers,dependability|cautiousness|attention_to_detail|perseverance|stress_tolerance|cooperation|self_control|integrity|adaptability|achievement_orientation,dependability,0.0,0.0,0.0,0.0,0.0,1.0,0.0,0.0,0.0,0.0,0.0,0.0,0.0,0.0,0.0,0.0,0.0,0.0,0.0,0.0,0.0,0.66,0.94,1.49,1.76,1.2,2.53,0.02,-0.16,0.59,-0.37,0.96,-0.14,-0.11,0.52,1.46,0.52,1.0,0.14,-0.09,1.38,-0.5
47-4061.00,Rail-Track Laying and Maintenance Equipment Operators,dependability|cautiousness|attention_to_detail|stress_tolerance|perseverance|integrity|cooperation|self_control|achievement_orientation|self_confidence,cautiousness|attention_to_detail|dependability,0.0,0.0,2.0,1.0,0.0,3.0,0.0,0.0,0.0,0.0,0.0,0.0,0.0,0.0,0.0,0.0,0.0,0.0,0.0,0.0,0.0,0.8,0.26,2.19,2.28,1.03,2.56,-0.12,-0.16,0.28,-0.37,1.23,-0.03,-0.36,-0.01,1.23,0.58,0.95,0.13,-0.3,1.35,-0.71
47-4071.00,Septic Tank Servicers and Sewer Pipe Cleaners,dependability|cautiousness|attention_to_detail|perseverance|stress_tolerance|self_control|integrity|cooperation|adaptability|achievement_orientation,dependability,0.0,0.0,0.0,0.0,0.0,1.0,0.0,0.0,0.0,0.0,0.0,0.0,0.0,0.0,0.0,0.0,0.0,0.0,0.0,0.0,0.0,0.65,0.73,1.71,1.99,0.75,2.22,-0.1,0.19,0.61,-0.28,1.01,0.01,-0.17,0.49,1.64,0.54,1.03,0.37,-0.16,1.46,0.12
47-4091.00,Segmental Pavers,dependability|attention_to_detail|cautiousness|perseverance|achievement_orientation|integrity|stress_tolerance|cooperation|self_control|self_confidence,dependability,0.0,0.0,0.0,0.0,0.0,1.0,0.0,0.0,0.0,0.0,0.0,0.0,0.0,0.0,0.0,0.0,0.0,0.0,0.0,0.0,0.0,0.99,0.26,2.0,1.38,0.71,2.14,-0.08,-0.01,0.23,0.15,0.82,-0.17,-0.15,0.06,1.07,0.58,0.68,0.23,0.07,0.82,-0.46
47-5011.00,"Derrick Operators, Oil and Gas",cautiousness|dependability|attention_to_detail|stress_tolerance|perseverance|integrity|self_control|self_confidence|achievement_orientation|leadership_orientation,cautiousness|attention_to_detail|dependability,0.0,0.0,2.0,1.0,0.0,3.0,0.0,0.0,0.0,0.0,0.0,0.0,0.0,0.0,0.0,0.0,0.0,0.0,0.0,0.0,0.0,1.25,1.22,2.08,2.5,1.11,2.47,-0.06,0.12,0.74,-0.48,1.63,0.15,1.24,0.3,1.74,1.32,1.47,0.27,-0.07,1.99,-0.05
47-5012.00,"Rotary Drill Operators, Oil and Gas",dependability|cautiousness|attention_to_detail|stress_tolerance|perseverance|leadership_orientation|integrity|achievement_orientation|self_control|cooperation,stress_tolerance|cautiousness|attention_to_detail|dependability,0.0,0.0,3.0,2.0,0.0,4.0,0.0,0.0,0.0,0.0,0.0,0.0,0.0,0.0,0.0,0.0,0.0,0.0,0.0,1.0,0.0,1.47,1.35,2.19,2.5,1.44,2.56,-0.09,0.1,1.0,-0.18,1.7,0.51,1.89,0.38,1.97,1.26,1.47,0.33,0.43,2.17,0.38
47-5013.00,"Service Unit Operators, Oil and Gas",cautiousness|dependability|attention_to_detail|stress_tolerance|perseverance|adaptability|self_control|self_confidence|integrity|achievement_orientation,stress_tolerance|cautiousness|attention_to_detail|dependability,0.0,0.0,3.0,2.0,0.0,4.0,0.0,0.0,0.0,0.0,0.0,0.0,0.0,0.0,0.0,0.0,0.0,0.0,0.0,1.0,0.0,1.2,1.38,2.11,2.47,0.92,2.47,-0.17,-0.06,0.87,-0.3,1.21,0.51,0.32,0.15,1.77,1.26,1.37,0.23,-0.09,2.06,0.93
47-5022.00,"Excavating and Loading Machine and Dragline Operators, Surface Mining",dependability|cautiousness|attention_to_detail|stress_tolerance|perseverance|self_confidence|achievement_orientation|self_control|integrity|adaptability,cautiousness|dependability,0.0,0.0,0.0,1.0,0.0,2.0,0.0,0.0,0.0,0.0,0.0,0.0,0.0,0.0,0.0,0.0,0.0,0.0,0.0,0.0,0.0,0.8,0.42,1.57,2.32,0.37,2.44,-0.21,-0.28,0.25,-0.45,0.78,-0.03,-0.26,0.06,1.02,0.89,0.8,0.05,-0.34,1.32,-0.55
47-5023.00,"Earth Drillers, Except Oil and Gas",dependability|cautiousness|attention_to_detail|perseverance|stress_tolerance|integrity|self_control|self_confidence|achievement_orientation|adaptability,cautiousness|attention_to_detail|dependability,0.0,0.0,2.0,1.0,0.0,3.0,0.0,0.0,0.0,0.0,0.0,0.0,0.0,0.0,0.0,0.0,0.0,0.0,0.0,0.0,0.0,1.01,0.89,2.05,2.24,0.51,2.36,-0.16,-0.16,0.53,-0.02,1.29,0.45,-0.11,0.3,1.7,1.13,1.25,0.06,-0.34,1.52,0.16
47-5032.00,"Explosives Workers, Ordnance Handling Experts, and Blasters",cautiousness|attention_to_detail|stress_tolerance|dependability|integrity|self_control|perseverance|self_confidence|achievement_orientation|cooperation,stress_tolerance|self_control|cautiousness|integrity|attention_to_detail|dependability,0.0,0.0,5.0,3.0,0.0,6.0,0.0,0.0,0.0,0.0,4.0,0.0,0.0,0.0,0.0,0.0,2.0,0.0,0.0,1.0,0.0,1.16,0.89,3.0,3.0,0.9,2.93,-0.2,0.1,0.19,-0.45,2.55,0.6,0.38,0.07,1.9,1.35,2.55,0.36,-0.48,3.0,-0.86
47-5041.00,Continuous Mining Machine Operators,dependability|cautiousness|attention_to_detail|stress_tolerance|perseverance|self_control|integrity|achievement_orientation|self_confidence|adaptability,stress_tolerance|cautiousness|attention_to_detail|dependability,0.0,0.0,3.0,2.0,0.0,4.0,0.0,0.0,0.0,0.0,0.0,0.0,0.0,0.0,0.0,0.0,0.0,0.0,0.0,1.0,0.0,0.95,0.81,2.11,2.5,0.55,2.65,-0.14,-0.16,0.35,-0.68,1.54,0.04,-0.26,0.01,1.9,0.85,1.6,0.04,-0.52,2.06,-0.57
47-5043.00,"Roof Bolters, Mining",dependability|cautiousness|attention_to_detail|stress_tolerance|perseverance|self_control|integrity|achievement_orientation|self_confidence|initiative,stress_tolerance|cautiousness|attention_to_detail|dependability,0.0,0.0,3.0,2.0,0.0,4.0,0.0,0.0,0.0,0.0,0.0,0.0,0.0,0.0,0.0,0.0,0.0,0.0,0.0,1.0,0.0,0.82,-0.21,2.22,2.39,-0.17,2.65,-0.13,-0.25,0.2,-0.71,1.34,-0.12,-0.36,0.04,1.77,0.8,1.56,-0.01,-0.55,2.1,-0.44
47-5044.00,"Loading and Moving Machine Operators, Underground Mining",dependability|cautiousness|stress_tolerance|attention_to_detail|perseverance|integrity|self_control|self_confidence|cooperation|achievement_orientation,stress_tolerance|cautiousness|dependability,0.0,0.0,0.0,2.0,0.0,3.0,0.0,0.0,0.0,0.0,0.0,0.0,0.0,0.0,0.0,0.0,0.0,0.0,0.0,1.0,0.0,0.65,0.44,1.86,2.28,0.66,2.65,-0.22,-0.2,0.23,-0.57,1.37,0.01,-0.43,0.11,1.49,0.67,1.19,0.04,-0.52,2.1,-0.48
47-5051.00,"Rock Splitters, Quarry",dependability|cautiousness|attention_to_detail|perseverance|stress_tolerance|achievement_orientation|self_control|self_confidence|integrity|sincerity,dependability,0.0,0.0,0.0,0.0,0.0,1.0,0.0,0.0,0.0,0.0,0.0,0.0,0.0,0.0,0.0,0.0,0.0,0.0,0.0,0.0,0.0,0.65,-0.23,1.51,1.63,-0.17,1.88,-0.22,-0.45,-0.23,-0.59,0.21,-0.28,-0.52,-0.18,1.0,0.32,0.48,0.0,-0.59,0.97,-0.79
47-5071.00,"Roustabouts, Oil and Gas",dependability|cautiousness|attention_to_detail|perseverance|stress_tolerance|integrity|self_control|self_confidence|cooperation|achievement_orientation,dependability,0.0,0.0,0.0,0.0,0.0,1.0,0.0,0.0,0.0,0.0,0.0,0.0,0.0,0.0,0.0,0.0,0.0,0.0,0.0,0.0,0.0,0.77,0.73,1.84,1.86,0.8,2.3,-0.14,0.05,0.42,-0.61,1.21,-0.05,-0.11,0.18,1.64,0.92,0.95,0.14,-0.23,1.58,-0.3
47-5081.00,Helpers--Extraction Workers,dependability|cautiousness|attention_to_detail|stress_tolerance|self_control|integrity|cooperation|perseverance|achievement_orientation|adaptability,dependability,0.0,0.0,0.0,0.0,0.0,1.0,0.0,0.0,0.0,0.0,0.0,0.0,0.0,0.0,0.0,0.0,0.0,0.0,0.0,0.0,0.0,0.57,0.48,1.71,1.79,1.11,2.19,-0.1,0.47,0.07,-0.52,1.21,-0.17,-0.45,0.22,1.07,0.19,1.28,0.12,-0.25,1.4,-0.36
49-1011.00,"First-Line Supervisors of Mechanics, Installers, and Repairers",dependability|leadership_orientation|attention_to_detail|cooperation|cautiousness|integrity|self_control|achievement_orientation|stress_tolerance|perseverance,leadership_orientation|cooperation|cautiousness|attention_to_detail|dependability,0.0,0.0,4.0,3.0,2.0,5.0,0.0,0.0,0.0,0.0,0.0,0.0,1.0,0.0,0.0,0.0,0.0,0.0,0.0,0.0,0.0,1.89,1.22,2.19,2.03,2.07,2.65,1.07,0.87,1.5,0.97,1.99,0.89,2.64,0.93,1.77,1.66,1.91,1.02,1.52,1.8,0.87
49-2011.00,"Computer, Automated Teller, and Office Machine Repairers",attention_to_detail|dependability|cautiousness|perseverance|integrity|achievement_orientation|stress_tolerance|intellectual_curiosity|cooperation|self_control,attention_to_detail|dependability,0.0,0.0,1.0,0.0,0.0,2.0,0.0,0.0,0.0,0.0,0.0,0.0,0.0,0.0,0.0,0.0,0.0,0.0,0.0,0.0,0.0,1.25,0.46,2.5,1.99,1.06,2.41,0.54,0.19,0.78,0.7,1.57,1.17,-0.13,0.06,1.58,0.89,0.95,0.63,0.9,1.19,-0.21
49-2021.00,"Radio, Cellular, and Tower Equipment Installers and Repairers",dependability|attention_to_detail|cautiousness|perseverance|integrity|adaptability|stress_tolerance|achievement_orientation|self_confidence|self_control,cautiousness|attention_to_detail|dependability,0.0,0.0,2.0,1.0,0.0,3.0,0.0,0.0,0.0,0.0,0.0,0.0,0.0,0.0,0.0,0.0,0.0,0.0,0.0,0.0,0.0,1.3,1.35,2.37,2.17,0.87,2.65,-0.13,-0.12,0.74,0.58,1.57,0.92,-0.13,0.15,1.77,1.21,1.14,0.16,-0.23,1.35,0.06
49-2022.00,"Telecommunications Equipment Installers and Repairers, Except Line Installers",dependability|attention_to_detail|cautiousness|perseverance|cooperation|integrity|stress_tolerance|adaptability|achievement_orientation|self_control,attention_to_detail|dependability,0.0,0.0,1.0,0.0,0.0,2.0,0.0,0.0,0.0,0.0,0.0,0.0,0.0,0.0,0.0,0.0,0.0,0.0,0.0,0.0,0.0,1.27,1.29,2.53,1.96,1.63,2.56,0.71,0.34,0.95,0.72,1.6,0.92,0.1,0.59,1.77,1.1,1.19,0.76,1.02,1.38,0.74
49-2091.00,Avionics Technicians,attention_to_detail|dependability|cautiousness|integrity|intellectual_curiosity|perseverance|achievement_orientation|stress_tolerance|self_control|adaptability,cautiousness|integrity|attention_to_detail|dependability,0.0,0.0,3.0,1.0,0.0,4.0,0.0,0.0,0.0,0.0,2.0,0.0,0.0,0.0,0.0,0.0,0.0,0.0,0.0,0.0,0.0,1.74,1.22,3.0,2.58,1.08,2.65,-0.12,0.03,0.65,0.87,2.1,1.82,0.02,0.24,1.77,1.1,1.28,0.44,0.09,1.55,0.34
49-2092.00,"Electric Motor, Power Tool, and Related Repairers",attention_to_detail|dependability|cautiousness|integrity|perseverance|achievement_orientation|stress_tolerance|self_confidence|intellectual_curiosity|adaptability,attention_to_detail|dependability,0.0,0.0,1.0,0.0,0.0,2.0,0.0,0.0,0.0,0.0,0.0,0.0,0.0,0.0,0.0,0.0,0.0,0.0,0.0,0.0,0.0,1.07,0.78,2.41,1.93,0.55,2.3,-0.05,-0.1,0.45,0.39,1.29,0.84,-0.19,-0.01,1.23,0.89,0.68,0.41,-0.07,1.0,-0.19
49-2093.00,"Electrical and Electronics Installers and Repairers, Transportation Equipment",dependability|attention_to_detail|cautiousness|integrity|perseverance|stress_tolerance|adaptability|achievement_orientation|self_control|intellectual_curiosity,cautiousness|attention_to_detail|dependability,0.0,0.0,2.0,1.0,0.0,3.0,0.0,0.0,0.0,0.0,0.0,0.0,0.0,0.0,0.0,0.0,0.0,0.0,0.0,0.0,0.0,1.23,1.26,2.6,2.32,0.71,2.65,-0.08,0.05,0.55,0.46,1.76,0.97,-0.02,0.15,1.7,0.92,1.19,0.43,0.0,1.43,0.39
49-2094.00,"Electrical and Electronics Repairers, Commercial and Industrial Equipment",attention_to_detail|dependability|cautiousness|intellectual_curiosity|perseverance|integrity|achievement_orientation|stress_tolerance|adaptability|self_control,cautiousness|attention_to_detail|dependability,0.0,0.0,2.0,1.0,0.0,3.0,0.0,0.0,0.0,0.0,0.0,0.0,0.0,0.0,0.0,0.0,0.0,0.0,0.0,0.0,0.0,1.58,1.22,2.7,2.21,1.0,2.65,0.05,-0.12,0.23,1.12,1.7,1.71,0.19,0.34,1.7,1.07,1.19,0.53,0.41,1.35,0.66
49-2095.00,"Electrical and Electronics Repairers, Powerhouse, Substation, and Relay",attention_to_detail|dependability|cautiousness|integrity|intellectual_curiosity|stress_tolerance|perseverance|achievement_orientation|self_control|self_confidence,cautiousness|attention_to_detail|dependability,0.0,0.0,2.0,1.0,0.0,3.0,0.0,0.0,0.0,0.0,0.0,0.0,0.0,0.0,0.0,0.0,0.0,0.0,0.0,0.0,0.0,1.47,0.94,2.7,2.62,0.75,2.65,-0.08,-0.04,0.49,0.72,1.89,1.86,-0.05,0.22,1.61,1.21,1.4,0.5,0.02,1.64,0.31
49-2096.00,"Electronic Equipment Installers and Repairers, Motor Vehicles",attention_to_detail|dependability|cautiousness|perseverance|integrity|achievement_orientation|adaptability|stress_tolerance|intellectual_curiosity|self_control,attention_to_detail|dependability,0.0,0.0,1.0,0.0,0.0,2.0,0.0,0.0,0.0,0.0,0.0,0.0,0.0,0.0,0.0,0.0,0.0,0.0,0.0,0.0,0.0,1.18,1.05,2.44,1.63,0.75,2.19,0.12,0.08,0.74,0.75,1.34,0.89,-0.11,0.32,1.43,0.75,0.85,0.6,0.65,1.02,0.25
49-2097.00,Audiovisual Equipment Installers and Repairers,attention_to_detail|dependability|cautiousness|perseverance|achievement_orientation|self_control|adaptability|integrity|cooperation|stress_tolerance,attention_to_detail|dependability,0.0,0.0,1.0,0.0,0.0,2.0,0.0,0.0,0.0,0.0,0.0,0.0,0.0,0.0,0.0,0.0,0.0,0.0,0.0,0.0,0.0,1.16,1.11,2.37,1.76,1.06,2.19,0.6,0.4,0.67,0.63,1.08,0.92,0.02,0.54,1.2,0.94,1.14,0.65,0.93,0.97,0.08
49-2098.00,Security and Fire Alarm Systems Installers,attention_to_detail|dependability|integrity|cautiousness|perseverance|stress_tolerance|achievement_orientation|adaptability|self_confidence|cooperation,cautiousness|integrity|attention_to_detail|dependability,0.0,0.0,3.0,1.0,0.0,4.0,0.0,0.0,0.0,0.0,2.0,0.0,0.0,0.0,0.0,0.0,0.0,0.0,0.0,0.0,0.0,1.3,1.11,2.67,2.1,1.0,2.65,0.37,0.15,0.97,0.42,2.28,0.84,0.19,0.32,1.52,1.1,0.95,0.72,0.63,1.32,0.1
49-3011.00,Aircraft Mechanics and Service Technicians,attention_to_detail|dependability|cautiousness|integrity|stress_tolerance|perseverance|achievement_orientation|self_control|adaptability|intellectual_curiosity,cautiousness|integrity|attention_to_detail|dependability,0.0,0.0,3.0,1.0,0.0,4.0,0.0,0.0,0.0,0.0,2.0,0.0,0.0,0.0,0.0,0.0,0.0,0.0,0.0,0.0,0.0,1.74,1.22,3.0,2.62,1.03,2.65,-0.02,0.27,0.85,0.56,2.17,1.2,-0.07,0.26,1.77,1.1,1.6,0.84,0.18,1.96,0.22
49-3021.00,Automotive Body and Related Repairers,attention_to_detail|dependability|cautiousness|perseverance|stress_tolerance|achievement_orientation|integrity|self_confidence|self_control|adaptability,attention_to_detail|dependability,0.0,0.0,1.0,0.0,0.0,2.0,0.0,0.0,0.0,0.0,0.0,0.0,0.0,0.0,0.0,0.0,0.0,0.0,0.0,0.0,0.0,1.16,0.73,2.44,1.66,0.62,2.19,-0.08,0.08,0.35,0.33,1.03,0.62,-0.38,0.28,1.43,0.92,0.8,0.49,-0.03,1.24,-0.34
49-3022.00,Automotive Glass Installers and Repairers,attention_to_detail|dependability|cautiousness|stress_tolerance|integrity|perseverance|achievement_orientation|self_control|self_confidence|sincerity,attention_to_detail|dependability,0.0,0.0,1.0,0.0,0.0,2.0,0.0,0.0,0.0,0.0,0.0,0.0,0.0,0.0,0.0,0.0,0.0,0.0,0.0,0.0,0.0,0.8,0.46,2.37,1.96,0.1,2.19,0.01,-0.18,0.33,0.04,1.03,-0.03,-0.32,-0.01,0.93,0.6,0.68,0.47,-0.03,1.07,-0.4
49-3023.00,Automotive Service Technicians and Mechanics,attention_to_detail|dependability|perseverance|integrity|cautiousness|stress_tolerance|achievement_orientation|adaptability|intellectual_curiosity|self_control,attention_to_detail|dependability,0.0,0.0,1.0,0.0,0.0,2.0,0.0,0.0,0.0,0.0,0.0,0.0,0.0,0.0,0.0,0.0,0.0,0.0,0.0,0.0,0.0,1.27,1.19,2.5,1.56,0.87,2.39,0.27,0.17,0.43,0.82,1.63,1.0,0.08,0.36,1.77,0.5,0.95,0.62,0.43,1.4,0.93
49-3031.00,Bus and Truck Mechanics and Diesel Engine Specialists,dependability|attention_to_detail|cautiousness|perseverance|stress_tolerance|integrity|achievement_orientation|intellectual_curiosity|adaptability|innovation,attention_to_detail|dependability,0.0,0.0,1.0,0.0,0.0,2.0,0.0,0.0,0.0,0.0,0.0,0.0,0.0,0.0,0.0,0.0,0.0,0.0,0.0,0.0,0.0,1.12,0.89,2.44,1.96,0.71,2.47,-0.03,-0.08,0.76,0.84,1.23,0.97,-0.07,0.34,1.77,0.82,0.75,0.49,-0.14,1.27,0.25
49-3041.00,Farm Equipment Mechanics and Service Technicians,dependability|attention_to_detail|cautiousness|perseverance|achievement_orientation|integrity|stress_tolerance|initiative|adaptability|intellectual_curiosity,attention_to_detail|dependability,0.0,0.0,1.0,0.0,0.0,2.0,0.0,0.0,0.0,0.0,0.0,0.0,0.0,0.0,0.0,0.0,0.0,0.0,0.0,0.0,0.0,1.23,0.97,2.37,1.79,0.73,2.47,0.05,0.19,0.97,0.75,1.21,0.94,0.0,0.47,1.77,0.87,0.8,0.65,0.11,1.19,0.6
49-3042.00,"Mobile Heavy Equipment Mechanics, Except Engines",dependability|attention_to_detail|cautiousness|perseverance|integrity|stress_tolerance|achievement_orientation|intellectual_curiosity|self_confidence|self_control,cautiousness|attention_to_detail|dependability,0.0,0.0,2.0,1.0,0.0,3.0,0.0,0.0,0.0,0.0,0.0,0.0,0.0,0.0,0.0,0.0,0.0,0.0,0.0,0.0,0.0,1.32,0.89,2.5,2.03,0.55,2.65,-0.06,0.05,0.92,0.75,1.6,1.08,0.04,0.16,1.77,0.97,0.95,0.46,0.02,1.4,0.6
49-3043.00,Rail Car Repairers,dependability|attention_to_detail|cautiousness|perseverance|integrity|stress_tolerance|achievement_orientation|self_control|intellectual_curiosity|adaptability,cautiousness|attention_to_detail|dependability,0.0,0.0,2.0,1.0,0.0,3.0,0.0,0.0,0.0,0.0,0.0,0.0,0.0,0.0,0.0,0.0,0.0,0.0,0.0,0.0,0.0,1.16,0.73,2.41,2.03,0.68,2.47,-0.18,-0.14,0.57,0.37,1.43,0.79,-0.22,0.06,1.52,0.6,0.8,0.5,-0.21,1.27,-0.07
49-3051.00,Motorboat Mechanics and Service Technicians,attention_to_detail|dependability|cautiousness|perseverance|stress_tolerance|achievement_orientation|integrity|intellectual_curiosity|self_confidence|initiative,attention_to_detail|dependability,0.0,0.0,1.0,0.0,0.0,2.0,0.0,0.0,0.0,0.0,0.0,0.0,0.0,0.0,0.0,0.0,0.0,0.0,0.0,0.0,0.0,1.16,0.66,2.37,1.99,0.34,2.33,-0.09,-0.14,0.74,0.44,1.15,0.87,-0.28,0.09,1.58,0.78,0.7,0.47,0.07,1.24,-0.09
49-3052.00,Motorcycle Mechanics,attention_to_detail|dependability|perseverance|cautiousness|stress_tolerance|achievement_orientation|integrity|self_confidence|adaptability|intellectual_curiosity,attention_to_detail|dependability,0.0,0.0,1.0,0.0,0.0,2.0,0.0,0.0,0.0,0.0,0.0,0.0,0.0,0.0,0.0,0.0,0.0,0.0,0.0,0.0,0.0,1.09,0.81,2.47,1.63,0.73,2.19,0.21,-0.1,0.72,0.67,1.06,0.79,-0.19,0.24,1.64,0.82,0.75,0.55,0.25,1.27,0.41
49-3053.00,Outdoor Power Equipment and Other Small Engine Mechanics,attention_to_detail|dependability|cautiousness|perseverance|integrity|achievement_orientation|stress_tolerance|self_confidence|intellectual_curiosity|self_control,attention_to_detail|dependability,0.0,0.0,1.0,0.0,0.0,2.0,0.0,0.0,0.0,0.0,0.0,0.0,0.0,0.0,0.0,0.0,0.0,0.0,0.0,0.0,0.0,1.12,0.48,2.37,1.63,0.64,2.14,0.08,-0.01,0.61,0.49,1.26,0.79,-0.22,0.32,1.28,0.87,0.75,0.6,0.45,0.93,0.0
49-3091.00,Bicycle Repairers,attention_to_detail|dependability|cautiousness|cooperation|perseverance|integrity|social_orientation|achievement_orientation|empathy|intellectual_curiosity,attention_to_detail|dependability,0.0,0.0,1.0,0.0,0.0,2.0,0.0,0.0,0.0,0.0,0.0,0.0,0.0,0.0,0.0,0.0,0.0,0.0,0.0,0.0,0.0,1.05,0.45,2.25,1.5,1.26,2.14,0.77,0.64,0.74,0.37,1.13,0.74,-0.09,0.66,1.18,0.58,0.61,0.74,1.11,0.66,-0.23
49-3092.00,Recreational Vehicle Service Technicians,attention_to_detail|dependability|cautiousness|perseverance|integrity|self_control|stress_tolerance|achievement_orientation|adaptability|cooperation,attention_to_detail|dependability,0.0,0.0,1.0,0.0,0.0,2.0,0.0,0.0,0.0,0.0,0.0,0.0,0.0,0.0,0.0,0.0,0.0,0.0,0.0,0.0,0.0,1.18,1.11,2.44,1.93,1.0,2.25,0.48,0.1,0.83,0.65,1.63,0.94,0.02,0.59,1.67,0.85,1.37,0.74,0.77,1.29,0.62
49-3093.00,Tire Repairers and Changers,dependability|attention_to_detail|cautiousness|stress_tolerance|integrity|perseverance|cooperation|self_control|achievement_orientation|self_confidence,dependability,0.0,0.0,0.0,0.0,0.0,1.0,0.0,0.0,0.0,0.0,0.0,0.0,0.0,0.0,0.0,0.0,0.0,0.0,0.0,0.0,0.0,0.56,0.08,1.86,1.56,0.71,2.06,-0.05,-0.14,0.3,-0.5,0.96,0.06,-0.43,0.16,0.88,0.39,0.68,0.34,-0.07,1.09,-0.59
49-9011.00,Mechanical Door Repairers,dependability|attention_to_detail|cautiousness|integrity|perseverance|achievement_orientation|stress_tolerance|initiative|self_confidence|cooperation,attention_to_detail|dependability,0.0,0.0,1.0,0.0,0.0,2.0,0.0,0.0,0.0,0.0,0.0,0.0,0.0,0.0,0.0,0.0,0.0,0.0,0.0,0.0,0.0,1.05,0.59,2.05,1.66,0.71,2.25,0.07,0.03,0.76,0.3,1.37,0.62,-0.02,0.13,1.1,0.75,0.7,0.57,0.18,0.97,-0.15
49-9012.00,"Control and Valve Installers and Repairers, Except Mechanical Door",attention_to_detail|dependability|cautiousness|integrity|stress_tolerance|perseverance|achievement_orientation|intellectual_curiosity|cooperation|self_control,cautiousness|attention_to_detail|dependability,0.0,0.0,2.0,1.0,0.0,3.0,0.0,0.0,0.0,0.0,0.0,0.0,0.0,0.0,0.0,0.0,0.0,0.0,0.0,0.0,0.0,1.09,0.44,2.47,2.21,0.66,2.47,-0.13,-0.06,0.35,-0.04,1.79,0.87,-0.21,0.01,1.15,0.6,0.66,0.3,-0.16,1.22,-0.42
49-9021.00,"Heating, Air Conditioning, and Refrigeration Mechanics and Installers",dependability|attention_to_detail|cautiousness|perseverance|integrity|stress_tolerance|self_control|adaptability|achievement_orientation|cooperation,cautiousness|attention_to_detail|dependability,0.0,0.0,2.0,1.0,0.0,3.0,0.0,0.0,0.0,0.0,0.0,0.0,0.0,0.0,0.0,0.0,0.0,0.0,0.0,0.0,0.0,1.16,1.19,2.5,2.06,1.08,2.65,0.16,0.29,0.95,0.33,1.51,0.92,0.38,0.52,1.74,0.97,1.25,0.74,0.45,1.49,-0.11
49-9031.00,Home Appliance Repairers,dependability|attention_to_detail|cautiousness|integrity|perseverance|self_control|achievement_orientation|stress_tolerance|sincerity|adaptability,cautiousness|attention_to_detail|dependability,0.0,0.0,2.0,1.0,0.0,3.0,0.0,0.0,0.0,0.0,0.0,0.0,0.0,0.0,0.0,0.0,0.0,0.0,0.0,0.0,0.0,1.14,1.08,2.31,2.06,1.08,2.47,0.82,0.56,1.0,0.49,1.73,0.87,0.19,0.78,1.61,0.92,1.19,1.09,0.9,1.11,0.37
49-9041.00,Industrial Machinery Mechanics,dependability|attention_to_detail|cautiousness|perseverance|integrity|stress_tolerance|achievement_orientation|self_control|self_confidence|initiative,cautiousness|attention_to_detail|dependability,0.0,0.0,2.0,1.0,0.0,3.0,0.0,0.0,0.0,0.0,0.0,0.0,0.0,0.0,0.0,0.0,0.0,0.0,0.0,0.0,0.0,1.2,0.91,2.57,2.1,0.71,2.65,-0.06,0.05,0.92,0.84,1.48,0.84,-0.05,0.34,1.77,0.94,1.08,0.5,0.04,1.35,0.22
49-9043.00,"Maintenance Workers, Machinery",dependability|attention_to_detail|cautiousness|perseverance|stress_tolerance|integrity|cooperation|achievement_orientation|self_control|self_confidence,attention_to_detail|dependability,0.0,0.0,1.0,0.0,0.0,2.0,0.0,0.0,0.0,0.0,0.0,0.0,0.0,0.0,0.0,0.0,0.0,0.0,0.0,0.0,0.0,0.82,0.59,2.19,1.89,0.92,2.5,-0.06,-0.14,0.53,-0.2,0.94,0.6,-0.4,0.07,1.43,0.62,0.8,0.27,0.11,1.19,-0.23
49-9044.00,Millwrights,dependability|attention_to_detail|cautiousness|perseverance|stress_tolerance|achievement_orientation|self_confidence|integrity|adaptability|initiative,attention_to_detail|dependability,0.0,0.0,1.0,0.0,0.0,2.0,0.0,0.0,0.0,0.0,0.0,0.0,0.0,0.0,0.0,0.0,0.0,0.0,0.0,0.0,0.0,1.25,0.99,2.47,1.96,0.85,2.59,-0.1,-0.01,0.9,0.39,1.1,0.81,0.36,-0.01,1.58,1.13,0.75,0.18,0.02,1.27,-0.3
49-9045.00,"Refractory Materials Repairers, Except Brickmasons",dependability|cautiousness|attention_to_detail|stress_tolerance|integrity|achievement_orientation|self_control|perseverance|self_confidence|cooperation,cautiousness|dependability,0.0,0.0,0.0,1.0,0.0,2.0,0.0,0.0,0.0,0.0,0.0,0.0,0.0,0.0,0.0,0.0,0.0,0.0,0.0,0.0,0.0,0.97,-0.32,1.92,2.03,0.32,2.3,-0.14,-0.27,0.05,-0.24,0.98,-0.03,-0.45,0.01,0.66,0.46,0.7,0.09,-0.73,1.24,-0.55
49-9051.00,Electrical Power-Line Installers and Repairers,cautiousness|dependability|attention_to_detail|stress_tolerance|perseverance|integrity|self_control|self_confidence|adaptability|cooperation,perseverance|stress_tolerance|cautiousness|attention_to_detail|dependability,0.0,0.0,4.0,3.0,0.0,5.0,0.0,0.0,0.0,0.0,0.0,0.0,0.0,0.0,1.0,0.0,0.0,0.0,0.0,2.0,0.0,1.2,1.38,2.41,2.74,1.35,2.65,-0.08,0.12,0.65,-0.32,1.86,0.53,0.47,0.47,2.04,1.44,1.8,0.21,-0.09,2.36,-0.09
49-9052.00,Telecommunications Line Installers and Repairers,dependability|attention_to_detail|cautiousness|perseverance|stress_tolerance|adaptability|integrity|cooperation|self_control|self_confidence,attention_to_detail|dependability,0.0,0.0,1.0,0.0,0.0,2.0,0.0,0.0,0.0,0.0,0.0,0.0,0.0,0.0,0.0,0.0,0.0,0.0,0.0,0.0,0.0,0.91,1.26,2.14,1.93,1.03,2.39,0.08,0.12,0.83,0.13,1.08,0.58,-0.09,0.32,1.7,0.92,0.95,0.52,0.22,1.4,0.31
49-9061.00,Camera and Photographic Equipment Repairers,attention_to_detail|dependability|cautiousness|achievement_orientation|perseverance|intellectual_curiosity|innovation|adaptability|self_confidence|integrity,attention_to_detail|dependability,0.0,0.0,1.0,0.0,0.0,2.0,0.0,0.0,0.0,0.0,0.0,0.0,0.0,0.0,0.0,0.0,0.0,0.0,0.0,0.0,0.0,1.45,0.89,2.77,1.89,0.09,2.19,-0.08,-0.18,0.49,0.94,0.82,1.2,-0.36,0.04,1.43,0.87,0.61,0.22,-0.27,0.8,0.0
49-9062.00,Medical Equipment Repairers,attention_to_detail|dependability|cautiousness|integrity|intellectual_curiosity|perseverance|achievement_orientation|stress_tolerance|cooperation|self_control,cautiousness|integrity|attention_to_detail|dependability,0.0,0.0,3.0,1.0,0.0,4.0,0.0,0.0,0.0,0.0,2.0,0.0,0.0,0.0,0.0,0.0,0.0,0.0,0.0,0.0,0.0,1.71,1.29,2.81,2.47,1.31,2.65,0.39,0.61,1.0,1.23,2.13,1.93,0.04,0.47,1.77,1.05,1.31,0.86,0.52,1.43,0.89
49-9063.00,Musical Instrument Repairers and Tuners,attention_to_detail|dependability|cautiousness|perseverance|achievement_orientation|innovation|intellectual_curiosity|integrity|self_confidence|adaptability,attention_to_detail|dependability,0.0,0.0,1.0,0.0,0.0,2.0,0.0,0.0,0.0,0.0,0.0,0.0,0.0,0.0,0.0,0.0,0.0,0.0,0.0,0.0,0.0,1.32,0.73,2.63,1.76,0.53,2.14,0.13,0.03,0.72,1.15,1.01,1.11,-0.34,0.24,1.49,0.97,0.66,0.67,-0.16,0.62,0.25
49-9064.00,Watch and Clock Repairers,attention_to_detail|cautiousness|dependability|integrity|perseverance|achievement_orientation|intellectual_curiosity|self_control|self_confidence|stress_tolerance,cautiousness|attention_to_detail|dependability,0.0,0.0,2.0,1.0,0.0,3.0,0.0,0.0,0.0,0.0,0.0,0.0,0.0,0.0,0.0,0.0,0.0,0.0,0.0,0.0,0.0,1.27,0.28,3.0,2.39,0.21,2.3,-0.03,-0.08,0.3,0.37,1.45,1.02,-0.52,-0.02,1.4,0.71,0.8,0.62,-0.05,0.64,-0.61
49-9071.00,"Maintenance and Repair Workers, General",dependability|attention_to_detail|cautiousness|perseverance|integrity|adaptability|initiative|stress_tolerance|self_control|innovation,attention_to_detail|dependability,0.0,0.0,1.0,0.0,0.0,2.0,0.0,0.0,0.0,0.0,0.0,0.0,0.0,0.0,0.0,0.0,0.0,0.0,0.0,0.0,0.0,1.12,1.44,2.25,1.76,0.98,2.65,0.08,0.1,1.32,1.12,1.45,1.02,0.25,0.52,1.74,0.94,1.19,0.44,0.18,1.29,0.74
49-9081.00,Wind Turbine Service Technicians,dependability|cautiousness|attention_to_detail|perseverance|adaptability|stress_tolerance|integrity|achievement_orientation|self_control|intellectual_curiosity,perseverance|adaptability|cautiousness|attention_to_detail|dependability,0.0,2.0,4.0,3.0,0.0,5.0,0.0,0.0,0.0,0.0,0.0,0.0,0.0,0.0,1.0,0.0,0.0,0.0,0.0,0.0,0.0,1.63,2.02,2.44,2.47,0.95,2.65,-0.08,0.15,1.35,1.12,1.7,1.38,0.12,0.56,2.15,1.26,1.4,0.53,0.2,1.83,1.12
49-9091.00,"Coin, Vending, and Amusement Machine Servicers and Repairers",dependability|attention_to_detail|integrity|cautiousness|perseverance|stress_tolerance|self_control|adaptability|achievement_orientation|cooperation,attention_to_detail|dependability,0.0,0.0,1.0,0.0,0.0,2.0,0.0,0.0,0.0,0.0,0.0,0.0,0.0,0.0,0.0,0.0,0.0,0.0,0.0,0.0,0.0,0.68,0.71,2.08,1.38,0.57,2.16,-0.14,-0.1,0.55,0.0,1.51,0.53,-0.36,0.15,1.07,0.54,0.73,0.38,-0.21,0.9,-0.27
49-9092.00,Commercial Divers,dependability|cautiousness|attention_to_detail|stress_tolerance|self_control|perseverance|adaptability|integrity|self_confidence|achievement_orientation,perseverance|stress_tolerance|self_control|cautiousness|attention_to_detail|dependability,0.0,0.0,5.0,4.0,0.0,6.0,0.0,0.0,0.0,0.0,0.0,0.0,0.0,0.0,1.0,0.0,3.0,0.0,0.0,2.0,0.0,1.74,1.98,2.7,2.7,1.44,2.93,0.01,0.4,1.35,0.51,1.89,0.76,1.0,0.76,2.3,1.83,2.38,0.55,-0.03,2.67,1.6
49-9094.00,Locksmiths and Safe Repairers,attention_to_detail|dependability|integrity|cautiousness|perseverance|self_control|self_confidence|initiative|stress_tolerance|achievement_orientation,cautiousness|integrity|attention_to_detail|dependability,0.0,0.0,3.0,1.0,0.0,4.0,0.0,0.0,0.0,0.0,2.0,0.0,0.0,0.0,0.0,0.0,0.0,0.0,0.0,0.0,0.0,0.95,0.73,2.63,2.28,0.51,2.56,0.13,0.32,1.0,0.6,2.51,0.87,-0.36,-0.01,1.64,1.13,1.25,0.67,0.04,1.0,-0.07
49-9095.00,Manufactured Building and Mobile Home Installers,dependability|attention_to_detail|cautiousness|perseverance|integrity|stress_tolerance|cooperation|adaptability|achievement_orientation|initiative,dependability,0.0,0.0,0.0,0.0,0.0,1.0,0.0,0.0,0.0,0.0,0.0,0.0,0.0,0.0,0.0,0.0,0.0,0.0,0.0,0.0,0.0,0.78,0.91,1.97,1.5,0.92,2.25,0.01,0.01,0.72,0.02,1.12,0.31,0.0,0.32,1.23,0.67,0.63,0.3,0.04,1.02,0.1
49-9096.00,Riggers,dependability|cautiousness|attention_to_detail|stress_tolerance|integrity|perseverance|self_control|self_confidence|cooperation|achievement_orientation,cautiousness|attention_to_detail|dependability,0.0,0.0,2.0,1.0,0.0,3.0,0.0,0.0,0.0,0.0,0.0,0.0,0.0,0.0,0.0,0.0,0.0,0.0,0.0,0.0,0.0,1.12,1.11,2.25,2.62,1.3,2.65,-0.03,0.17,0.59,-0.2,1.79,0.26,0.98,0.18,1.74,1.35,1.37,0.34,0.45,1.89,0.04
49-9097.00,Signal and Track Switch Repairers,cautiousness|dependability|attention_to_detail|integrity|perseverance|stress_tolerance|achievement_orientation|self_control|self_confidence|intellectual_curiosity,cautiousness|attention_to_detail|dependability,0.0,0.0,2.0,1.0,0.0,3.0,0.0,0.0,0.0,0.0,0.0,0.0,0.0,0.0,0.0,0.0,0.0,0.0,0.0,0.0,0.0,1.23,0.78,2.44,2.62,0.68,2.5,-0.16,-0.14,0.63,-0.2,1.79,0.81,-0.34,0.02,1.67,1.05,1.22,0.18,-0.25,1.38,0.04
49-9098.00,"Helpers--Installation, Maintenance, and Repair Workers",dependability|cooperation|attention_to_detail|cautiousness|integrity|perseverance|stress_tolerance|adaptability|self_control|humility,dependability,0.0,0.0,0.0,0.0,0.0,1.0,0.0,0.0,0.0,0.0,0.0,0.0,0.0,0.0,0.0,0.0,0.0,0.0,0.0,0.0,0.0,0.68,0.89,1.86,1.44,1.95,2.14,0.2,0.7,0.4,0.02,1.18,0.45,-0.56,0.36,1.05,0.43,0.73,0.58,0.61,1.0,-0.25
51-1011.00,First-Line Supervisors of Production and Operating Workers,leadership_orientation|dependability|attention_to_detail|achievement_orientation|perseverance|cautiousness|integrity|cooperation|self_control|stress_tolerance,leadership_orientation|attention_to_detail|dependability,0.0,0.0,2.0,0.0,0.0,3.0,0.0,0.0,0.0,0.0,0.0,0.0,1.0,0.0,0.0,0.0,0.0,0.0,0.0,0.0,0.0,1.98,1.41,2.14,1.93,1.84,2.65,1.07,0.93,1.56,1.23,1.92,0.87,2.77,0.98,1.94,1.76,1.84,0.96,1.74,1.8,0.93
51-2011.00,"Aircraft Structure, Surfaces, Rigging, and Systems Assemblers",attention_to_detail|cautiousness|dependability|integrity|perseverance|achievement_orientation|stress_tolerance|self_control|cooperation|self_confidence,cautiousness|integrity|attention_to_detail|dependability,0.0,0.0,3.0,1.0,0.0,4.0,0.0,0.0,0.0,0.0,2.0,0.0,0.0,0.0,0.0,0.0,0.0,0.0,0.0,0.0,0.0,1.32,0.66,2.77,2.62,0.8,2.62,-0.1,0.1,0.28,-0.16,2.1,0.58,-0.38,0.04,1.46,0.67,0.95,0.14,-0.18,1.24,-0.67
51-2021.00,"Coil Winders, Tapers, and Finishers",attention_to_detail|dependability|cautiousness|perseverance|integrity|stress_tolerance|achievement_orientation|self_control|cooperation|sincerity,attention_to_detail|dependability,0.0,0.0,1.0,0.0,0.0,2.0,0.0,0.0,0.0,0.0,0.0,0.0,0.0,0.0,0.0,0.0,0.0,0.0,0.0,0.0,0.0,0.42,0.0,2.5,1.56,0.18,2.11,-0.18,-0.34,-0.1,-0.73,0.55,-0.19,-0.58,-0.14,0.75,0.02,0.26,0.03,-0.21,0.44,-0.71
51-2022.00,Electrical and Electronic Equipment Assemblers,attention_to_detail|dependability|cautiousness|achievement_orientation|perseverance|stress_tolerance|integrity|cooperation|intellectual_curiosity|self_control,attention_to_detail|dependability,0.0,0.0,1.0,0.0,0.0,2.0,0.0,0.0,0.0,0.0,0.0,0.0,0.0,0.0,0.0,0.0,0.0,0.0,0.0,0.0,0.0,1.16,0.62,2.67,1.89,0.8,2.3,-0.06,-0.01,0.22,-0.1,0.87,0.65,-0.28,0.09,0.9,0.52,0.63,0.15,-0.07,0.88,-0.36
51-2023.00,Electromechanical Equipment Assemblers,attention_to_detail|dependability|cautiousness|integrity|achievement_orientation|perseverance|stress_tolerance|self_control|intellectual_curiosity|adaptability,attention_to_detail|dependability,0.0,0.0,1.0,0.0,0.0,2.0,0.0,0.0,0.0,0.0,0.0,0.0,0.0,0.0,0.0,0.0,0.0,0.0,0.0,0.0,0.0,1.09,0.64,2.6,1.96,0.64,2.25,-0.14,-0.14,0.19,-0.34,1.1,0.65,-0.58,-0.01,1.02,0.52,0.68,0.11,-0.27,0.78,-0.79
51-2031.00,Engine and Other Machine Assemblers,attention_to_detail|dependability|cautiousness|achievement_orientation|integrity|stress_tolerance|perseverance|cooperation|self_control|self_confidence,attention_to_detail|dependability,0.0,0.0,1.0,0.0,0.0,2.0,0.0,0.0,0.0,0.0,0.0,0.0,0.0,0.0,0.0,0.0,0.0,0.0,0.0,0.0,0.0,1.18,0.42,2.5,1.96,0.68,2.25,-0.16,-0.04,0.35,-0.22,1.1,0.6,-0.49,-0.01,1.0,0.64,0.68,0.11,-0.27,1.04,-0.46
51-2041.00,Structural Metal Fabricators and Fitters,attention_to_detail|dependability|cautiousness|perseverance|stress_tolerance|integrity|achievement_orientation|self_control|cooperation|self_confidence,attention_to_detail|dependability,0.0,0.0,1.0,0.0,0.0,2.0,0.0,0.0,0.0,0.0,0.0,0.0,0.0,0.0,0.0,0.0,0.0,0.0,0.0,0.0,0.0,1.07,0.19,2.47,1.96,0.71,2.37,-0.16,-0.28,0.26,0.13,1.08,0.35,-0.3,-0.07,1.12,0.67,0.77,0.05,-0.3,1.09,-0.71
51-2051.00,Fiberglass Laminators and Fabricators,attention_to_detail|dependability|cautiousness|perseverance|stress_tolerance|achievement_orientation|self_control|integrity|self_confidence|cooperation,attention_to_detail|dependability,0.0,0.0,1.0,0.0,0.0,2.0,0.0,0.0,0.0,0.0,0.0,0.0,0.0,0.0,0.0,0.0,0.0,0.0,0.0,0.0,0.0,0.63,0.19,2.11,1.5,0.27,2.01,-0.2,-0.43,0.06,-0.57,0.41,-0.15,-0.47,-0.02,0.88,0.35,0.61,-0.02,-0.27,0.88,-0.52
51-2061.00,Timing Device Assemblers and Adjusters,attention_to_detail|cautiousness|dependability|perseverance|achievement_orientation|integrity|intellectual_curiosity|self_control|self_confidence|stress_tolerance,cautiousness|attention_to_detail|dependability,0.0,0.0,2.0,1.0,0.0,3.0,0.0,0.0,0.0,0.0,0.0,0.0,0.0,0.0,0.0,0.0,0.0,0.0,0.0,0.0,0.0,1.27,-0.11,3.0,2.35,0.0,2.3,-0.2,-0.32,0.03,-0.34,1.06,0.76,-0.66,-0.1,1.4,0.54,0.66,0.02,-0.59,0.53,-0.55
51-2092.00,Team Assemblers,dependability|cooperation|attention_to_detail|social_orientation|cautiousness|integrity|adaptability|leadership_orientation|stress_tolerance|perseverance,cooperation|attention_to_detail|dependability,0.0,0.0,2.0,0.0,1.0,3.0,0.0,0.0,0.0,0.0,0.0,0.0,0.0,0.0,0.0,0.0,0.0,0.0,0.0,0.0,0.0,1.03,1.26,2.02,1.29,2.07,2.33,0.75,1.03,0.8,0.07,1.29,0.17,1.24,0.82,1.15,0.78,1.03,0.74,1.38,1.16,0.09
51-3011.00,Bakers,attention_to_detail|dependability|cautiousness|achievement_orientation|perseverance|stress_tolerance|self_control|innovation|integrity|cooperation,attention_to_detail|dependability,0.0,0.0,1.0,0.0,0.0,2.0,0.0,0.0,0.0,0.0,0.0,0.0,0.0,0.0,0.0,0.0,0.0,0.0,0.0,0.0,0.0,1.12,0.69,2.6,1.44,0.73,2.3,0.05,0.1,0.67,0.82,0.78,0.41,-0.26,0.52,1.1,0.52,0.87,0.3,0.02,1.0,-0.48
51-3021.00,Butchers and Meat Cutters,dependability|attention_to_detail|integrity|stress_tolerance|cautiousness|self_control|social_orientation|perseverance|achievement_orientation|cooperation,attention_to_detail|dependability,0.0,0.0,1.0,0.0,0.0,2.0,0.0,0.0,0.0,0.0,0.0,0.0,0.0,0.0,0.0,0.0,0.0,0.0,0.0,0.0,0.0,0.82,0.36,2.11,1.11,0.71,2.14,0.08,0.1,0.65,0.17,1.51,0.29,-0.07,0.28,0.86,0.62,1.05,0.62,0.88,1.14,-0.4
51-3022.00,"Meat, Poultry, and Fish Cutters and Trimmers",dependability|attention_to_detail|cautiousness|stress_tolerance|integrity|self_control|perseverance|achievement_orientation|cooperation|sincerity,dependability,0.0,0.0,0.0,0.0,0.0,1.0,0.0,0.0,0.0,0.0,0.0,0.0,0.0,0.0,0.0,0.0,0.0,0.0,0.0,0.0,0.0,0.3,-0.2,2.0,1.59,0.12,2.16,-0.18,-0.43,-0.22,-0.64,0.82,-0.32,-0.56,-0.13,0.51,-0.03,0.75,0.02,-0.3,1.0,-0.65
51-3023.00,Slaughterers and Meat Packers,attention_to_detail|dependability|stress_tolerance|cautiousness|self_control|integrity|perseverance|cooperation|achievement_orientation|self_confidence,attention_to_detail,0.0,0.0,1.0,0.0,0.0,0.0,0.0,0.0,0.0,0.0,0.0,0.0,0.0,0.0,0.0,0.0,0.0,0.0,0.0,0.0,0.0,0.46,-0.2,1.81,1.17,0.49,1.76,-0.38,-0.38,-0.02,-0.52,0.87,-0.26,-0.47,-0.22,0.75,0.21,0.95,0.04,-0.46,1.43,-0.63
51-3091.00,"Food and Tobacco Roasting, Baking, and Drying Machine Operators and Tenders",attention_to_detail|dependability|cautiousness|stress_tolerance|perseverance|achievement_orientation|integrity|self_control|self_confidence|cooperation,attention_to_detail|dependability,0.0,0.0,1.0,0.0,0.0,2.0,0.0,0.0,0.0,0.0,0.0,0.0,0.0,0.0,0.0,0.0,0.0,0.0,0.0,0.0,0.0,0.7,0.26,2.16,1.96,0.37,2.16,-0.2,-0.3,0.11,-0.57,0.7,-0.07,-0.49,-0.01,0.75,0.41,0.63,0.05,-0.34,0.95,-0.57
51-3092.00,Food Batchmakers,dependability|attention_to_detail|cautiousness|integrity|stress_tolerance|achievement_orientation|self_control|adaptability|perseverance|cooperation,attention_to_detail|dependability,0.0,0.0,1.0,0.0,0.0,2.0,0.0,0.0,0.0,0.0,0.0,0.0,0.0,0.0,0.0,0.0,0.0,0.0,0.0,0.0,0.0,0.97,0.94,2.41,1.82,0.75,2.59,-0.08,-0.04,0.53,-0.28,1.26,0.39,0.34,0.22,0.88,0.52,0.97,0.18,0.02,1.09,-0.17
51-3093.00,Food Cooking Machine Operators and Tenders,dependability|attention_to_detail|cautiousness|stress_tolerance|self_control|integrity|perseverance|achievement_orientation|cooperation|adaptability,attention_to_detail|dependability,0.0,0.0,1.0,0.0,0.0,2.0,0.0,0.0,0.0,0.0,0.0,0.0,0.0,0.0,0.0,0.0,0.0,0.0,0.0,0.0,0.0,0.57,0.38,2.02,1.82,0.45,2.14,-0.17,-0.3,0.05,-0.47,0.78,-0.17,-0.54,-0.01,0.64,0.16,0.92,0.06,-0.27,1.16,-0.69
51-4021.00,"Extruding and Drawing Machine Setters, Operators, and Tenders, Metal and Plastic",attention_to_detail|dependability|cautiousness|achievement_orientation|stress_tolerance|perseverance|integrity|adaptability|self_control|self_confidence,attention_to_detail|dependability,0.0,0.0,1.0,0.0,0.0,2.0,0.0,0.0,0.0,0.0,0.0,0.0,0.0,0.0,0.0,0.0,0.0,0.0,0.0,0.0,0.0,0.97,0.66,2.41,1.99,0.32,2.06,-0.2,-0.27,0.16,-0.3,0.74,0.31,-0.43,-0.04,0.81,0.39,0.57,0.04,-0.37,0.93,-0.3
51-4022.00,"Forging Machine Setters, Operators, and Tenders, Metal and Plastic",dependability|attention_to_detail|cautiousness|stress_tolerance|achievement_orientation|self_control|perseverance|integrity|self_confidence|cooperation,cautiousness|attention_to_detail|dependability,0.0,0.0,2.0,1.0,0.0,3.0,0.0,0.0,0.0,0.0,0.0,0.0,0.0,0.0,0.0,0.0,0.0,0.0,0.0,0.0,0.0,1.14,0.36,2.34,2.03,0.39,2.47,-0.18,-0.08,0.23,-0.24,0.78,0.31,-0.36,-0.13,0.84,0.56,1.03,0.05,-0.25,1.24,-0.55
51-4023.00,"Rolling Machine Setters, Operators, and Tenders, Metal and Plastic",dependability|attention_to_detail|cautiousness|achievement_orientation|stress_tolerance|self_control|perseverance|integrity|adaptability|self_confidence,attention_to_detail|dependability,0.0,0.0,1.0,0.0,0.0,2.0,0.0,0.0,0.0,0.0,0.0,0.0,0.0,0.0,0.0,0.0,0.0,0.0,0.0,0.0,0.0,1.14,0.55,2.34,1.96,0.47,2.39,-0.08,-0.12,0.42,-0.34,0.7,0.37,0.25,-0.09,0.86,0.54,0.92,0.06,-0.14,0.95,-0.61
51-4031.00,"Cutting, Punching, and Press Machine Setters, Operators, and Tenders, Metal and Plastic",attention_to_detail|dependability|cautiousness|stress_tolerance|perseverance|self_control|integrity|achievement_orientation|self_confidence|cooperation,attention_to_detail|dependability,0.0,0.0,1.0,0.0,0.0,2.0,0.0,0.0,0.0,0.0,0.0,0.0,0.0,0.0,0.0,0.0,0.0,0.0,0.0,0.0,0.0,0.7,0.14,2.44,1.96,0.27,2.25,-0.18,-0.25,0.03,-0.48,0.72,-0.03,-0.56,-0.14,0.73,0.43,0.73,0.05,-0.3,0.95,-0.67
51-4032.00,"Drilling and Boring Machine Tool Setters, Operators, and Tenders, Metal and Plastic",attention_to_detail|dependability|cautiousness|achievement_orientation|stress_tolerance|perseverance|integrity|self_control|intellectual_curiosity|self_confidence,attention_to_detail|dependability,0.0,0.0,1.0,0.0,0.0,2.0,0.0,0.0,0.0,0.0,0.0,0.0,0.0,0.0,0.0,0.0,0.0,0.0,0.0,0.0,0.0,1.09,0.2,2.53,1.82,0.39,2.19,-0.17,-0.2,0.26,-0.32,0.78,0.67,-0.41,0.07,0.88,0.54,0.7,0.07,-0.3,0.9,-0.71
51-4033.00,"Grinding, Lapping, Polishing, and Buffing Machine Tool Setters, Operators, and Tenders, Metal and Plastic",attention_to_detail|dependability|cautiousness|achievement_orientation|integrity|stress_tolerance|perseverance|self_control|self_confidence|initiative,attention_to_detail|dependability,0.0,0.0,1.0,0.0,0.0,2.0,0.0,0.0,0.0,0.0,0.0,0.0,0.0,0.0,0.0,0.0,0.0,0.0,0.0,0.0,0.0,1.05,0.19,2.57,1.99,0.13,2.14,-0.23,-0.27,0.33,-0.37,1.03,0.31,-0.4,-0.1,0.79,0.48,0.66,0.04,-0.27,0.86,-0.75
51-4034.00,"Lathe and Turning Machine Tool Setters, Operators, and Tenders, Metal and Plastic",attention_to_detail|dependability|cautiousness|achievement_orientation|perseverance|stress_tolerance|integrity|self_control|self_confidence|intellectual_curiosity,attention_to_detail|dependability,0.0,0.0,1.0,0.0,0.0,2.0,0.0,0.0,0.0,0.0,0.0,0.0,0.0,0.0,0.0,0.0,0.0,0.0,0.0,0.0,0.0,1.09,0.46,2.53,1.99,0.32,2.33,-0.25,-0.27,0.25,-0.22,0.78,0.56,-0.45,-0.09,0.93,0.58,0.68,0.04,-0.57,0.86,-0.57
51-4035.00,"Milling and Planing Machine Setters, Operators, and Tenders, Metal and Plastic",attention_to_detail|dependability|cautiousness|achievement_orientation|stress_tolerance|integrity|perseverance|self_control|self_confidence|intellectual_curiosity,attention_to_detail|dependability,0.0,0.0,1.0,0.0,0.0,2.0,0.0,0.0,0.0,0.0,0.0,0.0,0.0,0.0,0.0,0.0,0.0,0.0,0.0,0.0,0.0,1.12,0.28,2.67,1.96,0.32,2.19,-0.26,-0.27,0.14,-0.22,0.76,0.49,-0.56,-0.13,0.73,0.5,0.55,0.04,-0.41,0.84,-0.73
51-4041.00,Machinists,attention_to_detail|dependability|cautiousness|achievement_orientation|perseverance|integrity|innovation|stress_tolerance|self_confidence|intellectual_curiosity,cautiousness|attention_to_detail|dependability,0.0,0.0,2.0,1.0,0.0,3.0,0.0,0.0,0.0,0.0,0.0,0.0,0.0,0.0,0.0,0.0,0.0,0.0,0.0,0.0,0.0,1.71,0.78,2.88,2.17,0.66,2.65,-0.1,-0.1,0.67,1.1,1.34,0.89,-0.38,0.24,1.58,0.99,0.82,0.32,-0.05,1.07,-0.44
51-4051.00,Metal-Refining Furnace Operators and Tenders,dependability|cautiousness|attention_to_detail|stress_tolerance|perseverance|integrity|self_control|achievement_orientation|self_confidence|adaptability,cautiousness|attention_to_detail|dependability,0.0,0.0,2.0,1.0,0.0,3.0,0.0,0.0,0.0,0.0,0.0,0.0,0.0,0.0,0.0,0.0,0.0,0.0,0.0,0.0,0.0,1.01,0.48,2.16,2.5,0.47,2.56,-0.2,-0.1,0.23,-0.64,1.06,0.29,-0.24,-0.09,1.12,0.6,1.03,0.02,-0.43,1.61,-0.36
51-4052.00,"Pourers and Casters, Metal",cautiousness|dependability|attention_to_detail|stress_tolerance|self_control|perseverance|integrity|achievement_orientation|self_confidence|cooperation,cautiousness|dependability,0.0,0.0,0.0,1.0,0.0,2.0,0.0,0.0,0.0,0.0,0.0,0.0,0.0,0.0,0.0,0.0,0.0,0.0,0.0,0.0,0.0,0.77,0.01,1.86,2.43,0.55,2.3,-0.2,-0.36,-0.17,-0.71,0.8,-0.16,-0.63,-0.17,0.88,0.58,1.4,0.05,-0.57,1.46,-0.71
51-4061.00,"Model Makers, Metal and Plastic",attention_to_detail|dependability|cautiousness|achievement_orientation|perseverance|intellectual_curiosity|stress_tolerance|self_confidence|adaptability|integrity,attention_to_detail|dependability,0.0,0.0,1.0,0.0,0.0,2.0,0.0,0.0,0.0,0.0,0.0,0.0,0.0,0.0,0.0,0.0,0.0,0.0,0.0,0.0,0.0,1.6,0.83,2.67,1.96,0.35,2.19,-0.17,-0.2,0.74,0.79,0.8,1.17,-0.34,-0.02,1.58,0.92,0.61,0.1,0.0,0.95,-0.07
51-4062.00,"Patternmakers, Metal and Plastic",attention_to_detail|dependability|cautiousness|achievement_orientation|perseverance|integrity|stress_tolerance|self_confidence|intellectual_curiosity|self_control,attention_to_detail|dependability,0.0,0.0,1.0,0.0,0.0,2.0,0.0,0.0,0.0,0.0,0.0,0.0,0.0,0.0,0.0,0.0,0.0,0.0,0.0,0.0,0.0,1.3,0.08,2.67,1.96,0.25,2.14,-0.17,-0.14,0.28,0.44,0.82,0.6,-0.54,-0.11,1.12,0.67,0.55,0.04,-0.34,0.68,-0.69
51-4071.00,Foundry Mold and Coremakers,attention_to_detail|dependability|cautiousness|stress_tolerance|perseverance|self_control|achievement_orientation|cooperation|integrity|self_confidence,attention_to_detail|dependability,0.0,0.0,1.0,0.0,0.0,2.0,0.0,0.0,0.0,0.0,0.0,0.0,0.0,0.0,0.0,0.0,0.0,0.0,0.0,0.0,0.0,0.43,-0.21,2.19,1.5,0.32,2.14,-0.21,-0.32,-0.08,-0.59,0.3,-0.16,-0.38,-0.17,0.81,0.24,0.55,0.03,-0.32,0.95,-0.63
51-4072.00,"Molding, Coremaking, and Casting Machine Setters, Operators, and Tenders, Metal and Plastic",attention_to_detail|dependability|cautiousness|stress_tolerance|achievement_orientation|perseverance|integrity|self_control|adaptability|self_confidence,attention_to_detail|dependability,0.0,0.0,1.0,0.0,0.0,2.0,0.0,0.0,0.0,0.0,0.0,0.0,0.0,0.0,0.0,0.0,0.0,0.0,0.0,0.0,0.0,0.91,0.59,2.37,1.86,0.41,2.19,-0.18,-0.18,0.23,-0.45,0.74,0.1,-0.54,-0.07,0.81,0.43,0.61,0.04,-0.21,1.04,-0.65
51-4081.00,"Multiple Machine Tool Setters, Operators, and Tenders, Metal and Plastic",attention_to_detail|dependability|cautiousness|achievement_orientation|perseverance|stress_tolerance|self_control|integrity|adaptability|self_confidence,attention_to_detail|dependability,0.0,0.0,1.0,0.0,0.0,2.0,0.0,0.0,0.0,0.0,0.0,0.0,0.0,0.0,0.0,0.0,0.0,0.0,0.0,0.0,0.0,1.18,0.83,2.57,1.96,0.55,2.47,-0.12,-0.14,0.59,0.09,0.96,0.81,-0.19,0.2,1.12,0.82,0.97,0.09,-0.37,0.97,-0.42
51-4111.00,Tool and Die Makers,attention_to_detail|dependability|cautiousness|achievement_orientation|perseverance|innovation|intellectual_curiosity|integrity|stress_tolerance|self_confidence,cautiousness|attention_to_detail|dependability,0.0,0.0,2.0,1.0,0.0,3.0,0.0,0.0,0.0,0.0,0.0,0.0,0.0,0.0,0.0,0.0,0.0,0.0,0.0,0.0,0.0,1.74,0.69,3.0,2.21,0.35,2.62,-0.2,-0.08,0.74,1.28,1.13,1.17,-0.21,-0.07,1.64,0.89,0.85,0.09,-0.09,1.0,-0.27
51-4121.00,"Welders, Cutters, Solderers, and Brazers",dependability|attention_to_detail|cautiousness|perseverance|stress_tolerance|achievement_orientation|integrity|self_control|self_confidence|intellectual_curiosity,cautiousness|attention_to_detail|dependability,0.0,0.0,2.0,1.0,0.0,3.0,0.0,0.0,0.0,0.0,0.0,0.0,0.0,0.0,0.0,0.0,0.0,0.0,0.0,0.0,0.0,0.97,0.44,2.28,2.03,0.35,2.33,-0.14,-0.2,0.33,0.33,0.96,0.49,-0.36,-0.01,1.34,0.8,0.87,0.09,-0.27,1.22,-0.63
51-4122.00,"Welding, Soldering, and Brazing Machine Setters, Operators, and Tenders",attention_to_detail|dependability|cautiousness|integrity|stress_tolerance|achievement_orientation|perseverance|self_control|self_confidence|adaptability,attention_to_detail|dependability,0.0,0.0,1.0,0.0,0.0,2.0,0.0,0.0,0.0,0.0,0.0,0.0,0.0,0.0,0.0,0.0,0.0,0.0,0.0,0.0,0.0,0.97,0.46,2.34,1.93,0.45,2.33,-0.16,-0.14,0.38,0.35,1.03,0.37,-0.3,0.06,0.97,0.58,0.75,0.08,-0.14,1.02,-0.48
51-4191.00,"Heat Treating Equipment Setters, Operators, and Tenders, Metal and Plastic",dependability|cautiousness|attention_to_detail|stress_tolerance|integrity|achievement_orientation|perseverance|self_control|self_confidence|cooperation,cautiousness|attention_to_detail|dependability,0.0,0.0,2.0,1.0,0.0,3.0,0.0,0.0,0.0,0.0,0.0,0.0,0.0,0.0,0.0,0.0,0.0,0.0,0.0,0.0,0.0,0.82,0.32,2.16,2.35,0.43,2.44,-0.17,-0.12,0.14,-0.39,0.91,0.31,-0.32,-0.11,0.77,0.56,0.7,0.11,-0.23,1.09,-0.61
51-4192.00,"Layout Workers, Metal and Plastic",attention_to_detail|dependability|cautiousness|achievement_orientation|perseverance|integrity|stress_tolerance|self_confidence|intellectual_curiosity|innovation,attention_to_detail|dependability,0.0,0.0,1.0,0.0,0.0,2.0,0.0,0.0,0.0,0.0,0.0,0.0,0.0,0.0,0.0,0.0,0.0,0.0,0.0,0.0,0.0,1.35,0.19,2.67,1.96,0.51,2.16,-0.13,-0.27,0.3,0.53,0.87,0.79,-0.34,-0.07,1.02,0.8,0.51,0.04,-0.27,0.84,-0.52
51-4193.00,"Plating Machine Setters, Operators, and Tenders, Metal and Plastic",attention_to_detail|dependability|cautiousness|stress_tolerance|integrity|perseverance|achievement_orientation|self_control|self_confidence|adaptability,cautiousness|attention_to_detail|dependability,0.0,0.0,2.0,1.0,0.0,3.0,0.0,0.0,0.0,0.0,0.0,0.0,0.0,0.0,0.0,0.0,0.0,0.0,0.0,0.0,0.0,0.78,0.25,2.22,2.06,0.18,2.22,-0.23,-0.25,0.16,-0.39,0.89,-0.05,-0.38,-0.09,0.79,0.37,0.68,0.03,-0.25,1.0,-0.55
51-4194.00,"Tool Grinders, Filers, and Sharpeners",attention_to_detail|dependability|cautiousness|achievement_orientation|perseverance|stress_tolerance|integrity|self_control|self_confidence|intellectual_curiosity,cautiousness|attention_to_detail|dependability,0.0,0.0,2.0,1.0,0.0,3.0,0.0,0.0,0.0,0.0,0.0,0.0,0.0,0.0,0.0,0.0,0.0,0.0,0.0,0.0,0.0,1.12,0.3,2.67,2.03,0.0,2.14,-0.22,-0.34,0.11,-0.18,0.72,0.39,-0.41,-0.1,1.02,0.44,0.59,0.03,-0.32,0.86,-0.59
51-5111.00,Prepress Technicians and Workers,attention_to_detail|dependability|cautiousness|perseverance|adaptability|cooperation|achievement_orientation|intellectual_curiosity|self_control|self_confidence,attention_to_detail|dependability,0.0,0.0,1.0,0.0,0.0,2.0,0.0,0.0,0.0,0.0,0.0,0.0,0.0,0.0,0.0,0.0,0.0,0.0,0.0,0.0,0.0,0.7,0.76,3.0,1.23,0.73,2.3,-0.14,-0.28,0.05,0.28,0.31,0.65,-0.68,-0.1,0.88,0.43,0.59,0.1,-0.12,0.22,-0.4
51-5112.00,Printing Press Operators,attention_to_detail|dependability|cautiousness|achievement_orientation|perseverance|stress_tolerance|adaptability|integrity|self_control|self_confidence,attention_to_detail|dependability,0.0,0.0,1.0,0.0,0.0,2.0,0.0,0.0,0.0,0.0,0.0,0.0,0.0,0.0,0.0,0.0,0.0,0.0,0.0,0.0,0.0,1.12,0.69,2.67,1.96,0.53,2.27,-0.14,-0.28,0.26,-0.24,0.64,0.43,-0.4,-0.02,1.07,0.58,0.61,0.09,-0.09,1.02,-0.55
51-5113.00,Print Binding and Finishing Workers,attention_to_detail|dependability|cautiousness|perseverance|achievement_orientation|integrity|stress_tolerance|self_control|cooperation|self_confidence,attention_to_detail|dependability,0.0,0.0,1.0,0.0,0.0,2.0,0.0,0.0,0.0,0.0,0.0,0.0,0.0,0.0,0.0,0.0,0.0,0.0,0.0,0.0,0.0,0.71,0.28,2.77,1.56,0.51,2.16,-0.12,-0.3,0.31,-0.5,0.64,-0.11,-0.32,-0.02,0.75,0.35,0.53,0.05,-0.16,0.55,-0.69
51-6011.00,Laundry and Dry-Cleaning Workers,dependability|attention_to_detail|cautiousness|integrity|cooperation|stress_tolerance|perseverance|achievement_orientation|initiative|optimism,dependability,0.0,0.0,0.0,0.0,0.0,1.0,0.0,0.0,0.0,0.0,0.0,0.0,0.0,0.0,0.0,0.0,0.0,0.0,0.0,0.0,0.0,0.28,-0.07,1.71,1.17,0.62,2.16,-0.09,-0.32,0.07,-0.47,0.72,-0.34,-0.68,-0.01,0.34,-0.1,-0.05,-0.03,-0.16,0.46,-0.48
51-6021.00,"Pressers, Textile, Garment, and Related Materials",attention_to_detail|dependability|cautiousness|integrity|perseverance|stress_tolerance|achievement_orientation|self_control|self_confidence|sincerity,attention_to_detail,0.0,0.0,1.0,0.0,0.0,0.0,0.0,0.0,0.0,0.0,0.0,0.0,0.0,0.0,0.0,0.0,0.0,0.0,0.0,0.0,0.0,0.32,-0.03,2.14,1.11,-0.01,1.8,-0.14,-0.36,0.01,-0.68,0.6,-0.3,-0.71,-0.07,0.55,0.03,0.14,0.03,-0.34,0.52,-0.61
51-6031.00,Sewing Machine Operators,attention_to_detail|dependability|cautiousness|perseverance|stress_tolerance|cooperation|achievement_orientation|integrity|self_control|self_confidence,attention_to_detail|dependability,0.0,0.0,1.0,0.0,0.0,2.0,0.0,0.0,0.0,0.0,0.0,0.0,0.0,0.0,0.0,0.0,0.0,0.0,0.0,0.0,0.0,0.46,-0.09,2.34,1.56,0.47,2.22,-0.13,-0.34,-0.01,-0.45,0.44,-0.22,-0.58,0.01,0.79,0.17,0.41,0.04,-0.21,0.56,-0.84
51-6041.00,Shoe and Leather Workers and Repairers,attention_to_detail|dependability|cautiousness|perseverance|achievement_orientation|innovation|integrity|initiative|self_control|self_confidence,attention_to_detail,0.0,0.0,1.0,0.0,0.0,0.0,0.0,0.0,0.0,0.0,0.0,0.0,0.0,0.0,0.0,0.0,0.0,0.0,0.0,0.0,0.0,0.97,0.21,2.32,1.47,0.12,1.98,-0.12,-0.2,0.51,0.75,0.74,0.17,-0.38,0.15,1.05,0.41,0.51,0.17,-0.3,0.4,-0.23
51-6042.00,Shoe Machine Operators and Tenders,attention_to_detail|dependability|cautiousness|perseverance|achievement_orientation|integrity|stress_tolerance|self_control|cooperation|self_confidence,attention_to_detail|dependability,0.0,0.0,1.0,0.0,0.0,2.0,0.0,0.0,0.0,0.0,0.0,0.0,0.0,0.0,0.0,0.0,0.0,0.0,0.0,0.0,0.0,0.56,0.0,2.34,1.56,0.27,2.06,-0.22,-0.34,-0.02,-0.43,0.55,-0.28,-0.61,-0.18,0.57,0.13,0.28,0.04,-0.21,0.41,-0.69
51-6051.00,"Sewers, Hand",attention_to_detail|dependability|cautiousness|perseverance|achievement_orientation|integrity|self_control|self_confidence|stress_tolerance|cooperation,attention_to_detail|dependability,0.0,0.0,1.0,0.0,0.0,2.0,0.0,0.0,0.0,0.0,0.0,0.0,0.0,0.0,0.0,0.0,0.0,0.0,0.0,0.0,0.0,0.66,-0.04,2.67,1.41,0.12,2.11,-0.13,-0.28,-0.04,-0.08,0.49,-0.23,-0.63,-0.07,0.86,0.37,0.41,0.04,-0.39,0.33,-0.84
51-6052.00,"Tailors, Dressmakers, and Custom Sewers",attention_to_detail|dependability|cautiousness|perseverance|innovation|achievement_orientation|self_confidence|integrity|initiative|cooperation,attention_to_detail|dependability,0.0,0.0,1.0,0.0,0.0,2.0,0.0,0.0,0.0,0.0,0.0,0.0,0.0,0.0,0.0,0.0,0.0,0.0,0.0,0.0,0.0,1.07,0.57,2.63,1.56,0.8,2.16,0.67,0.5,0.83,1.12,0.87,0.45,-0.4,0.43,1.18,1.05,0.7,0.78,0.79,0.53,0.06
51-6061.00,Textile Bleaching and Dyeing Machine Operators and Tenders,dependability|attention_to_detail|cautiousness|stress_tolerance|perseverance|self_control|integrity|achievement_orientation|adaptability|cooperation,attention_to_detail|dependability,0.0,0.0,1.0,0.0,0.0,2.0,0.0,0.0,0.0,0.0,0.0,0.0,0.0,0.0,0.0,0.0,0.0,0.0,0.0,0.0,0.0,0.62,0.5,2.11,1.99,0.45,2.14,-0.12,-0.28,0.25,-0.5,0.64,-0.03,-0.45,-0.07,0.73,0.29,0.68,0.08,-0.05,0.9,-0.73
51-6062.00,"Textile Cutting Machine Setters, Operators, and Tenders",cautiousness|dependability|attention_to_detail|stress_tolerance|perseverance|achievement_orientation|integrity|self_control|cooperation|self_confidence,cautiousness|dependability,0.0,0.0,0.0,1.0,0.0,2.0,0.0,0.0,0.0,0.0,0.0,0.0,0.0,0.0,0.0,0.0,0.0,0.0,0.0,0.0,0.0,0.7,0.25,1.67,2.17,0.45,2.11,-0.16,-0.16,0.17,-0.43,0.7,-0.11,-0.41,-0.13,0.75,0.37,0.51,0.05,-0.16,0.88,-0.79
51-6063.00,"Textile Knitting and Weaving Machine Setters, Operators, and Tenders",attention_to_detail|dependability|cautiousness|stress_tolerance|perseverance|integrity|achievement_orientation|self_control|cooperation|adaptability,attention_to_detail|dependability,0.0,0.0,1.0,0.0,0.0,2.0,0.0,0.0,0.0,0.0,0.0,0.0,0.0,0.0,0.0,0.0,0.0,0.0,0.0,0.0,0.0,0.57,0.42,2.14,1.96,0.45,2.06,-0.14,-0.16,0.16,-0.41,0.64,-0.05,-0.43,-0.1,0.79,0.29,0.46,0.05,-0.14,0.8,-0.52
51-6064.00,"Textile Winding, Twisting, and Drawing Out Machine Setters, Operators, and Tenders",dependability|attention_to_detail|cautiousness|perseverance|integrity|achievement_orientation|cooperation|stress_tolerance|self_control|self_confidence,attention_to_detail|dependability,0.0,0.0,1.0,0.0,0.0,2.0,0.0,0.0,0.0,0.0,0.0,0.0,0.0,0.0,0.0,0.0,0.0,0.0,0.0,0.0,0.0,0.5,0.16,2.02,1.96,0.47,2.11,-0.17,-0.32,0.01,-0.3,0.55,-0.12,-0.52,-0.13,0.66,0.34,0.41,0.04,-0.25,0.46,-0.67
51-6091.00,"Extruding and Forming Machine Setters, Operators, and Tenders, Synthetic and Glass Fibers",dependability|attention_to_detail|cautiousness|stress_tolerance|perseverance|self_control|achievement_orientation|integrity|cooperation|self_confidence,attention_to_detail|dependability,0.0,0.0,1.0,0.0,0.0,2.0,0.0,0.0,0.0,0.0,0.0,0.0,0.0,0.0,0.0,0.0,0.0,0.0,0.0,0.0,0.0,0.66,0.4,2.02,1.99,0.51,2.14,-0.16,-0.4,0.02,-0.59,0.56,-0.03,-0.11,-0.14,0.84,0.44,0.75,0.04,-0.43,0.93,-0.63
51-6092.00,Fabric and Apparel Patternmakers,attention_to_detail|dependability|cautiousness|innovation|achievement_orientation|perseverance|adaptability|intellectual_curiosity|self_confidence|cooperation,attention_to_detail|dependability,0.0,0.0,1.0,0.0,0.0,2.0,0.0,0.0,0.0,0.0,0.0,0.0,0.0,0.0,0.0,0.0,0.0,0.0,0.0,0.0,0.0,1.3,0.94,2.77,1.66,0.8,2.25,-0.06,-0.14,0.69,1.47,0.64,0.89,-0.34,-0.01,1.18,0.87,0.44,0.06,-0.12,0.44,-0.38
51-6093.00,Upholsterers,attention_to_detail|dependability|cautiousness|perseverance|achievement_orientation|integrity|innovation|self_confidence|initiative|stress_tolerance,attention_to_detail,0.0,0.0,1.0,0.0,0.0,0.0,0.0,0.0,0.0,0.0,0.0,0.0,0.0,0.0,0.0,0.0,0.0,0.0,0.0,0.0,0.0,0.8,0.38,2.22,1.11,0.04,1.98,-0.09,-0.34,0.43,0.67,0.78,0.33,-0.61,-0.06,1.07,0.58,0.33,0.1,-0.14,0.41,-0.3
51-7011.00,Cabinetmakers and Bench Carpenters,attention_to_detail|dependability|cautiousness|perseverance|achievement_orientation|integrity|innovation|self_control|stress_tolerance|self_confidence,attention_to_detail|dependability,0.0,0.0,1.0,0.0,0.0,2.0,0.0,0.0,0.0,0.0,0.0,0.0,0.0,0.0,0.0,0.0,0.0,0.0,0.0,0.0,0.0,1.27,0.23,2.57,1.76,0.13,2.14,-0.13,-0.2,0.43,0.82,0.94,0.49,-0.36,0.04,1.37,0.5,0.7,0.08,-0.23,0.62,-0.38
51-7021.00,Furniture Finishers,attention_to_detail|dependability|cautiousness|perseverance|achievement_orientation|innovation|integrity|self_control|stress_tolerance|self_confidence,attention_to_detail|dependability,0.0,0.0,1.0,0.0,0.0,2.0,0.0,0.0,0.0,0.0,0.0,0.0,0.0,0.0,0.0,0.0,0.0,0.0,0.0,0.0,0.0,0.95,0.21,2.5,1.38,0.17,2.01,-0.14,-0.3,0.38,0.92,0.78,0.47,-0.32,-0.01,1.18,0.48,0.57,0.07,-0.37,0.55,-0.21
51-7031.00,"Model Makers, Wood",attention_to_detail|dependability|cautiousness|perseverance|achievement_orientation|innovation|self_confidence|intellectual_curiosity|integrity|adaptability,attention_to_detail|dependability,0.0,0.0,1.0,0.0,0.0,2.0,0.0,0.0,0.0,0.0,0.0,0.0,0.0,0.0,0.0,0.0,0.0,0.0,0.0,0.0,0.0,1.32,0.64,2.67,1.69,0.41,2.16,-0.16,-0.2,0.59,1.15,0.8,0.81,-0.32,0.09,1.34,0.89,0.59,0.11,-0.21,0.44,0.06
51-7032.00,"Patternmakers, Wood",attention_to_detail|dependability|cautiousness|achievement_orientation|perseverance|integrity|innovation|self_confidence|intellectual_curiosity|initiative,attention_to_detail|dependability,0.0,0.0,1.0,0.0,0.0,2.0,0.0,0.0,0.0,0.0,0.0,0.0,0.0,0.0,0.0,0.0,0.0,0.0,0.0,0.0,0.0,1.32,0.19,2.67,1.93,0.13,2.19,-0.16,-0.3,0.47,0.79,0.82,0.62,-0.32,-0.11,1.07,0.75,0.29,0.04,-0.23,0.44,-0.38
51-7041.00,"Sawing Machine Setters, Operators, and Tenders, Wood",attention_to_detail|dependability|cautiousness|stress_tolerance|perseverance|integrity|achievement_orientation|self_control|self_confidence|cooperation,attention_to_detail|dependability,0.0,0.0,1.0,0.0,0.0,2.0,0.0,0.0,0.0,0.0,0.0,0.0,0.0,0.0,0.0,0.0,0.0,0.0,0.0,0.0,0.0,0.7,0.12,2.34,1.96,0.28,2.11,-0.14,-0.32,0.1,-0.5,0.72,-0.1,-0.34,-0.07,0.77,0.48,0.66,0.05,-0.32,1.16,-0.67
51-7042.00,"Woodworking Machine Setters, Operators, and Tenders, Except Sawing",attention_to_detail|dependability|cautiousness|achievement_orientation|stress_tolerance|integrity|perseverance|self_control|adaptability|self_confidence,attention_to_detail|dependability,0.0,0.0,1.0,0.0,0.0,2.0,0.0,0.0,0.0,0.0,0.0,0.0,0.0,0.0,0.0,0.0,0.0,0.0,0.0,0.0,0.0,0.87,0.53,2.53,1.89,0.35,2.16,-0.2,-0.28,0.26,-0.26,0.76,0.39,-0.45,-0.07,0.75,0.5,0.75,0.04,-0.18,0.82,-0.69
51-8011.00,Nuclear Power Reactor Operators,cautiousness|attention_to_detail|dependability|integrity|stress_tolerance|self_control|achievement_orientation|perseverance|intellectual_curiosity|cooperation,perseverance|stress_tolerance|self_control|achievement_orientation|cautiousness|integrity|attention_to_detail|dependability,4.0,0.0,7.0,5.0,0.0,8.0,0.0,0.0,0.0,0.0,6.0,0.0,0.0,0.0,1.0,0.0,3.0,0.0,0.0,2.0,0.0,2.21,1.41,3.0,3.0,1.6,2.93,0.02,0.58,0.45,-0.41,2.93,1.97,0.19,0.13,2.19,1.54,2.63,1.21,-0.12,2.67,-0.2
51-8012.00,Power Distributors and Dispatchers,cautiousness|dependability|stress_tolerance|attention_to_detail|integrity|self_control|adaptability|perseverance|self_confidence|cooperation,adaptability|stress_tolerance|self_control|cautiousness|integrity|attention_to_detail|dependability,0.0,1.0,6.0,4.0,0.0,7.0,0.0,0.0,0.0,0.0,5.0,0.0,0.0,0.0,0.0,0.0,3.0,0.0,0.0,2.0,0.0,1.58,2.09,2.53,2.74,1.67,2.65,0.04,-0.16,1.02,-0.08,2.32,1.08,1.61,0.34,1.77,1.7,2.3,0.65,0.81,2.55,0.97
51-8013.00,Power Plant Operators,cautiousness|attention_to_detail|dependability|stress_tolerance|self_control|integrity|perseverance|achievement_orientation|adaptability|self_confidence,stress_tolerance|self_control|cautiousness|integrity|attention_to_detail|dependability,0.0,0.0,5.0,3.0,0.0,6.0,0.0,0.0,0.0,0.0,4.0,0.0,0.0,0.0,0.0,0.0,2.0,0.0,0.0,1.0,0.0,1.42,1.19,2.67,2.74,1.11,2.65,-0.1,-0.08,0.59,-0.37,2.03,0.74,-0.07,0.02,1.7,1.18,2.14,0.24,-0.07,2.24,-0.46
51-8021.00,Stationary Engineers and Boiler Operators,dependability|cautiousness|attention_to_detail|integrity|stress_tolerance|perseverance|self_control|achievement_orientation|self_confidence|adaptability,cautiousness|attention_to_detail|dependability,0.0,0.0,2.0,1.0,0.0,3.0,0.0,0.0,0.0,0.0,0.0,0.0,0.0,0.0,0.0,0.0,0.0,0.0,0.0,0.0,0.0,1.18,0.94,2.57,2.62,0.71,2.65,-0.1,-0.14,0.74,-0.24,1.82,0.89,0.12,0.11,1.64,1.02,1.25,0.27,-0.14,1.67,-0.27
51-8031.00,Water and Wastewater Treatment Plant and System Operators,attention_to_detail|cautiousness|dependability|integrity|stress_tolerance|cooperation|perseverance|self_control|achievement_orientation|adaptability,cautiousness|attention_to_detail|dependability,0.0,0.0,2.0,1.0,0.0,3.0,0.0,0.0,0.0,0.0,0.0,0.0,0.0,0.0,0.0,0.0,0.0,0.0,0.0,0.0,0.0,1.23,1.05,2.63,2.62,1.41,2.62,-0.01,0.32,0.72,0.02,1.92,0.87,0.95,0.2,1.37,1.02,1.37,0.57,0.0,1.61,0.22
51-8091.00,Chemical Plant and System Operators,cautiousness|dependability|attention_to_detail|stress_tolerance|integrity|self_control|perseverance|achievement_orientation|adaptability|self_confidence,stress_tolerance|self_control|cautiousness|integrity|attention_to_detail|dependability,0.0,0.0,5.0,3.0,0.0,6.0,0.0,0.0,0.0,0.0,4.0,0.0,0.0,0.0,0.0,0.0,2.0,0.0,0.0,1.0,0.0,1.63,1.38,2.57,2.74,1.03,2.65,-0.02,0.47,0.83,-0.24,2.13,0.84,-0.09,0.11,1.83,1.15,2.06,0.49,-0.07,2.17,0.38
51-8092.00,Gas Plant Operators,cautiousness|dependability|attention_to_detail|integrity|self_control|stress_tolerance|perseverance|adaptability|cooperation|achievement_orientation,self_control|cautiousness|integrity|attention_to_detail|dependability,0.0,0.0,4.0,2.0,0.0,5.0,0.0,0.0,0.0,0.0,3.0,0.0,0.0,0.0,0.0,0.0,1.0,0.0,0.0,0.0,0.0,1.16,1.17,2.57,2.74,1.17,2.65,-0.06,0.03,0.49,-0.41,2.13,0.56,0.1,0.24,1.7,1.13,2.02,0.23,-0.23,1.96,-0.09
51-8093.00,"Petroleum Pump System Operators, Refinery Operators, and Gaugers",cautiousness|dependability|attention_to_detail|integrity|stress_tolerance|perseverance|self_control|achievement_orientation|self_confidence|cooperation,cautiousness|attention_to_detail|dependability,0.0,0.0,2.0,1.0,0.0,3.0,0.0,0.0,0.0,0.0,0.0,0.0,0.0,0.0,0.0,0.0,0.0,0.0,0.0,0.0,0.0,1.27,0.99,2.44,3.0,1.0,2.65,-0.08,0.03,0.59,-0.57,1.89,0.1,0.19,0.22,1.4,1.07,1.31,0.27,-0.18,1.86,0.22
51-9011.00,Chemical Equipment Operators and Tenders,cautiousness|attention_to_detail|dependability|stress_tolerance|integrity|self_control|perseverance|achievement_orientation|adaptability|cooperation,stress_tolerance|cautiousness|attention_to_detail|dependability,0.0,0.0,3.0,2.0,0.0,4.0,0.0,0.0,0.0,0.0,0.0,0.0,0.0,0.0,0.0,0.0,0.0,0.0,0.0,1.0,0.0,1.25,1.08,2.67,2.74,0.95,2.65,-0.12,-0.06,0.67,-0.37,1.86,0.84,-0.11,-0.09,1.4,0.82,1.66,0.25,-0.32,2.03,0.0
51-9012.00,"Separating, Filtering, Clarifying, Precipitating, and Still Machine Setters, Operators, and Tenders",cautiousness|attention_to_detail|dependability|integrity|stress_tolerance|self_control|achievement_orientation|perseverance|adaptability|self_confidence,cautiousness|attention_to_detail|dependability,0.0,0.0,2.0,1.0,0.0,3.0,0.0,0.0,0.0,0.0,0.0,0.0,0.0,0.0,0.0,0.0,0.0,0.0,0.0,0.0,0.0,0.82,0.66,2.37,2.47,0.43,2.3,-0.16,-0.08,0.23,-0.3,1.29,0.14,-0.34,-0.07,0.79,0.43,0.97,0.1,-0.3,0.97,-0.52
51-9021.00,"Crushing, Grinding, and Polishing Machine Setters, Operators, and Tenders",dependability|cautiousness|attention_to_detail|stress_tolerance|perseverance|integrity|achievement_orientation|self_control|cooperation|self_confidence,cautiousness|attention_to_detail|dependability,0.0,0.0,2.0,1.0,0.0,3.0,0.0,0.0,0.0,0.0,0.0,0.0,0.0,0.0,0.0,0.0,0.0,0.0,0.0,0.0,0.0,0.62,0.21,2.02,2.06,0.3,2.11,-0.21,-0.23,0.19,-0.52,0.72,-0.16,-0.5,-0.14,0.77,0.29,0.55,0.04,-0.3,1.07,-0.63
51-9022.00,"Grinding and Polishing Workers, Hand",attention_to_detail|dependability|cautiousness|perseverance|achievement_orientation|integrity|stress_tolerance|self_control|self_confidence|cooperation,attention_to_detail|dependability,0.0,0.0,1.0,0.0,0.0,2.0,0.0,0.0,0.0,0.0,0.0,0.0,0.0,0.0,0.0,0.0,0.0,0.0,0.0,0.0,0.0,0.73,0.01,2.41,1.44,0.1,2.01,-0.23,-0.28,0.03,-0.54,0.68,-0.21,-0.58,-0.1,0.88,0.39,0.48,0.03,-0.39,0.48,-0.55
51-9023.00,"Mixing and Blending Machine Setters, Operators, and Tenders",attention_to_detail|cautiousness|dependability|integrity|stress_tolerance|perseverance|self_control|achievement_orientation|adaptability|cooperation,cautiousness|attention_to_detail|dependability,0.0,0.0,2.0,1.0,0.0,3.0,0.0,0.0,0.0,0.0,0.0,0.0,0.0,0.0,0.0,0.0,0.0,0.0,0.0,0.0,0.0,0.66,0.48,2.47,2.43,0.45,2.36,-0.13,-0.34,0.31,-0.64,1.29,0.01,-0.54,-0.02,0.86,0.37,0.8,0.04,-0.41,0.97,-0.79
51-9031.00,"Cutters and Trimmers, Hand",attention_to_detail|dependability|cautiousness|perseverance|integrity|achievement_orientation|stress_tolerance|self_control|self_confidence|adaptability,attention_to_detail|dependability,0.0,0.0,1.0,0.0,0.0,2.0,0.0,0.0,0.0,0.0,0.0,0.0,0.0,0.0,0.0,0.0,0.0,0.0,0.0,0.0,0.0,0.56,0.12,2.41,1.76,0.03,2.01,-0.16,-0.36,-0.1,-0.41,0.6,-0.24,-0.68,-0.16,0.68,0.24,0.44,0.02,-0.34,0.55,-0.63
51-9032.00,"Cutting and Slicing Machine Setters, Operators, and Tenders",attention_to_detail|dependability|cautiousness|integrity|stress_tolerance|perseverance|self_control|achievement_orientation|cooperation|self_confidence,cautiousness|attention_to_detail|dependability,0.0,0.0,2.0,1.0,0.0,3.0,0.0,0.0,0.0,0.0,0.0,0.0,0.0,0.0,0.0,0.0,0.0,0.0,0.0,0.0,0.0,0.42,0.11,2.34,2.1,0.27,2.14,-0.22,-0.36,0.03,-0.47,0.66,-0.17,-0.5,-0.18,0.62,0.16,0.61,0.02,-0.27,0.66,-0.73
51-9041.00,"Extruding, Forming, Pressing, and Compacting Machine Setters, Operators, and Tenders",attention_to_detail|dependability|cautiousness|stress_tolerance|achievement_orientation|perseverance|integrity|self_control|self_confidence|adaptability,attention_to_detail|dependability,0.0,0.0,1.0,0.0,0.0,2.0,0.0,0.0,0.0,0.0,0.0,0.0,0.0,0.0,0.0,0.0,0.0,0.0,0.0,0.0,0.0,0.77,0.44,2.19,1.82,0.39,2.14,-0.16,-0.42,0.17,-0.24,0.76,-0.06,-0.56,-0.13,0.77,0.48,0.75,0.04,-0.23,0.93,-0.63
51-9051.00,"Furnace, Kiln, Oven, Drier, and Kettle Operators and Tenders",cautiousness|dependability|attention_to_detail|self_control|stress_tolerance|achievement_orientation|integrity|perseverance|cooperation|self_confidence,cautiousness|attention_to_detail|dependability,0.0,0.0,2.0,1.0,0.0,3.0,0.0,0.0,0.0,0.0,0.0,0.0,0.0,0.0,0.0,0.0,0.0,0.0,0.0,0.0,0.0,0.95,0.19,2.19,2.35,0.53,2.33,-0.16,-0.01,0.05,-0.57,0.94,0.1,-0.3,-0.06,0.86,0.46,1.19,0.08,-0.55,1.07,-0.36
51-9061.00,"Inspectors, Testers, Sorters, Samplers, and Weighers",attention_to_detail|cautiousness|dependability|integrity|achievement_orientation|perseverance|stress_tolerance|self_control|cooperation|self_confidence,cautiousness|attention_to_detail|dependability,0.0,0.0,2.0,1.0,0.0,3.0,0.0,0.0,0.0,0.0,0.0,0.0,0.0,0.0,0.0,0.0,0.0,0.0,0.0,0.0,0.0,1.09,0.46,3.0,2.5,0.71,2.47,-0.18,0.19,0.4,-0.43,1.96,0.43,-0.22,-0.21,1.02,0.6,0.82,0.44,-0.05,0.97,-0.98
51-9071.00,Jewelers and Precious Stone and Metal Workers,attention_to_detail|dependability|cautiousness|integrity|innovation|achievement_orientation|perseverance|self_confidence|initiative|intellectual_curiosity,cautiousness|attention_to_detail|dependability,0.0,0.0,2.0,1.0,0.0,3.0,0.0,0.0,0.0,0.0,0.0,0.0,0.0,0.0,0.0,0.0,0.0,0.0,0.0,0.0,0.0,1.71,0.78,3.0,2.06,0.25,2.19,0.08,-0.18,0.9,1.8,1.96,0.87,-0.15,0.34,1.7,1.13,0.85,0.78,0.16,0.8,0.25
51-9071.06,Gem and Diamond Workers,attention_to_detail|cautiousness|dependability|integrity|achievement_orientation|intellectual_curiosity|perseverance|self_control|self_confidence|stress_tolerance,cautiousness|integrity|attention_to_detail|dependability,0.0,0.0,3.0,1.0,0.0,4.0,0.0,0.0,0.0,0.0,2.0,0.0,0.0,0.0,0.0,0.0,0.0,0.0,0.0,0.0,0.0,1.77,0.06,3.0,2.54,0.51,2.36,-0.09,0.22,0.23,0.37,2.32,1.54,-0.32,0.07,1.46,1.07,1.28,0.84,-0.07,0.88,0.06
51-9081.00,Dental Laboratory Technicians,attention_to_detail|dependability|cautiousness|achievement_orientation|integrity|perseverance|innovation|stress_tolerance|intellectual_curiosity|self_control,cautiousness|attention_to_detail|dependability,0.0,0.0,2.0,1.0,0.0,3.0,0.0,0.0,0.0,0.0,0.0,0.0,0.0,0.0,0.0,0.0,0.0,0.0,0.0,0.0,0.0,1.58,0.4,3.0,2.03,0.73,2.59,0.04,-0.04,0.61,1.02,1.45,0.84,-0.17,0.02,1.4,0.71,0.75,0.17,-0.14,0.95,-0.27
51-9082.00,Medical Appliance Technicians,attention_to_detail|dependability|cautiousness|integrity|perseverance|achievement_orientation|cooperation|innovation|empathy|self_control,cautiousness|attention_to_detail|dependability,0.0,0.0,2.0,1.0,0.0,3.0,0.0,0.0,0.0,0.0,0.0,0.0,0.0,0.0,0.0,0.0,0.0,0.0,0.0,0.0,0.0,1.4,0.89,2.77,2.28,1.31,2.53,1.27,0.67,0.76,1.28,1.89,1.05,0.06,0.71,1.58,0.94,1.25,1.21,1.09,1.14,0.12
51-9083.00,Ophthalmic Laboratory Technicians,attention_to_detail|dependability|cautiousness|perseverance|achievement_orientation|integrity|cooperation|self_control|stress_tolerance|self_confidence,attention_to_detail|dependability,0.0,0.0,1.0,0.0,0.0,2.0,0.0,0.0,0.0,0.0,0.0,0.0,0.0,0.0,0.0,0.0,0.0,0.0,0.0,0.0,0.0,0.89,0.26,3.0,1.99,0.64,2.25,-0.09,-0.43,0.13,-0.32,0.89,0.24,-0.47,-0.07,0.9,0.41,0.61,0.09,-0.18,0.53,-0.65
51-9111.00,Packaging and Filling Machine Operators and Tenders,attention_to_detail|dependability|cautiousness|stress_tolerance|integrity|perseverance|achievement_orientation|cooperation|self_control|adaptability,attention_to_detail|dependability,0.0,0.0,1.0,0.0,0.0,2.0,0.0,0.0,0.0,0.0,0.0,0.0,0.0,0.0,0.0,0.0,0.0,0.0,0.0,0.0,0.0,0.54,0.21,2.14,1.5,0.49,2.11,-0.17,-0.3,0.11,-0.57,0.7,-0.26,-0.54,-0.13,0.62,0.12,0.41,0.08,-0.39,0.9,-0.71
51-9123.00,"Painting, Coating, and Decorating Workers",attention_to_detail|dependability|cautiousness|perseverance|innovation|achievement_orientation|self_control|integrity|self_confidence|stress_tolerance,attention_to_detail,0.0,0.0,1.0,0.0,0.0,0.0,0.0,0.0,0.0,0.0,0.0,0.0,0.0,0.0,0.0,0.0,0.0,0.0,0.0,0.0,0.0,0.7,0.18,2.11,1.11,0.09,1.78,-0.13,-0.36,0.09,0.77,0.53,-0.05,-0.45,0.09,0.84,0.5,0.55,0.06,-0.16,0.44,-0.32
51-9124.00,"Coating, Painting, and Spraying Machine Setters, Operators, and Tenders",attention_to_detail|dependability|cautiousness|integrity|stress_tolerance|achievement_orientation|perseverance|self_control|self_confidence|adaptability,attention_to_detail|dependability,0.0,0.0,1.0,0.0,0.0,2.0,0.0,0.0,0.0,0.0,0.0,0.0,0.0,0.0,0.0,0.0,0.0,0.0,0.0,0.0,0.0,0.8,0.48,2.16,1.76,0.32,2.06,-0.17,-0.28,0.26,-0.02,0.87,0.24,-0.4,0.02,0.79,0.56,0.75,0.06,-0.34,0.86,-0.44
51-9141.00,Semiconductor Processing Technicians,attention_to_detail|dependability|cautiousness|integrity|achievement_orientation|perseverance|self_control|stress_tolerance|adaptability|intellectual_curiosity,cautiousness|attention_to_detail|dependability,0.0,0.0,2.0,1.0,0.0,3.0,0.0,0.0,0.0,0.0,0.0,0.0,0.0,0.0,0.0,0.0,0.0,0.0,0.0,0.0,0.0,1.27,0.94,2.77,2.28,0.68,2.65,-0.18,0.08,0.33,-0.95,1.29,0.76,-0.5,-0.09,1.05,0.64,1.03,0.06,-0.18,1.0,-0.55
51-9151.00,Photographic Process Workers and Processing Machine Operators,attention_to_detail|dependability|cautiousness|adaptability|perseverance|achievement_orientation|integrity|stress_tolerance|cooperation|self_control,attention_to_detail|dependability,0.0,0.0,1.0,0.0,0.0,2.0,0.0,0.0,0.0,0.0,0.0,0.0,0.0,0.0,0.0,0.0,0.0,0.0,0.0,0.0,0.0,0.71,0.81,2.57,1.47,0.53,2.08,-0.06,-0.27,0.2,-0.18,0.7,0.2,-0.38,0.04,0.75,0.39,0.53,0.07,-0.14,0.56,-0.23
51-9161.00,Computer Numerically Controlled Tool Operators,attention_to_detail|dependability|cautiousness|achievement_orientation|stress_tolerance|self_confidence|adaptability|intellectual_curiosity|integrity|perseverance,attention_to_detail|dependability,0.0,0.0,1.0,0.0,0.0,2.0,0.0,0.0,0.0,0.0,0.0,0.0,0.0,0.0,0.0,0.0,0.0,0.0,0.0,0.0,0.0,1.25,0.81,2.57,1.76,0.41,2.3,-0.16,0.01,0.61,0.3,0.74,0.76,-0.4,-0.02,0.66,0.82,0.66,0.07,-0.23,1.04,-0.32
51-9162.00,Computer Numerically Controlled Tool Programmers,attention_to_detail|dependability|cautiousness|intellectual_curiosity|achievement_orientation|perseverance|integrity|adaptability|innovation|stress_tolerance,attention_to_detail|dependability,0.0,0.0,1.0,0.0,0.0,2.0,0.0,0.0,0.0,0.0,0.0,0.0,0.0,0.0,0.0,0.0,0.0,0.0,0.0,0.0,0.0,1.77,1.32,2.77,1.99,0.59,2.53,-0.09,-0.2,0.83,1.23,1.34,1.89,-0.32,-0.02,1.58,0.99,0.53,0.07,-0.23,1.07,0.43
51-9191.00,Adhesive Bonding Machine Operators and Tenders,attention_to_detail|dependability|cautiousness|stress_tolerance|achievement_orientation|integrity|self_confidence|cooperation|self_control|adaptability,attention_to_detail|dependability,0.0,0.0,1.0,0.0,0.0,2.0,0.0,0.0,0.0,0.0,0.0,0.0,0.0,0.0,0.0,0.0,0.0,0.0,0.0,0.0,0.0,0.75,0.34,2.16,1.56,0.43,2.14,-0.13,-0.25,0.25,-0.5,0.56,-0.29,-0.5,-0.11,0.22,0.43,0.39,0.1,-0.23,0.82,-0.71
51-9192.00,"Cleaning, Washing, and Metal Pickling Equipment Operators and Tenders",dependability|attention_to_detail|cautiousness|stress_tolerance|integrity|achievement_orientation|perseverance|self_control|initiative|adaptability,dependability,0.0,0.0,0.0,0.0,0.0,1.0,0.0,0.0,0.0,0.0,0.0,0.0,0.0,0.0,0.0,0.0,0.0,0.0,0.0,0.0,0.0,0.49,0.09,1.94,1.72,-0.18,2.19,-0.21,-0.34,0.14,-0.57,0.66,-0.22,-0.47,-0.04,0.47,0.03,0.42,0.03,-0.14,0.68,-1.29
51-9193.00,Cooling and Freezing Equipment Operators and Tenders,dependability|attention_to_detail|cautiousness|integrity|stress_tolerance|perseverance|achievement_orientation|self_control|cooperation|adaptability,cautiousness|attention_to_detail|dependability,0.0,0.0,2.0,1.0,0.0,3.0,0.0,0.0,0.0,0.0,0.0,0.0,0.0,0.0,0.0,0.0,0.0,0.0,0.0,0.0,0.0,0.73,0.44,2.19,2.17,0.45,2.27,-0.17,-0.32,0.2,-0.57,1.13,0.04,-0.28,-0.02,0.81,0.39,0.66,0.09,-0.43,1.02,-0.61
51-9194.00,Etchers and Engravers,attention_to_detail|dependability|cautiousness|achievement_orientation|perseverance|integrity|self_control|innovation|intellectual_curiosity|self_confidence,attention_to_detail|dependability,0.0,0.0,1.0,0.0,0.0,2.0,0.0,0.0,0.0,0.0,0.0,0.0,0.0,0.0,0.0,0.0,0.0,0.0,0.0,0.0,0.0,1.12,0.11,2.77,1.99,-0.02,2.08,-0.13,-0.38,0.07,0.53,0.64,0.47,-0.49,-0.1,1.0,0.41,0.59,0.04,-0.46,0.41,-0.34
51-9195.00,"Molders, Shapers, and Casters, Except Metal and Plastic",attention_to_detail|dependability|cautiousness|perseverance|integrity|achievement_orientation|stress_tolerance|self_confidence|self_control|adaptability,attention_to_detail,0.0,0.0,1.0,0.0,0.0,0.0,0.0,0.0,0.0,0.0,0.0,0.0,0.0,0.0,0.0,0.0,0.0,0.0,0.0,0.0,0.0,0.65,0.16,1.92,1.2,0.06,1.83,-0.14,-0.38,0.11,-0.2,0.7,-0.07,-0.45,-0.07,0.71,0.34,0.33,0.04,-0.23,0.4,-0.57
51-9195.03,"Stone Cutters and Carvers, Manufacturing",attention_to_detail|dependability|cautiousness|perseverance|achievement_orientation|integrity|self_control|stress_tolerance|self_confidence|innovation,attention_to_detail|dependability,0.0,0.0,1.0,0.0,0.0,2.0,0.0,0.0,0.0,0.0,0.0,0.0,0.0,0.0,0.0,0.0,0.0,0.0,0.0,0.0,0.0,1.05,-0.06,2.67,1.93,-0.02,2.06,-0.22,-0.34,-0.01,0.09,0.72,0.04,-0.52,-0.14,1.12,0.56,0.61,0.04,-0.43,0.6,-0.77
51-9195.04,"Glass Blowers, Molders, Benders, and Finishers",attention_to_detail|dependability|cautiousness|self_control|perseverance|stress_tolerance|achievement_orientation|self_confidence|integrity|innovation,attention_to_detail,0.0,0.0,1.0,0.0,0.0,0.0,0.0,0.0,0.0,0.0,0.0,0.0,0.0,0.0,0.0,0.0,0.0,0.0,0.0,0.0,0.0,0.89,0.44,2.28,1.59,0.15,1.78,-0.16,-0.36,0.03,0.46,0.64,0.17,-0.45,-0.02,1.02,0.67,1.16,0.03,-0.34,0.9,-0.44
51-9195.05,"Potters, Manufacturing",attention_to_detail|dependability|innovation|cautiousness|achievement_orientation|perseverance|self_confidence|self_control|adaptability|initiative,attention_to_detail,0.0,0.0,1.0,0.0,0.0,0.0,0.0,0.0,0.0,0.0,0.0,0.0,0.0,0.0,0.0,0.0,0.0,0.0,0.0,0.0,0.0,1.03,0.59,2.19,1.26,0.27,1.78,-0.06,0.08,0.57,1.41,0.38,0.56,-0.32,0.16,0.97,0.85,0.63,0.13,0.11,0.48,-0.09
51-9196.00,"Paper Goods Machine Setters, Operators, and Tenders",attention_to_detail|dependability|cautiousness|achievement_orientation|stress_tolerance|perseverance|self_control|integrity|adaptability|initiative,attention_to_detail|dependability,0.0,0.0,1.0,0.0,0.0,2.0,0.0,0.0,0.0,0.0,0.0,0.0,0.0,0.0,0.0,0.0,0.0,0.0,0.0,0.0,0.0,0.97,0.69,2.19,1.76,0.47,2.14,-0.17,-0.3,0.49,-0.14,0.7,0.14,-0.36,0.04,0.81,0.43,0.77,0.04,-0.34,0.95,-0.21
51-9197.00,Tire Builders,dependability|attention_to_detail|cautiousness|stress_tolerance|perseverance|self_control|integrity|achievement_orientation|self_confidence|cooperation,dependability,0.0,0.0,0.0,0.0,0.0,1.0,0.0,0.0,0.0,0.0,0.0,0.0,0.0,0.0,0.0,0.0,0.0,0.0,0.0,0.0,0.0,0.45,-0.1,1.92,1.56,0.12,1.98,-0.16,-0.34,-0.08,-0.37,0.49,-0.21,-0.41,-0.1,0.62,0.43,0.55,0.03,-0.39,0.66,-0.55
51-9198.00,Helpers--Production Workers,dependability|cooperation|attention_to_detail|cautiousness|integrity|self_control|perseverance|stress_tolerance|achievement_orientation|optimism,dependability,0.0,0.0,0.0,0.0,0.0,1.0,0.0,0.0,0.0,0.0,0.0,0.0,0.0,0.0,0.0,0.0,0.0,0.0,0.0,0.0,0.0,0.35,0.18,1.19,0.95,1.38,2.01,-0.03,0.27,0.03,-0.63,0.64,-0.32,-0.5,0.32,0.4,0.07,0.42,0.14,-0.07,0.4,-0.61
53-1041.00,Aircraft Cargo Handling Supervisors,dependability|attention_to_detail|cautiousness|leadership_orientation|stress_tolerance|integrity|self_control|cooperation|self_confidence|perseverance,leadership_orientation|stress_tolerance|self_control|cautiousness|integrity|attention_to_detail|dependability,0.0,0.0,6.0,4.0,0.0,7.0,0.0,0.0,0.0,0.0,5.0,0.0,1.0,0.0,0.0,0.0,3.0,0.0,0.0,2.0,0.0,1.66,1.61,2.6,2.5,1.92,2.65,0.37,0.29,1.29,0.13,2.13,0.84,2.43,0.87,1.67,1.73,2.02,0.74,1.2,2.21,0.41
53-1042.00,"First-Line Supervisors of Helpers, Laborers, and Material Movers, Hand",leadership_orientation|dependability|cooperation|attention_to_detail|integrity|self_control|social_orientation|stress_tolerance|self_confidence|perseverance,leadership_orientation|cooperation|dependability,0.0,0.0,0.0,0.0,2.0,3.0,0.0,0.0,0.0,0.0,0.0,0.0,1.0,0.0,0.0,0.0,0.0,0.0,0.0,0.0,0.0,1.4,1.61,2.0,1.63,2.22,2.56,1.07,0.84,1.53,0.58,1.92,0.39,2.96,1.16,1.64,1.66,1.91,0.96,1.83,1.76,0.91
53-1043.00,First-Line Supervisors of Material-Moving Machine and Vehicle Operators,dependability|leadership_orientation|cautiousness|integrity|attention_to_detail|self_control|cooperation|stress_tolerance|self_confidence|perseverance,leadership_orientation|cautiousness|integrity|dependability,0.0,0.0,0.0,2.0,0.0,4.0,0.0,0.0,0.0,0.0,3.0,0.0,1.0,0.0,0.0,0.0,0.0,0.0,0.0,0.0,0.0,1.69,1.41,2.0,2.21,1.81,2.62,1.02,0.7,1.56,0.56,2.03,0.43,2.52,0.95,1.7,1.73,1.91,0.96,1.56,1.8,0.91
53-1044.00,First-Line Supervisors of Passenger Attendants,dependability|leadership_orientation|cooperation|social_orientation|stress_tolerance|self_control|integrity|attention_to_detail|perseverance|initiative,leadership_orientation|social_orientation|cooperation|dependability,0.0,0.0,0.0,0.0,3.0,4.0,0.0,0.0,0.0,0.0,0.0,0.0,1.0,0.0,0.0,0.0,0.0,0.0,2.0,0.0,0.0,1.5,1.65,1.94,1.63,2.3,2.65,1.43,0.84,1.66,0.7,1.96,0.67,2.55,1.36,1.8,1.66,1.98,1.31,2.24,1.99,1.14
53-2011.00,"Airline Pilots, Copilots, and Flight Engineers",cautiousness|attention_to_detail|self_control|dependability|stress_tolerance|self_confidence|leadership_orientation|perseverance|achievement_orientation|integrity,self_confidence|leadership_orientation|perseverance|stress_tolerance|self_control|achievement_orientation|cautiousness|integrity|attention_to_detail|dependability,6.0,0.0,9.0,7.0,0.0,10.0,0.0,0.0,0.0,0.0,8.0,0.0,2.0,0.0,3.0,1.0,5.0,0.0,0.0,4.0,0.0,2.14,1.41,3.0,3.0,1.92,2.93,0.45,0.5,0.83,-0.43,2.1,1.68,2.34,0.82,2.19,2.4,3.0,0.74,0.79,2.93,0.14
53-2012.00,Commercial Pilots,cautiousness|self_control|dependability|attention_to_detail|stress_tolerance|self_confidence|leadership_orientation|integrity|achievement_orientation|adaptability,self_confidence|leadership_orientation|stress_tolerance|self_control|cautiousness|integrity|attention_to_detail|dependability,0.0,0.0,7.0,5.0,0.0,8.0,0.0,0.0,0.0,0.0,6.0,0.0,2.0,0.0,0.0,1.0,4.0,0.0,0.0,3.0,0.0,1.95,1.94,2.74,3.0,1.38,2.93,0.27,0.56,1.38,0.19,2.21,1.35,2.25,0.9,1.64,2.4,3.0,0.8,0.63,2.67,1.56
53-2021.00,Air Traffic Controllers,cautiousness|attention_to_detail|stress_tolerance|self_control|dependability|integrity|self_confidence|perseverance|adaptability|achievement_orientation,self_confidence|perseverance|adaptability|stress_tolerance|self_control|achievement_orientation|cautiousness|integrity|attention_to_detail|dependability,6.0,3.0,9.0,7.0,0.0,10.0,0.0,0.0,0.0,0.0,8.0,0.0,0.0,0.0,2.0,1.0,5.0,0.0,0.0,4.0,0.0,2.11,2.17,3.0,3.0,1.95,2.93,0.3,-0.3,0.53,-0.68,2.55,0.94,1.53,0.32,2.19,2.44,3.0,0.76,0.18,3.0,-0.25
53-2022.00,Airfield Operations Specialists,dependability|cautiousness|attention_to_detail|stress_tolerance|self_control|integrity|cooperation|perseverance|adaptability|leadership_orientation,perseverance|stress_tolerance|self_control|cooperation|cautiousness|integrity|attention_to_detail|dependability,0.0,0.0,7.0,5.0,4.0,8.0,0.0,0.0,0.0,0.0,6.0,0.0,0.0,0.0,1.0,0.0,3.0,0.0,0.0,2.0,0.0,1.8,1.98,2.67,2.74,2.3,2.93,0.37,0.61,1.66,-0.12,2.47,1.23,1.98,0.84,2.08,1.76,2.5,0.9,1.29,2.55,1.14
53-2031.00,Flight Attendants,dependability|cooperation|attention_to_detail|self_control|stress_tolerance|cautiousness|social_orientation|adaptability|empathy|integrity,optimism|adaptability|empathy|stress_tolerance|self_control|social_orientation|cooperation|cautiousness|integrity|attention_to_detail,0.0,2.0,10.0,8.0,7.0,0.0,3.0,0.0,0.0,0.0,9.0,0.0,0.0,1.0,0.0,0.0,5.0,0.0,6.0,4.0,0.0,0.84,2.17,2.63,2.47,2.64,2.93,2.17,1.19,1.26,-0.32,2.17,0.19,1.03,2.06,1.97,1.76,2.63,1.75,2.4,2.55,1.22
53-3011.00,"Ambulance Drivers and Attendants, Except Emergency Medical Technicians",dependability|stress_tolerance|self_control|integrity|cooperation|adaptability|empathy|perseverance|attention_to_detail|sincerity,adaptability|empathy|stress_tolerance|self_control|cooperation|integrity|dependability,0.0,1.0,0.0,0.0,5.0,7.0,2.0,0.0,0.0,0.0,6.0,0.0,0.0,0.0,0.0,0.0,4.0,0.0,0.0,3.0,0.0,0.87,2.09,1.97,1.53,2.14,2.65,2.04,1.06,0.67,-0.47,2.21,0.17,0.1,1.39,1.97,1.15,2.5,1.55,1.38,2.55,1.12
53-3031.00,Driver/Sales Workers,dependability|social_orientation|perseverance|attention_to_detail|integrity|self_control|optimism|achievement_orientation|cautiousness|cooperation,dependability,0.0,0.0,0.0,0.0,0.0,1.0,0.0,0.0,0.0,0.0,0.0,0.0,0.0,0.0,0.0,0.0,0.0,0.0,0.0,0.0,0.0,1.35,0.99,1.53,1.32,1.26,2.47,1.0,0.34,1.1,-0.1,1.51,-0.16,0.36,1.42,1.77,1.21,1.43,1.14,1.9,1.24,0.56
53-3032.00,Heavy and Tractor-Trailer Truck Drivers,dependability|cautiousness|attention_to_detail|integrity|perseverance|stress_tolerance|self_control|self_confidence|achievement_orientation|adaptability,cautiousness|attention_to_detail|dependability,0.0,0.0,2.0,1.0,0.0,3.0,0.0,0.0,0.0,0.0,0.0,0.0,0.0,0.0,0.0,0.0,0.0,0.0,0.0,0.0,0.0,0.95,0.91,2.11,2.62,0.71,2.65,-0.03,0.05,0.74,-0.3,1.86,-0.03,-0.28,0.66,1.77,1.07,1.5,0.37,-0.14,1.64,0.47
53-3033.00,Light Truck Drivers,dependability|attention_to_detail|cautiousness|integrity|self_control|stress_tolerance|perseverance|social_orientation|achievement_orientation|cooperation,dependability,0.0,0.0,0.0,0.0,0.0,1.0,0.0,0.0,0.0,0.0,0.0,0.0,0.0,0.0,0.0,0.0,0.0,0.0,0.0,0.0,0.0,0.8,0.57,1.84,1.79,0.75,2.56,0.45,0.22,0.42,-0.34,1.66,-0.22,-0.32,0.74,1.1,0.69,1.28,0.67,0.81,1.27,-0.44
53-3051.00,"Bus Drivers, School",cautiousness|dependability|integrity|attention_to_detail|cooperation|self_control|stress_tolerance|empathy|social_orientation|sincerity,cautiousness|integrity|attention_to_detail|dependability,0.0,0.0,3.0,1.0,0.0,4.0,0.0,0.0,0.0,0.0,2.0,0.0,0.0,0.0,0.0,0.0,0.0,0.0,0.0,0.0,0.0,0.73,0.83,2.05,2.78,1.99,2.65,1.65,0.81,0.49,-0.61,2.24,-0.16,0.06,1.42,1.37,0.87,1.95,1.44,1.49,1.83,-0.52
53-3052.00,"Bus Drivers, Transit and Intercity",dependability|cautiousness|self_control|cooperation|attention_to_detail|stress_tolerance|integrity|social_orientation|optimism|empathy,self_control|cooperation|cautiousness|dependability,0.0,0.0,0.0,3.0,2.0,4.0,0.0,0.0,0.0,0.0,0.0,0.0,0.0,0.0,0.0,0.0,1.0,0.0,0.0,0.0,0.0,0.86,0.99,1.86,2.62,2.07,2.65,1.35,0.81,0.51,-0.59,1.82,-0.24,-0.02,1.39,1.28,0.97,2.14,1.28,1.4,1.86,-0.13
53-3053.00,Shuttle Drivers and Chauffeurs,dependability|cautiousness|cooperation|integrity|attention_to_detail|social_orientation|self_control|optimism|stress_tolerance|empathy,cautiousness|dependability,0.0,0.0,0.0,1.0,0.0,2.0,0.0,0.0,0.0,0.0,0.0,0.0,0.0,0.0,0.0,0.0,0.0,0.0,0.0,0.0,0.0,0.68,1.11,1.62,2.14,1.99,2.62,1.25,0.96,0.55,-0.35,1.73,-0.22,-0.32,1.36,1.0,0.67,1.53,1.23,1.61,1.27,-0.25
53-3054.00,Taxi Drivers,dependability|integrity|stress_tolerance|cautiousness|self_control|cooperation|social_orientation|adaptability|perseverance|attention_to_detail,dependability,0.0,0.0,0.0,0.0,0.0,1.0,0.0,0.0,0.0,0.0,0.0,0.0,0.0,0.0,0.0,0.0,0.0,0.0,0.0,0.0,0.0,0.97,1.32,1.17,1.56,1.44,2.27,0.67,0.01,0.47,-0.37,1.7,-0.26,-0.34,1.13,1.31,0.75,1.56,1.09,1.36,1.61,0.68
53-4011.00,Locomotive Engineers,dependability|cautiousness|attention_to_detail|stress_tolerance|integrity|self_control|perseverance|self_confidence|achievement_orientation|cooperation,stress_tolerance|self_control|cautiousness|integrity|attention_to_detail|dependability,0.0,0.0,5.0,3.0,0.0,6.0,0.0,0.0,0.0,0.0,4.0,0.0,0.0,0.0,0.0,0.0,2.0,0.0,0.0,1.0,0.0,1.18,0.89,2.57,2.74,0.92,3.0,-0.05,-0.06,-0.04,-0.64,2.17,0.39,-0.07,0.43,1.9,1.35,2.06,0.42,-0.14,2.28,-0.32
53-4013.00,"Rail Yard Engineers, Dinkey Operators, and Hostlers",dependability|cautiousness|attention_to_detail|integrity|stress_tolerance|cooperation|self_control|perseverance|adaptability|self_confidence,cautiousness|attention_to_detail|dependability,0.0,0.0,2.0,1.0,0.0,3.0,0.0,0.0,0.0,0.0,0.0,0.0,0.0,0.0,0.0,0.0,0.0,0.0,0.0,0.0,0.0,0.77,1.02,2.28,2.62,1.44,2.65,-0.06,-0.01,0.42,-0.61,1.89,0.04,-0.17,0.24,1.2,0.99,1.31,0.23,0.38,1.76,-0.46
53-4022.00,"Railroad Brake, Signal, and Switch Operators and Locomotive Firers",dependability|cautiousness|attention_to_detail|integrity|stress_tolerance|self_control|cooperation|perseverance|adaptability|self_confidence,cautiousness|attention_to_detail|dependability,0.0,0.0,2.0,1.0,0.0,3.0,0.0,0.0,0.0,0.0,0.0,0.0,0.0,0.0,0.0,0.0,0.0,0.0,0.0,0.0,0.0,0.7,0.94,2.34,2.5,1.63,2.65,-0.14,0.19,0.36,-0.64,1.89,-0.05,-0.21,0.01,1.46,0.89,1.66,0.41,0.38,1.86,-0.55
53-4031.00,Railroad Conductors and Yardmasters,dependability|cautiousness|attention_to_detail|leadership_orientation|stress_tolerance|integrity|self_control|cooperation|perseverance|adaptability,leadership_orientation|stress_tolerance|cautiousness|integrity|attention_to_detail|dependability,0.0,0.0,5.0,3.0,0.0,6.0,0.0,0.0,0.0,0.0,4.0,0.0,1.0,0.0,0.0,0.0,0.0,0.0,0.0,2.0,0.0,1.25,1.68,2.37,2.62,1.84,2.65,0.28,-0.04,1.05,-0.48,2.1,0.28,2.25,0.79,1.77,1.63,1.91,0.7,1.33,2.21,0.91
53-4041.00,Subway and Streetcar Operators,cautiousness|dependability|attention_to_detail|self_control|stress_tolerance|integrity|perseverance|self_confidence|cooperation|social_orientation,stress_tolerance|self_control|cautiousness|attention_to_detail|dependability,0.0,0.0,4.0,3.0,0.0,5.0,0.0,0.0,0.0,0.0,0.0,0.0,0.0,0.0,0.0,0.0,2.0,0.0,0.0,1.0,0.0,0.71,0.97,2.19,2.74,1.03,2.65,0.58,0.34,0.02,-0.61,1.86,-0.2,-0.15,1.01,1.34,1.13,2.14,0.72,1.02,2.13,-0.57
53-5011.00,Sailors and Marine Oilers,dependability|cautiousness|attention_to_detail|stress_tolerance|perseverance|cooperation|adaptability|self_control|self_confidence|humility,cautiousness|attention_to_detail|dependability,0.0,0.0,2.0,1.0,0.0,3.0,0.0,0.0,0.0,0.0,0.0,0.0,0.0,0.0,0.0,0.0,0.0,0.0,0.0,0.0,0.0,0.75,1.58,2.02,2.5,1.7,2.65,0.12,0.81,0.76,-0.43,0.7,0.07,0.0,0.61,1.77,0.87,1.31,0.23,0.5,1.99,0.66
53-5021.00,"Captains, Mates, and Pilots of Water Vessels",leadership_orientation|dependability|cautiousness|attention_to_detail|stress_tolerance|self_control|integrity|self_confidence|perseverance|adaptability,self_confidence|leadership_orientation|perseverance|stress_tolerance|self_control|cautiousness|integrity|attention_to_detail|dependability,0.0,0.0,8.0,6.0,0.0,9.0,0.0,0.0,0.0,0.0,7.0,0.0,2.0,0.0,3.0,1.0,5.0,0.0,0.0,4.0,0.0,1.86,1.98,2.6,2.74,1.84,2.93,0.37,0.22,1.75,0.51,2.32,1.35,3.0,0.9,2.19,2.24,2.5,0.9,0.99,2.55,1.18
53-5022.00,Motorboat Operators,dependability|cautiousness|integrity|attention_to_detail|stress_tolerance|self_control|cooperation|leadership_orientation|self_confidence|perseverance,cautiousness|dependability,0.0,0.0,0.0,1.0,0.0,2.0,0.0,0.0,0.0,0.0,0.0,0.0,0.0,0.0,0.0,0.0,0.0,0.0,0.0,0.0,0.0,0.99,1.38,1.86,2.5,1.53,2.56,0.67,-0.08,1.26,-0.32,1.89,0.29,1.48,0.95,1.4,1.47,1.73,0.7,0.97,1.73,0.89
53-5031.00,Ship Engineers,dependability|attention_to_detail|cautiousness|stress_tolerance|leadership_orientation|integrity|perseverance|self_control|achievement_orientation|self_confidence,leadership_orientation|perseverance|stress_tolerance|self_control|cautiousness|integrity|attention_to_detail|dependability,0.0,0.0,7.0,5.0,0.0,8.0,0.0,0.0,0.0,0.0,6.0,0.0,1.0,0.0,2.0,0.0,4.0,0.0,0.0,3.0,0.0,1.89,1.79,2.67,2.62,1.63,2.93,0.2,0.42,1.47,0.7,2.1,1.38,2.1,0.59,2.08,1.8,2.02,0.76,0.38,2.21,1.08
53-6011.00,Bridge and Lock Tenders,dependability|cautiousness|attention_to_detail|integrity|self_control|cooperation|stress_tolerance|self_confidence|perseverance|adaptability,cautiousness|attention_to_detail|dependability,0.0,0.0,2.0,1.0,0.0,3.0,0.0,0.0,0.0,0.0,0.0,0.0,0.0,0.0,0.0,0.0,0.0,0.0,0.0,0.0,0.0,0.57,0.62,2.19,2.62,1.14,2.65,-0.03,-0.14,0.55,-0.61,1.89,-0.12,0.5,0.07,0.81,0.85,1.37,0.29,-0.03,1.07,0.0
53-6021.00,Parking Attendants,dependability|cooperation|integrity|attention_to_detail|optimism|social_orientation|self_control|cautiousness|sincerity|stress_tolerance,dependability,0.0,0.0,0.0,0.0,0.0,1.0,0.0,0.0,0.0,0.0,0.0,0.0,0.0,0.0,0.0,0.0,0.0,0.0,0.0,0.0,0.0,0.28,0.53,1.44,0.95,1.7,2.03,0.75,0.72,0.33,-0.54,1.51,-0.31,-0.19,1.36,0.32,0.5,1.19,0.92,1.31,0.9,-0.52
53-6031.00,Automotive and Watercraft Service Attendants,dependability|attention_to_detail|cautiousness|integrity|cooperation|social_orientation|self_control|stress_tolerance|optimism|sincerity,dependability,0.0,0.0,0.0,0.0,0.0,1.0,0.0,0.0,0.0,0.0,0.0,0.0,0.0,0.0,0.0,0.0,0.0,0.0,0.0,0.0,0.0,0.54,0.4,1.71,1.41,1.38,2.14,0.64,0.58,0.49,-0.34,1.4,-0.06,-0.3,0.71,0.6,0.39,0.97,0.69,1.02,0.84,-0.48
53-6032.00,Aircraft Service Attendants,dependability|attention_to_detail|cautiousness|integrity|stress_tolerance|cooperation|adaptability|perseverance|self_control|achievement_orientation,cautiousness|attention_to_detail|dependability,0.0,0.0,2.0,1.0,0.0,3.0,0.0,0.0,0.0,0.0,0.0,0.0,0.0,0.0,0.0,0.0,0.0,0.0,0.0,0.0,0.0,0.62,0.99,2.08,2.06,1.17,2.59,-0.06,-0.12,0.43,-0.39,1.54,-0.16,-0.26,0.54,0.95,0.5,0.95,0.23,-0.03,1.38,-0.3
53-6041.00,Traffic Technicians,attention_to_detail|dependability|cautiousness|integrity|stress_tolerance|achievement_orientation|adaptability|cooperation|self_control|perseverance,attention_to_detail|dependability,0.0,0.0,1.0,0.0,0.0,2.0,0.0,0.0,0.0,0.0,0.0,0.0,0.0,0.0,0.0,0.0,0.0,0.0,0.0,0.0,0.0,1.05,1.05,2.22,1.44,1.0,2.14,0.52,0.34,0.61,0.24,1.4,0.76,-0.09,0.32,0.93,0.78,0.97,0.63,0.84,1.22,0.56
53-6051.00,Transportation Inspectors,dependability|attention_to_detail|cautiousness|integrity|perseverance|stress_tolerance|self_control|cooperation|self_confidence|leadership_orientation,cautiousness|integrity|attention_to_detail|dependability,0.0,0.0,3.0,1.0,0.0,4.0,0.0,0.0,0.0,0.0,2.0,0.0,0.0,0.0,0.0,0.0,0.0,0.0,0.0,0.0,0.0,1.23,0.99,2.63,2.62,1.38,2.65,0.07,0.29,0.97,-0.34,2.28,0.67,1.26,0.11,1.58,1.35,1.47,0.88,0.77,1.52,-0.05
53-6051.01,Aviation Inspectors,cautiousness|attention_to_detail|dependability|integrity|stress_tolerance|perseverance|self_control|achievement_orientation|intellectual_curiosity|self_confidence,perseverance|stress_tolerance|cautiousness|integrity|attention_to_detail|dependability,0.0,0.0,5.0,3.0,0.0,6.0,0.0,0.0,0.0,0.0,4.0,0.0,0.0,0.0,1.0,0.0,0.0,0.0,0.0,2.0,0.0,1.95,1.32,3.0,3.0,1.26,2.93,-0.02,0.17,1.07,-0.35,2.93,1.86,1.0,0.15,2.01,1.76,1.98,1.6,0.34,2.17,0.04
53-6051.07,"Transportation Vehicle, Equipment and Systems Inspectors, Except Aviation",cautiousness|dependability|attention_to_detail|integrity|stress_tolerance|achievement_orientation|perseverance|self_control|self_confidence|intellectual_curiosity,cautiousness|integrity|attention_to_detail|dependability,0.0,0.0,3.0,1.0,0.0,4.0,0.0,0.0,0.0,0.0,2.0,0.0,0.0,0.0,0.0,0.0,0.0,0.0,0.0,0.0,0.0,1.27,0.34,2.5,2.66,0.78,2.65,-0.14,-0.38,0.42,-0.34,2.24,0.79,0.32,-0.04,1.18,0.94,1.14,0.74,-0.23,1.38,-0.57
53-6061.00,Passenger Attendants,dependability|cooperation|social_orientation|empathy|optimism|self_control|cautiousness|sincerity|integrity|attention_to_detail,optimism|empathy|social_orientation|cooperation|dependability,0.0,0.0,0.0,0.0,4.0,5.0,2.0,0.0,0.0,0.0,0.0,0.0,0.0,1.0,0.0,0.0,0.0,0.0,3.0,0.0,0.0,0.62,1.08,1.57,1.76,2.51,2.65,2.23,1.49,0.87,-0.34,1.66,-0.17,0.1,2.02,0.9,0.94,1.87,1.69,2.26,1.38,0.41
53-7011.00,Conveyor Operators and Tenders,dependability|attention_to_detail|cautiousness|stress_tolerance|integrity|cooperation|achievement_orientation|adaptability|initiative|perseverance,dependability,0.0,0.0,0.0,0.0,0.0,1.0,0.0,0.0,0.0,0.0,0.0,0.0,0.0,0.0,0.0,0.0,0.0,0.0,0.0,0.0,0.0,0.5,0.4,1.86,1.56,0.51,2.14,-0.09,-0.14,0.28,-0.45,0.72,-0.24,-0.52,-0.02,0.28,0.24,0.02,0.13,-0.14,1.0,-0.34
53-7021.00,Crane and Tower Operators,dependability|cautiousness|attention_to_detail|stress_tolerance|integrity|self_control|self_confidence|perseverance|achievement_orientation|cooperation,cautiousness|attention_to_detail|dependability,0.0,0.0,2.0,1.0,0.0,3.0,0.0,0.0,0.0,0.0,0.0,0.0,0.0,0.0,0.0,0.0,0.0,0.0,0.0,0.0,0.0,0.8,0.34,2.31,2.62,0.59,2.65,-0.14,-0.06,0.14,-0.68,1.57,-0.05,-0.09,-0.11,0.86,0.99,1.53,0.13,-0.3,1.61,-0.79
53-7031.00,Dredge Operators,dependability|cautiousness|attention_to_detail|stress_tolerance|perseverance|integrity|self_control|self_confidence|achievement_orientation|adaptability,cautiousness|dependability,0.0,0.0,0.0,1.0,0.0,2.0,0.0,0.0,0.0,0.0,0.0,0.0,0.0,0.0,0.0,0.0,0.0,0.0,0.0,0.0,0.0,0.68,0.64,1.57,2.03,0.53,2.19,-0.14,-0.38,0.22,-0.45,0.98,-0.19,0.16,-0.02,1.12,0.69,0.8,0.09,-0.41,1.29,-0.48
53-7041.00,Hoist and Winch Operators,dependability|cautiousness|attention_to_detail|stress_tolerance|self_control|integrity|cooperation|self_confidence|perseverance|achievement_orientation,cautiousness|dependability,0.0,0.0,0.0,1.0,0.0,2.0,0.0,0.0,0.0,0.0,0.0,0.0,0.0,0.0,0.0,0.0,0.0,0.0,0.0,0.0,0.0,0.33,0.16,1.92,2.28,0.64,2.36,-0.1,-0.12,-0.12,-0.69,0.91,-0.19,-0.43,-0.13,0.55,0.6,0.95,0.09,-0.12,1.16,-0.71
53-7051.00,Industrial Truck and Tractor Operators,dependability|cautiousness|attention_to_detail|integrity|stress_tolerance|self_control|achievement_orientation|perseverance|cooperation|self_confidence,cautiousness|dependability,0.0,0.0,0.0,1.0,0.0,2.0,0.0,0.0,0.0,0.0,0.0,0.0,0.0,0.0,0.0,0.0,0.0,0.0,0.0,0.0,0.0,0.66,0.28,1.69,2.03,0.62,2.25,-0.13,-0.25,0.02,-0.41,1.13,-0.24,-0.3,0.13,0.62,0.58,0.8,0.05,-0.37,1.02,-0.46
53-7061.00,Cleaners of Vehicles and Equipment,dependability|attention_to_detail|cautiousness|integrity|achievement_orientation|perseverance|optimism|stress_tolerance|self_control|cooperation,dependability,0.0,0.0,0.0,0.0,0.0,1.0,0.0,0.0,0.0,0.0,0.0,0.0,0.0,0.0,0.0,0.0,0.0,0.0,0.0,0.0,0.0,0.46,0.05,1.76,0.87,0.32,1.88,-0.09,-0.23,0.16,-0.41,0.78,-0.32,-0.61,0.36,0.39,0.02,0.35,0.04,-0.16,0.35,-0.77
53-7062.00,"Laborers and Freight, Stock, and Material Movers, Hand",dependability|attention_to_detail|cautiousness|perseverance|integrity|cooperation|stress_tolerance|self_control|optimism|achievement_orientation,dependability,0.0,0.0,0.0,0.0,0.0,1.0,0.0,0.0,0.0,0.0,0.0,0.0,0.0,0.0,0.0,0.0,0.0,0.0,0.0,0.0,0.0,0.41,0.18,1.26,0.95,0.78,2.11,-0.09,0.08,0.16,-0.37,0.85,-0.35,-0.41,0.43,0.88,0.12,0.63,0.14,-0.05,0.74,-0.42
53-7063.00,Machine Feeders and Offbearers,dependability|attention_to_detail|cautiousness|integrity|stress_tolerance|cooperation|achievement_orientation|perseverance|self_control|self_confidence,dependability,0.0,0.0,0.0,0.0,0.0,1.0,0.0,0.0,0.0,0.0,0.0,0.0,0.0,0.0,0.0,0.0,0.0,0.0,0.0,0.0,0.0,0.42,-0.04,1.81,1.5,0.45,1.98,-0.17,-0.27,-0.12,-0.71,0.66,-0.32,-0.71,-0.13,0.35,0.05,0.28,0.04,-0.27,0.55,-0.63
53-7064.00,"Packers and Packagers, Hand",attention_to_detail|dependability|cautiousness|integrity|cooperation|stress_tolerance|perseverance|achievement_orientation|self_control|sincerity,attention_to_detail|dependability,0.0,0.0,1.0,0.0,0.0,2.0,0.0,0.0,0.0,0.0,0.0,0.0,0.0,0.0,0.0,0.0,0.0,0.0,0.0,0.0,0.0,0.3,-0.06,2.11,1.17,0.51,2.06,-0.14,-0.27,-0.1,-0.68,0.68,-0.32,-0.59,-0.07,0.49,0.02,0.1,0.04,-0.12,0.51,-0.65
53-7065.00,Stockers and Order Fillers,dependability|attention_to_detail|integrity|cooperation|cautiousness|perseverance|stress_tolerance|social_orientation|achievement_orientation|optimism,dependability,0.0,0.0,0.0,0.0,0.0,1.0,0.0,0.0,0.0,0.0,0.0,0.0,0.0,0.0,0.0,0.0,0.0,0.0,0.0,0.0,0.0,0.71,0.57,1.92,0.95,1.35,2.11,0.43,0.27,0.59,-0.26,1.4,-0.26,-0.17,0.64,0.86,0.52,0.63,0.44,0.75,0.76,-0.46
53-7071.00,Gas Compressor and Gas Pumping Station Operators,dependability|cautiousness|attention_to_detail|stress_tolerance|integrity|self_control|adaptability|achievement_orientation|perseverance|self_confidence,cautiousness|attention_to_detail|dependability,0.0,0.0,2.0,1.0,0.0,3.0,0.0,0.0,0.0,0.0,0.0,0.0,0.0,0.0,0.0,0.0,0.0,0.0,0.0,0.0,0.0,1.12,1.17,2.37,2.62,0.85,2.65,-0.14,-0.01,0.51,-0.37,1.79,0.43,0.16,-0.02,1.12,0.99,1.31,0.13,-0.21,1.8,0.16
53-7072.00,"Pump Operators, Except Wellhead Pumpers",dependability|cautiousness|attention_to_detail|stress_tolerance|self_control|integrity|achievement_orientation|adaptability|perseverance|self_confidence,cautiousness|attention_to_detail|dependability,0.0,0.0,2.0,1.0,0.0,3.0,0.0,0.0,0.0,0.0,0.0,0.0,0.0,0.0,0.0,0.0,0.0,0.0,0.0,0.0,0.0,1.12,0.94,2.35,2.62,0.82,2.65,-0.18,-0.14,0.25,-0.66,1.21,0.17,-0.09,0.04,0.93,0.82,1.25,0.06,-0.34,1.29,-0.32
53-7073.00,Wellhead Pumpers,cautiousness|dependability|attention_to_detail|stress_tolerance|perseverance|self_control|integrity|achievement_orientation|self_confidence|adaptability,cautiousness|dependability,0.0,0.0,0.0,1.0,0.0,2.0,0.0,0.0,0.0,0.0,0.0,0.0,0.0,0.0,0.0,0.0,0.0,0.0,0.0,0.0,0.0,1.16,1.02,1.74,2.62,0.64,2.56,-0.14,-0.2,0.13,-0.24,1.21,0.43,0.02,0.16,1.46,1.1,1.25,0.02,-0.68,1.49,-0.69
53-7081.00,Refuse and Recyclable Material Collectors,dependability|cautiousness|attention_to_detail|stress_tolerance|integrity|perseverance|cooperation|self_control|optimism|achievement_orientation,dependability,0.0,0.0,0.0,0.0,0.0,1.0,0.0,0.0,0.0,0.0,0.0,0.0,0.0,0.0,0.0,0.0,0.0,0.0,0.0,0.0,0.0,0.38,0.3,1.07,1.44,0.71,2.22,-0.03,0.03,0.36,-0.39,0.96,-0.34,-0.41,0.66,0.88,0.21,0.7,0.2,-0.43,1.02,-0.34
53-7121.00,"Tank Car, Truck, and Ship Loaders",cautiousness|dependability|attention_to_detail|integrity|stress_tolerance|self_control|perseverance|cooperation|achievement_orientation|self_confidence,cautiousness|attention_to_detail|dependability,0.0,0.0,2.0,1.0,0.0,3.0,0.0,0.0,0.0,0.0,0.0,0.0,0.0,0.0,0.0,0.0,0.0,0.0,0.0,0.0,0.0,0.66,-0.17,2.31,2.58,0.68,2.47,-0.1,-0.2,0.25,-0.56,1.6,0.03,-0.26,0.13,0.73,0.6,1.03,0.1,-0.3,1.35,-0.57
